timestamp,year,month,day,hour,minute,second,latitude,longitude,altitude_msl,altitude_ellipsoid,horizontal_accuracy,vertical_accuracy,fix_type,carrier_solution,num_satellites,pDOP,speed_2d,heading,vel_north,vel_east,vel_down,flags,source
168576.0,2026,4,20,22,49,0,32.8810294,-117.2332576,121.521,87.757,16.057,16.11,3,0,17,0.0159,0.021,0.0,-0.006,0.02,0.016,0,PVT
168577.0,2026,4,20,22,49,0,32.8810286,-117.2332556,121.259,87.495,14.564,14.795,3,0,17,0.0159,0.087,0.0,0.042,-0.076,-0.168,0,PVT
168578.0,2026,4,20,22,49,0,32.8810254,-117.2332543,120.493,86.729,13.632,14.094,3,0,17,0.0159,0.349,0.0,-0.279,-0.21,-0.06,0,PVT
168579.0,2026,4,20,22,49,0,32.8810261,-117.2332525,120.171,86.407,12.941,13.371,3,0,17,0.0159,0.134,0.0,-0.087,0.102,0.022,0,PVT
168580.0,2026,4,20,22,49,0,32.8810247,-117.2332503,119.775,86.011,12.427,12.833,3,0,17,0.0159,0.077,0.0,-0.071,0.028,-0.054,0,PVT
168581.0,2026,4,20,22,49,0,32.8810283,-117.2332494,119.385,85.621,12.028,12.346,3,0,17,0.0159,0.507,0.0035489052,0.505,-0.048,-0.036,0,PVT
168582.0,2026,4,20,22,49,0,32.8810287,-117.2332483,119.027,85.263,11.502,11.827,3,0,17,0.0159,0.073,0.0035489052,0.069,0.024,0.015,0,PVT
168583.0,2026,4,20,22,49,0,32.8810299,-117.2332461,118.774,85.01,10.873,11.26,3,0,17,0.0159,0.076,0.0035489052,-0.053,0.055,0.064,0,PVT
168584.0,2026,4,20,22,49,0,32.8810319,-117.2332452,118.772,85.008,10.348,10.75,3,0,17,0.0159,0.182,0.0035489052,-0.171,0.063,0.129,0,PVT
168585.0,2026,4,20,22,49,0,32.8810337,-117.2332442,118.868,85.105,9.94,10.377,3,0,17,0.0159,0.041,0.0035489052,-0.005,0.041,-0.042,0,PVT
168586.0,2026,4,20,22,49,0,32.8810356,-117.2332443,118.876,85.112,9.611,10.066,3,0,17,0.0159,0.087,0.0035489052,0.024,-0.084,-0.118,0,PVT
168587.0,2026,4,20,22,49,0,32.8810372,-117.2332438,118.913,85.149,9.327,9.807,3,0,17,0.0159,0.157,0.0035489052,0.116,-0.105,-0.156,0,PVT
168588.0,2026,4,20,22,49,0,32.8810391,-117.2332412,118.343,84.579,8.842,9.278,3,0,17,0.0159,0.053,0.0035489052,0.032,0.042,-0.112,0,PVT
168589.702,2026,4,20,22,49,0,32.8810404,-117.23324,118.224,84.46,21.621,15.288,0,0,0,0.9998999999999999,0.0,0.0,0.0,0.0,0.0,0,PVT
168590.0,2026,4,20,22,49,0,32.8810404,-117.23324,118.224,84.46,23.206,16.409,0,0,0,0.9998999999999999,0.0,0.0,0.0,0.0,0.0,0,PVT
168591.0,2026,4,20,22,49,0,32.8805792,-117.2323659,117.939,84.175,143.854,37.414,2,0,4,0.021400000000000002,0.833,0.0,-0.746,0.372,-0.361,0,PVT
168592.0,2026,4,20,22,49,0,32.8808285,-117.232818,71.424,37.66,112.802,201.56,3,0,6,0.0681,0.091,0.0,-0.037,0.083,0.204,0,PVT
168593.0,2026,4,20,22,49,0,32.880851,-117.23287,74.13,40.366,62.707,67.994,3,0,10,0.0252,0.705,0.0016868229,-0.692,0.138,0.212,0,PVT
168594.0,2026,4,20,22,49,0,32.8810555,-117.2332041,111.439,77.675,39.313,44.422,3,0,16,0.016200000000000003,0.094,0.0016868229,-0.008,0.093,0.136,0,PVT
168595.0,2026,4,20,22,49,0,32.8810964,-117.2332829,120.66,86.896,27.641,29.722,3,0,17,0.0159,0.044,0.0016868229,0.043,0.009,0.073,0,PVT
168596.0,2026,4,20,22,49,0,32.8811531,-117.2333214,124.253,90.489,21.054,23.269,3,0,19,0.0139,0.15,0.0016868229,0.149,-0.023,0.007,0,PVT
168597.0,2026,4,20,22,49,0,32.8811412,-117.2333043,122.922,89.158,18.24,19.753,3,0,15,0.0173,0.1,0.0016868229,0.088,-0.048,-0.068,0,PVT
168598.0,2026,4,20,22,49,0,32.8811218,-117.2332788,121.773,88.009,16.094,17.685,3,0,15,0.0173,0.049,0.0016868229,0.001,-0.049,-0.079,0,PVT
168599.0,2026,4,20,22,49,0,32.8811119,-117.2332706,120.729,86.966,14.396,15.866,3,0,15,0.0169,0.11,0.0016868229,0.06,-0.092,-0.1,0,PVT
168600.0,2026,4,20,22,49,0,32.8811056,-117.2332638,119.799,86.035,13.283,14.636,3,0,15,0.0169,0.131,0.0016868229,0.125,-0.038,-0.104,0,PVT
168601.0,2026,4,20,22,49,0,32.8811008,-117.2332553,119.022,85.258,12.478,13.664,3,0,16,0.0166,0.109,0.0016868229,0.107,-0.02,-0.076,0,PVT
168602.0,2026,4,20,22,49,0,32.8810961,-117.2332485,118.603,84.839,11.801,12.793,3,0,16,0.0166,0.036,0.0016868229,0.036,-0.008,-0.087,0,PVT
168603.0,2026,4,20,22,49,0,32.8810922,-117.2332435,118.687,84.923,11.218,12.145,3,0,16,0.0166,0.153,0.0016868229,0.127,-0.086,-0.178,0,PVT
168604.0,2026,4,20,22,49,0,32.8810887,-117.23324,118.636,84.872,10.733,11.513,3,0,16,0.0166,0.174,0.0016868229,0.153,-0.082,-0.172,0,PVT
168605.0,2026,4,20,22,49,0,32.8810883,-117.233237,119.131,85.367,10.261,10.953,3,0,16,0.016200000000000003,0.22,0.0016868229,0.193,-0.104,-0.164,0,PVT
168606.0,2026,4,20,22,49,0,32.8810844,-117.2332325,119.187,85.423,9.838,10.459,3,0,16,0.0166,0.211,0.0016868229,0.177,-0.115,-0.185,0,PVT
168607.0,2026,4,20,22,49,0,32.881082,-117.2332303,119.16,85.396,9.491,9.972,3,0,16,0.0166,0.215,0.0016868229,0.203,-0.071,-0.131,0,PVT
168608.0,2026,4,20,22,49,0,32.8810801,-117.2332272,119.41,85.646,9.202,9.562,3,0,17,0.0159,0.083,0.0016868229,0.069,-0.046,-0.12,0,PVT
168609.0,2026,4,20,22,49,0,32.8810782,-117.2332255,119.759,85.995,8.886,9.233,3,0,17,0.0159,0.142,0.0016868229,0.112,-0.086,-0.19,0,PVT
168610.0,2026,4,20,22,49,0,32.8810774,-117.2332238,120.154,86.39,8.605,8.96,3,0,17,0.0159,0.131,0.0016868229,0.087,-0.098,-0.22,0,PVT
168611.0,2026,4,20,22,49,0,32.8810767,-117.2332226,120.46,86.696,8.358,8.725,3,0,17,0.0159,0.117,0.0016868229,0.069,-0.095,-0.193,0,PVT
168612.0,2026,4,20,22,49,0,32.8810763,-117.2332217,120.721,86.957,8.137,8.522,3,0,17,0.0159,0.113,0.0016868229,0.062,-0.094,-0.146,0,PVT
168613.0,2026,4,20,22,49,0,32.8810749,-117.2332204,120.866,87.102,7.93,8.335,3,0,17,0.0159,0.037,0.0016868229,-0.014,-0.034,-0.09,0,PVT
168614.0,2026,4,20,22,49,0,32.8810732,-117.2332187,120.874,87.11,7.754,8.176,3,0,17,0.0159,0.035,0.0016868229,0.03,-0.018,-0.035,0,PVT
168615.0,2026,4,20,22,49,0,32.8810721,-117.2332171,120.815,87.051,7.589,8.043,3,0,17,0.0159,0.025,0.0016868229,0.014,0.021,0.065,0,PVT
168616.0,2026,4,20,22,49,0,32.8810717,-117.2332159,120.848,87.084,7.459,7.915,3,0,17,0.0159,0.155,0.0016868229,0.149,-0.043,0.043,0,PVT
168617.0,2026,4,20,22,49,0,32.881071,-117.2332145,120.897,87.133,7.337,7.795,3,0,17,0.0159,0.019,0.0016868229,0.002,0.019,0.032,0,PVT
168618.0,2026,4,20,22,50,0,32.8810697,-117.2332128,120.889,87.125,7.214,7.639,3,0,17,0.0159,0.046,0.0016868229,-0.037,0.028,0.032,0,PVT
168619.0,2026,4,20,22,50,0,32.8810684,-117.2332113,120.968,87.204,7.092,7.501,3,0,17,0.0159,0.085,0.0016868229,-0.07,0.049,0.035,0,PVT
168620.0,2026,4,20,22,50,0,32.8810671,-117.2332098,120.929,87.166,6.983,7.372,3,0,17,0.0159,0.014,0.0016868229,-0.001,-0.014,0.023,0,PVT
168621.0,2026,4,20,22,50,0,32.881066,-117.2332081,120.809,87.045,6.884,7.268,3,0,17,0.0159,0.039,0.0016868229,0.038,-0.009,0.013,0,PVT
168622.0,2026,4,20,22,50,0,32.8810652,-117.2332068,120.771,87.007,6.792,7.17,3,0,17,0.0159,0.081,0.0016868229,-0.075,0.031,0.045,0,PVT
168623.0,2026,4,20,22,50,0,32.8810644,-117.2332054,120.702,86.938,6.71,7.075,3,0,17,0.0159,0.016,0.0016868229,0.015,-0.002,0.054,0,PVT
168624.0,2026,4,20,22,50,0,32.8810634,-117.2332043,120.709,86.945,6.628,6.977,3,0,17,0.0159,0.065,0.0016868229,-0.062,0.02,0.065,0,PVT
168625.0,2026,4,20,22,50,0,32.8810624,-117.2332036,120.792,87.028,6.56,6.891,3,0,16,0.016200000000000003,0.114,0.0016868229,-0.097,0.059,0.069,0,PVT
168626.0,2026,4,20,22,50,0,32.8810612,-117.2332027,120.804,87.04,6.49,6.803,3,0,16,0.016200000000000003,0.102,0.0016868229,-0.088,0.052,0.066,0,PVT
168627.0,2026,4,20,22,50,0,32.8810602,-117.2332015,120.718,86.954,6.429,6.729,3,0,16,0.016200000000000003,0.133,0.0016868229,-0.092,0.096,0.126,0,PVT
168628.0,2026,4,20,22,50,0,32.8810592,-117.2332003,120.587,86.823,6.375,6.666,3,0,16,0.016200000000000003,0.027,0.0016868229,0.015,0.022,0.105,0,PVT
168629.0,2026,4,20,22,50,0,32.8810582,-117.2331992,120.441,86.677,6.323,6.615,3,0,17,0.0159,0.093,0.0016868229,-0.074,0.058,0.112,0,PVT
168630.0,2026,4,20,22,50,0,32.8810574,-117.2331981,120.305,86.541,6.267,6.559,3,0,17,0.0159,0.076,0.0016868229,-0.045,0.062,0.135,0,PVT
168631.0,2026,4,20,22,50,0,32.8810564,-117.2331975,120.277,86.514,6.218,6.507,3,0,17,0.0159,0.121,0.0016868229,-0.114,0.041,0.105,0,PVT
168632.0,2026,4,20,22,50,0,32.8810551,-117.2331964,120.137,86.373,6.174,6.455,3,0,17,0.0159,0.197,0.0016868229,-0.159,0.116,0.176,0,PVT
168633.0,2026,4,20,22,50,0,32.8810536,-117.2331956,120.067,86.303,6.141,6.407,3,0,17,0.0159,0.145,0.0016868229,-0.136,0.052,0.14,0,PVT
168634.0,2026,4,20,22,50,0,32.8810522,-117.2331949,119.841,86.077,6.106,6.357,3,0,17,0.0159,0.161,0.0016868229,-0.146,0.068,0.194,0,PVT
168635.0,2026,4,20,22,50,0,32.8810512,-117.2331941,119.644,85.88,6.067,6.314,3,0,18,0.014499999999999999,0.103,0.0016868229,-0.071,0.075,0.191,0,PVT
168636.0,2026,4,20,22,50,0,32.8810504,-117.2331934,119.537,85.773,6.033,6.27,3,0,18,0.014499999999999999,0.152,0.0016868229,-0.121,0.092,0.171,0,PVT
168637.0,2026,4,20,22,50,0,32.8810488,-117.2331924,119.394,85.63,6.008,6.227,3,0,18,0.014499999999999999,0.191,0.0016868229,-0.163,0.099,0.165,0,PVT
168638.0,2026,4,20,22,50,0,32.8810474,-117.2331916,119.273,85.509,5.995,6.188,3,0,17,0.0159,0.131,0.0016868229,-0.112,0.068,0.153,0,PVT
168639.0,2026,4,20,22,50,0,32.8810459,-117.233191,119.194,85.43,5.98,6.152,3,0,18,0.014499999999999999,0.083,0.0016868229,-0.064,0.052,0.129,0,PVT
168640.0,2026,4,20,22,50,0,32.8810449,-117.2331907,119.213,85.449,5.969,6.119,3,0,18,0.014499999999999999,0.047,0.0016868229,0.045,0.015,0.054,0,PVT
168641.0,2026,4,20,22,50,0,32.8810434,-117.2331904,119.19,85.426,5.953,6.088,3,0,18,0.014499999999999999,0.112,0.0016868229,-0.103,0.043,0.059,0,PVT
168642.0,2026,4,20,22,50,0,32.8810418,-117.23319,119.055,85.291,5.942,6.069,3,0,18,0.014499999999999999,0.068,0.0016868229,-0.067,0.014,0.1,0,PVT
168643.0,2026,4,20,22,50,0,32.8810404,-117.2331896,118.978,85.214,5.929,6.058,3,0,18,0.014499999999999999,0.111,0.0016868229,-0.1,0.049,0.112,0,PVT
168644.0,2026,4,20,22,50,0,32.8810391,-117.2331894,118.925,85.161,5.915,6.047,3,0,18,0.014499999999999999,0.153,0.0016868229,-0.149,0.035,0.139,0,PVT
168645.0,2026,4,20,22,50,0,32.8810379,-117.2331883,118.732,84.968,5.913,6.066,3,0,18,0.014499999999999999,0.137,0.0016868229,-0.073,0.115,0.199,0,PVT
168646.0,2026,4,20,22,50,0,32.8810362,-117.2331869,118.536,84.772,5.922,6.09,3,0,18,0.014499999999999999,0.106,0.0016868229,-0.068,0.081,0.153,0,PVT
168647.0,2026,4,20,22,50,0,32.8810356,-117.2331862,118.411,84.647,5.932,6.125,3,0,18,0.014499999999999999,0.156,0.0016868229,-0.116,0.105,0.203,0,PVT
168648.0,2026,4,20,22,50,0,32.8810348,-117.2331857,118.299,84.535,5.93,6.169,3,0,18,0.014499999999999999,0.238,0.0016868229,-0.187,0.147,0.252,0,PVT
168649.0,2026,4,20,22,50,0,32.8810337,-117.2331858,118.258,84.494,5.948,6.234,3,0,18,0.014499999999999999,0.334,0.0016868229,-0.318,0.103,0.226,0,PVT
168651.0,2026,4,20,22,50,0,32.8810335,-117.233186,118.032,84.268,6.011,6.351,3,0,18,0.014499999999999999,0.189,0.0016868229,-0.164,0.093,0.282,0,PVT
168652.0,2026,4,20,22,50,0,32.8810344,-117.2331861,117.923,84.159,6.01,6.419,3,0,18,0.014499999999999999,0.172,0.0016868229,-0.067,0.159,0.316,0,PVT
168653.0,2026,4,20,22,50,0,32.8810349,-117.2331883,118.189,84.425,6.004,6.484,3,0,18,0.014499999999999999,0.054,0.0016868229,-0.05,0.021,0.163,0,PVT
168654.0,2026,4,20,22,50,0,32.8810357,-117.2331893,118.223,84.459,5.993,6.54,3,0,18,0.014499999999999999,0.126,0.0016868229,-0.08,0.098,0.181,0,PVT
168655.0,2026,4,20,22,50,0,32.8810365,-117.2331885,118.04,84.276,5.978,6.562,3,0,18,0.014499999999999999,0.213,0.0016868229,-0.062,0.204,0.283,0,PVT
168656.0,2026,4,20,22,50,0,32.8810378,-117.233189,118.165,84.401,5.962,6.586,3,0,17,0.015,0.096,0.0016868229,-0.007,0.096,0.16,0,PVT
168657.0,2026,4,20,22,50,0,32.8810391,-117.2331895,118.253,84.489,5.939,6.602,3,0,17,0.015,0.08,0.0016868229,-0.069,0.04,0.097,0,PVT
168658.0,2026,4,20,22,50,0,32.8810392,-117.2331887,118.171,84.407,5.945,6.631,3,0,16,0.0165,0.081,0.0016868229,0.081,-0.011,0.035,0,PVT
168659.0,2026,4,20,22,50,0,32.8810386,-117.2331872,117.966,84.202,5.934,6.631,3,0,16,0.0165,0.118,0.0016868229,0.101,-0.061,-0.059,0,PVT
168660.0,2026,4,20,22,50,0,32.8810385,-117.2331868,117.925,84.161,5.922,6.633,3,0,16,0.0165,0.142,0.0016868229,0.099,-0.101,-0.13,0,PVT
168661.0,2026,4,20,22,50,0,32.8810383,-117.2331856,117.766,84.002,5.91,6.628,3,0,16,0.0165,0.201,0.0016868229,0.159,-0.123,-0.196,0,PVT
168662.0,2026,4,20,22,50,0,32.8810378,-117.2331841,117.558,83.794,5.902,6.633,3,0,16,0.0165,0.139,0.0016868229,0.103,-0.093,-0.2,0,PVT
168663.0,2026,4,20,22,50,0,32.8810384,-117.2331839,117.569,83.806,5.897,6.632,3,0,16,0.0165,0.234,0.0016868229,0.198,-0.125,-0.215,0,PVT
168664.0,2026,4,20,22,50,0,32.8810384,-117.2331826,117.376,83.612,5.877,6.568,3,0,16,0.0165,0.223,0.0016868229,0.183,-0.126,-0.23,0,PVT
168665.0,2026,4,20,22,50,0,32.8810391,-117.2331821,117.323,83.56,5.863,6.533,3,0,16,0.0165,0.211,0.0016868229,0.181,-0.108,-0.228,0,PVT
168666.0,2026,4,20,22,50,0,32.8810401,-117.233182,117.298,83.534,5.853,6.496,3,0,16,0.0165,0.198,0.0016868229,0.172,-0.098,-0.196,0,PVT
168667.0,2026,4,20,22,50,0,32.8810408,-117.233183,117.514,83.75,5.857,6.501,3,0,16,0.0165,0.202,0.0016868229,0.111,-0.168,-0.293,0,PVT
168668.0,2026,4,20,22,50,0,32.8810409,-117.2331831,117.611,83.847,5.849,6.497,3,0,16,0.0165,0.101,0.0016868229,0.003,-0.101,-0.297,0,PVT
168669.0,2026,4,20,22,50,0,32.8810416,-117.2331836,117.743,83.979,5.841,6.507,3,0,16,0.0165,0.133,0.0016868229,0.064,-0.117,-0.28,0,PVT
168670.0,2026,4,20,22,50,0,32.881043,-117.2331832,117.642,83.878,5.819,6.479,3,0,16,0.0165,0.036,0.0016868229,-0.008,-0.035,-0.158,0,PVT
168671.0,2026,4,20,22,50,0,32.8810458,-117.2331841,117.739,83.975,5.781,6.453,3,0,17,0.015,0.049,0.0016868229,0.021,-0.045,-0.129,0,PVT
168672.0,2026,4,20,22,50,0,32.8810481,-117.2331853,117.966,84.203,5.741,6.417,3,0,18,0.014499999999999999,0.087,0.0016868229,0.072,-0.05,-0.169,0,PVT
168673.0,2026,4,20,22,50,0,32.8810493,-117.2331858,118.14,84.376,5.707,6.387,3,0,18,0.014499999999999999,0.059,0.0016868229,0.021,-0.056,-0.236,0,PVT
168674.0,2026,4,20,22,50,0,32.8810514,-117.2331866,118.161,84.397,5.677,6.362,3,0,18,0.014499999999999999,0.126,0.0016868229,0.105,-0.069,-0.14,0,PVT
168675.0,2026,4,20,22,50,0,32.8810532,-117.2331871,118.261,84.497,5.657,6.334,3,0,18,0.014499999999999999,0.097,0.0016868229,0.087,-0.042,-0.14,0,PVT
168676.0,2026,4,20,22,50,0,32.8810557,-117.2331875,118.193,84.429,5.64,6.312,3,0,18,0.014499999999999999,0.108,0.0016868229,0.103,-0.032,-0.045,0,PVT
168677.0,2026,4,20,22,50,0,32.8810574,-117.2331878,118.103,84.339,5.621,6.286,3,0,17,0.0147,0.066,0.0016868229,0.06,-0.026,-0.046,0,PVT
168679.0,2026,4,20,22,51,0,32.8810596,-117.2331882,118.058,84.294,5.596,6.243,3,0,18,0.014499999999999999,0.087,0.0016868229,0.075,-0.046,-0.093,0,PVT
168680.0,2026,4,20,22,51,0,32.8810609,-117.2331884,118.028,84.264,5.585,6.234,3,0,17,0.015,0.097,0.0016868229,0.061,-0.075,-0.165,0,PVT
168681.0,2026,4,20,22,51,0,32.8810631,-117.2331895,118.093,84.329,5.581,6.254,3,0,17,0.015,0.22,0.0016868229,0.157,-0.153,-0.233,0,PVT
168682.0,2026,4,20,22,51,0,32.881065,-117.2331915,118.309,84.545,5.582,6.281,3,0,18,0.014499999999999999,0.126,0.0016868229,0.045,-0.118,-0.208,0,PVT
168683.0,2026,4,20,22,51,0,32.8810671,-117.2331934,118.5,84.736,5.595,6.316,3,0,17,0.0147,0.335,0.0016868229,0.279,-0.185,-0.297,0,PVT
168684.0,2026,4,20,22,51,0,32.8810684,-117.2331953,118.742,84.978,5.611,6.359,3,0,18,0.014499999999999999,0.3,0.0016868229,0.197,-0.226,-0.452,0,PVT
168685.0,2026,4,20,22,51,0,32.8810704,-117.2331966,118.776,85.013,5.639,6.407,3,0,18,0.014499999999999999,0.319,0.0016868229,0.236,-0.215,-0.433,0,PVT
168686.0,2026,4,20,22,51,0,32.8810726,-117.2331972,118.653,84.889,5.672,6.463,3,0,18,0.014499999999999999,0.194,0.0016868229,0.154,-0.117,-0.294,0,PVT
168687.0,2026,4,20,22,51,0,32.8810739,-117.2331966,118.389,84.625,5.68,6.417,3,0,18,0.014499999999999999,0.147,0.0016868229,0.146,-0.02,-0.22,0,PVT
168688.0,2026,4,20,22,51,0,32.8810744,-117.2331965,118.206,84.442,5.68,6.379,3,0,18,0.014499999999999999,0.152,0.0016868229,0.102,-0.113,-0.212,0,PVT
168689.0,2026,4,20,22,51,0,32.8810747,-117.2331966,118.045,84.281,5.676,6.347,3,0,18,0.014499999999999999,0.112,0.0016868229,0.097,-0.055,-0.176,0,PVT
168690.0,2026,4,20,22,51,0,32.8810749,-117.2331969,117.984,84.22,5.673,6.308,3,0,18,0.014499999999999999,0.06,0.0016868229,0.032,-0.05,-0.175,0,PVT
168691.0,2026,4,20,22,51,0,32.8810757,-117.2331977,117.974,84.21,5.675,6.284,3,0,17,0.0146,0.156,0.0016868229,0.137,-0.074,-0.192,0,PVT
168692.0,2026,4,20,22,51,0,32.8810757,-117.2331984,117.86,84.096,5.676,6.247,3,0,17,0.0146,0.161,0.0016868229,0.125,-0.102,-0.208,0,PVT
168693.0,2026,4,20,22,51,0,32.8810766,-117.2331995,117.888,84.124,5.675,6.215,3,0,17,0.0146,0.153,0.0016868229,0.138,-0.067,-0.212,0,PVT
168694.0,2026,4,20,22,51,0,32.8810807,-117.2332009,117.936,84.172,5.704,6.178,3,0,17,0.0146,0.387,0.0016868229,0.386,-0.023,-0.111,0,PVT
168695.0,2026,4,20,22,51,0,32.8810813,-117.2332004,117.747,83.983,5.737,6.141,3,0,18,0.014499999999999999,0.073,0.0016868229,0.073,-0.005,-0.063,0,PVT
168696.0,2026,4,20,22,51,0,32.8810803,-117.2331994,117.541,83.777,5.786,6.144,3,0,18,0.014499999999999999,0.097,0.0016868229,0.097,0.001,-0.101,0,PVT
168697.0,2026,4,20,22,51,0,32.8810809,-117.2331986,117.39,83.626,5.861,6.175,3,0,17,0.0149,0.525,0.0006230791,0.525,-0.029,-0.22,0,PVT
168698.0,2026,4,20,22,51,0,32.8810807,-117.233198,117.136,83.372,5.95,6.229,3,0,17,0.0149,0.546,0.0002803267,0.535,-0.107,-0.298,0,PVT
168700.0,2026,4,20,22,51,0,32.8810833,-117.2331992,116.879,83.115,6.176,6.384,3,0,18,0.014499999999999999,0.364,6.3187e-06,0.319,-0.175,-0.343,0,PVT
168701.0,2026,4,20,22,51,0,32.8810845,-117.2331991,116.665,82.902,6.297,6.461,3,0,16,0.0151,0.399,6.3187e-06,0.382,-0.114,-0.279,0,PVT
168702.0,2026,4,20,22,51,0,32.8810857,-117.2331986,116.334,82.57,6.408,6.537,3,0,16,0.0151,0.216,6.3187e-06,0.203,-0.076,-0.154,0,PVT
168703.0,2026,4,20,22,51,0,32.8810828,-117.2331992,116.27,82.506,6.498,6.626,3,0,19,0.0138,0.265,6.3187e-06,-0.248,-0.096,-0.178,0,PVT
168704.0,2026,4,20,22,51,0,32.8810782,-117.2331992,116.216,82.452,6.564,6.688,3,0,19,0.0138,0.107,6.3187e-06,0.054,-0.092,-0.306,0,PVT
168705.0,2026,4,20,22,51,0,32.8810784,-117.2331986,116.023,82.26,6.636,6.736,3,0,17,0.0141,0.766,0.0035589659,0.759,-0.106,-0.372,0,PVT
168706.0,2026,4,20,22,51,0,32.8810828,-117.233198,115.815,82.051,6.701,6.785,3,0,18,0.013999999999999999,1.43,0.0035630757999999996,1.427,-0.089,-0.443,0,PVT
168707.0,2026,4,20,22,51,0,32.881085,-117.2331976,115.691,81.927,6.774,6.816,3,0,16,0.0149,1.318,0.0035577939,1.314,-0.11,-0.533,0,PVT
168708.0,2026,4,20,22,51,0,32.88109,-117.2331971,115.465,81.701,6.82,6.752,3,0,17,0.0147,1.301,0.0035559405,1.297,-0.103,-0.451,0,PVT
168709.0,2026,4,20,22,51,0,32.8810922,-117.2331966,115.252,81.488,6.858,6.708,3,0,18,0.0144,0.709,0.0035570247999999996,0.708,-0.049,-0.316,0,PVT
168710.0,2026,4,20,22,51,0,32.8810959,-117.2331966,115.141,81.377,6.897,6.681,3,0,16,0.0152,0.853,0.0035627767,0.851,-0.05,-0.238,0,PVT
168711.0,2026,4,20,22,51,0,32.8810948,-117.2331971,115.096,81.332,6.908,6.656,3,0,16,0.0152,0.196,0.0035627767,0.183,-0.07,-0.191,0,PVT
168712.0,2026,4,20,22,51,0,32.8810927,-117.2331978,115.138,81.374,6.903,6.632,3,0,16,0.0152,0.066,0.0035627767,-0.063,-0.022,-0.145,0,PVT
168713.0,2026,4,20,22,51,0,32.8810928,-117.2331979,115.014,81.25,6.9,6.619,3,0,15,0.0166,0.101,0.0035627767,0.099,-0.02,-0.1,0,PVT
168714.0,2026,4,20,22,51,0,32.8810934,-117.2331982,114.821,81.057,6.893,6.598,3,0,16,0.0163,0.095,0.0035627767,0.075,-0.058,-0.044,0,PVT
168715.0,2026,4,20,22,51,0,32.8810928,-117.2331984,114.753,80.989,6.883,6.576,3,0,16,0.0163,0.083,0.0035627767,-0.082,0.008,-0.033,0,PVT
168716.0,2026,4,20,22,51,0,32.8810925,-117.2331986,114.655,80.891,6.866,6.556,3,0,15,0.0165,0.009,0.0035627767,0.005,-0.008,-0.011,0,PVT
168717.0,2026,4,20,22,51,0,32.8810928,-117.2331993,114.669,80.905,6.85,6.528,3,0,16,0.0163,0.061,0.0035627767,0.051,-0.034,-0.032,0,PVT
168718.0,2026,4,20,22,51,0,32.8810932,-117.2332,114.694,80.931,6.841,6.499,3,0,16,0.0163,0.061,0.0035627767,0.057,-0.022,-0.013,0,PVT
168719.0,2026,4,20,22,51,0,32.8810925,-117.2332008,114.826,81.062,6.844,6.472,3,0,14,0.0184,0.079,0.0035627767,-0.079,-0.004,-0.031,0,PVT
168720.0,2026,4,20,22,51,0,32.8810933,-117.2332016,114.949,81.186,6.84,6.452,3,0,16,0.0163,0.065,0.0035627767,0.064,-0.011,-0.007,0,PVT
168721.0,2026,4,20,22,51,0,32.8810945,-117.2332028,115.181,81.418,6.827,6.425,3,0,16,0.0163,0.062,0.0035627767,0.062,-0.004,-0.022,0,PVT
168722.0,2026,4,20,22,51,0,32.8810948,-117.2332039,115.402,81.638,6.823,6.399,3,0,15,0.0165,0.032,0.0035627767,-0.026,-0.018,-0.042,0,PVT
168723.0,2026,4,20,22,51,0,32.881096,-117.2332049,115.566,81.802,6.822,6.375,3,0,16,0.0163,0.149,0.0035627767,0.148,-0.015,-0.026,0,PVT
168724.0,2026,4,20,22,51,0,32.8810975,-117.2332062,115.685,81.922,6.829,6.352,3,0,16,0.0163,0.261,0.0035627767,0.247,-0.083,-0.017,0,PVT
168725.0,2026,4,20,22,51,0,32.8810973,-117.233207,115.855,82.092,6.831,6.325,3,0,16,0.0163,0.007,0.0035627767,0.007,0.001,-0.049,0,PVT
168726.0,2026,4,20,22,51,0,32.8810976,-117.2332076,116.041,82.277,6.833,6.287,3,0,17,0.0149,0.109,0.0035627767,0.105,0.031,-0.022,0,PVT
168727.0,2026,4,20,22,51,0,32.8810979,-117.2332087,116.154,82.39,6.842,6.259,3,0,17,0.0149,0.215,0.0035627767,0.196,-0.087,-0.017,0,PVT
168728.0,2026,4,20,22,51,0,32.8810974,-117.2332096,116.295,82.531,6.866,6.236,3,0,13,0.0192,0.095,0.0035627767,0.083,-0.045,-0.058,0,PVT
168729.0,2026,4,20,22,51,0,32.8810958,-117.2332103,116.478,82.714,6.893,6.215,3,0,14,0.0184,0.061,0.0035627767,-0.046,-0.04,-0.098,0,PVT
168730.0,2026,4,20,22,51,0,32.8810955,-117.233211,116.525,82.761,6.922,6.195,3,0,15,0.0178,0.1,0.0035627767,0.065,-0.076,-0.058,0,PVT
168731.0,2026,4,20,22,51,0,32.8810954,-117.2332118,116.608,82.844,6.948,6.176,3,0,14,0.0184,0.137,0.0035627767,0.113,-0.079,-0.068,0,PVT
168732.0,2026,4,20,22,51,0,32.881095,-117.2332122,116.69,82.926,6.969,6.155,3,0,15,0.0178,0.023,0.0035627767,0.02,-0.012,-0.06,0,PVT
168733.0,2026,4,20,22,51,0,32.8810943,-117.2332123,116.794,83.03,6.983,6.144,3,0,16,0.0163,0.083,0.0035627767,0.08,-0.022,-0.094,0,PVT
168734.0,2026,4,20,22,51,0,32.8810932,-117.2332125,116.906,83.142,6.993,6.132,3,0,15,0.0165,0.052,0.0035627767,0.034,-0.04,-0.117,0,PVT
168735.0,2026,4,20,22,51,0,32.8810938,-117.2332131,116.959,83.195,6.996,6.113,3,0,16,0.0163,0.139,0.0035627767,0.135,-0.03,-0.065,0,PVT
168736.0,2026,4,20,22,51,0,32.8810936,-117.2332134,116.992,83.228,7.004,6.096,3,0,16,0.0163,0.02,0.0035627767,0.017,-0.011,-0.02,0,PVT
168737.0,2026,4,20,22,51,0,32.8810924,-117.2332135,116.999,83.235,7.037,6.083,3,0,15,0.0165,0.076,0.0035627767,-0.076,0.003,-0.004,0,PVT
168738.0,2026,4,20,22,52,0,32.8810919,-117.2332135,117.079,83.316,7.108,6.071,3,0,16,0.0163,0.127,0.0035627767,0.126,0.008,-0.052,0,PVT
168739.0,2026,4,20,22,52,0,32.8810941,-117.2332139,117.127,83.363,7.198,6.061,3,0,16,0.0163,0.452,0.0035479840999999997,0.446,-0.073,-0.067,0,PVT
168740.0,2026,4,20,22,52,0,32.881095,-117.2332141,117.255,83.492,7.262,6.056,3,0,14,0.0184,0.512,0.0035574764,0.511,-0.033,-0.147,0,PVT
168741.0,2026,4,20,22,52,0,32.8810939,-117.233214,117.268,83.504,7.325,6.053,3,0,15,0.0178,0.27,0.0035574764,0.265,-0.051,-0.143,0,PVT
168742.0,2026,4,20,22,52,0,32.8810927,-117.2332137,117.257,83.493,7.368,6.049,3,0,16,0.0163,0.095,0.0035574764,0.093,0.017,-0.101,0,PVT
168743.0,2026,4,20,22,52,0,32.8810923,-117.2332138,117.322,83.558,7.405,6.042,3,0,16,0.0151,0.09,0.0035574764,-0.085,-0.031,-0.12,0,PVT
168744.0,2026,4,20,22,52,0,32.8810913,-117.2332136,117.187,83.423,7.423,6.032,3,0,18,0.0141,0.029,0.0035574764,-0.027,-0.011,-0.032,0,PVT
168745.0,2026,4,20,22,52,0,32.8810901,-117.2332132,117.057,83.293,7.427,6.022,3,0,17,0.0144,0.018,0.0035574764,0.001,0.018,0.0,0,PVT
168746.0,2026,4,20,22,52,0,32.8810906,-117.2332132,116.983,83.219,7.392,6.005,3,0,17,0.0144,0.147,0.0035574764,0.147,-0.008,0.01,0,PVT
168747.0,2026,4,20,22,52,0,32.8810903,-117.2332135,117.001,83.237,7.351,6.023,3,0,16,0.0163,0.042,0.0035574764,0.031,-0.028,-0.018,0,PVT
168748.0,2026,4,20,22,52,0,32.8810907,-117.2332128,116.765,83.001,7.324,6.056,3,0,17,0.0144,0.138,0.0035574764,0.127,0.054,0.099,0,PVT
168749.0,2026,4,20,22,52,0,32.8810902,-117.2332126,116.769,83.006,7.245,6.031,3,0,17,0.0144,0.096,0.0035574764,-0.088,0.04,0.074,0,PVT
168750.0,2026,4,20,22,52,0,32.8810876,-117.2332124,116.759,82.995,7.206,6.01,3,0,16,0.0163,0.285,0.0035574764,-0.282,0.046,0.093,0,PVT
168751.0,2026,4,20,22,52,0,32.881089,-117.2332126,116.785,83.021,7.189,5.994,3,0,17,0.0155,0.085,0.0035574764,0.067,0.053,0.094,0,PVT
168752.0,2026,4,20,22,52,0,32.8810882,-117.2332121,116.609,82.845,7.202,5.956,3,0,18,0.0141,0.223,0.0035574764,-0.222,0.026,0.11,0,PVT
168753.0,2026,4,20,22,52,0,32.8810873,-117.2332116,116.504,82.74,7.22,5.922,3,0,17,0.0155,0.334,0.0006235378999999999,-0.328,0.059,0.091,0,PVT
168754.0,2026,4,20,22,52,0,32.8810862,-117.2332112,116.408,82.644,7.246,5.899,3,0,17,0.0155,0.447,0.0013504382,-0.444,0.045,0.126,0,PVT
168755.0,2026,4,20,22,52,0,32.8810853,-117.2332109,116.274,82.51,7.277,5.879,3,0,17,0.0155,0.579,0.0015974183999999999,-0.577,0.056,0.207,0,PVT
168756.0,2026,4,20,22,52,0,32.8810834,-117.2332103,116.103,82.339,7.305,5.856,3,0,17,0.0155,0.53,0.0016624985,-0.527,0.055,0.231,0,PVT
168757.0,2026,4,20,22,52,0,32.8810807,-117.2332099,115.925,82.161,7.36,5.849,3,0,17,0.0155,0.544,0.0017054129,-0.542,0.043,0.217,0,PVT
168758.0,2026,4,20,22,52,0,32.8810808,-117.2332094,115.775,82.011,7.423,5.845,3,0,18,0.0141,0.34,0.0017054129,-0.331,0.076,0.203,0,PVT
168759.0,2026,4,20,22,52,0,32.8810815,-117.2332086,115.563,81.799,7.501,5.85,3,0,17,0.0155,0.413,0.0017054129,-0.397,0.115,0.248,0,PVT
168760.0,2026,4,20,22,52,0,32.88108,-117.233208,115.443,81.68,7.598,5.858,3,0,17,0.0155,0.611,0.0017092216,-0.604,0.092,0.207,0,PVT
168761.0,2026,4,20,22,52,0,32.8810796,-117.2332075,115.309,81.545,7.688,5.85,3,0,17,0.0155,0.457,0.0016970758,-0.446,0.1,0.193,0,PVT
168762.0,2026,4,20,22,52,0,32.8810813,-117.2332074,115.218,81.455,7.746,5.846,3,0,17,0.0143,0.241,0.0016970758,-0.234,0.058,0.171,0,PVT
168763.0,2026,4,20,22,52,0,32.8810827,-117.2332075,115.132,81.369,7.813,5.825,3,0,16,0.016200000000000003,0.117,0.0016970758,-0.115,0.022,0.137,0,PVT
168764.0,2026,4,20,22,52,0,32.8810826,-117.2332072,115.125,81.361,7.853,5.803,3,0,17,0.0155,0.138,0.0016970758,-0.124,0.06,0.087,0,PVT
168765.0,2026,4,20,22,52,0,32.8810826,-117.2332069,115.093,81.329,7.856,5.78,3,0,17,0.0143,0.277,0.0016970758,-0.27,0.061,0.089,0,PVT
168766.0,2026,4,20,22,52,0,32.8810811,-117.2332071,115.105,81.341,7.879,5.768,3,0,15,0.0166,0.273,0.0016970758,-0.273,0.019,0.088,0,PVT
168767.0,2026,4,20,22,52,0,32.8810798,-117.2332073,115.112,81.348,7.897,5.753,3,0,15,0.0166,0.327,0.0016970758,-0.322,0.055,0.109,0,PVT
168768.0,2026,4,20,22,52,0,32.8810755,-117.2332067,114.946,81.182,7.89,5.745,3,0,16,0.0143,0.579,0.0016956074000000002,-0.57,0.106,0.168,0,PVT
168769.0,2026,4,20,22,52,0,32.8810731,-117.2332066,114.953,81.189,7.9,5.739,3,0,17,0.014199999999999999,0.515,0.0016959689,-0.507,0.093,0.162,0,PVT
168770.0,2026,4,20,22,52,0,32.8810667,-117.2332058,114.755,80.991,7.931,5.732,3,0,18,0.013500000000000002,0.901,0.0017100732,-0.891,0.133,0.258,0,PVT
168771.0,2026,4,20,22,52,0,32.8810641,-117.233206,114.76,80.997,7.958,5.712,3,0,16,0.0158,0.53,0.0017097801000000002,-0.523,0.084,0.234,0,PVT
168772.0,2026,4,20,22,52,0,32.8810631,-117.2332066,114.865,81.101,7.972,5.682,3,0,17,0.0141,0.315,0.0017097801000000002,-0.31,0.054,0.156,0,PVT
168773.0,2026,4,20,22,52,0,32.8810638,-117.2332075,114.955,81.192,7.995,5.655,3,0,17,0.0141,0.016,0.0017097801000000002,-0.016,-0.002,0.106,0,PVT
168774.0,2026,4,20,22,52,0,32.8810632,-117.233208,114.966,81.202,8.018,5.631,3,0,17,0.0141,0.237,0.0017097801000000002,-0.236,0.022,0.116,0,PVT
168775.0,2026,4,20,22,52,0,32.8810644,-117.2332085,114.892,81.128,8.01,5.606,3,0,16,0.0148,0.139,0.0017097801000000002,-0.139,-0.002,0.132,0,PVT
168776.0,2026,4,20,22,52,0,32.8810649,-117.2332082,114.881,81.117,7.957,5.59,3,0,16,0.0148,0.16,0.0017097801000000002,-0.136,0.085,0.092,0,PVT
168777.0,2026,4,20,22,52,0,32.8810648,-117.2332082,115.065,81.301,7.892,5.558,3,0,16,0.0158,0.224,0.0017097801000000002,-0.218,0.05,0.033,0,PVT
168778.0,2026,4,20,22,52,0,32.8810644,-117.2332078,115.107,81.343,7.857,5.543,3,0,17,0.0155,0.108,0.0017097801000000002,-0.106,0.021,0.039,0,PVT
168779.0,2026,4,20,22,52,0,32.8810648,-117.2332077,115.178,81.414,7.819,5.527,3,0,18,0.013999999999999999,0.07,0.0017097801000000002,-0.07,-0.003,0.028,0,PVT
168780.0,2026,4,20,22,52,0,32.881064,-117.2332075,115.171,81.407,7.767,5.51,3,0,18,0.013999999999999999,0.112,0.0017097801000000002,-0.112,0.006,0.039,0,PVT
168781.0,2026,4,20,22,52,0,32.8810656,-117.2332075,115.268,81.504,7.733,5.497,3,0,17,0.0155,0.04,0.0017097801000000002,0.039,0.008,0.03,0,PVT
168782.0,2026,4,20,22,52,0,32.8810663,-117.2332073,115.363,81.599,7.68,5.488,3,0,17,0.0155,0.11,0.0017097801000000002,-0.102,0.042,0.03,0,PVT
168783.0,2026,4,20,22,52,0,32.8810686,-117.2332073,115.495,81.731,7.561,5.474,3,0,17,0.0155,0.008,0.0017097801000000002,0.001,0.008,0.027,0,PVT
168784.0,2026,4,20,22,52,0,32.881072,-117.2332078,115.657,81.893,7.43,5.457,3,0,17,0.0155,0.114,0.0017097801000000002,-0.102,0.05,0.083,0,PVT
168785.0,2026,4,20,22,52,0,32.8810739,-117.2332078,115.74,81.976,7.288,5.449,3,0,18,0.013999999999999999,0.077,0.0017097801000000002,0.073,0.025,0.06,0,PVT
168786.0,2026,4,20,22,52,0,32.8810749,-117.2332081,115.941,82.177,7.144,5.437,3,0,18,0.013999999999999999,0.032,0.0017097801000000002,-0.024,-0.022,-0.028,0,PVT
168788.0,2026,4,20,22,52,0,32.8810772,-117.2332114,116.534,82.77,6.885,5.396,3,0,18,0.0141,0.136,0.0017097801000000002,0.116,-0.072,-0.094,0,PVT
168789.0,2026,4,20,22,52,0,32.8810798,-117.2332135,116.835,83.071,6.781,5.375,3,0,17,0.016,0.023,0.0017097801000000002,0.001,-0.023,-0.041,0,PVT
168790.0,2026,4,20,22,52,0,32.8810817,-117.2332154,117.143,83.38,6.666,5.336,3,0,18,0.0141,0.179,0.0017097801000000002,-0.165,0.068,0.083,0,PVT
168791.0,2026,4,20,22,52,0,32.8810835,-117.2332164,117.277,83.513,6.549,5.315,3,0,18,0.013600000000000001,0.201,0.0017097801000000002,-0.182,0.086,0.19,0,PVT
168792.0,2026,4,20,22,52,0,32.8810848,-117.2332172,117.372,83.608,6.44,5.29,3,0,18,0.013600000000000001,0.191,0.0017097801000000002,-0.171,0.084,0.21,0,PVT
168793.0,2026,4,20,22,52,0,32.8810867,-117.2332184,117.517,83.753,6.343,5.251,3,0,18,0.013999999999999999,0.215,0.0017097801000000002,-0.197,0.087,0.211,0,PVT
168794.0,2026,4,20,22,52,0,32.8810882,-117.2332194,117.59,83.826,6.269,5.228,3,0,18,0.013999999999999999,0.069,0.0017097801000000002,-0.06,0.033,0.153,0,PVT
168795.0,2026,4,20,22,52,0,32.8810895,-117.2332204,117.619,83.855,6.207,5.204,3,0,17,0.0143,0.014,0.0017097801000000002,0.013,0.004,0.101,0,PVT
168796.0,2026,4,20,22,52,0,32.8810916,-117.2332215,117.714,83.95,6.143,5.184,3,0,16,0.0163,0.058,0.0017097801000000002,-0.045,0.037,0.085,0,PVT
168797.0,2026,4,20,22,52,0,32.8810937,-117.2332228,117.804,84.04,6.082,5.164,3,0,16,0.0163,0.07,0.0017097801000000002,-0.056,0.043,0.132,0,PVT
168798.0,2026,4,20,22,53,0,32.8810954,-117.233224,117.903,84.139,6.038,5.151,3,0,16,0.0163,0.092,0.0017097801000000002,-0.081,0.043,0.124,0,PVT
168799.0,2026,4,20,22,53,0,32.8810963,-117.2332252,117.944,84.18,6.008,5.142,3,0,16,0.0163,0.056,0.0017097801000000002,-0.056,-0.003,0.114,0,PVT
168800.0,2026,4,20,22,53,0,32.8810978,-117.2332267,118.058,84.295,5.99,5.132,3,0,16,0.0163,0.012,0.0017097801000000002,-0.011,-0.005,0.058,0,PVT
168801.0,2026,4,20,22,53,0,32.8810991,-117.2332282,118.047,84.283,5.965,5.121,3,0,17,0.0155,0.112,0.0017097801000000002,-0.11,0.023,0.103,0,PVT
168802.0,2026,4,20,22,53,0,32.8811008,-117.23323,118.113,84.349,5.94,5.116,3,0,17,0.0155,0.05,0.0017097801000000002,-0.05,-0.005,0.093,0,PVT
168803.0,2026,4,20,22,53,0,32.8811023,-117.2332313,118.084,84.32,5.915,5.109,3,0,17,0.0155,0.071,0.0017097801000000002,-0.066,0.028,0.119,0,PVT
168804.0,2026,4,20,22,53,0,32.8811031,-117.2332322,118.06,84.296,5.893,5.103,3,0,18,0.013999999999999999,0.086,0.0017097801000000002,-0.08,0.031,0.11,0,PVT
168805.0,2026,4,20,22,53,0,32.8811036,-117.2332329,118.1,84.336,5.871,5.097,3,0,18,0.013999999999999999,0.123,0.0017097801000000002,-0.117,0.038,0.06,0,PVT
168806.0,2026,4,20,22,53,0,32.8811047,-117.2332341,118.237,84.474,5.848,5.088,3,0,18,0.0152,0.08,0.0017097801000000002,-0.074,0.029,0.051,0,PVT
168807.0,2026,4,20,22,53,0,32.8811051,-117.233235,118.319,84.555,5.82,5.078,3,0,18,0.0152,0.09,0.0017097801000000002,-0.087,0.02,0.065,0,PVT
168808.0,2026,4,20,22,53,0,32.8811048,-117.2332353,118.34,84.576,5.797,5.076,3,0,18,0.0152,0.15,0.0017097801000000002,-0.134,0.067,0.086,0,PVT
168809.0,2026,4,20,22,53,0,32.8811052,-117.2332358,118.443,84.679,5.776,5.077,3,0,18,0.0152,0.067,0.0017097801000000002,-0.043,0.051,0.062,0,PVT
168810.0,2026,4,20,22,53,0,32.8811055,-117.2332362,118.559,84.796,5.747,5.075,3,0,18,0.0152,0.082,0.0017097801000000002,-0.067,0.047,0.035,0,PVT
168811.0,2026,4,20,22,53,0,32.8811058,-117.2332364,118.645,84.881,5.729,5.084,3,0,18,0.0152,0.069,0.0017097801000000002,-0.035,0.06,0.036,0,PVT
168812.0,2026,4,20,22,53,0,32.8811057,-117.2332368,118.692,84.928,5.705,5.082,3,0,18,0.0152,0.09,0.0017097801000000002,-0.088,0.017,0.049,0,PVT
168813.0,2026,4,20,22,53,0,32.8811053,-117.2332371,118.774,85.01,5.684,5.086,3,0,18,0.0152,0.101,0.0017097801000000002,-0.1,0.007,0.05,0,PVT
168814.0,2026,4,20,22,53,0,32.8811048,-117.2332372,118.87,85.107,5.665,5.091,3,0,18,0.0152,0.097,0.0017097801000000002,-0.089,0.039,0.041,0,PVT
168815.0,2026,4,20,22,53,0,32.8811042,-117.233237,118.902,85.138,5.641,5.094,3,0,18,0.0152,0.1,0.0017097801000000002,-0.086,0.051,0.056,0,PVT
168816.0,2026,4,20,22,53,0,32.8811039,-117.2332366,118.875,85.112,5.619,5.095,3,0,18,0.0152,0.08,0.0017097801000000002,-0.061,0.052,0.088,0,PVT
168817.0,2026,4,20,22,53,0,32.8811038,-117.2332367,118.918,85.154,5.603,5.086,3,0,18,0.0152,0.108,0.0017097801000000002,-0.108,0.01,0.051,0,PVT
168818.0,2026,4,20,22,53,0,32.8811037,-117.2332367,118.92,85.157,5.586,5.076,3,0,18,0.0152,0.039,0.0017097801000000002,-0.037,0.014,0.054,0,PVT
168819.0,2026,4,20,22,53,0,32.8811028,-117.2332366,118.802,85.038,5.598,5.086,3,0,18,0.0152,0.131,0.0017097801000000002,-0.131,-0.005,0.099,0,PVT
168820.0,2026,4,20,22,53,0,32.8811034,-117.2332364,118.772,85.008,5.633,5.096,3,0,18,0.0152,0.034,0.0017097801000000002,0.024,0.024,0.083,0,PVT
168821.0,2026,4,20,22,53,0,32.8811039,-117.2332361,118.779,85.015,5.673,5.108,3,0,18,0.0152,0.087,0.0017097801000000002,-0.081,0.031,0.062,0,PVT
168822.0,2026,4,20,22,53,0,32.8811043,-117.2332355,118.771,85.007,5.658,5.11,3,0,18,0.0152,0.108,0.0017097801000000002,-0.096,0.049,0.064,0,PVT
168823.0,2026,4,20,22,53,0,32.8811047,-117.2332351,118.813,85.049,5.63,5.111,3,0,18,0.0152,0.067,0.0017097801000000002,-0.056,0.036,0.048,0,PVT
168824.0,2026,4,20,22,53,0,32.8811051,-117.2332348,118.859,85.095,5.601,5.113,3,0,18,0.0152,0.089,0.0017097801000000002,-0.083,0.031,0.051,0,PVT
168825.0,2026,4,20,22,53,0,32.8811058,-117.2332347,118.874,85.11,5.572,5.116,3,0,18,0.0152,0.021,0.0017097801000000002,-0.013,0.016,0.079,0,PVT
168826.0,2026,4,20,22,53,0,32.8811063,-117.2332343,118.944,85.18,5.547,5.117,3,0,18,0.0152,0.083,0.0017097801000000002,-0.065,0.051,0.062,0,PVT
168827.0,2026,4,20,22,53,0,32.8811068,-117.2332337,118.961,85.197,5.526,5.116,3,0,18,0.0152,0.079,0.0017097801000000002,-0.067,0.043,0.076,0,PVT
168828.0,2026,4,20,22,53,0,32.8811075,-117.2332333,118.987,85.224,5.502,5.114,3,0,18,0.0152,0.083,0.0017097801000000002,-0.064,0.053,0.09,0,PVT
168829.0,2026,4,20,22,53,0,32.8811079,-117.2332331,118.983,85.219,5.482,5.108,3,0,18,0.0152,0.075,0.0017097801000000002,-0.074,0.011,0.096,0,PVT
168830.0,2026,4,20,22,53,0,32.8811086,-117.2332332,119.053,85.289,5.464,5.101,3,0,18,0.0152,0.051,0.0017097801000000002,-0.051,0.0,0.058,0,PVT
168831.0,2026,4,20,22,53,0,32.8811085,-117.233233,119.021,85.257,5.452,5.097,3,0,18,0.0152,0.059,0.0017097801000000002,-0.059,0.001,0.081,0,PVT
168832.0,2026,4,20,22,53,0,32.881109,-117.2332327,119.079,85.315,5.44,5.093,3,0,18,0.0152,0.048,0.0017097801000000002,-0.016,0.046,0.051,0,PVT
168833.0,2026,4,20,22,53,0,32.8811089,-117.2332321,119.094,85.33,5.417,5.089,3,0,19,0.0138,0.027,0.0017097801000000002,0.027,0.003,0.03,0,PVT
168834.0,2026,4,20,22,53,0,32.8811093,-117.2332321,119.18,85.416,5.394,5.082,3,0,19,0.0138,0.154,0.0017097801000000002,0.143,-0.056,-0.052,0,PVT
168835.0,2026,4,20,22,53,0,32.8811097,-117.2332326,119.385,85.622,5.377,5.076,3,0,19,0.0138,0.057,0.0017097801000000002,-0.029,-0.049,-0.084,0,PVT
168836.0,2026,4,20,22,53,0,32.88111,-117.2332327,119.465,85.702,5.364,5.07,3,0,19,0.0138,0.059,0.0017097801000000002,0.054,-0.022,-0.039,0,PVT
168837.0,2026,4,20,22,53,0,32.8811105,-117.2332324,119.494,85.73,5.361,5.064,3,0,18,0.0152,0.05,0.0017097801000000002,-0.021,0.045,0.028,0,PVT
168838.0,2026,4,20,22,53,0,32.8811115,-117.2332327,119.65,85.887,5.364,5.066,3,0,18,0.0152,0.071,0.0017097801000000002,0.06,-0.039,-0.025,0,PVT
168839.0,2026,4,20,22,53,0,32.8811124,-117.2332327,119.723,85.959,5.363,5.067,3,0,18,0.0152,0.032,0.0017097801000000002,0.013,0.029,0.019,0,PVT
168840.0,2026,4,20,22,53,0,32.8811137,-117.2332324,119.77,86.006,5.356,5.068,3,0,18,0.0152,0.115,0.0017097801000000002,-0.074,0.088,0.104,0,PVT
168841.0,2026,4,20,22,53,0,32.8811151,-117.233233,119.965,86.202,5.341,5.068,3,0,19,0.0138,0.168,0.0017097801000000002,-0.14,0.093,0.165,0,PVT
168842.0,2026,4,20,22,53,0,32.8811148,-117.2332328,119.981,86.217,5.322,5.065,3,0,18,0.0152,0.039,0.0017097801000000002,-0.023,0.031,0.142,0,PVT
168844.0,2026,4,20,22,53,0,32.8811135,-117.2332329,120.176,86.413,5.281,5.069,3,0,19,0.0138,0.03,0.0017097801000000002,0.025,-0.017,-0.051,0,PVT
168845.0,2026,4,20,22,53,0,32.8811131,-117.2332332,120.265,86.501,5.267,5.079,3,0,18,0.0152,0.109,0.0017097801000000002,0.091,-0.061,-0.092,0,PVT
168846.0,2026,4,20,22,53,0,32.8811125,-117.2332332,120.337,86.574,5.253,5.085,3,0,19,0.0138,0.021,0.0017097801000000002,0.021,-0.001,-0.046,0,PVT
168847.0,2026,4,20,22,53,0,32.8811116,-117.2332331,120.398,86.634,5.233,5.064,3,0,19,0.0138,0.116,0.0017097801000000002,0.096,-0.066,-0.096,0,PVT
168848.0,2026,4,20,22,53,0,32.8811107,-117.2332328,120.386,86.622,5.217,5.049,3,0,18,0.0152,0.03,0.0017097801000000002,0.026,-0.015,-0.052,0,PVT
168849.0,2026,4,20,22,53,0,32.8811101,-117.2332326,120.399,86.635,5.205,5.03,3,0,19,0.0138,0.004,0.0017097801000000002,0.004,-0.002,-0.009,0,PVT
168850.0,2026,4,20,22,53,0,32.8811094,-117.2332325,120.421,86.657,5.199,5.015,3,0,19,0.0138,0.036,0.0017097801000000002,0.019,-0.031,-0.008,0,PVT
168851.0,2026,4,20,22,53,0,32.8811085,-117.2332321,120.427,86.664,5.199,5.006,3,0,19,0.0138,0.237,0.0017097801000000002,0.231,-0.052,-0.107,0,PVT
168852.0,2026,4,20,22,53,0,32.8811081,-117.233232,120.496,86.732,5.201,4.999,3,0,19,0.0138,0.103,0.0017097801000000002,0.102,-0.018,-0.075,0,PVT
168853.0,2026,4,20,22,53,0,32.881108,-117.2332322,120.654,86.891,5.217,4.992,3,0,19,0.0138,0.153,0.0017097801000000002,-0.15,0.033,0.009,0,PVT
168854.0,2026,4,20,22,53,0,32.8811064,-117.2332321,120.727,86.963,5.262,4.991,3,0,19,0.0138,0.188,0.0017097801000000002,-0.186,0.028,0.049,0,PVT
168855.0,2026,4,20,22,53,0,32.8811067,-117.2332324,120.888,87.124,5.316,4.976,3,0,19,0.0138,0.161,0.0017097801000000002,-0.158,0.029,0.065,0,PVT
168857.0,2026,4,20,22,53,0,32.8811047,-117.2332321,120.991,87.227,5.404,4.947,3,0,19,0.0138,0.139,0.0017125859,-0.13,0.05,0.058,0,PVT
168858.0,2026,4,20,22,54,0,32.8811039,-117.2332316,121.017,87.253,5.46,4.931,3,0,19,0.0138,0.212,0.0017125859,-0.206,0.05,0.047,0,PVT
168859.0,2026,4,20,22,54,0,32.881104,-117.2332313,121.042,87.278,5.526,4.921,3,0,19,0.0138,0.128,0.0017125859,-0.127,0.018,0.047,0,PVT
168860.0,2026,4,20,22,54,0,32.8811036,-117.2332309,121.006,87.242,5.597,4.917,3,0,19,0.0138,0.176,0.0017125859,-0.174,0.026,0.073,0,PVT
168861.0,2026,4,20,22,54,0,32.8811038,-117.2332304,120.964,87.2,5.654,4.909,3,0,19,0.0138,0.233,0.0017125859,-0.23,0.036,0.112,0,PVT
168862.0,2026,4,20,22,54,0,32.8811034,-117.23323,120.891,87.127,5.685,4.899,3,0,19,0.0138,0.341,0.0017284020000000002,-0.339,0.033,0.152,0,PVT
168863.0,2026,4,20,22,54,0,32.8811029,-117.2332295,120.818,87.054,5.711,4.896,3,0,19,0.0138,0.419,0.0017084456,-0.412,0.076,0.194,0,PVT
168864.0,2026,4,20,22,54,0,32.8811026,-117.2332291,120.773,87.009,5.73,4.893,3,0,19,0.0138,0.404,0.0017064837,-0.398,0.067,0.205,0,PVT
168865.0,2026,4,20,22,54,0,32.8811025,-117.2332292,120.846,87.082,5.752,4.891,3,0,18,0.0144,0.367,0.0017084411,-0.363,0.057,0.187,0,PVT
168866.0,2026,4,20,22,54,0,32.8811024,-117.233229,120.81,87.046,5.78,4.883,3,0,19,0.0138,0.343,0.0017185641000000001,-0.341,0.043,0.161,0,PVT
168867.0,2026,4,20,22,54,0,32.8811027,-117.2332287,120.757,86.993,5.812,4.883,3,0,19,0.0138,0.306,0.0017185641000000001,-0.302,0.048,0.172,0,PVT
168868.0,2026,4,20,22,54,0,32.881104,-117.2332286,120.737,86.973,5.841,4.877,3,0,19,0.0138,0.283,0.0017185641000000001,-0.279,0.048,0.185,0,PVT
168869.0,2026,4,20,22,54,0,32.8811067,-117.233229,120.804,87.04,5.863,4.861,3,0,19,0.0138,0.267,0.0017185641000000001,-0.265,0.032,0.196,0,PVT
168870.0,2026,4,20,22,54,0,32.8811075,-117.233229,120.827,87.064,5.89,4.844,3,0,19,0.0138,0.298,0.0017074339,-0.293,0.055,0.167,0,PVT
168871.0,2026,4,20,22,54,0,32.8811065,-117.2332288,120.801,87.037,5.915,4.83,3,0,19,0.0138,0.171,0.0017074339,-0.17,0.019,0.085,0,PVT
168872.0,2026,4,20,22,54,0,32.8811086,-117.233229,120.919,87.155,5.944,4.82,3,0,19,0.0138,0.236,0.0017074339,0.236,0.003,-0.035,0,PVT
168873.0,2026,4,20,22,54,0,32.8811093,-117.233229,120.876,87.112,5.973,4.806,3,0,19,0.0138,0.064,0.0017074339,-0.063,-0.011,0.013,0,PVT
168874.0,2026,4,20,22,54,0,32.8811111,-117.2332293,120.95,87.186,5.998,4.791,3,0,19,0.0138,0.137,0.0017074339,0.135,-0.02,-0.046,0,PVT
168875.0,2026,4,20,22,54,0,32.8811121,-117.2332294,120.969,87.205,6.018,4.781,3,0,19,0.0138,0.185,0.0017074339,0.174,-0.061,-0.102,0,PVT
168876.0,2026,4,20,22,54,0,32.8811148,-117.2332296,121.052,87.288,6.028,4.77,3,0,18,0.014199999999999999,0.076,0.0017074339,0.075,-0.014,-0.068,0,PVT
168877.0,2026,4,20,22,54,0,32.881117,-117.2332299,121.214,87.45,6.033,4.767,3,0,17,0.0148,0.17,0.0017074339,-0.169,0.019,-0.003,0,PVT
168878.0,2026,4,20,22,54,0,32.8811184,-117.2332299,121.24,87.477,6.042,4.761,3,0,19,0.0138,0.096,0.0017074339,-0.096,0.005,0.022,0,PVT
168880.0,2026,4,20,22,54,0,32.8811212,-117.2332296,121.258,87.494,6.055,4.748,3,0,18,0.014199999999999999,0.085,0.0017074339,-0.084,0.014,0.016,0,PVT
168881.0,2026,4,20,22,54,0,32.8811234,-117.2332295,121.27,87.506,6.062,4.741,3,0,18,0.014199999999999999,0.084,0.0017074339,-0.081,0.021,0.065,0,PVT
168882.0,2026,4,20,22,54,0,32.8811253,-117.2332294,121.278,87.514,6.07,4.742,3,0,18,0.014199999999999999,0.065,0.0017074339,-0.063,0.018,0.073,0,PVT
168883.0,2026,4,20,22,54,0,32.8811249,-117.2332288,121.226,87.462,6.077,4.744,3,0,18,0.014199999999999999,0.408,0.0005767057,0.405,-0.053,-0.122,0,PVT
168884.0,2026,4,20,22,54,0,32.8811268,-117.2332289,121.345,87.582,6.084,4.746,3,0,19,0.0138,0.679,7.449259999999999e-05,0.669,-0.121,-0.316,0,PVT
168885.0,2026,4,20,22,54,0,32.8811281,-117.233229,121.421,87.657,6.085,4.742,3,0,19,0.0138,0.694,0.0035735264,0.681,-0.133,-0.383,0,PVT
168886.0,2026,4,20,22,54,0,32.8811295,-117.233229,121.529,87.766,6.093,4.734,3,0,18,0.014199999999999999,0.656,0.0035317466000000003,0.644,-0.13,-0.386,0,PVT
168887.0,2026,4,20,22,54,0,32.881135,-117.2332297,121.767,88.003,6.159,4.749,3,0,19,0.0138,0.995,0.0035236517,0.984,-0.146,-0.368,0,PVT
168888.0,2026,4,20,22,54,0,32.8811354,-117.2332297,121.888,88.124,6.215,4.752,3,0,18,0.0152,0.742,0.0034957162,0.723,-0.167,-0.358,0,PVT
168889.0,2026,4,20,22,54,0,32.8811361,-117.2332296,122.004,88.24,6.266,4.757,3,0,18,0.014199999999999999,0.435,0.0034934847,0.427,-0.085,-0.285,0,PVT
168890.0,2026,4,20,22,54,0,32.8811374,-117.2332298,122.129,88.365,6.323,4.763,3,0,19,0.0137,0.481,0.0034863567,0.471,-0.099,-0.239,0,PVT
168891.0,2026,4,20,22,54,0,32.8811386,-117.23323,122.272,88.508,6.385,4.769,3,0,17,0.0159,0.338,0.0034872725,0.332,-0.065,-0.182,0,PVT
168892.0,2026,4,20,22,54,0,32.8811379,-117.2332299,122.356,88.593,6.451,4.776,3,0,16,0.0173,0.309,0.0034807942000000002,0.302,-0.068,-0.159,0,PVT
168893.0,2026,4,20,22,54,0,32.8811382,-117.2332302,122.486,88.722,6.504,4.779,3,0,17,0.014499999999999999,0.284,0.0034807942000000002,0.277,-0.065,-0.149,0,PVT
168894.0,2026,4,20,22,54,0,32.8811374,-117.2332302,122.545,88.781,6.545,4.782,3,0,19,0.0137,0.24,0.0034807942000000002,0.233,-0.061,-0.121,0,PVT
168895.0,2026,4,20,22,54,0,32.881139,-117.2332309,122.745,88.981,6.593,4.785,3,0,18,0.0151,0.305,0.0034848456,0.299,-0.059,-0.138,0,PVT
168896.0,2026,4,20,22,54,0,32.8811401,-117.2332314,122.804,89.04,6.608,4.79,3,0,18,0.0151,0.197,0.0034848456,0.191,-0.049,-0.087,0,PVT
168897.0,2026,4,20,22,54,0,32.8811429,-117.2332316,122.947,89.184,6.514,4.785,3,0,17,0.0159,0.02,0.0034848456,0.014,0.014,-0.055,0,PVT
168898.0,2026,4,20,22,54,0,32.8811422,-117.2332316,122.938,89.174,6.436,4.788,3,0,18,0.0151,0.033,0.0034848456,-0.019,0.027,-0.001,0,PVT
168899.0,2026,4,20,22,54,0,32.8811399,-117.2332307,122.676,88.912,6.351,4.79,3,0,18,0.0151,0.067,0.0034848456,0.026,0.062,0.116,0,PVT
168900.0,2026,4,20,22,54,0,32.8811387,-117.2332311,122.61,88.846,6.269,4.815,3,0,19,0.0137,0.048,0.0034848456,-0.048,-0.001,0.1,0,PVT
168901.0,2026,4,20,22,54,0,32.8811362,-117.2332312,122.598,88.834,6.21,4.846,3,0,19,0.0137,0.092,0.0034848456,-0.09,0.019,0.029,0,PVT
168902.0,2026,4,20,22,54,0,32.8811325,-117.233229,122.671,88.907,6.103,4.841,3,0,18,0.0143,0.423,0.0006227016,-0.326,0.27,-0.146,0,PVT
168903.0,2026,4,20,22,54,0,32.8811285,-117.2332295,122.736,88.972,6.065,4.902,3,0,19,0.0137,0.286,0.0006227016,-0.257,-0.126,-0.064,0,PVT
168904.0,2026,4,20,22,54,0,32.8811282,-117.2332294,123.002,89.238,6.102,4.932,3,0,18,0.0141,0.35,0.0006227016,0.346,0.053,-0.156,0,PVT
168905.0,2026,4,20,22,54,0,32.8811261,-117.2332307,122.985,89.221,6.148,4.965,3,0,19,0.0137,0.179,0.0006227016,0.125,-0.128,-0.174,0,PVT
168906.0,2026,4,20,22,54,0,32.8811278,-117.2332336,123.132,89.368,6.153,5.043,3,0,20,0.0131,0.497,0.0006227016,0.446,-0.218,-0.186,0,PVT
168907.0,2026,4,20,22,54,0,32.8811158,-117.2332374,122.701,88.937,6.08,5.128,3,0,19,0.0137,0.51,0.0006227016,-0.317,-0.399,-0.125,0,PVT
168908.0,2026,4,20,22,54,0,32.8811116,-117.2332436,122.837,89.073,6.164,5.265,3,0,18,0.0141,0.548,0.0006227016,-0.169,-0.522,-0.104,0,PVT
168909.0,2026,4,20,22,54,0,32.8811105,-117.2332453,122.656,88.893,6.224,5.393,3,0,20,0.0131,0.129,0.0006227016,0.111,0.065,0.03,0,PVT
168910.0,2026,4,20,22,54,0,32.8811046,-117.2332446,121.902,88.138,6.173,5.506,3,0,20,0.0131,0.238,0.0006227016,-0.22,0.092,0.274,0,PVT
168911.0,2026,4,20,22,54,0,32.8811002,-117.2332437,121.402,87.638,6.23,5.632,3,0,20,0.0131,0.312,0.0006227016,-0.276,0.146,0.33,0,PVT
168912.0,2026,4,20,22,54,0,32.8810972,-117.2332462,121.258,87.494,6.26,5.755,3,0,20,0.0131,0.353,0.0006227016,-0.325,-0.137,0.33,0,PVT
168913.0,2026,4,20,22,54,0,32.8810963,-117.2332502,121.36,87.596,6.355,5.894,3,0,20,0.0131,0.231,0.0006227016,-0.09,-0.212,0.207,0,PVT
168914.0,2026,4,20,22,54,0,32.881095,-117.2332551,121.317,87.553,6.538,6.078,3,0,19,0.0137,0.485,0.0006227016,0.124,-0.469,0.089,0,PVT
168915.0,2026,4,20,22,54,0,32.8810931,-117.2332568,121.358,87.594,6.731,6.274,3,0,19,0.0137,0.322,0.0006227016,0.293,-0.134,-0.107,0,PVT
168916.0,2026,4,20,22,54,0,32.8810993,-117.2332592,122.12,88.357,6.997,6.506,3,0,17,0.0149,0.847,0.0006227016,0.846,-0.043,-0.342,0,PVT
168917.0,2026,4,20,22,54,0,32.8811031,-117.2332654,122.151,88.387,7.332,6.801,3,0,17,0.0149,1.168,0.0006227016,0.963,-0.661,-0.325,0,PVT
168918.0,2026,4,20,22,55,0,32.8811003,-117.2332695,122.311,88.548,7.491,6.94,3,0,19,0.013500000000000002,0.696,0.0002871549,0.692,0.083,-0.482,0,PVT
168919.0,2026,4,20,22,55,0,32.8810979,-117.2332759,122.588,88.824,7.648,7.2,3,0,20,0.0131,0.826,0.0002871549,0.381,-0.733,-0.517,0,PVT
168920.0,2026,4,20,22,55,0,32.8810928,-117.2332842,123.054,89.29,7.872,7.545,3,0,20,0.0131,0.607,0.0002871549,-0.026,-0.607,-0.594,0,PVT
168921.0,2026,4,20,22,55,0,32.8810829,-117.233286,123.326,89.562,8.128,7.916,3,0,20,0.0131,0.197,0.0002871549,-0.194,-0.032,-0.654,0,PVT
168922.0,2026,4,20,22,55,0,32.8810776,-117.2332915,123.513,89.749,8.452,8.369,3,0,20,0.0131,0.7,0.0002871549,-0.485,-0.505,-0.549,0,PVT
168923.0,2026,4,20,22,55,0,32.8810763,-117.2333016,123.714,89.95,8.958,8.935,3,0,17,0.0138,0.883,0.0002871549,-0.087,-0.878,-0.491,0,PVT
168924.0,2026,4,20,22,55,0,32.8810817,-117.2333158,124.586,90.822,9.718,9.58,3,0,17,0.0141,1.177,0.0002871549,0.381,-1.114,-0.569,0,PVT
168925.0,2026,4,20,22,55,0,32.8810926,-117.2333293,125.908,92.144,10.548,10.303,3,0,14,0.015600000000000001,1.344,0.0002871549,0.912,-0.987,-0.726,0,PVT
168926.0,2026,4,20,22,55,0,32.8811025,-117.233325,126.808,93.044,12.082,11.133,3,0,11,0.0173,1.485,0.0002871549,1.485,-0.011,-0.845,0,PVT
168927.0,2026,4,20,22,55,0,32.8811081,-117.233321,128.101,94.337,13.981,12.058,3,0,13,0.0171,1.096,0.0002871549,1.093,0.078,-0.986,0,PVT
168928.0,2026,4,20,22,55,0,32.8811224,-117.233298,129.995,96.232,15.133,12.966,3,0,11,0.0176,1.988,0.0002871549,1.371,1.439,-1.178,0,PVT
168929.0,2026,4,20,22,55,0,32.8811148,-117.2332827,131.178,97.414,16.792,14.063,3,0,7,0.0277,1.339,0.0002871549,0.267,1.312,-1.218,0,PVT
168930.0,2026,4,20,22,55,0,32.881079,-117.233266,132.471,98.707,21.692,16.482,3,0,7,0.03,2.193,0.0002871549,-1.604,1.495,-1.281,0,PVT
168931.0,2026,4,20,22,55,0,32.8810948,-117.2332404,134.895,101.131,24.041,19.038,3,0,9,0.025,2.371,0.0002871549,-0.745,2.251,-1.505,0,PVT
168932.0,2026,4,20,22,55,0,32.8810983,-117.2332253,136.424,102.661,26.137,20.465,3,0,7,0.0265,2.041,0.0002871549,-0.375,2.006,-1.488,0,PVT
168933.0,2026,4,20,22,55,0,32.881111,-117.2331821,138.104,104.34,27.912,21.933,3,0,10,0.0246,2.798,0.0002871549,0.184,2.792,-1.511,0,PVT
168934.0,2026,4,20,22,55,0,32.8811313,-117.2331738,140.611,106.847,26.288,23.067,3,0,13,0.0175,2.521,0.0002871549,0.269,2.506,-1.667,0,PVT
168935.0,2026,4,20,22,55,0,32.8811339,-117.233148,142.354,108.59,27.578,24.612,3,0,13,0.0178,2.635,0.0002871549,0.051,2.634,-1.679,0,PVT
168936.0,2026,4,20,22,55,0,32.881138,-117.2331227,144.104,110.34,29.425,26.211,3,0,14,0.015700000000000002,2.648,0.0002871549,0.039,2.647,-1.683,0,PVT
168937.0,2026,4,20,22,55,0,32.8811468,-117.2331208,143.587,109.824,28.297,27.352,3,0,12,0.018600000000000002,3.016,0.0002871549,0.395,2.989,-1.631,0,PVT
168938.0,2026,4,20,22,55,0,32.8811476,-117.2330886,145.274,111.51,29.581,29.0,3,0,12,0.0187,3.19,0.0002871549,0.031,3.19,-1.646,0,PVT
168939.0,2026,4,20,22,55,0,32.8811388,-117.23305,146.986,113.222,31.519,30.698,3,0,14,0.0173,3.637,0.0002871549,-0.623,3.584,-1.672,0,PVT
168940.0,2026,4,20,22,55,0,32.8811645,-117.2330108,148.697,114.934,33.228,33.275,3,0,10,0.018500000000000003,4.474,0.0005289887,0.94,4.375,-1.701,0,PVT
168941.0,2026,4,20,22,55,0,32.8811731,-117.2329641,150.399,116.636,35.845,35.028,3,0,14,0.0158,4.474,0.0005289887,0.94,4.374,-1.701,0,PVT
168942.0,2026,4,20,22,55,0,32.8811816,-117.2329175,152.102,118.338,39.385,36.826,3,0,14,0.0158,4.473,0.0005289887,0.941,4.373,-1.701,0,PVT
168943.0,2026,4,20,22,55,0,32.8812404,-117.2328182,152.633,118.87,35.948,37.144,3,0,12,0.0175,5.668,0.0006581099,1.739,5.394,-1.658,0,PVT
168944.0,2026,4,20,22,55,0,32.8812562,-117.2327605,154.281,120.518,38.074,38.91,3,0,13,0.0161,5.668,0.0006841279,1.74,5.395,-1.658,0,PVT
168945.0,2026,4,20,22,55,0,32.8812721,-117.2327028,155.928,122.165,41.012,40.718,3,0,14,0.015700000000000002,5.669,0.0006841279,1.742,5.395,-1.657,0,PVT
168946.0,2026,4,20,22,55,0,32.8812831,-117.2326358,155.442,121.679,38.218,41.137,3,0,11,0.017,6.097,0.0006629049000000001,2.552,5.538,-1.625,0,PVT
168947.0,2026,4,20,22,55,0,32.881306,-117.2325768,157.059,123.296,40.222,42.945,3,0,13,0.016399999999999998,6.097,0.000658695,2.552,5.537,-1.625,0,PVT
168948.0,2026,4,20,22,55,0,32.881329,-117.2325178,158.676,124.913,43.008,44.794,3,0,14,0.0158,6.095,0.0006560259000000001,2.551,5.536,-1.624,0,PVT
168949.0,2026,4,20,22,55,0,32.8813859,-117.2324834,161.802,128.039,40.985,44.998,3,0,11,0.0213,6.68,0.0005909862,3.684,5.572,-1.787,0,PVT
168950.0,2026,4,20,22,55,0,32.8814822,-117.2324621,166.561,132.798,42.099,46.697,3,0,14,0.0173,6.94,0.0004927775,5.086,4.721,-1.944,0,PVT
168951.0,2026,4,20,22,55,0,32.8816072,-117.2324613,171.755,137.992,42.711,48.386,3,0,13,0.0209,7.636,0.0003596823,6.648,3.758,-2.107,0,PVT
168952.0,2026,4,20,22,55,0,32.881718,-117.2324412,175.586,141.824,44.273,50.875,3,0,6,0.0337,8.119,0.0002482893,7.368,3.409,-2.177,0,PVT
168953.0,2026,4,20,22,55,0,32.8817975,-117.2324561,178.784,145.022,46.918,52.166,3,0,8,0.0302,7.731,0.0001958389,7.284,2.591,-2.216,0,PVT
168954.0,2026,4,20,22,55,0,32.8818755,-117.2324384,179.653,145.891,47.413,50.743,3,0,9,0.0291,7.812,0.0001762277,7.446,2.365,-2.171,0,PVT
168955.0,2026,4,20,22,55,0,32.8819112,-117.2324616,181.97,148.208,45.89,47.533,3,0,11,0.0259,7.571,0.0001439606,7.386,1.664,-2.221,0,PVT
168956.0,2026,4,20,22,55,0,32.8819593,-117.2324677,180.525,146.763,45.966,44.807,3,0,11,0.024900000000000002,7.323,0.0001106353,7.234,1.14,-2.088,0,PVT
168957.0,2026,4,20,22,55,0,32.8819953,-117.232481,176.065,142.303,46.276,43.241,3,0,11,0.024900000000000002,6.992,7.80419e-05,6.959,0.672,-1.822,0,PVT
168958.0,2026,4,20,22,55,0,32.8819679,-117.2324961,172.069,138.307,45.105,40.977,3,0,12,0.0241,6.206,5.184999999999999e-05,6.195,0.354,-1.679,0,PVT
168959.0,2026,4,20,22,55,0,32.8819826,-117.2325084,172.831,139.07,44.746,39.833,3,0,11,0.0248,5.896,2.6667299999999998e-05,5.896,0.07,-1.668,0,PVT
168960.0,2026,4,20,22,55,0,32.8820425,-117.2325265,171.988,138.226,41.709,38.669,3,0,13,0.0187,5.845,0.0035956344,5.839,-0.268,-1.563,0,PVT
168961.0,2026,4,20,22,55,0,32.8820614,-117.2325476,171.268,137.507,35.909,36.666,3,0,13,0.0169,5.148,0.0035516262,5.092,-0.757,-1.523,0,PVT
168963.0,2026,4,20,22,55,0,32.8820627,-117.2325788,171.283,137.521,35.927,35.753,3,0,13,0.0182,4.256,0.0035410673000000003,4.228,-0.485,-1.457,0,PVT
168964.0,2026,4,20,22,55,0,32.882026,-117.2326109,166.152,132.39,34.91,34.386,3,0,12,0.0182,3.672,0.0034985622000000003,3.557,-0.911,-1.247,0,PVT
168965.0,2026,4,20,22,55,0,32.8820342,-117.2326328,165.969,132.207,35.34,33.857,3,0,12,0.0163,3.519,0.0034864586,3.432,-0.774,-1.212,0,PVT
168966.0,2026,4,20,22,55,0,32.8820231,-117.2326513,164.304,130.542,35.952,33.528,3,0,12,0.0163,2.902,0.0034691942999999998,2.792,-0.789,-1.123,0,PVT
168967.0,2026,4,20,22,55,0,32.8819722,-117.2326677,160.868,127.106,35.543,32.77,3,0,13,0.0179,2.163,0.0034311496,1.996,-0.835,-1.008,0,PVT
168968.0,2026,4,20,22,55,0,32.8819779,-117.2327005,159.73,125.968,36.262,32.62,3,0,14,0.0158,2.186,0.0033825090999999997,1.942,-1.003,-0.949,0,PVT
168969.0,2026,4,20,22,55,0,32.8819543,-117.232724,158.949,125.187,37.055,32.417,3,0,14,0.0158,1.737,0.0033441694000000003,1.467,-0.93,-0.914,0,PVT
168970.0,2026,4,20,22,55,0,32.881892,-117.2327513,154.655,120.893,38.571,32.692,3,0,9,0.0229,1.433,0.0033441694000000003,1.137,-0.871,-0.801,0,PVT
168971.0,2026,4,20,22,55,0,32.8818943,-117.2327713,153.466,119.704,39.95,33.088,3,0,9,0.0222,1.44,0.0033441694000000003,1.143,-0.875,-0.762,0,PVT
168972.0,2026,4,20,22,55,0,32.8818953,-117.2327917,151.711,117.949,41.445,33.488,3,0,9,0.0222,1.41,0.0033441694000000003,1.08,-0.906,-0.708,0,PVT
168973.0,2026,4,20,22,55,0,32.8818862,-117.2328059,148.564,114.802,41.271,33.512,3,0,9,0.0236,1.296,0.0033441694000000003,1.035,-0.78,-0.642,0,PVT
168974.0,2026,4,20,22,55,0,32.8818895,-117.2328166,147.329,113.567,42.815,33.97,3,0,12,0.0189,1.232,0.0033441694000000003,1.061,-0.626,-0.608,0,PVT
168975.0,2026,4,20,22,55,0,32.8818918,-117.2328359,145.595,111.833,44.466,34.43,3,0,12,0.0189,1.211,0.0033441694000000003,0.99,-0.697,-0.559,0,PVT
168976.0,2026,4,20,22,55,0,32.8818146,-117.2328235,136.915,103.153,43.889,34.265,3,0,11,0.0212,0.779,0.0033441694000000003,0.489,-0.606,-0.37,0,PVT
168977.0,2026,4,20,22,55,0,32.8818138,-117.2328395,135.324,101.561,45.5,34.731,3,0,13,0.018000000000000002,0.795,0.0033441694000000003,0.461,-0.647,-0.331,0,PVT
168978.0,2026,4,20,22,56,0,32.8818156,-117.2328505,133.79,100.028,47.205,35.203,3,0,13,0.018000000000000002,0.795,0.0033441694000000003,0.55,-0.574,-0.299,0,PVT
168979.0,2026,4,20,22,56,0,32.881799,-117.2328717,134.869,101.107,43.1,35.057,3,0,11,0.0209,0.5,0.0033441694000000003,0.283,-0.412,-0.321,0,PVT
168980.0,2026,4,20,22,56,0,32.8817937,-117.2328791,133.468,99.706,44.415,35.549,3,0,12,0.0189,0.295,0.0033441694000000003,0.164,-0.246,-0.289,0,PVT
168981.0,2026,4,20,22,56,0,32.881787,-117.2328874,132.149,98.386,45.826,36.059,3,0,11,0.0192,0.135,0.0033441694000000003,-0.003,-0.134,-0.258,0,PVT
168982.0,2026,4,20,22,56,0,32.881779,-117.2328923,130.202,96.439,45.681,36.475,3,0,7,0.0463,0.093,0.0033441694000000003,-0.065,-0.067,-0.216,0,PVT
168983.0,2026,4,20,22,56,0,32.8817694,-117.2329009,128.847,95.085,44.68,36.998,3,0,7,0.0463,0.104,0.0033441694000000003,-0.023,-0.101,-0.188,0,PVT
168984.0,2026,4,20,22,56,0,32.881745,-117.2328941,126.487,92.725,40.407,36.494,3,0,8,0.0236,0.111,0.0033441694000000003,-0.096,0.057,-0.142,0,PVT
168985.0,2026,4,20,22,56,0,32.8817449,-117.2329239,124.395,90.633,37.044,35.643,3,0,10,0.019799999999999998,0.102,0.0033441694000000003,-0.066,-0.077,-0.101,0,PVT
168986.0,2026,4,20,22,56,0,32.8817272,-117.232916,121.597,87.834,36.081,35.342,3,0,10,0.0233,0.023,0.0033441694000000003,-0.01,0.021,-0.047,0,PVT
168987.0,2026,4,20,22,56,0,32.8817102,-117.2329121,118.457,84.695,35.203,35.066,3,0,11,0.0197,0.049,0.0033441694000000003,0.043,-0.022,0.015,0,PVT
168988.0,2026,4,20,22,56,0,32.8817011,-117.2329129,114.819,81.056,34.338,34.676,3,0,8,0.026600000000000002,0.111,0.0033441694000000003,0.021,0.109,0.091,0,PVT
168989.0,2026,4,20,22,56,0,32.8816903,-117.232907,111.821,78.059,33.691,34.466,3,0,10,0.0233,0.242,0.0033441694000000003,0.109,0.216,0.145,0,PVT
168990.0,2026,4,20,22,56,0,32.8816864,-117.2329036,110.002,76.239,32.127,34.423,3,0,12,0.019299999999999998,0.705,0.0033441694000000003,0.232,0.665,0.167,0,PVT
168991.0,2026,4,20,22,56,0,32.8816608,-117.2329106,107.863,74.1,30.665,34.028,3,0,11,0.0195,0.592,0.0033441694000000003,-0.299,0.511,0.203,0,PVT
168992.0,2026,4,20,22,56,0,32.8816464,-117.2329178,105.29,71.527,30.645,34.216,3,0,15,0.0159,0.383,0.0033441694000000003,-0.239,0.299,0.243,0,PVT
168993.0,2026,4,20,22,56,0,32.8816289,-117.2329181,103.015,69.253,30.67,34.445,3,0,15,0.0159,0.573,0.0033441694000000003,-0.347,0.456,0.277,0,PVT
168994.0,2026,4,20,22,56,0,32.8816057,-117.2329353,101.995,68.232,30.448,34.42,3,0,10,0.0219,0.634,0.0033441694000000003,-0.454,0.442,0.285,0,PVT
168995.0,2026,4,20,22,56,0,32.881585,-117.2329338,100.015,66.253,30.471,34.698,3,0,14,0.0169,0.791,0.0033441694000000003,-0.549,0.57,0.312,0,PVT
168996.0,2026,4,20,22,56,0,32.8815698,-117.2329418,97.791,64.028,30.441,35.004,3,0,13,0.018799999999999997,0.568,0.0033441694000000003,-0.446,0.351,0.344,0,PVT
168997.0,2026,4,20,22,56,0,32.8815427,-117.232925,91.793,58.03,29.923,34.433,3,0,12,0.0194,0.755,0.0033441694000000003,-0.734,0.178,0.434,0,PVT
168999.0,2026,4,20,22,56,0,32.8814919,-117.2329394,87.992,54.229,30.137,35.08,3,0,15,0.0159,1.151,0.0033441694000000003,-1.15,-0.048,0.482,0,PVT
169000.0,2026,4,20,22,56,0,32.8814715,-117.2329453,88.179,54.416,29.165,34.52,3,0,13,0.0168,1.231,0.0033441694000000003,-1.217,0.181,0.469,0,PVT
169001.0,2026,4,20,22,56,0,32.8814562,-117.232949,86.459,52.696,29.32,34.853,3,0,15,0.0159,1.124,0.0033441694000000003,-1.1,0.23,0.489,0,PVT
169002.0,2026,4,20,22,56,0,32.8814371,-117.2329468,84.811,51.049,28.607,34.967,3,0,16,0.0152,1.194,0.0033441694000000003,-1.112,0.435,0.507,0,PVT
169003.0,2026,4,20,22,56,0,32.8814313,-117.2329771,85.707,51.945,27.018,33.771,3,0,15,0.015300000000000001,1.197,0.0033441694000000003,-1.168,0.265,0.48,0,PVT
169004.0,2026,4,20,22,56,0,32.8814119,-117.2329734,84.941,51.178,27.264,34.054,3,0,13,0.0167,1.217,0.0033441694000000003,-1.134,0.442,0.479,0,PVT
169005.0,2026,4,20,22,56,0,32.8813969,-117.232969,83.954,50.191,27.555,34.359,3,0,14,0.0169,1.195,0.0033441694000000003,-1.045,0.579,0.485,0,PVT
169006.0,2026,4,20,22,56,0,32.8813738,-117.2329874,84.588,50.825,27.247,33.734,3,0,12,0.0194,1.423,0.0023506495,-1.304,0.569,0.461,0,PVT
169007.0,2026,4,20,22,56,0,32.8813495,-117.2329816,83.645,49.882,27.548,34.03,3,0,15,0.0159,1.61,0.0019241212999999999,-1.46,0.678,0.468,0,PVT
169008.0,2026,4,20,22,56,0,32.8813431,-117.2329742,82.647,48.884,27.874,34.347,3,0,14,0.0165,1.496,0.0019241212999999999,-1.185,0.913,0.477,0,PVT
169009.0,2026,4,20,22,56,0,32.8813263,-117.2329803,81.621,47.857,27.631,33.832,3,0,12,0.0194,1.539,0.0016945579,-1.252,0.895,0.485,0,PVT
169010.0,2026,4,20,22,56,0,32.8813107,-117.2329777,80.595,46.832,27.963,34.158,3,0,15,0.0161,1.465,0.0016945579,-1.247,0.77,0.495,0,PVT
169011.0,2026,4,20,22,56,0,32.8812968,-117.2329732,79.707,45.944,28.338,34.497,3,0,15,0.0161,1.467,0.0016945579,-1.241,0.781,0.501,0,PVT
169012.0,2026,4,20,22,56,0,32.8812747,-117.2329705,80.52,46.757,27.834,34.245,3,0,11,0.024,1.611,0.0015643383,-1.292,0.962,0.482,0,PVT
169014.0,2026,4,20,22,56,0,32.8812832,-117.232961,77.835,44.072,26.684,33.67,3,0,11,0.019,0.829,0.0015643383,-0.342,0.755,0.506,0,PVT
169015.0,2026,4,20,22,56,0,32.881268,-117.2329612,77.517,43.754,25.972,32.421,3,0,12,0.016399999999999998,0.725,0.0015643383,-0.471,0.551,0.506,0,PVT
169016.0,2026,4,20,22,56,0,32.8812654,-117.2329605,77.781,44.018,26.313,32.418,3,0,11,0.020099999999999996,0.673,0.0015643383,-0.325,0.589,0.497,0,PVT
169017.0,2026,4,20,22,56,0,32.8812558,-117.232963,77.823,44.059,26.677,32.438,3,0,13,0.0161,0.708,0.0015643383,-0.452,0.545,0.493,0,PVT
169018.0,2026,4,20,22,56,0,32.8812557,-117.2329681,78.67,44.907,27.023,32.401,3,0,10,0.0318,0.843,0.0015643383,-0.494,0.684,0.476,0,PVT
169019.0,2026,4,20,22,56,0,32.8812448,-117.2329522,77.144,43.381,27.044,31.545,3,0,11,0.020099999999999996,0.891,0.0015643383,-0.5,0.737,0.491,0,PVT
169020.0,2026,4,20,22,56,0,32.8812523,-117.2329518,76.981,43.218,27.489,31.614,3,0,10,0.032799999999999996,0.815,0.0015643383,-0.22,0.785,0.491,0,PVT
169021.0,2026,4,20,22,56,0,32.8812429,-117.2329489,75.98,42.216,26.848,31.364,3,0,12,0.0232,0.803,0.0015643383,-0.263,0.759,0.501,0,PVT
169022.0,2026,4,20,22,56,0,32.8812406,-117.23295,75.687,41.924,27.212,31.459,3,0,13,0.018000000000000002,0.831,0.0015643383,-0.336,0.76,0.503,0,PVT
169023.0,2026,4,20,22,56,0,32.8812268,-117.2329508,75.546,41.782,27.545,31.568,3,0,14,0.015600000000000001,0.996,0.0015643383,-0.661,0.744,0.502,0,PVT
169024.0,2026,4,20,22,56,0,32.8812518,-117.232951,74.82,41.057,27.493,31.126,3,0,11,0.0197,0.917,0.0015643383,-0.05,0.916,0.508,0,PVT
169025.0,2026,4,20,22,56,0,32.881244,-117.2329517,74.605,40.842,27.885,31.244,3,0,14,0.0159,0.699,0.0015643383,-0.161,0.68,0.506,0,PVT
169026.0,2026,4,20,22,56,0,32.8812334,-117.2329537,74.811,41.048,28.315,31.389,3,0,15,0.0154,0.648,0.0015643383,-0.339,0.552,0.495,0,PVT
169027.0,2026,4,20,22,56,0,32.8812179,-117.2329481,73.065,39.301,27.381,30.742,3,0,14,0.0154,0.81,0.0015643383,-0.506,0.633,0.516,0,PVT
169028.0,2026,4,20,22,56,0,32.8812199,-117.2329432,72.791,39.027,27.709,30.889,3,0,14,0.0169,0.752,0.0015643383,-0.232,0.715,0.513,0,PVT
169030.0,2026,4,20,22,56,0,32.8811909,-117.2329633,73.126,39.363,27.993,30.8,3,0,12,0.0196,0.84,0.0015643383,-0.804,0.244,0.501,0,PVT
169031.0,2026,4,20,22,56,0,32.8811699,-117.2329611,72.506,38.743,28.411,31.134,3,0,13,0.0184,1.153,0.0015643383,-1.114,0.3,0.503,0,PVT
169032.0,2026,4,20,22,56,0,32.8811587,-117.2329552,71.883,38.12,28.804,31.341,3,0,14,0.0172,1.224,0.0015643383,-1.119,0.496,0.505,0,PVT
169033.0,2026,4,20,22,56,0,32.8811593,-117.2329573,70.245,36.482,28.475,30.451,3,0,13,0.0183,1.055,0.0015643383,-0.905,0.542,0.516,0,PVT
169034.0,2026,4,20,22,56,0,32.8811425,-117.2329465,69.865,36.102,28.846,30.598,3,0,14,0.0172,1.205,0.0015643383,-0.989,0.689,0.512,0,PVT
169035.0,2026,4,20,22,56,0,32.8811386,-117.232947,69.258,35.495,29.292,30.763,3,0,14,0.0172,1.185,0.0015643383,-0.972,0.679,0.516,0,PVT
169036.0,2026,4,20,22,56,0,32.8811535,-117.2329803,71.884,38.121,28.254,30.202,3,0,13,0.0167,0.825,0.0015643383,-0.715,0.412,0.481,0,PVT
169037.0,2026,4,20,22,56,0,32.8811414,-117.2329727,71.481,37.717,28.698,30.375,3,0,15,0.016,0.947,0.0015643383,-0.777,0.541,0.479,0,PVT
169038.0,2026,4,20,22,57,0,32.8811412,-117.2329762,70.637,36.874,29.056,30.547,3,0,15,0.016,0.689,0.0015643383,-0.603,0.334,0.486,0,PVT
169039.0,2026,4,20,22,57,0,32.8811329,-117.2329755,69.146,35.383,27.671,29.765,3,0,13,0.015700000000000002,0.419,0.0015643383,-0.38,0.176,0.498,0,PVT
169040.0,2026,4,20,22,57,0,32.8811144,-117.2329716,68.278,34.515,27.085,29.644,3,0,14,0.0165,0.656,0.0015643383,-0.636,0.161,0.502,0,PVT
169041.0,2026,4,20,22,57,0,32.8811084,-117.2329669,67.648,33.884,26.624,29.551,3,0,15,0.0151,0.57,0.0015643383,-0.532,0.205,0.503,0,PVT
169042.0,2026,4,20,22,57,0,32.881086,-117.2329789,67.326,33.562,26.3,29.434,3,0,10,0.024900000000000002,0.943,0.0015643383,-0.927,-0.174,0.502,0,PVT
169043.0,2026,4,20,22,57,0,32.8810798,-117.232982,66.413,32.649,26.695,29.582,3,0,10,0.0326,0.894,0.0015643383,-0.875,-0.186,0.511,0,PVT
169044.0,2026,4,20,22,57,0,32.881079,-117.2329563,65.028,31.265,26.173,28.977,3,0,13,0.0174,0.679,0.0015643383,-0.565,0.376,0.517,0,PVT
169045.0,2026,4,20,22,57,0,32.8810637,-117.2329618,65.698,31.935,25.701,28.674,3,0,13,0.0174,0.896,0.0015643383,-0.805,0.392,0.5,0,PVT
169046.0,2026,4,20,22,57,0,32.8810384,-117.2329537,65.592,31.828,26.125,28.81,3,0,11,0.020099999999999996,1.312,0.0015643383,-1.185,0.564,0.493,0,PVT
169048.0,2026,4,20,22,57,0,32.8810145,-117.232933,64.524,30.76,26.956,29.005,3,0,9,0.0341,1.248,0.0015643383,-1.088,0.611,0.493,0,PVT
169049.0,2026,4,20,22,57,0,32.881004,-117.2329326,64.4,30.637,27.499,29.136,3,0,10,0.0326,1.197,0.0015643383,-1.074,0.528,0.487,0,PVT
169050.0,2026,4,20,22,57,0,32.8810031,-117.2329258,63.875,30.112,27.142,28.996,3,0,13,0.0226,1.008,0.0015643383,-0.818,0.59,0.486,0,PVT
169051.0,2026,4,20,22,57,0,32.8810033,-117.2329396,63.204,29.44,26.322,28.47,3,0,14,0.0167,0.781,0.0015643383,-0.771,0.125,0.488,0,PVT
169052.0,2026,4,20,22,57,0,32.8810049,-117.2329476,62.66,28.897,26.682,28.589,3,0,15,0.0166,0.629,0.0015643383,-0.628,-0.049,0.489,0,PVT
169053.0,2026,4,20,22,57,0,32.8810046,-117.2329373,61.838,28.074,26.354,28.531,3,0,16,0.0147,0.423,0.0015643383,-0.375,0.197,0.491,0,PVT
169054.0,2026,4,20,22,57,0,32.8810033,-117.2329458,59.588,25.824,25.571,28.427,3,0,14,0.022799999999999997,0.32,0.0015643383,-0.293,-0.128,0.512,0,PVT
169055.0,2026,4,20,22,57,0,32.8810045,-117.2329416,59.07,25.306,25.941,28.584,3,0,15,0.0166,0.36,0.0015643383,-0.297,0.204,0.513,0,PVT
169056.0,2026,4,20,22,57,0,32.8810095,-117.2329495,58.716,24.953,26.338,28.731,3,0,15,0.0166,0.078,0.0015643383,-0.062,-0.047,0.509,0,PVT
169057.0,2026,4,20,22,57,0,32.8810315,-117.2329667,58.924,25.16,26.484,28.776,3,0,12,0.0241,0.36,0.0015643383,0.329,-0.146,0.501,0,PVT
169058.0,2026,4,20,22,57,0,32.8810331,-117.2329649,58.638,24.874,26.86,28.91,3,0,15,0.0155,0.266,0.0015643383,0.262,0.045,0.498,0,PVT
169059.0,2026,4,20,22,57,0,32.881032,-117.2329647,58.499,24.736,27.222,29.039,3,0,16,0.015,0.226,0.0015643383,0.074,0.214,0.494,0,PVT
169060.0,2026,4,20,22,57,0,32.881037,-117.2329569,55.037,21.274,26.649,28.33,3,0,15,0.0163,0.259,0.0015643383,0.144,0.215,0.527,0,PVT
169061.0,2026,4,20,22,57,0,32.8810356,-117.2329565,54.936,21.172,26.969,28.459,3,0,15,0.0152,0.245,0.0015643383,0.09,0.228,0.521,0,PVT
169062.0,2026,4,20,22,57,0,32.8810375,-117.2329525,54.938,21.174,27.386,28.611,3,0,12,0.018000000000000002,0.371,0.0015643383,-0.006,0.371,0.516,0,PVT
169063.0,2026,4,20,22,57,0,32.8810424,-117.2329621,54.989,21.226,26.785,28.125,3,0,16,0.015,0.464,0.0015643383,0.229,0.403,0.509,0,PVT
169064.0,2026,4,20,22,57,0,32.8810327,-117.2329561,54.93,21.167,27.169,28.27,3,0,16,0.015,0.487,0.0015643383,-0.032,0.486,0.502,0,PVT
169065.0,2026,4,20,22,57,0,32.8810353,-117.2329542,54.877,21.113,27.602,28.419,3,0,16,0.015,0.494,0.0015643383,0.073,0.489,0.496,0,PVT
169066.0,2026,4,20,22,57,0,32.8810288,-117.2329652,54.002,20.238,26.498,27.787,3,0,15,0.0149,0.278,0.0015643383,-0.18,0.211,0.5,0,PVT
169067.0,2026,4,20,22,57,0,32.8810295,-117.2329642,54.224,20.46,26.842,27.928,3,0,14,0.0178,0.179,0.0015643383,0.013,0.178,0.489,0,PVT
169068.0,2026,4,20,22,57,0,32.881037,-117.2329585,54.206,20.442,27.213,28.077,3,0,15,0.0163,0.455,0.0015643383,0.3,0.342,0.483,0,PVT
169069.0,2026,4,20,22,57,0,32.8810269,-117.2329564,53.381,19.617,26.903,27.557,3,0,14,0.0166,0.363,0.0015643383,0.08,0.354,0.488,0,PVT
169070.0,2026,4,20,22,57,0,32.8810286,-117.232951,53.252,19.488,27.319,27.698,3,0,14,0.0166,0.478,0.0015643383,0.146,0.455,0.486,0,PVT
169071.0,2026,4,20,22,57,0,32.8810131,-117.2329316,52.935,19.171,26.864,27.623,3,0,15,0.0148,0.713,0.0015643383,-0.026,0.712,0.481,0,PVT
169072.0,2026,4,20,22,57,0,32.8810095,-117.2329372,53.979,20.216,26.103,27.303,3,0,13,0.0168,0.742,0.0015643383,-0.067,0.739,0.467,0,PVT
169073.0,2026,4,20,22,57,0,32.8810133,-117.2329381,53.767,20.003,26.39,27.439,3,0,12,0.0192,0.655,0.0015643383,-0.031,0.654,0.468,0,PVT
169074.0,2026,4,20,22,57,0,32.8810049,-117.2329233,52.076,18.313,26.089,26.932,3,0,15,0.0163,0.656,0.0015643383,-0.107,0.647,0.483,0,PVT
169075.0,2026,4,20,22,57,0,32.8810058,-117.2329224,51.942,18.178,25.889,26.643,3,0,13,0.018500000000000003,0.614,0.0015643383,0.128,0.6,0.481,0,PVT
169076.0,2026,4,20,22,57,0,32.8810066,-117.2329245,51.819,18.056,26.291,26.785,3,0,12,0.0192,0.365,0.0015643383,0.178,0.318,0.477,0,PVT
169077.0,2026,4,20,22,57,0,32.8810032,-117.2329236,51.802,18.038,26.732,26.94,3,0,14,0.0171,0.274,0.0015643383,0.056,0.268,0.471,0,PVT
169078.0,2026,4,20,22,57,0,32.8810007,-117.2329176,50.787,17.023,26.548,26.899,3,0,12,0.0245,0.501,0.0015643383,0.014,0.501,0.477,0,PVT
169079.0,2026,4,20,22,57,0,32.8810019,-117.232913,50.077,16.313,26.585,26.892,3,0,11,0.0255,0.406,0.0015643383,0.03,0.405,0.481,0,PVT
169080.0,2026,4,20,22,57,0,32.8810047,-117.232907,48.201,14.437,26.577,26.509,3,0,12,0.0192,0.263,0.0015643383,0.059,0.256,0.501,0,PVT
169081.0,2026,4,20,22,57,0,32.8809955,-117.2328912,47.11,13.346,25.873,25.871,3,0,14,0.015,0.587,0.0015643383,-0.293,0.509,0.509,0,PVT
169082.0,2026,4,20,22,57,0,32.880979,-117.2328883,46.712,12.949,26.143,25.99,3,0,15,0.0152,0.636,0.0015643383,-0.535,0.344,0.506,0,PVT
169083.0,2026,4,20,22,57,0,32.8809645,-117.2328826,46.442,12.678,25.799,25.97,3,0,16,0.0144,0.666,0.0015643383,-0.597,0.297,0.5,0,PVT
169084.0,2026,4,20,22,57,0,32.8809541,-117.2328654,43.727,9.963,24.823,25.608,3,0,15,0.014499999999999999,0.845,0.0015643383,-0.808,0.248,0.517,0,PVT
169085.0,2026,4,20,22,57,0,32.8809509,-117.2328646,43.447,9.683,25.1,25.729,3,0,14,0.0158,0.653,0.0015643383,-0.633,0.162,0.514,0,PVT
169086.0,2026,4,20,22,57,0,32.8809438,-117.2328582,43.056,9.292,25.424,25.889,3,0,14,0.0169,0.896,0.0015643383,-0.799,0.405,0.513,0,PVT
169087.0,2026,4,20,22,57,0,32.8809408,-117.2328509,41.758,7.994,25.46,25.861,3,0,12,0.0192,0.785,0.0015643383,-0.767,0.167,0.52,0,PVT
169088.0,2026,4,20,22,57,0,32.8809428,-117.2328457,41.529,7.765,25.803,25.997,3,0,13,0.0171,0.62,0.0015643383,-0.552,0.281,0.516,0,PVT
169089.0,2026,4,20,22,57,0,32.8809398,-117.232845,40.909,7.146,25.439,25.963,3,0,14,0.0163,0.544,0.0015643383,-0.515,0.174,0.52,0,PVT
169090.0,2026,4,20,22,57,0,32.8809124,-117.2328352,38.669,4.906,25.131,25.67,3,0,12,0.017,0.88,0.0015643383,-0.857,0.197,0.543,0,PVT
169091.0,2026,4,20,22,57,0,32.8809024,-117.2328254,38.692,4.928,25.748,25.801,3,0,12,0.019,0.895,0.0015643383,-0.812,0.377,0.534,0,PVT
169093.0,2026,4,20,22,57,0,32.8808921,-117.2328145,36.516,2.753,26.31,25.938,3,0,13,0.0171,0.817,0.0015643383,-0.672,0.464,0.551,0,PVT
169094.0,2026,4,20,22,57,0,32.8808896,-117.2328076,36.137,2.373,26.966,26.081,3,0,14,0.0169,0.741,0.0015643383,-0.548,0.498,0.55,0,PVT
169095.0,2026,4,20,22,57,0,32.8808807,-117.2327992,35.77,2.006,27.631,26.235,3,0,14,0.0169,0.904,0.0015643383,-0.66,0.618,0.548,0,PVT
169096.0,2026,4,20,22,57,0,32.8808863,-117.2327942,35.075,1.311,27.227,25.951,3,0,13,0.017,0.554,0.0015643383,-0.295,0.469,0.553,0,PVT
169097.0,2026,4,20,22,57,0,32.880891,-117.2327936,34.565,0.801,27.846,26.091,3,0,14,0.0154,0.486,0.0015643383,-0.192,0.447,0.556,0,PVT
169098.0,2026,4,20,22,58,0,32.8808911,-117.2327859,34.213,0.449,28.52,26.239,3,0,13,0.0167,0.443,0.0015643383,-0.081,0.435,0.554,0,PVT
169099.0,2026,4,20,22,58,0,32.8808836,-117.2327841,34.676,0.912,28.268,26.137,3,0,12,0.019,0.334,0.0015643383,-0.208,0.261,0.546,0,PVT
169100.0,2026,4,20,22,58,0,32.8808948,-117.2327873,34.046,0.282,28.907,26.29,3,0,12,0.019,0.105,0.0015643383,0.072,0.077,0.551,0,PVT
169101.0,2026,4,20,22,58,0,32.880892,-117.2327826,33.021,-0.743,28.644,26.268,3,0,13,0.0171,0.19,0.0015643383,0.034,0.187,0.558,0,PVT
169102.0,2026,4,20,22,58,0,32.8808862,-117.2327853,31.681,-2.083,28.011,26.189,3,0,11,0.024399999999999998,0.198,0.0015643383,0.155,0.123,0.565,0,PVT
169103.0,2026,4,20,22,58,0,32.8808869,-117.2327784,31.08,-2.684,28.604,26.332,3,0,10,0.032400000000000005,0.312,0.0015643383,0.221,0.219,0.565,0,PVT
169104.0,2026,4,20,22,58,0,32.8808769,-117.2327693,30.506,-3.258,28.248,26.424,3,0,12,0.0276,0.4,0.0015643383,0.154,0.369,0.563,0,PVT
169105.0,2026,4,20,22,58,0,32.8808772,-117.2327659,29.506,-4.258,27.738,26.491,3,0,10,0.0331,0.532,0.0015643383,0.083,0.525,0.57,0,PVT
169106.0,2026,4,20,22,58,0,32.8808762,-117.2327559,28.779,-4.984,27.951,26.63,3,0,11,0.0318,0.727,0.0015643383,0.126,0.716,0.573,0,PVT
169107.0,2026,4,20,22,58,0,32.8808671,-117.2327546,28.138,-5.625,28.17,26.784,3,0,13,0.027000000000000003,0.636,0.0015643383,-0.052,0.634,0.575,0,PVT
169108.0,2026,4,20,22,58,0,32.8808491,-117.2327304,25.469,-8.295,27.006,26.341,3,0,13,0.0165,0.911,0.0015643383,0.17,0.895,0.595,0,PVT
169109.0,2026,4,20,22,58,0,32.8808549,-117.2327195,23.803,-9.961,27.178,26.454,3,0,14,0.0163,1.228,0.0015643383,0.532,1.107,0.609,0,PVT
169110.0,2026,4,20,22,58,0,32.88085,-117.2327095,22.375,-11.389,27.061,26.513,3,0,13,0.023799999999999998,1.274,0.0015643383,0.541,1.154,0.619,0,PVT
169111.0,2026,4,20,22,58,0,32.8808365,-117.2326917,21.69,-12.074,25.937,26.123,3,0,12,0.016399999999999998,1.29,0.0015643383,0.477,1.199,0.62,0,PVT
169112.0,2026,4,20,22,58,0,32.880832,-117.2326749,20.717,-13.047,25.748,26.07,3,0,15,0.014499999999999999,1.296,0.0015643383,0.354,1.247,0.624,0,PVT
169114.0,2026,4,20,22,58,0,32.880866,-117.2326326,17.253,-16.51,26.174,25.916,3,0,13,0.0173,1.749,0.0009459563,1.05,1.399,0.651,0,PVT
169115.0,2026,4,20,22,58,0,32.8808764,-117.2326207,16.36,-17.404,26.8,26.079,3,0,14,0.015300000000000001,1.733,0.0009459563,1.153,1.294,0.654,0,PVT
169116.0,2026,4,20,22,58,0,32.8808828,-117.2326117,15.478,-18.286,27.496,26.227,3,0,14,0.015300000000000001,1.604,0.0009459563,1.115,1.154,0.656,0,PVT
169117.0,2026,4,20,22,58,0,32.8808829,-117.2325851,13.394,-20.37,27.313,25.839,3,0,14,0.0166,1.679,0.0009459563,1.055,1.306,0.671,0,PVT
169118.0,2026,4,20,22,58,0,32.8808589,-117.2325793,13.177,-20.586,28.078,25.979,3,0,14,0.0166,1.151,0.0009459563,0.465,1.052,0.66,0,PVT
169119.0,2026,4,20,22,58,0,32.8808527,-117.232577,12.47,-21.293,28.943,26.128,3,0,15,0.0151,0.956,0.0009459563,0.259,0.921,0.662,0,PVT
169120.0,2026,4,20,22,58,0,32.8808428,-117.2325429,8.433,-25.331,29.055,25.833,3,0,11,0.0189,0.994,0.0009459563,0.2,0.973,0.696,0,PVT
169121.0,2026,4,20,22,58,0,32.880841,-117.2325421,7.713,-26.051,30.174,26.0,3,0,13,0.0166,0.749,0.0009459563,0.117,0.74,0.697,0,PVT
169122.0,2026,4,20,22,58,0,32.8808367,-117.2325391,7.058,-26.706,31.118,26.159,3,0,14,0.016,0.654,0.0009459563,0.025,0.653,0.698,0,PVT
169123.0,2026,4,20,22,58,0,32.8808724,-117.2325256,6.875,-26.889,30.778,25.804,3,0,12,0.0179,1.005,0.0009459563,0.513,0.864,0.696,0,PVT
169124.0,2026,4,20,22,58,0,32.8808753,-117.2325239,6.123,-27.64,31.741,25.958,3,0,13,0.0163,0.862,0.0009459563,0.483,0.714,0.698,0,PVT
169125.0,2026,4,20,22,58,0,32.8808814,-117.2325326,5.144,-28.62,32.968,26.119,3,0,12,0.0171,0.584,0.0009459563,0.404,0.422,0.706,0,PVT
169126.0,2026,4,20,22,58,0,32.8808643,-117.2325583,4.12,-29.644,32.67,25.92,3,0,12,0.018000000000000002,0.145,0.0009459563,0.142,-0.026,0.708,0,PVT
169127.0,2026,4,20,22,58,0,32.8808586,-117.2325586,3.499,-30.265,33.478,26.076,3,0,13,0.0166,0.152,0.0009459563,0.143,-0.053,0.707,0,PVT
169128.0,2026,4,20,22,58,0,32.8808549,-117.2325555,2.85,-30.913,34.266,26.232,3,0,13,0.0166,0.144,0.0009459563,0.032,0.14,0.709,0,PVT
169129.0,2026,4,20,22,58,0,32.8808388,-117.2325457,1.924,-31.839,33.841,25.83,3,0,11,0.0189,0.116,0.0009459563,-0.007,0.116,0.705,0,PVT
169130.0,2026,4,20,22,58,0,32.880813,-117.2325318,1.42,-32.344,34.522,25.985,3,0,12,0.0168,0.563,0.0009459563,-0.372,0.422,0.702,0,PVT
169131.0,2026,4,20,22,58,0,32.8808006,-117.2325177,0.961,-32.803,35.261,26.169,3,0,13,0.0166,0.71,0.0009459563,-0.394,0.59,0.697,0,PVT
169132.0,2026,4,20,22,58,0,32.8807939,-117.2325938,5.03,-28.734,34.981,25.935,3,0,10,0.0216,0.606,0.0009459563,-0.588,0.146,0.65,0,PVT
169133.0,2026,4,20,22,58,0,32.8807762,-117.2325945,4.51,-29.254,35.663,26.106,3,0,11,0.019299999999999998,0.597,0.0009459563,-0.597,0.004,0.647,0,PVT
169134.0,2026,4,20,22,58,0,32.8807567,-117.2325904,3.667,-30.097,34.171,25.987,3,0,12,0.0163,0.445,0.0009459563,-0.409,-0.175,0.646,0,PVT
169135.0,2026,4,20,22,58,0,32.8807515,-117.2325966,3.859,-29.904,32.396,25.73,3,0,12,0.017,0.358,0.0009459563,-0.326,-0.149,0.641,0,PVT
169136.0,2026,4,20,22,58,0,32.8807288,-117.2325884,3.091,-30.673,31.024,25.687,3,0,13,0.0167,0.432,0.0009459563,-0.431,-0.019,0.641,0,PVT
169137.0,2026,4,20,22,58,0,32.8807157,-117.232586,2.583,-31.181,29.917,25.655,3,0,13,0.0167,0.448,0.0009459563,-0.443,0.063,0.638,0,PVT
169138.0,2026,4,20,22,58,0,32.8807201,-117.2325789,2.834,-30.93,29.562,25.611,3,0,12,0.0192,0.285,0.0009459563,-0.121,0.258,0.632,0,PVT
169139.0,2026,4,20,22,58,0,32.8807139,-117.2325748,2.447,-31.317,30.3,25.735,3,0,12,0.0176,0.354,0.0009459563,-0.175,0.308,0.628,0,PVT
169140.0,2026,4,20,22,58,0,32.8806954,-117.2326367,7.355,-26.409,30.684,25.471,3,0,12,0.0167,0.519,0.0009459563,-0.517,0.041,0.571,0,PVT
169141.0,2026,4,20,22,58,0,32.8807009,-117.2326327,8.154,-25.61,30.784,25.063,3,0,11,0.025699999999999997,0.278,0.0009459563,-0.192,0.201,0.553,0,PVT
169142.0,2026,4,20,22,58,0,32.8807002,-117.2326301,7.723,-26.041,31.721,25.183,3,0,14,0.015300000000000001,0.248,0.0009459563,-0.157,0.191,0.553,0,PVT
169143.0,2026,4,20,22,58,0,32.88069,-117.2326228,7.483,-26.281,32.311,25.317,3,0,15,0.0151,0.296,0.0009459563,-0.188,0.229,0.548,0,PVT
169144.0,2026,4,20,22,58,0,32.8806599,-117.2326245,8.264,-25.5,31.915,25.139,3,0,13,0.0176,0.659,0.0009459563,-0.347,0.56,0.528,0,PVT
169145.0,2026,4,20,22,58,0,32.8806468,-117.2326291,7.819,-25.945,32.943,25.275,3,0,14,0.0154,0.694,0.0009459563,-0.631,0.288,0.531,0,PVT
169146.0,2026,4,20,22,58,0,32.8806463,-117.2326232,7.71,-26.054,34.029,25.415,3,0,15,0.0151,0.471,0.0009459563,-0.407,0.237,0.525,0,PVT
169147.0,2026,4,20,22,58,0,32.8806591,-117.2326072,5.742,-28.022,32.212,24.994,3,0,12,0.015600000000000001,0.226,0.0009459563,0.016,0.225,0.537,0,PVT
169148.0,2026,4,20,22,58,0,32.8806529,-117.2325992,5.53,-28.233,33.184,25.124,3,0,14,0.015300000000000001,0.39,0.0009459563,-0.098,0.377,0.534,0,PVT
169149.0,2026,4,20,22,58,0,32.8806481,-117.2325947,5.064,-28.7,34.006,25.237,3,0,14,0.0154,0.523,0.0009459563,-0.251,0.459,0.536,0,PVT
169150.0,2026,4,20,22,58,0,32.8806716,-117.2325663,2.789,-30.975,34.116,25.235,3,0,11,0.0204,0.746,0.0009459563,0.197,0.72,0.555,0,PVT
169151.0,2026,4,20,22,58,0,32.880661,-117.2325654,2.411,-31.353,34.875,25.351,3,0,15,0.0151,0.611,0.0009459563,-0.071,0.607,0.553,0,PVT
169152.0,2026,4,20,22,58,0,32.8806648,-117.2325562,2.171,-31.593,33.771,25.278,3,0,16,0.0143,0.717,0.0009459563,0.039,0.716,0.549,0,PVT
169153.0,2026,4,20,22,58,0,32.8806845,-117.2325311,-1.082,-34.845,31.642,24.879,3,0,15,0.0147,0.719,0.0009459563,0.334,0.637,0.577,0,PVT
169154.0,2026,4,20,22,58,0,32.8806919,-117.2325277,-1.389,-35.152,31.04,24.854,3,0,15,0.0152,0.684,0.0009459563,0.439,0.525,0.573,0,PVT
169155.0,2026,4,20,22,58,0,32.8806925,-117.2325239,-1.608,-35.372,31.79,24.964,3,0,15,0.0151,0.615,0.0009459563,0.371,0.49,0.569,0,PVT
169156.0,2026,4,20,22,58,0,32.8806863,-117.2325095,-3.111,-36.875,30.399,24.55,3,0,14,0.0151,0.863,0.0009459563,0.404,0.762,0.582,0,PVT
169157.0,2026,4,20,22,58,0,32.8806822,-117.2324961,-2.928,-36.692,31.149,24.639,3,0,15,0.0151,0.913,0.0009459563,0.303,0.861,0.569,0,PVT
169158.0,2026,4,20,22,59,0,32.880693,-117.2324902,-3.18,-36.943,31.979,24.736,3,0,15,0.0151,0.857,0.0009459563,0.54,0.665,0.567,0,PVT
169159.0,2026,4,20,22,59,0,32.8806786,-117.2324722,-4.792,-38.556,31.873,24.751,3,0,11,0.0196,0.853,0.0009459563,-0.178,0.834,0.576,0,PVT
169160.0,2026,4,20,22,59,0,32.8806832,-117.2324611,-5.225,-38.989,32.679,24.866,3,0,14,0.0171,0.858,0.0009459563,-0.064,0.856,0.577,0,PVT
169161.0,2026,4,20,22,59,0,32.8806819,-117.232449,-5.659,-39.423,33.549,25.001,3,0,15,0.0161,0.927,0.0009459563,-0.103,0.922,0.576,0,PVT
169162.0,2026,4,20,22,59,0,32.8807086,-117.2324248,-6.601,-40.365,34.044,24.896,3,0,9,0.0339,1.209,0.0009459563,0.343,1.16,0.584,0,PVT
169163.0,2026,4,20,22,59,0,32.8807124,-117.2324119,-7.198,-40.962,34.978,25.025,3,0,10,0.0215,1.252,0.0009459563,0.294,1.218,0.587,0,PVT
169164.0,2026,4,20,22,59,0,32.880694,-117.2324083,-7.645,-41.409,34.502,24.861,3,0,11,0.021,1.042,0.0009459563,-0.059,1.04,0.583,0,PVT
169165.0,2026,4,20,22,59,0,32.8806764,-117.2323832,-9.387,-43.15,33.305,24.747,3,0,13,0.0183,0.96,0.0009459563,-0.349,0.894,0.593,0,PVT
169166.0,2026,4,20,22,59,0,32.8806726,-117.2323776,-10.026,-43.79,34.088,24.882,3,0,11,0.02,0.99,0.0009459563,-0.458,0.878,0.596,0,PVT
169167.0,2026,4,20,22,59,0,32.8806574,-117.23237,-10.533,-44.297,34.918,25.025,3,0,13,0.017,1.026,0.0009459563,-0.646,0.797,0.594,0,PVT
169168.0,2026,4,20,22,59,0,32.8806493,-117.2323541,-12.63,-46.394,35.487,24.971,3,0,8,0.0374,1.072,0.0009459563,-0.647,0.854,0.611,0,PVT
169169.0,2026,4,20,22,59,0,32.8806447,-117.2323518,-13.154,-46.918,36.364,25.127,3,0,8,0.0458,0.767,0.0009459563,-0.523,0.56,0.61,0,PVT
169170.0,2026,4,20,22,59,0,32.8806548,-117.2323559,-13.63,-47.394,36.259,25.27,3,0,11,0.020099999999999996,0.442,0.0009459563,-0.251,0.363,0.61,0,PVT
169171.0,2026,4,20,22,59,0,32.8806705,-117.2323369,-14.16,-47.924,33.288,25.163,3,0,11,0.023700000000000002,0.627,0.0009459563,0.159,0.606,0.609,0,PVT
169172.0,2026,4,20,22,59,0,32.8806599,-117.2323331,-14.812,-48.575,33.478,25.31,3,0,12,0.0187,0.719,0.0009459563,-0.13,0.707,0.612,0,PVT
169173.0,2026,4,20,22,59,0,32.8806625,-117.2323314,-15.329,-49.092,34.224,25.479,3,0,11,0.0181,0.49,0.0009459563,0.012,0.489,0.611,0,PVT
169174.0,2026,4,20,22,59,0,32.8806567,-117.2323371,-16.514,-50.278,33.596,25.087,3,0,12,0.019,0.231,0.0009459563,-0.172,0.154,0.617,0,PVT
169175.0,2026,4,20,22,59,0,32.8806545,-117.2323372,-17.114,-50.877,34.355,25.243,3,0,16,0.0147,0.235,0.0009459563,-0.186,0.144,0.618,0,PVT
169176.0,2026,4,20,22,59,0,32.8806479,-117.2323446,-17.882,-51.645,35.133,25.398,3,0,16,0.0147,0.421,0.0009459563,-0.41,0.097,0.623,0,PVT
169177.0,2026,4,20,22,59,0,32.8806393,-117.2323477,-18.366,-52.13,34.249,25.176,3,0,13,0.0175,0.444,0.0009459563,-0.414,0.161,0.626,0,PVT
169178.0,2026,4,20,22,59,0,32.8806373,-117.2323496,-18.935,-52.699,35.005,25.338,3,0,15,0.0152,0.423,0.0009459563,-0.408,0.111,0.627,0,PVT
169179.0,2026,4,20,22,59,0,32.8806254,-117.2323369,-19.372,-53.136,35.789,25.51,3,0,14,0.017,0.693,0.0009459563,-0.548,0.425,0.622,0,PVT
169180.0,2026,4,20,22,59,0,32.8806431,-117.2323346,-19.514,-53.278,35.386,25.294,3,0,12,0.0183,0.527,0.0009459563,-0.452,0.27,0.619,0,PVT
169181.0,2026,4,20,22,59,0,32.880655,-117.2323297,-19.965,-53.728,36.174,25.463,3,0,14,0.0158,0.271,0.0009459563,-0.068,0.262,0.617,0,PVT
169182.0,2026,4,20,22,59,0,32.8806477,-117.2323374,-20.578,-54.342,37.011,25.639,3,0,15,0.015600000000000001,0.327,0.0009459563,-0.284,0.163,0.62,0,PVT
169183.0,2026,4,20,22,59,0,32.8806639,-117.2323403,-19.168,-52.932,36.239,25.446,3,0,13,0.0175,0.319,0.0009459563,-0.093,0.305,0.599,0,PVT
169184.0,2026,4,20,22,59,0,32.8806593,-117.2323344,-19.68,-53.444,37.05,25.622,3,0,15,0.015,0.428,0.0009459563,-0.126,0.409,0.598,0,PVT
169185.0,2026,4,20,22,59,0,32.8806392,-117.2323246,-20.984,-54.748,35.625,25.419,3,0,16,0.0148,0.372,0.0009459563,-0.166,0.333,0.605,0,PVT
169186.0,2026,4,20,22,59,0,32.880603,-117.2323142,-24.028,-57.792,33.207,24.844,3,0,13,0.016,0.463,0.0009459563,-0.442,0.14,0.633,0,PVT
169187.0,2026,4,20,22,59,0,32.8805971,-117.2323071,-24.453,-58.217,33.946,25.002,3,0,16,0.0147,0.517,0.0009459563,-0.416,0.308,0.629,0,PVT
169188.0,2026,4,20,22,59,0,32.880598,-117.2323045,-24.89,-58.654,34.747,25.163,3,0,17,0.0139,0.308,0.0009459563,-0.199,0.235,0.625,0,PVT
169189.0,2026,4,20,22,59,0,32.8805942,-117.2322999,-25.776,-59.54,32.204,24.578,3,0,14,0.016,0.402,0.0009459563,-0.2,0.349,0.629,0,PVT
169190.0,2026,4,20,22,59,0,32.8805916,-117.2322986,-26.067,-59.83,32.909,24.711,3,0,14,0.0171,0.257,0.0009459563,-0.086,0.242,0.623,0,PVT
169191.0,2026,4,20,22,59,0,32.8805907,-117.2322947,-26.521,-60.285,33.71,24.85,3,0,15,0.0161,0.294,0.0009459563,-0.012,0.293,0.62,0,PVT
169192.0,2026,4,20,22,59,0,32.8805881,-117.2322966,-25.962,-59.726,33.848,24.962,3,0,10,0.0318,0.42,0.0009459563,-0.178,0.38,0.606,0,PVT
169193.0,2026,4,20,22,59,0,32.880577,-117.2322881,-26.382,-60.146,34.404,25.114,3,0,9,0.032,0.733,0.0009459563,-0.417,0.603,0.605,0,PVT
169194.0,2026,4,20,22,59,0,32.8805887,-117.2322642,-27.387,-61.151,33.678,24.914,3,0,12,0.0191,0.7,0.0009459563,0.107,0.692,0.606,0,PVT
169195.0,2026,4,20,22,59,0,32.8805913,-117.2322541,-27.667,-61.431,32.578,24.661,3,0,10,0.02,0.828,0.0009459563,0.132,0.818,0.601,0,PVT
169196.0,2026,4,20,22,59,0,32.8806002,-117.2322473,-28.088,-61.851,32.47,24.835,3,0,10,0.020099999999999996,0.868,0.0009459563,0.303,0.813,0.6,0,PVT
169197.0,2026,4,20,22,59,0,32.8805942,-117.2322443,-28.645,-62.408,32.329,25.011,3,0,11,0.018799999999999997,0.704,0.0009459563,0.07,0.701,0.6,0,PVT
169198.0,2026,4,20,22,59,0,32.880577,-117.2322501,-29.432,-63.196,30.302,24.745,3,0,12,0.017,0.918,0.0009459563,-0.365,0.842,0.605,0,PVT
169199.0,2026,4,20,22,59,0,32.8805814,-117.2322493,-30.159,-63.923,30.23,24.903,3,0,12,0.0191,0.769,0.0009459563,-0.199,0.742,0.607,0,PVT
169200.0,2026,4,20,22,59,0,32.8805697,-117.2322465,-31.289,-65.053,28.754,24.911,3,0,12,0.019799999999999998,0.87,0.0009459563,-0.457,0.74,0.614,0,PVT
169201.0,2026,4,20,22,59,0,32.8805788,-117.23222,-32.726,-66.489,27.66,24.777,3,0,13,0.017,0.774,0.0009459563,-0.034,0.773,0.623,0,PVT
169202.0,2026,4,20,22,59,0,32.8805903,-117.2322036,-33.554,-67.318,27.788,24.992,3,0,13,0.017,1.141,0.0009459563,0.279,1.107,0.624,0,PVT
169203.0,2026,4,20,22,59,0,32.8805867,-117.2321913,-34.173,-67.936,28.052,25.233,3,0,12,0.0189,1.177,0.0009459563,0.036,1.177,0.624,0,PVT
169204.0,2026,4,20,22,59,0,32.8805901,-117.2321894,-33.295,-67.058,27.528,25.099,3,0,12,0.0183,1.26,0.0009459563,-0.032,1.26,0.61,0,PVT
169205.0,2026,4,20,22,59,0,32.8805875,-117.2321779,-33.971,-67.735,27.788,25.339,3,0,13,0.017,1.228,0.0009459563,-0.12,1.222,0.611,0,PVT
169206.0,2026,4,20,22,59,0,32.8805847,-117.2321691,-34.5,-68.263,28.109,25.582,3,0,14,0.016399999999999998,0.974,0.0009459563,-0.098,0.969,0.609,0,PVT
169207.0,2026,4,20,22,59,0,32.8805967,-117.2321639,-36.144,-69.908,27.815,25.632,3,0,12,0.0191,1.091,0.0009459563,0.251,1.062,0.621,0,PVT
169208.0,2026,4,20,22,59,0,32.880583,-117.2321644,-36.795,-70.559,28.186,25.882,3,0,13,0.0173,0.617,0.0009459563,-0.113,0.606,0.621,0,PVT
169209.0,2026,4,20,22,59,0,32.8805862,-117.232162,-37.586,-71.35,28.6,26.134,3,0,13,0.0166,0.606,0.0009459563,-0.052,0.604,0.624,0,PVT
169210.0,2026,4,20,22,59,0,32.8806027,-117.2321295,-39.878,-73.642,28.436,26.275,3,0,11,0.021099999999999997,0.856,0.0009459563,0.285,0.808,0.642,0,PVT
169211.0,2026,4,20,22,59,0,32.8806037,-117.2321246,-40.627,-74.391,28.894,26.531,3,0,15,0.0151,0.773,0.0009459563,0.269,0.724,0.643,0,PVT
169212.0,2026,4,20,22,59,0,32.8806455,-117.2321118,-41.521,-75.284,29.434,26.79,3,0,13,0.0174,1.62,0.0009459563,1.21,1.077,0.647,0,PVT
169213.0,2026,4,20,22,59,0,32.880658,-117.2321229,-41.108,-74.871,28.801,26.744,3,0,12,0.0187,1.637,0.0009459563,1.389,0.865,0.637,0,PVT
169214.0,2026,4,20,22,59,0,32.8806706,-117.2321173,-41.798,-75.561,29.423,27.004,3,0,14,0.016399999999999998,1.617,0.0009459563,1.449,0.719,0.637,0,PVT
169215.0,2026,4,20,22,59,0,32.8806778,-117.2321091,-42.09,-75.854,29.997,27.157,3,0,15,0.0151,1.525,0.0009459563,1.409,0.582,0.631,0,PVT
169216.0,2026,4,20,22,59,0,32.8806824,-117.232134,-41.377,-75.14,29.802,27.089,3,0,11,0.019799999999999998,1.297,0.0009459563,1.285,0.181,0.612,0,PVT
169217.0,2026,4,20,22,59,0,32.8806807,-117.2321227,-41.691,-75.454,30.301,27.195,3,0,13,0.0163,1.074,0.0009459563,0.993,0.408,0.608,0,PVT
169218.0,2026,4,20,23,0,0,32.8806545,-117.2321322,-42.379,-76.142,30.828,27.316,3,0,15,0.0151,0.333,0.0009459563,0.32,-0.092,0.61,0,PVT
169219.0,2026,4,20,23,0,0,32.8806442,-117.2321118,-42.782,-76.545,30.253,27.158,3,0,13,0.0182,0.078,0.0009459563,-0.074,-0.024,0.605,0,PVT
169220.0,2026,4,20,23,0,0,32.8806677,-117.2321012,-43.046,-76.81,30.684,27.299,3,0,15,0.016,0.566,0.0009459563,0.527,0.205,0.6,0,PVT
169221.0,2026,4,20,23,0,0,32.8806624,-117.2320877,-43.007,-76.77,31.091,27.452,3,0,14,0.016399999999999998,0.512,0.0009459563,0.354,0.37,0.589,0,PVT
169222.0,2026,4,20,23,0,0,32.8806691,-117.2320985,-43.854,-77.617,30.78,27.475,3,0,8,0.0275,0.356,0.0009459563,0.354,-0.034,0.589,0,PVT
169223.0,2026,4,20,23,0,0,32.8806643,-117.2320997,-44.521,-78.285,31.271,27.737,3,0,10,0.0223,0.232,0.0009459563,0.205,-0.109,0.589,0,PVT
169224.0,2026,4,20,23,0,0,32.8806625,-117.2320975,-45.329,-79.092,31.263,27.976,3,0,11,0.021099999999999997,0.17,0.0009459563,0.168,-0.026,0.592,0,PVT
169225.0,2026,4,20,23,0,0,32.8806549,-117.2320803,-45.741,-79.505,30.414,28.013,3,0,10,0.0302,0.142,0.0009459563,0.114,0.084,0.588,0,PVT
169226.0,2026,4,20,23,0,0,32.8806746,-117.2320735,-45.865,-79.628,30.887,28.139,3,0,12,0.0202,0.588,0.0009459563,0.556,0.194,0.582,0,PVT
169227.0,2026,4,20,23,0,0,32.880673,-117.2320696,-46.743,-80.507,30.144,28.209,3,0,13,0.0197,0.455,0.0009459563,0.444,0.098,0.585,0,PVT
169228.0,2026,4,20,23,0,0,32.8806816,-117.2320672,-48.875,-82.639,29.801,28.268,3,0,8,0.0275,0.591,0.0009459563,0.581,0.113,0.602,0,PVT
169229.0,2026,4,20,23,0,0,32.880684,-117.2320737,-49.634,-83.398,30.33,28.538,3,0,9,0.023,0.53,0.0009459563,0.517,-0.116,0.603,0,PVT
169230.0,2026,4,20,23,0,0,32.8806781,-117.2320799,-50.482,-84.245,30.41,28.789,3,0,11,0.021099999999999997,0.4,0.0009459563,0.295,-0.27,0.606,0,PVT
169231.0,2026,4,20,23,0,0,32.8806847,-117.2320372,-53.191,-86.954,29.814,28.859,3,0,9,0.0218,0.335,0.0009459563,0.335,-0.014,0.627,0,PVT
169232.0,2026,4,20,23,0,0,32.8806812,-117.2320419,-53.835,-87.598,30.521,29.138,3,0,13,0.0175,0.199,0.0009459563,0.116,-0.161,0.627,0,PVT
169233.0,2026,4,20,23,0,0,32.8806938,-117.232044,-54.549,-88.313,31.289,29.42,3,0,13,0.0175,0.392,0.0009459563,0.332,-0.209,0.628,0,PVT
169234.0,2026,4,20,23,0,0,32.8806939,-117.232027,-58.389,-92.152,30.276,29.291,3,0,10,0.0217,0.301,0.0009459563,0.296,-0.056,0.661,0,PVT
169235.0,2026,4,20,23,0,0,32.8807028,-117.2320273,-59.076,-92.84,30.936,29.575,3,0,14,0.016399999999999998,0.392,0.0009459563,0.389,-0.052,0.661,0,PVT
169236.0,2026,4,20,23,0,0,32.8807028,-117.2320272,-59.754,-93.517,31.609,29.861,3,0,13,0.0172,0.271,0.0009459563,0.264,-0.061,0.661,0,PVT
169237.0,2026,4,20,23,0,0,32.8807008,-117.2320288,-60.518,-94.281,30.741,29.872,3,0,11,0.0195,0.133,0.0009459563,0.107,-0.079,0.663,0,PVT
169238.0,2026,4,20,23,0,0,32.8807095,-117.2320281,-61.186,-94.949,31.374,30.158,3,0,13,0.016200000000000003,0.23,0.0009459563,0.228,-0.025,0.663,0,PVT
169239.0,2026,4,20,23,0,0,32.8807167,-117.2320302,-61.847,-95.61,30.894,30.31,3,0,15,0.014499999999999999,0.349,0.0009459563,0.329,-0.117,0.663,0,PVT
169240.0,2026,4,20,23,0,0,32.8807091,-117.2320582,-63.476,-97.24,29.343,30.193,3,0,10,0.0194,0.168,0.0009459563,0.108,-0.129,0.676,0,PVT
169241.0,2026,4,20,23,0,0,32.8807042,-117.2320531,-64.086,-97.849,29.277,30.404,3,0,14,0.0152,0.088,0.0009459563,-0.032,-0.082,0.675,0,PVT
169243.0,2026,4,20,23,0,0,32.8807027,-117.2320419,-66.683,-100.446,27.772,30.482,3,0,13,0.0161,0.136,0.0009459563,-0.054,0.124,0.687,0,PVT
169244.0,2026,4,20,23,0,0,32.8807017,-117.2320367,-67.415,-101.178,28.377,30.765,3,0,15,0.0151,0.289,0.0009459563,-0.109,0.267,0.688,0,PVT
169245.0,2026,4,20,23,0,0,32.8806896,-117.2320486,-67.886,-101.649,29.022,31.051,3,0,15,0.0151,0.495,0.0009459563,-0.298,-0.396,0.684,0,PVT
169246.0,2026,4,20,23,0,0,32.880696,-117.2320647,-65.639,-99.402,28.799,31.004,3,0,10,0.0191,0.604,0.0009459563,-0.385,-0.465,0.655,0,PVT
169247.0,2026,4,20,23,0,0,32.8806932,-117.2320734,-66.255,-100.018,29.503,31.289,3,0,13,0.016200000000000003,0.76,0.0009459563,-0.33,-0.685,0.654,0,PVT
169248.0,2026,4,20,23,0,0,32.8806905,-117.2320794,-66.871,-100.635,30.516,31.584,3,0,11,0.0177,0.736,0.0009459563,-0.297,-0.674,0.654,0,PVT
169249.0,2026,4,20,23,0,0,32.8806883,-117.2320461,-67.417,-101.181,29.806,31.484,3,0,12,0.0187,0.531,0.0009459563,-0.345,-0.404,0.651,0,PVT
169251.0,2026,4,20,23,0,0,32.8806883,-117.2320461,-67.422,-101.186,61.245,43.307,0,0,0,0.9998999999999999,0.0,0.0,0.0,0.0,0.0,0,PVT
169252.0,2026,4,20,23,0,0,32.8806883,-117.2320461,-67.422,-101.186,73.499,51.972,0,0,0,0.9998999999999999,0.0,0.0,0.0,0.0,0.0,0,PVT
169253.0,2026,4,20,23,0,0,32.8806883,-117.2320461,-67.422,-101.186,93.023,65.777,0,0,0,0.9998999999999999,0.0,0.0,0.0,0.0,0.0,0,PVT
169254.0,2026,4,20,23,0,0,32.8806883,-117.2320461,-67.422,-101.186,116.209,82.172,0,0,0,0.9998999999999999,0.0,0.0,0.0,0.0,0.0,0,PVT
169255.0,2026,4,20,23,0,0,32.8806883,-117.2320461,-67.422,-101.186,141.265,99.889,0,0,0,0.9998999999999999,0.0,0.0,0.0,0.0,0.0,0,PVT
169256.0,2026,4,20,23,0,0,32.8806883,-117.2320461,-67.422,-101.186,167.353,118.336,0,0,0,0.9998999999999999,0.0,0.0,0.0,0.0,0.0,0,PVT
169257.0,2026,4,20,23,0,0,32.8806883,-117.2320461,-67.422,-101.186,194.057,137.219,0,0,0,0.9998999999999999,0.0,0.0,0.0,0.0,0.0,0,PVT
169258.0,2026,4,20,23,0,0,32.8806883,-117.2320461,-67.422,-101.186,221.155,156.38,0,0,0,0.9998999999999999,0.0,0.0,0.0,0.0,0.0,0,PVT
169259.0,2026,4,20,23,0,0,32.8806883,-117.2320461,-67.422,-101.186,248.517,175.728,0,0,0,0.9998999999999999,0.0,0.0,0.0,0.0,0.0,0,PVT
169260.0,2026,4,20,23,0,0,32.8806883,-117.2320461,-67.422,-101.186,276.065,195.207,0,0,0,0.9998999999999999,0.0,0.0,0.0,0.0,0.0,0,PVT
169261.0,2026,4,20,23,0,0,32.8806883,-117.2320461,-67.422,-101.186,303.748,214.782,0,0,0,0.9998999999999999,0.0,0.0,0.0,0.0,0.0,0,PVT
169262.0,2026,4,20,23,0,0,32.8806883,-117.2320461,-67.422,-101.186,331.533,234.429,0,0,0,0.9998999999999999,0.0,0.0,0.0,0.0,0.0,0,PVT
169263.0,2026,4,20,23,0,0,32.8806883,-117.2320461,-67.422,-101.186,359.396,254.131,0,0,0,0.9998999999999999,0.0,0.0,0.0,0.0,0.0,0,PVT
169264.0,2026,4,20,23,0,0,32.8806883,-117.2320461,-67.422,-101.186,387.32,273.876,0,0,0,0.9998999999999999,0.0,0.0,0.0,0.0,0.0,0,PVT
169265.0,2026,4,20,23,0,0,32.8806883,-117.2320461,-67.422,-101.186,415.292,293.656,0,0,0,0.9998999999999999,0.0,0.0,0.0,0.0,0.0,0,PVT
169266.0,2026,4,20,23,0,0,32.8806883,-117.2320461,-67.422,-101.186,443.305,313.464,0,0,0,0.9998999999999999,0.0,0.0,0.0,0.0,0.0,0,PVT
169267.0,2026,4,20,23,0,0,32.8806883,-117.2320461,-67.422,-101.186,471.349,333.294,0,0,0,0.9998999999999999,0.0,0.0,0.0,0.0,0.0,0,PVT
169268.0,2026,4,20,23,0,0,32.8806883,-117.2320461,-67.422,-101.186,499.421,353.144,0,0,0,0.9998999999999999,0.0,0.0,0.0,0.0,0.0,0,PVT
169269.0,2026,4,20,23,0,0,32.8806883,-117.2320461,-67.422,-101.186,527.515,373.01,0,0,0,0.9998999999999999,0.0,0.0,0.0,0.0,0.0,0,PVT
169270.0,2026,4,20,23,0,0,32.8806883,-117.2320461,-67.422,-101.186,555.629,392.889,0,0,0,0.9998999999999999,0.0,0.0,0.0,0.0,0.0,0,PVT
169271.0,2026,4,20,23,0,0,32.8806883,-117.2320461,-67.422,-101.186,583.759,412.78,0,0,0,0.9998999999999999,0.0,0.0,0.0,0.0,0.0,0,PVT
169272.0,2026,4,20,23,0,0,32.8806883,-117.2320461,-67.422,-101.186,611.904,432.681,0,0,0,0.9998999999999999,0.0,0.0,0.0,0.0,0.0,0,PVT
169273.0,2026,4,20,23,0,0,32.8806883,-117.2320461,-67.422,-101.186,640.06,452.591,0,0,0,0.9998999999999999,0.0,0.0,0.0,0.0,0.0,0,PVT
169274.0,2026,4,20,23,0,0,32.8806883,-117.2320461,-67.422,-101.186,668.228,472.508,0,0,0,0.9998999999999999,0.0,0.0,0.0,0.0,0.0,0,PVT
169275.0,2026,4,20,23,0,0,32.8806883,-117.2320461,-67.422,-101.186,696.405,492.433,0,0,0,0.9998999999999999,0.0,0.0,0.0,0.0,0.0,0,PVT
169276.0,2026,4,20,23,0,0,32.8806883,-117.2320461,-67.422,-101.186,724.59,512.363,0,0,0,0.9998999999999999,0.0,0.0,0.0,0.0,0.0,0,PVT
169278.0,2026,4,20,23,1,0,32.8806883,-117.2320461,-67.422,-101.186,780.982,552.238,0,0,0,0.9998999999999999,0.0,0.0,0.0,0.0,0.0,0,PVT
169279.0,2026,4,20,23,1,0,32.8806883,-117.2320461,-67.422,-101.186,809.188,572.182,0,0,0,0.9998999999999999,0.0,0.0,0.0,0.0,0.0,0,PVT
169280.0,2026,4,20,23,1,0,32.8806883,-117.2320461,-67.422,-101.186,837.398,592.13,0,0,0,0.9998999999999999,0.0,0.0,0.0,0.0,0.0,0,PVT
169282.0,2026,4,20,23,1,0,32.8806883,-117.2320461,-67.422,-101.186,893.833,632.036,0,0,0,0.9998999999999999,0.0,0.0,0.0,0.0,0.0,0,PVT
169283.0,2026,4,20,23,1,0,32.8806883,-117.2320461,-67.422,-101.186,922.057,651.993,0,0,0,0.9998999999999999,0.0,0.0,0.0,0.0,0.0,0,PVT
169284.0,2026,4,20,23,1,0,32.8806883,-117.2320461,-67.422,-101.186,950.284,671.953,0,0,0,0.9998999999999999,0.0,0.0,0.0,0.0,0.0,0,PVT
169285.0,2026,4,20,23,1,0,32.8806883,-117.2320461,-67.422,-101.186,978.515,691.915,0,0,0,0.9998999999999999,0.0,0.0,0.0,0.0,0.0,0,PVT
169286.0,2026,4,20,23,1,0,32.8806883,-117.2320461,-67.422,-101.186,1006.749,711.879,0,0,0,0.9998999999999999,0.0,0.0,0.0,0.0,0.0,0,PVT
169287.0,2026,4,20,23,1,0,32.8806883,-117.2320461,-67.422,-101.186,1034.985,731.845,0,0,0,0.9998999999999999,0.0,0.0,0.0,0.0,0.0,0,PVT
169288.0,2026,4,20,23,1,0,32.8806883,-117.2320461,-67.422,-101.186,1063.224,751.813,0,0,0,0.9998999999999999,0.0,0.0,0.0,0.0,0.0,0,PVT
169289.0,2026,4,20,23,1,0,32.8806883,-117.2320461,-67.422,-101.186,1091.465,771.783,0,0,0,0.9998999999999999,0.0,0.0,0.0,0.0,0.0,0,PVT
169290.0,2026,4,20,23,1,0,32.8806883,-117.2320461,-67.422,-101.186,1119.709,791.754,0,0,0,0.9998999999999999,0.0,0.0,0.0,0.0,0.0,0,PVT
169291.0,2026,4,20,23,1,0,32.8806883,-117.2320461,-67.422,-101.186,1147.954,811.726,0,0,0,0.9998999999999999,0.0,0.0,0.0,0.0,0.0,0,PVT
169292.0,2026,4,20,23,1,0,32.8806883,-117.2320461,-67.422,-101.186,1176.202,831.7,0,0,0,0.9998999999999999,0.0,0.0,0.0,0.0,0.0,0,PVT
169293.0,2026,4,20,23,1,0,32.8806883,-117.2320461,-67.422,-101.186,1204.451,851.675,0,0,0,0.9998999999999999,0.0,0.0,0.0,0.0,0.0,0,PVT
169294.0,2026,4,20,23,1,0,32.8806883,-117.2320461,-67.422,-101.186,1232.701,871.652,0,0,0,0.9998999999999999,0.0,0.0,0.0,0.0,0.0,0,PVT
169295.0,2026,4,20,23,1,0,32.8806883,-117.2320461,-67.422,-101.186,1260.954,891.629,0,0,0,0.9998999999999999,0.0,0.0,0.0,0.0,0.0,0,PVT
169296.0,2026,4,20,23,1,0,32.8806883,-117.2320461,-67.422,-101.186,1289.207,911.607,0,0,0,0.9998999999999999,0.0,0.0,0.0,0.0,0.0,0,PVT
169297.0,2026,4,20,23,1,0,32.8806883,-117.2320461,-67.422,-101.186,1317.462,931.586,0,0,0,0.9998999999999999,0.0,0.0,0.0,0.0,0.0,0,PVT
169298.0,2026,4,20,23,1,0,32.8806883,-117.2320461,-67.422,-101.186,1345.718,951.566,0,0,0,0.9998999999999999,0.0,0.0,0.0,0.0,0.0,0,PVT
169299.0,2026,4,20,23,1,0,32.8806883,-117.2320461,-67.422,-101.186,1373.976,971.547,0,0,0,0.9998999999999999,0.0,0.0,0.0,0.0,0.0,0,PVT
169300.0,2026,4,20,23,1,0,32.8806883,-117.2320461,-67.422,-101.186,1402.234,991.529,0,0,0,0.9998999999999999,0.0,0.0,0.0,0.0,0.0,0,PVT
169301.0,2026,4,20,23,1,0,32.8806883,-117.2320461,-67.422,-101.186,1430.493,1011.512,0,0,0,0.9998999999999999,0.0,0.0,0.0,0.0,0.0,0,PVT
169302.0,2026,4,20,23,1,0,32.8806883,-117.2320461,-67.422,-101.186,1458.754,1031.495,0,0,0,0.9998999999999999,0.0,0.0,0.0,0.0,0.0,0,PVT
169303.0,2026,4,20,23,1,0,32.8806883,-117.2320461,-67.422,-101.186,1487.015,1051.478,0,0,0,0.9998999999999999,0.0,0.0,0.0,0.0,0.0,0,PVT
169304.0,2026,4,20,23,1,0,32.8806883,-117.2320461,-67.422,-101.186,1515.277,1071.463,0,0,0,0.9998999999999999,0.0,0.0,0.0,0.0,0.0,0,PVT
169305.0,2026,4,20,23,1,0,32.8806883,-117.2320461,-67.422,-101.186,1543.54,1091.448,0,0,0,0.9998999999999999,0.0,0.0,0.0,0.0,0.0,0,PVT
169306.0,2026,4,20,23,1,0,32.8806883,-117.2320461,-67.422,-101.186,1571.804,1111.433,0,0,0,0.9998999999999999,0.0,0.0,0.0,0.0,0.0,0,PVT
169307.0,2026,4,20,23,1,0,32.8806883,-117.2320461,-67.422,-101.186,1600.068,1131.419,0,0,0,0.9998999999999999,0.0,0.0,0.0,0.0,0.0,0,PVT
169308.0,2026,4,20,23,1,0,32.8806883,-117.2320461,-67.422,-101.186,1628.333,1151.406,0,0,0,0.9998999999999999,0.0,0.0,0.0,0.0,0.0,0,PVT
169309.0,2026,4,20,23,1,0,32.8806883,-117.2320461,-67.422,-101.186,1656.599,1171.393,0,0,0,0.9998999999999999,0.0,0.0,0.0,0.0,0.0,0,PVT
169310.0,2026,4,20,23,1,0,32.8806883,-117.2320461,-67.422,-101.186,1684.866,1191.38,0,0,0,0.9998999999999999,0.0,0.0,0.0,0.0,0.0,0,PVT
169311.0,2026,4,20,23,1,0,32.8806883,-117.2320461,-67.422,-101.186,1713.133,1211.368,0,0,0,0.9998999999999999,0.0,0.0,0.0,0.0,0.0,0,PVT
169312.0,2026,4,20,23,1,0,32.8806883,-117.2320461,-67.422,-101.186,1741.4,1231.356,0,0,0,0.9998999999999999,0.0,0.0,0.0,0.0,0.0,0,PVT
169313.0,2026,4,20,23,1,0,32.8806883,-117.2320461,-67.422,-101.186,1769.668,1251.344,0,0,0,0.9998999999999999,0.0,0.0,0.0,0.0,0.0,0,PVT
169314.0,2026,4,20,23,1,0,32.8806883,-117.2320461,-67.422,-101.186,1797.937,1271.333,0,0,0,0.9998999999999999,0.0,0.0,0.0,0.0,0.0,0,PVT
169315.0,2026,4,20,23,1,0,32.8806883,-117.2320461,-67.422,-101.186,1826.206,1291.323,0,0,0,0.9998999999999999,0.0,0.0,0.0,0.0,0.0,0,PVT
169316.0,2026,4,20,23,1,0,32.8806883,-117.2320461,-67.422,-101.186,1854.475,1311.312,0,0,0,0.9998999999999999,0.0,0.0,0.0,0.0,0.0,0,PVT
169317.0,2026,4,20,23,1,0,32.8806883,-117.2320461,-67.422,-101.186,1882.745,1331.302,0,0,0,0.9998999999999999,0.0,0.0,0.0,0.0,0.0,0,PVT
169318.0,2026,4,20,23,1,0,32.8806883,-117.2320461,-67.422,-101.186,1911.016,1351.292,0,0,0,0.9998999999999999,0.0,0.0,0.0,0.0,0.0,0,PVT
169319.0,2026,4,20,23,1,0,32.8806883,-117.2320461,-67.422,-101.186,1939.287,1371.283,0,0,0,0.9998999999999999,0.0,0.0,0.0,0.0,0.0,0,PVT
169320.0,2026,4,20,23,1,0,32.8806883,-117.2320461,-67.422,-101.186,1967.558,1391.274,0,0,0,0.9998999999999999,0.0,0.0,0.0,0.0,0.0,0,PVT
169321.0,2026,4,20,23,1,0,32.8806883,-117.2320461,-67.422,-101.186,1995.829,1411.264,0,0,0,0.9998999999999999,0.0,0.0,0.0,0.0,0.0,0,PVT
169322.0,2026,4,20,23,1,0,32.8806883,-117.2320461,-67.422,-101.186,2024.101,1431.256,0,0,0,0.9998999999999999,0.0,0.0,0.0,0.0,0.0,0,PVT
169323.0,2026,4,20,23,1,0,32.8806883,-117.2320461,-67.422,-101.186,2052.374,1451.247,0,0,0,0.9998999999999999,0.0,0.0,0.0,0.0,0.0,0,PVT
169324.0,2026,4,20,23,1,0,32.8806883,-117.2320461,-67.422,-101.186,2080.646,1471.239,0,0,0,0.9998999999999999,0.0,0.0,0.0,0.0,0.0,0,PVT
169325.0,2026,4,20,23,1,0,32.8806883,-117.2320461,-67.422,-101.186,2108.919,1491.231,0,0,0,0.9998999999999999,0.0,0.0,0.0,0.0,0.0,0,PVT
169326.0,2026,4,20,23,1,0,32.8806883,-117.2320461,-67.422,-101.186,2137.193,1511.223,0,0,0,0.9998999999999999,0.0,0.0,0.0,0.0,0.0,0,PVT
169327.0,2026,4,20,23,1,0,32.8806883,-117.2320461,-67.422,-101.186,2165.466,1531.216,0,0,0,0.9998999999999999,0.0,0.0,0.0,0.0,0.0,0,PVT
169328.0,2026,4,20,23,1,0,32.8806883,-117.2320461,-67.422,-101.186,2193.74,1551.208,0,0,0,0.9998999999999999,0.0,0.0,0.0,0.0,0.0,0,PVT
169329.0,2026,4,20,23,1,0,32.8806883,-117.2320461,-67.422,-101.186,2222.014,1571.201,0,0,0,0.9998999999999999,0.0,0.0,0.0,0.0,0.0,0,PVT
169330.0,2026,4,20,23,1,0,32.8806883,-117.2320461,-67.422,-101.186,2250.288,1591.194,0,0,0,0.9998999999999999,0.0,0.0,0.0,0.0,0.0,0,PVT
169331.0,2026,4,20,23,1,0,32.8806883,-117.2320461,-67.422,-101.186,2278.563,1611.187,0,0,0,0.9998999999999999,0.0,0.0,0.0,0.0,0.0,0,PVT
169332.0,2026,4,20,23,1,0,32.8806883,-117.2320461,-67.422,-101.186,2306.837,1631.18,0,0,0,0.9998999999999999,0.0,0.0,0.0,0.0,0.0,0,PVT
169333.0,2026,4,20,23,1,0,32.8806883,-117.2320461,-67.422,-101.186,2335.112,1651.174,0,0,0,0.9998999999999999,0.0,0.0,0.0,0.0,0.0,0,PVT
169334.0,2026,4,20,23,1,0,32.8806883,-117.2320461,-67.422,-101.186,2363.388,1671.168,0,0,0,0.9998999999999999,0.0,0.0,0.0,0.0,0.0,0,PVT
169335.0,2026,4,20,23,1,0,32.8806883,-117.2320461,-67.422,-101.186,2391.663,1691.161,0,0,0,0.9998999999999999,0.0,0.0,0.0,0.0,0.0,0,PVT
169336.0,2026,4,20,23,1,0,32.8806883,-117.2320461,-67.422,-101.186,2419.939,1711.155,0,0,0,0.9998999999999999,0.0,0.0,0.0,0.0,0.0,0,PVT
169337.0,2026,4,20,23,1,0,32.8806883,-117.2320461,-67.422,-101.186,2448.214,1731.149,0,0,0,0.9998999999999999,0.0,0.0,0.0,0.0,0.0,0,PVT
169338.0,2026,4,20,23,2,0,32.8806883,-117.2320461,-67.422,-101.186,2476.491,1751.143,0,0,0,0.9998999999999999,0.0,0.0,0.0,0.0,0.0,0,PVT
169339.0,2026,4,20,23,2,0,32.8806883,-117.2320461,-67.422,-101.186,2504.767,1771.138,0,0,0,0.9998999999999999,0.0,0.0,0.0,0.0,0.0,0,PVT
169340.0,2026,4,20,23,2,0,32.8806883,-117.2320461,-67.422,-101.186,2533.043,1791.132,0,0,0,0.9998999999999999,0.0,0.0,0.0,0.0,0.0,0,PVT
169341.0,2026,4,20,23,2,0,32.8806883,-117.2320461,-67.422,-101.186,2561.32,1811.127,0,0,0,0.9998999999999999,0.0,0.0,0.0,0.0,0.0,0,PVT
169342.0,2026,4,20,23,2,0,32.8806883,-117.2320461,-67.422,-101.186,2589.597,1831.121,0,0,0,0.9998999999999999,0.0,0.0,0.0,0.0,0.0,0,PVT
169343.0,2026,4,20,23,2,0,32.8806883,-117.2320461,-67.422,-101.186,2617.874,1851.116,0,0,0,0.9998999999999999,0.0,0.0,0.0,0.0,0.0,0,PVT
169344.0,2026,4,20,23,2,0,32.8806883,-117.2320461,-67.422,-101.186,2646.151,1871.111,0,0,0,0.9998999999999999,0.0,0.0,0.0,0.0,0.0,0,PVT
169345.0,2026,4,20,23,2,0,32.8806883,-117.2320461,-67.422,-101.186,2674.428,1891.106,0,0,0,0.9998999999999999,0.0,0.0,0.0,0.0,0.0,0,PVT
169346.0,2026,4,20,23,2,0,32.8806883,-117.2320461,-67.422,-101.186,2702.705,1911.101,0,0,0,0.9998999999999999,0.0,0.0,0.0,0.0,0.0,0,PVT
169347.0,2026,4,20,23,2,0,32.8806883,-117.2320461,-67.422,-101.186,2730.983,1931.096,0,0,0,0.9998999999999999,0.0,0.0,0.0,0.0,0.0,0,PVT
169348.0,2026,4,20,23,2,0,32.8806883,-117.2320461,-67.422,-101.186,2759.261,1951.092,0,0,0,0.9998999999999999,0.0,0.0,0.0,0.0,0.0,0,PVT
169349.0,2026,4,20,23,2,0,32.8806883,-117.2320461,-67.422,-101.186,2787.538,1971.087,0,0,0,0.9998999999999999,0.0,0.0,0.0,0.0,0.0,0,PVT
169350.0,2026,4,20,23,2,0,32.8806883,-117.2320461,-67.422,-101.186,2815.816,1991.083,0,0,0,0.9998999999999999,0.0,0.0,0.0,0.0,0.0,0,PVT
169351.0,2026,4,20,23,2,0,32.8806883,-117.2320461,-67.422,-101.186,2844.094,2011.078,0,0,0,0.9998999999999999,0.0,0.0,0.0,0.0,0.0,0,PVT
169352.0,2026,4,20,23,2,0,32.8806883,-117.2320461,-67.422,-101.186,2872.372,2031.074,0,0,0,0.9998999999999999,0.0,0.0,0.0,0.0,0.0,0,PVT
169353.0,2026,4,20,23,2,0,32.8806883,-117.2320461,-67.422,-101.186,2900.651,2051.07,0,0,0,0.9998999999999999,0.0,0.0,0.0,0.0,0.0,0,PVT
169354.0,2026,4,20,23,2,0,32.8806883,-117.2320461,-67.422,-101.186,2928.929,2071.065,0,0,0,0.9998999999999999,0.0,0.0,0.0,0.0,0.0,0,PVT
169355.0,2026,4,20,23,2,0,32.8806883,-117.2320461,-67.422,-101.186,2957.208,2091.062,0,0,0,0.9998999999999999,0.0,0.0,0.0,0.0,0.0,0,PVT
169356.0,2026,4,20,23,2,0,32.8806883,-117.2320461,-67.422,-101.186,2985.486,2111.058,0,0,0,0.9998999999999999,0.0,0.0,0.0,0.0,0.0,0,PVT
169357.0,2026,4,20,23,2,0,32.8806883,-117.2320461,-67.422,-101.186,3013.765,2131.054,0,0,0,0.9998999999999999,0.0,0.0,0.0,0.0,0.0,0,PVT
169358.0,2026,4,20,23,2,0,32.8806883,-117.2320461,-67.422,-101.186,3042.044,2151.05,0,0,0,0.9998999999999999,0.0,0.0,0.0,0.0,0.0,0,PVT
169359.0,2026,4,20,23,2,0,32.8806883,-117.2320461,-67.422,-101.186,3070.323,2171.046,0,0,0,0.9998999999999999,0.0,0.0,0.0,0.0,0.0,0,PVT
169360.0,2026,4,20,23,2,0,32.8806883,-117.2320461,-67.422,-101.186,3098.602,2191.042,0,0,0,0.9998999999999999,0.0,0.0,0.0,0.0,0.0,0,PVT
169361.0,2026,4,20,23,2,0,32.8806883,-117.2320461,-67.422,-101.186,3126.881,2211.039,0,0,0,0.9998999999999999,0.0,0.0,0.0,0.0,0.0,0,PVT
169363.0,2026,4,20,23,2,0,32.8806883,-117.2320461,-67.422,-101.186,1891.269,1337.33,0,0,0,0.9998999999999999,0.0,0.0,0.0,0.0,0.0,0,PVT
169365.0,2026,4,20,23,2,0,32.8806883,-117.2320461,-67.422,-101.186,1892.414,1338.139,0,0,0,0.9998999999999999,0.0,0.0,0.0,0.0,0.0,0,PVT
169366.0,2026,4,20,23,2,0,32.8806883,-117.2320461,-67.422,-101.186,1893.619,1338.991,0,0,0,0.9998999999999999,0.0,0.0,0.0,0.0,0.0,0,PVT
169367.0,2026,4,20,23,2,0,32.8806883,-117.2320461,-67.422,-101.186,1895.247,1340.142,0,0,0,0.9998999999999999,0.0,0.0,0.0,0.0,0.0,0,PVT
169368.0,2026,4,20,23,2,0,32.8806883,-117.2320461,-67.422,-101.186,1897.294,1341.589,0,0,0,0.9998999999999999,0.0,0.0,0.0,0.0,0.0,0,PVT
169369.0,2026,4,20,23,2,0,32.8806883,-117.2320461,-67.422,-101.186,1899.76,1343.333,0,0,0,0.9998999999999999,0.0,0.0,0.0,0.0,0.0,0,PVT
169370.0,2026,4,20,23,2,0,32.8806883,-117.2320461,-67.422,-101.186,1902.644,1345.372,0,0,0,0.9998999999999999,0.0,0.0,0.0,0.0,0.0,0,PVT
169371.0,2026,4,20,23,2,0,32.8806883,-117.2320461,-67.422,-101.186,1905.943,1347.705,0,0,0,0.9998999999999999,0.0,0.0,0.0,0.0,0.0,0,PVT
169372.0,2026,4,20,23,2,0,32.8806883,-117.2320461,-67.422,-101.186,1909.655,1350.33,0,0,0,0.9998999999999999,0.0,0.0,0.0,0.0,0.0,0,PVT
169373.0,2026,4,20,23,2,0,32.8806883,-117.2320461,-67.422,-101.186,1913.778,1353.246,0,0,0,0.9998999999999999,0.0,0.0,0.0,0.0,0.0,0,PVT
169374.0,2026,4,20,23,2,0,32.8806883,-117.2320461,-67.422,-101.186,1918.31,1356.45,0,0,0,0.9998999999999999,0.0,0.0,0.0,0.0,0.0,0,PVT
169375.0,2026,4,20,23,2,0,32.8806883,-117.2320461,-67.422,-101.186,1923.247,1359.941,0,0,0,0.9998999999999999,0.0,0.0,0.0,0.0,0.0,0,PVT
169377.0,2026,4,20,23,2,0,32.8806883,-117.2320461,-67.422,-101.186,1934.323,1367.773,0,0,0,0.9998999999999999,0.0,0.0,0.0,0.0,0.0,0,PVT
169378.0,2026,4,20,23,2,0,32.8806883,-117.2320461,-67.422,-101.186,1940.457,1372.11,0,0,0,0.9998999999999999,0.0,0.0,0.0,0.0,0.0,0,PVT
169379.0,2026,4,20,23,2,0,32.8806883,-117.2320461,-67.422,-101.186,1946.981,1376.724,0,0,0,0.9998999999999999,0.0,0.0,0.0,0.0,0.0,0,PVT
169380.0,2026,4,20,23,2,0,32.8806883,-117.2320461,-67.422,-101.186,1953.894,1381.612,0,0,0,0.9998999999999999,0.0,0.0,0.0,0.0,0.0,0,PVT
169381.0,2026,4,20,23,2,0,32.8806883,-117.2320461,-67.422,-101.186,1961.19,1386.771,0,0,0,0.9998999999999999,0.0,0.0,0.0,0.0,0.0,0,PVT
169382.0,2026,4,20,23,2,0,32.8806883,-117.2320461,-67.422,-101.186,1968.865,1392.198,0,0,0,0.9998999999999999,0.0,0.0,0.0,0.0,0.0,0,PVT
169383.0,2026,4,20,23,2,0,32.8806883,-117.2320461,-67.422,-101.186,1976.916,1397.891,0,0,0,0.9998999999999999,0.0,0.0,0.0,0.0,0.0,0,PVT
169384.0,2026,4,20,23,2,0,32.8806883,-117.2320461,-67.422,-101.186,1985.336,1403.845,0,0,0,0.9998999999999999,0.0,0.0,0.0,0.0,0.0,0,PVT
169385.0,2026,4,20,23,2,0,32.8806883,-117.2320461,-67.422,-101.186,1994.123,1410.058,0,0,0,0.9998999999999999,0.0,0.0,0.0,0.0,0.0,0,PVT
169386.0,2026,4,20,23,2,0,32.8806883,-117.2320461,-67.422,-101.186,2003.27,1416.526,0,0,0,0.9998999999999999,0.0,0.0,0.0,0.0,0.0,0,PVT
169387.0,2026,4,20,23,2,0,32.8806883,-117.2320461,-67.422,-101.186,2012.773,1423.245,0,0,0,0.9998999999999999,0.0,0.0,0.0,0.0,0.0,0,PVT
169388.0,2026,4,20,23,2,0,32.8806883,-117.2320461,-67.422,-101.186,2022.627,1430.213,0,0,0,0.9998999999999999,0.0,0.0,0.0,0.0,0.0,0,PVT
169389.0,2026,4,20,23,2,0,32.8806883,-117.2320461,-67.422,-101.186,2032.827,1437.426,0,0,0,0.9998999999999999,0.0,0.0,0.0,0.0,0.0,0,PVT
169390.0,2026,4,20,23,2,0,32.8806883,-117.2320461,-67.422,-101.186,2043.367,1444.879,0,0,0,0.9998999999999999,0.0,0.0,0.0,0.0,0.0,0,PVT
169391.0,2026,4,20,23,2,0,32.8806883,-117.2320461,-67.422,-101.186,2054.243,1452.569,0,0,0,0.9998999999999999,0.0,0.0,0.0,0.0,0.0,0,PVT
169392.0,2026,4,20,23,2,0,32.8806883,-117.2320461,-67.422,-101.186,2065.449,1460.493,0,0,0,0.9998999999999999,0.0,0.0,0.0,0.0,0.0,0,PVT
169393.0,2026,4,20,23,2,0,32.8806883,-117.2320461,-67.422,-101.186,2076.98,1468.646,0,0,0,0.9998999999999999,0.0,0.0,0.0,0.0,0.0,0,PVT
169394.0,2026,4,20,23,2,0,32.8806883,-117.2320461,-67.422,-101.186,2088.829,1477.026,0,0,0,0.9998999999999999,0.0,0.0,0.0,0.0,0.0,0,PVT
169395.0,2026,4,20,23,2,0,32.8806883,-117.2320461,-67.422,-101.186,2100.994,1485.627,0,0,0,0.9998999999999999,0.0,0.0,0.0,0.0,0.0,0,PVT
169396.0,2026,4,20,23,2,0,32.8806883,-117.2320461,-67.422,-101.186,2113.466,1494.446,0,0,0,0.9998999999999999,0.0,0.0,0.0,0.0,0.0,0,PVT
169397.0,2026,4,20,23,2,0,32.8806883,-117.2320461,-67.422,-101.186,2126.242,1503.48,0,0,0,0.9998999999999999,0.0,0.0,0.0,0.0,0.0,0,PVT
169398.0,2026,4,20,23,3,0,32.8806883,-117.2320461,-67.422,-101.186,2139.315,1512.724,0,0,0,0.9998999999999999,0.0,0.0,0.0,0.0,0.0,0,PVT
169399.0,2026,4,20,23,3,0,32.8806883,-117.2320461,-67.422,-101.186,2152.68,1522.175,0,0,0,0.9998999999999999,0.0,0.0,0.0,0.0,0.0,0,PVT
169400.0,2026,4,20,23,3,0,32.8806883,-117.2320461,-67.422,-101.186,2166.333,1531.829,0,0,0,0.9998999999999999,0.0,0.0,0.0,0.0,0.0,0,PVT
169401.0,2026,4,20,23,3,0,32.8806883,-117.2320461,-67.422,-101.186,2180.267,1541.681,0,0,0,0.9998999999999999,0.0,0.0,0.0,0.0,0.0,0,PVT
169402.0,2026,4,20,23,3,0,32.8806883,-117.2320461,-67.422,-101.186,2194.477,1551.729,0,0,0,0.9998999999999999,0.0,0.0,0.0,0.0,0.0,0,PVT
169403.0,2026,4,20,23,3,0,32.8806883,-117.2320461,-67.422,-101.186,2208.957,1561.969,0,0,0,0.9998999999999999,0.0,0.0,0.0,0.0,0.0,0,PVT
169404.0,2026,4,20,23,3,0,32.8806883,-117.2320461,-67.422,-101.186,2223.703,1572.396,0,0,0,0.9998999999999999,0.0,0.0,0.0,0.0,0.0,0,PVT
169405.0,2026,4,20,23,3,0,32.8806883,-117.2320461,-67.422,-101.186,2238.71,1583.007,0,0,0,0.9998999999999999,0.0,0.0,0.0,0.0,0.0,0,PVT
169406.0,2026,4,20,23,3,0,32.8806883,-117.2320461,-67.422,-101.186,2253.971,1593.798,0,0,0,0.9998999999999999,0.0,0.0,0.0,0.0,0.0,0,PVT
169407.0,2026,4,20,23,3,0,32.8806883,-117.2320461,-67.422,-101.186,2269.483,1604.767,0,0,0,0.9998999999999999,0.0,0.0,0.0,0.0,0.0,0,PVT
169408.0,2026,4,20,23,3,0,32.8806883,-117.2320461,-67.422,-101.186,2285.239,1615.908,0,0,0,0.9998999999999999,0.0,0.0,0.0,0.0,0.0,0,PVT
169409.0,2026,4,20,23,3,0,32.8806883,-117.2320461,-67.422,-101.186,2301.235,1627.219,0,0,0,0.9998999999999999,0.0,0.0,0.0,0.0,0.0,0,PVT
169410.0,2026,4,20,23,3,0,32.8806883,-117.2320461,-67.422,-101.186,2317.465,1638.695,0,0,0,0.9998999999999999,0.0,0.0,0.0,0.0,0.0,0,PVT
169411.0,2026,4,20,23,3,0,32.8806883,-117.2320461,-67.422,-101.186,2333.926,1650.335,0,0,0,0.9998999999999999,0.0,0.0,0.0,0.0,0.0,0,PVT
169412.0,2026,4,20,23,3,0,32.8806883,-117.2320461,-67.422,-101.186,2350.612,1662.134,0,0,0,0.9998999999999999,0.0,0.0,0.0,0.0,0.0,0,PVT
169413.0,2026,4,20,23,3,0,32.8806883,-117.2320461,-67.422,-101.186,2367.518,1674.088,0,0,0,0.9998999999999999,0.0,0.0,0.0,0.0,0.0,0,PVT
169414.0,2026,4,20,23,3,0,32.8806883,-117.2320461,-67.422,-101.186,2384.64,1686.195,0,0,0,0.9998999999999999,0.0,0.0,0.0,0.0,0.0,0,PVT
169415.0,2026,4,20,23,3,0,32.8806883,-117.2320461,-67.422,-101.186,2401.972,1698.451,0,0,0,0.9998999999999999,0.0,0.0,0.0,0.0,0.0,0,PVT
169417.0,2026,4,20,23,3,0,32.8806883,-117.2320461,-67.422,-101.186,2437.253,1723.398,0,0,0,0.9998999999999999,0.0,0.0,0.0,0.0,0.0,0,PVT
169418.0,2026,4,20,23,3,0,32.8806883,-117.2320461,-67.422,-101.186,2455.191,1736.082,0,0,0,0.9998999999999999,0.0,0.0,0.0,0.0,0.0,0,PVT
169419.0,2026,4,20,23,3,0,32.8806883,-117.2320461,-67.422,-101.186,2473.324,1748.904,0,0,0,0.9998999999999999,0.0,0.0,0.0,0.0,0.0,0,PVT
169420.0,2026,4,20,23,3,0,32.8806883,-117.2320461,-67.422,-101.186,2491.645,1761.859,0,0,0,0.9998999999999999,0.0,0.0,0.0,0.0,0.0,0,PVT
169421.0,2026,4,20,23,3,0,32.8806883,-117.2320461,-67.422,-101.186,2510.151,1774.945,0,0,0,0.9998999999999999,0.0,0.0,0.0,0.0,0.0,0,PVT
169422.0,2026,4,20,23,3,0,32.8806883,-117.2320461,-67.422,-101.186,2528.839,1788.159,0,0,0,0.9998999999999999,0.0,0.0,0.0,0.0,0.0,0,PVT
169423.0,2026,4,20,23,3,0,32.8806883,-117.2320461,-67.422,-101.186,2547.703,1801.498,0,0,0,0.9998999999999999,0.0,0.0,0.0,0.0,0.0,0,PVT
169424.0,2026,4,20,23,3,0,32.8806883,-117.2320461,-67.422,-101.186,2566.74,1814.959,0,0,0,0.9998999999999999,0.0,0.0,0.0,0.0,0.0,0,PVT
169425.0,2026,4,20,23,3,0,32.8806883,-117.2320461,-67.422,-101.186,2585.946,1828.54,0,0,0,0.9998999999999999,0.0,0.0,0.0,0.0,0.0,0,PVT
169426.0,2026,4,20,23,3,0,32.8806883,-117.2320461,-67.422,-101.186,2605.318,1842.238,0,0,0,0.9998999999999999,0.0,0.0,0.0,0.0,0.0,0,PVT
169427.0,2026,4,20,23,3,0,32.8806883,-117.2320461,-67.422,-101.186,2624.852,1856.05,0,0,0,0.9998999999999999,0.0,0.0,0.0,0.0,0.0,0,PVT
169428.0,2026,4,20,23,3,0,32.8806883,-117.2320461,-67.422,-101.186,2644.544,1869.975,0,0,0,0.9998999999999999,0.0,0.0,0.0,0.0,0.0,0,PVT
169429.0,2026,4,20,23,3,0,32.8806883,-117.2320461,-67.422,-101.186,2664.391,1884.009,0,0,0,0.9998999999999999,0.0,0.0,0.0,0.0,0.0,0,PVT
169430.0,2026,4,20,23,3,0,32.8806883,-117.2320461,-67.422,-101.186,2684.389,1898.149,0,0,0,0.9998999999999999,0.0,0.0,0.0,0.0,0.0,0,PVT
169431.0,2026,4,20,23,3,0,32.8806883,-117.2320461,-67.422,-101.186,2704.535,1912.395,0,0,0,0.9998999999999999,0.0,0.0,0.0,0.0,0.0,0,PVT
169432.0,2026,4,20,23,3,0,32.8806883,-117.2320461,-67.422,-101.186,2724.825,1926.742,0,0,0,0.9998999999999999,0.0,0.0,0.0,0.0,0.0,0,PVT
169433.0,2026,4,20,23,3,0,32.8806883,-117.2320461,-67.422,-101.186,2745.257,1941.19,0,0,0,0.9998999999999999,0.0,0.0,0.0,0.0,0.0,0,PVT
169434.0,2026,4,20,23,3,0,32.8806883,-117.2320461,-67.422,-101.186,2765.827,1955.735,0,0,0,0.9998999999999999,0.0,0.0,0.0,0.0,0.0,0,PVT
169435.0,2026,4,20,23,3,0,32.8806883,-117.2320461,-67.422,-101.186,2786.533,1970.376,0,0,0,0.9998999999999999,0.0,0.0,0.0,0.0,0.0,0,PVT
169436.0,2026,4,20,23,3,0,32.8806883,-117.2320461,-67.422,-101.186,2807.371,1985.111,0,0,0,0.9998999999999999,0.0,0.0,0.0,0.0,0.0,0,PVT
169437.0,2026,4,20,23,3,0,32.8806883,-117.2320461,-67.422,-101.186,2828.338,1999.937,0,0,0,0.9998999999999999,0.0,0.0,0.0,0.0,0.0,0,PVT
169438.0,2026,4,20,23,3,0,32.8806883,-117.2320461,-67.422,-101.186,2849.432,2014.852,0,0,0,0.9998999999999999,0.0,0.0,0.0,0.0,0.0,0,PVT
169439.0,2026,4,20,23,3,0,32.8806883,-117.2320461,-67.422,-101.186,2870.649,2029.855,0,0,0,0.9998999999999999,0.0,0.0,0.0,0.0,0.0,0,PVT
169440.0,2026,4,20,23,3,0,32.8806883,-117.2320461,-67.422,-101.186,2891.987,2044.944,0,0,0,0.9998999999999999,0.0,0.0,0.0,0.0,0.0,0,PVT
169441.0,2026,4,20,23,3,0,32.8806883,-117.2320461,-67.422,-101.186,2913.444,2060.116,0,0,0,0.9998999999999999,0.0,0.0,0.0,0.0,0.0,0,PVT
169442.0,2026,4,20,23,3,0,32.8806883,-117.2320461,-67.422,-101.186,2935.016,2075.37,0,0,0,0.9998999999999999,0.0,0.0,0.0,0.0,0.0,0,PVT
169443.0,2026,4,20,23,3,0,32.8806883,-117.2320461,-67.422,-101.186,2956.702,2090.704,0,0,0,0.9998999999999999,0.0,0.0,0.0,0.0,0.0,0,PVT
169444.0,2026,4,20,23,3,0,32.8806883,-117.2320461,-67.422,-101.186,2978.498,2106.116,0,0,0,0.9998999999999999,0.0,0.0,0.0,0.0,0.0,0,PVT
169445.0,2026,4,20,23,3,0,32.8806883,-117.2320461,-67.422,-101.186,3000.402,2121.605,0,0,0,0.9998999999999999,0.0,0.0,0.0,0.0,0.0,0,PVT
169446.0,2026,4,20,23,3,0,32.8806883,-117.2320461,-67.422,-101.186,3022.412,2137.169,0,0,0,0.9998999999999999,0.0,0.0,0.0,0.0,0.0,0,PVT
169447.0,2026,4,20,23,3,0,32.8806883,-117.2320461,-67.422,-101.186,3044.527,2152.806,0,0,0,0.9998999999999999,0.0,0.0,0.0,0.0,0.0,0,PVT
169448.0,2026,4,20,23,3,0,32.8806883,-117.2320461,-67.422,-101.186,3066.742,2168.514,0,0,0,0.9998999999999999,0.0,0.0,0.0,0.0,0.0,0,PVT
169449.0,2026,4,20,23,3,0,32.8806883,-117.2320461,-67.422,-101.186,3089.057,2184.293,0,0,0,0.9998999999999999,0.0,0.0,0.0,0.0,0.0,0,PVT
169450.0,2026,4,20,23,3,0,32.8806883,-117.2320461,-67.422,-101.186,3111.469,2200.141,0,0,0,0.9998999999999999,0.0,0.0,0.0,0.0,0.0,0,PVT
169451.0,2026,4,20,23,3,0,32.8806883,-117.2320461,-67.422,-101.186,3133.975,2216.055,0,0,0,0.9998999999999999,0.0,0.0,0.0,0.0,0.0,0,PVT
169452.0,2026,4,20,23,3,0,32.8806883,-117.2320461,-67.422,-101.186,3156.575,2232.036,0,0,0,0.9998999999999999,0.0,0.0,0.0,0.0,0.0,0,PVT
169453.0,2026,4,20,23,3,0,32.8806883,-117.2320461,-67.422,-101.186,3179.266,2248.081,0,0,0,0.9998999999999999,0.0,0.0,0.0,0.0,0.0,0,PVT
169454.0,2026,4,20,23,3,0,32.8806883,-117.2320461,-67.422,-101.186,3202.046,2264.188,0,0,0,0.9998999999999999,0.0,0.0,0.0,0.0,0.0,0,PVT
169455.0,2026,4,20,23,3,0,32.8806883,-117.2320461,-67.422,-101.186,3224.913,2280.358,0,0,0,0.9998999999999999,0.0,0.0,0.0,0.0,0.0,0,PVT
169456.0,2026,4,20,23,3,0,32.8806883,-117.2320461,-67.422,-101.186,3247.865,2296.587,0,0,0,0.9998999999999999,0.0,0.0,0.0,0.0,0.0,0,PVT
169457.0,2026,4,20,23,3,0,32.8806883,-117.2320461,-67.422,-101.186,3270.901,2312.876,0,0,0,0.9998999999999999,0.0,0.0,0.0,0.0,0.0,0,PVT
169458.0,2026,4,20,23,4,0,32.8806883,-117.2320461,-67.422,-101.186,3294.018,2329.223,0,0,0,0.9998999999999999,0.0,0.0,0.0,0.0,0.0,0,PVT
169459.0,2026,4,20,23,4,0,32.8806883,-117.2320461,-67.422,-101.186,3317.216,2345.626,0,0,0,0.9998999999999999,0.0,0.0,0.0,0.0,0.0,0,PVT
169460.0,2026,4,20,23,4,0,32.8806883,-117.2320461,-67.422,-101.186,3340.492,2362.085,0,0,0,0.9998999999999999,0.0,0.0,0.0,0.0,0.0,0,PVT
169461.0,2026,4,20,23,4,0,32.8806883,-117.2320461,-67.422,-101.186,3363.845,2378.597,0,0,0,0.9998999999999999,0.0,0.0,0.0,0.0,0.0,0,PVT
169462.0,2026,4,20,23,4,0,32.8806883,-117.2320461,-67.422,-101.186,3387.273,2395.163,0,0,0,0.9998999999999999,0.0,0.0,0.0,0.0,0.0,0,PVT
169463.0,2026,4,20,23,4,0,32.8806883,-117.2320461,-67.422,-101.186,3410.774,2411.782,0,0,0,0.9998999999999999,0.0,0.0,0.0,0.0,0.0,0,PVT
169464.0,2026,4,20,23,4,0,32.8806883,-117.2320461,-67.422,-101.186,3434.348,2428.451,0,0,0,0.9998999999999999,0.0,0.0,0.0,0.0,0.0,0,PVT
169465.0,2026,4,20,23,4,0,32.8806883,-117.2320461,-67.422,-101.186,3457.992,2445.17,0,0,0,0.9998999999999999,0.0,0.0,0.0,0.0,0.0,0,PVT
169466.0,2026,4,20,23,4,0,32.8806883,-117.2320461,-67.422,-101.186,3481.706,2461.938,0,0,0,0.9998999999999999,0.0,0.0,0.0,0.0,0.0,0,PVT
169468.0,2026,4,20,23,4,0,32.8806883,-117.2320461,-67.422,-101.186,3529.335,2495.617,0,0,0,0.9998999999999999,0.0,0.0,0.0,0.0,0.0,0,PVT
169469.0,2026,4,20,23,4,0,32.8806883,-117.2320461,-67.422,-101.186,3553.248,2512.526,0,0,0,0.9998999999999999,0.0,0.0,0.0,0.0,0.0,0,PVT
169470.0,2026,4,20,23,4,0,32.8806883,-117.2320461,-67.422,-101.186,3577.224,2529.48,0,0,0,0.9998999999999999,0.0,0.0,0.0,0.0,0.0,0,PVT
169471.0,2026,4,20,23,4,0,32.8806883,-117.2320461,-67.422,-101.186,3601.264,2546.478,0,0,0,0.9998999999999999,0.0,0.0,0.0,0.0,0.0,0,PVT
169472.0,2026,4,20,23,4,0,32.8806883,-117.2320461,-67.422,-101.186,3625.364,2563.519,0,0,0,0.9998999999999999,0.0,0.0,0.0,0.0,0.0,0,PVT
169473.0,2026,4,20,23,4,0,32.8806883,-117.2320461,-67.422,-101.186,3649.525,2580.604,0,0,0,0.9998999999999999,0.0,0.0,0.0,0.0,0.0,0,PVT
169474.0,2026,4,20,23,4,0,32.8806883,-117.2320461,-67.422,-101.186,3673.744,2597.729,0,0,0,0.9998999999999999,0.0,0.0,0.0,0.0,0.0,0,PVT
169475.0,2026,4,20,23,4,0,32.8806883,-117.2320461,-67.422,-101.186,3698.021,2614.896,0,0,0,0.9998999999999999,0.0,0.0,0.0,0.0,0.0,0,PVT
169476.0,2026,4,20,23,4,0,32.8806883,-117.2320461,-67.422,-101.186,3722.355,2632.102,0,0,0,0.9998999999999999,0.0,0.0,0.0,0.0,0.0,0,PVT
169477.0,2026,4,20,23,4,0,32.8806883,-117.2320461,-67.422,-101.186,3746.744,2649.348,0,0,0,0.9998999999999999,0.0,0.0,0.0,0.0,0.0,0,PVT
169478.0,2026,4,20,23,4,0,32.8806883,-117.2320461,-67.422,-101.186,3771.187,2666.632,0,0,0,0.9998999999999999,0.0,0.0,0.0,0.0,0.0,0,PVT
169479.0,2026,4,20,23,4,0,32.8806883,-117.2320461,-67.422,-101.186,3795.684,2683.954,0,0,0,0.9998999999999999,0.0,0.0,0.0,0.0,0.0,0,PVT
169480.0,2026,4,20,23,4,0,32.8806883,-117.2320461,-67.422,-101.186,3820.233,2701.313,0,0,0,0.9998999999999999,0.0,0.0,0.0,0.0,0.0,0,PVT
169481.0,2026,4,20,23,4,0,32.8806883,-117.2320461,-67.422,-101.186,3844.834,2718.708,0,0,0,0.9998999999999999,0.0,0.0,0.0,0.0,0.0,0,PVT
169482.0,2026,4,20,23,4,0,32.8806883,-117.2320461,-67.422,-101.186,3869.485,2736.139,0,0,0,0.9998999999999999,0.0,0.0,0.0,0.0,0.0,0,PVT
169483.0,2026,4,20,23,4,0,32.8806883,-117.2320461,-67.422,-101.186,3894.185,2753.605,0,0,0,0.9998999999999999,0.0,0.0,0.0,0.0,0.0,0,PVT
169484.0,2026,4,20,23,4,0,32.8806883,-117.2320461,-67.422,-101.186,3918.934,2771.105,0,0,0,0.9998999999999999,0.0,0.0,0.0,0.0,0.0,0,PVT
169485.0,2026,4,20,23,4,0,32.8806883,-117.2320461,-67.422,-101.186,3943.73,2788.638,0,0,0,0.9998999999999999,0.0,0.0,0.0,0.0,0.0,0,PVT
169486.0,2026,4,20,23,4,0,32.8806883,-117.2320461,-67.422,-101.186,3968.573,2806.205,0,0,0,0.9998999999999999,0.0,0.0,0.0,0.0,0.0,0,PVT
169487.0,2026,4,20,23,4,0,32.8806883,-117.2320461,-67.422,-101.186,3993.462,2823.804,0,0,0,0.9998999999999999,0.0,0.0,0.0,0.0,0.0,0,PVT
169488.0,2026,4,20,23,4,0,32.8806883,-117.2320461,-67.422,-101.186,4018.395,2841.435,0,0,0,0.9998999999999999,0.0,0.0,0.0,0.0,0.0,0,PVT
169489.0,2026,4,20,23,4,0,32.8806883,-117.2320461,-67.422,-101.186,4043.373,2859.097,0,0,0,0.9998999999999999,0.0,0.0,0.0,0.0,0.0,0,PVT
169490.0,2026,4,20,23,4,0,32.8806883,-117.2320461,-67.422,-101.186,4068.394,2876.789,0,0,0,0.9998999999999999,0.0,0.0,0.0,0.0,0.0,0,PVT
169491.0,2026,4,20,23,4,0,32.8806883,-117.2320461,-67.422,-101.186,4093.458,2894.512,0,0,0,0.9998999999999999,0.0,0.0,0.0,0.0,0.0,0,PVT
169492.0,2026,4,20,23,4,0,32.8806883,-117.2320461,-67.422,-101.186,4118.563,2912.264,0,0,0,0.9998999999999999,0.0,0.0,0.0,0.0,0.0,0,PVT
169493.0,2026,4,20,23,4,0,32.8806883,-117.2320461,-67.422,-101.186,4143.709,2930.045,0,0,0,0.9998999999999999,0.0,0.0,0.0,0.0,0.0,0,PVT
169494.0,2026,4,20,23,4,0,32.8806883,-117.2320461,-67.422,-101.186,4168.896,2947.854,0,0,0,0.9998999999999999,0.0,0.0,0.0,0.0,0.0,0,PVT
169495.0,2026,4,20,23,4,0,32.8806883,-117.2320461,-67.422,-101.186,4194.121,2965.692,0,0,0,0.9998999999999999,0.0,0.0,0.0,0.0,0.0,0,PVT
169496.0,2026,4,20,23,4,0,32.8806883,-117.2320461,-67.422,-101.186,4219.386,2983.557,0,0,0,0.9998999999999999,0.0,0.0,0.0,0.0,0.0,0,PVT
169497.0,2026,4,20,23,4,0,32.8806883,-117.2320461,-67.422,-101.186,4244.689,3001.448,0,0,0,0.9998999999999999,0.0,0.0,0.0,0.0,0.0,0,PVT
169498.0,2026,4,20,23,4,0,32.8806883,-117.2320461,-67.422,-101.186,4270.029,3019.367,0,0,0,0.9998999999999999,0.0,0.0,0.0,0.0,0.0,0,PVT
169499.0,2026,4,20,23,4,0,32.8806883,-117.2320461,-67.422,-101.186,4295.406,3037.311,0,0,0,0.9998999999999999,0.0,0.0,0.0,0.0,0.0,0,PVT
169500.0,2026,4,20,23,4,0,32.8806883,-117.2320461,-67.422,-101.186,4320.819,3055.281,0,0,0,0.9998999999999999,0.0,0.0,0.0,0.0,0.0,0,PVT
169501.0,2026,4,20,23,4,0,32.8806883,-117.2320461,-67.422,-101.186,4346.268,3073.276,0,0,0,0.9998999999999999,0.0,0.0,0.0,0.0,0.0,0,PVT
169502.0,2026,4,20,23,4,0,32.8806883,-117.2320461,-67.422,-101.186,4371.751,3091.295,0,0,0,0.9998999999999999,0.0,0.0,0.0,0.0,0.0,0,PVT
169503.0,2026,4,20,23,4,0,32.8806883,-117.2320461,-67.422,-101.186,4397.269,3109.339,0,0,0,0.9998999999999999,0.0,0.0,0.0,0.0,0.0,0,PVT
169505.0,2026,4,20,23,4,0,32.8806883,-117.2320461,-67.422,-101.186,4448.405,3145.497,0,0,0,0.9998999999999999,0.0,0.0,0.0,0.0,0.0,0,PVT
169506.0,2026,4,20,23,4,0,32.8806883,-117.2320461,-67.422,-101.186,4474.021,3163.611,0,0,0,0.9998999999999999,0.0,0.0,0.0,0.0,0.0,0,PVT
169507.0,2026,4,20,23,4,0,32.8806883,-117.2320461,-67.422,-101.186,4499.67,3181.747,0,0,0,0.9998999999999999,0.0,0.0,0.0,0.0,0.0,0,PVT
169508.0,2026,4,20,23,4,0,32.8806883,-117.2320461,-67.422,-101.186,4525.351,3199.906,0,0,0,0.9998999999999999,0.0,0.0,0.0,0.0,0.0,0,PVT
169509.0,2026,4,20,23,4,0,32.8806883,-117.2320461,-67.422,-101.186,4551.062,3218.087,0,0,0,0.9998999999999999,0.0,0.0,0.0,0.0,0.0,0,PVT
169510.0,2026,4,20,23,4,0,32.8806883,-117.2320461,-67.422,-101.186,4576.803,3236.288,0,0,0,0.9998999999999999,0.0,0.0,0.0,0.0,0.0,0,PVT
169511.0,2026,4,20,23,4,0,32.8806883,-117.2320461,-67.422,-101.186,4602.574,3254.512,0,0,0,0.9998999999999999,0.0,0.0,0.0,0.0,0.0,0,PVT
169513.0,2026,4,20,23,4,0,32.8806883,-117.2320461,-67.422,-101.186,4654.205,3291.02,0,0,0,0.9998999999999999,0.0,0.0,0.0,0.0,0.0,0,PVT
169514.0,2026,4,20,23,4,0,32.8806883,-117.2320461,-67.422,-101.186,4680.063,3309.304,0,0,0,0.9998999999999999,0.0,0.0,0.0,0.0,0.0,0,PVT
169515.0,2026,4,20,23,4,0,32.8806883,-117.2320461,-67.422,-101.186,4705.948,3327.608,0,0,0,0.9998999999999999,0.0,0.0,0.0,0.0,0.0,0,PVT
169516.0,2026,4,20,23,4,0,32.8806883,-117.2320461,-67.422,-101.186,4731.862,3345.932,0,0,0,0.9998999999999999,0.0,0.0,0.0,0.0,0.0,0,PVT
169517.0,2026,4,20,23,4,0,32.8806883,-117.2320461,-67.422,-101.186,4757.802,3364.274,0,0,0,0.9998999999999999,0.0,0.0,0.0,0.0,0.0,0,PVT
169518.0,2026,4,20,23,5,0,32.8806883,-117.2320461,-67.422,-101.186,4783.769,3382.636,0,0,0,0.9998999999999999,0.0,0.0,0.0,0.0,0.0,0,PVT
169519.0,2026,4,20,23,5,0,32.8806883,-117.2320461,-67.422,-101.186,4809.762,3401.016,0,0,0,0.9998999999999999,0.0,0.0,0.0,0.0,0.0,0,PVT
169520.0,2026,4,20,23,5,0,32.8806883,-117.2320461,-67.422,-101.186,4835.781,3419.413,0,0,0,0.9998999999999999,0.0,0.0,0.0,0.0,0.0,0,PVT
169521.0,2026,4,20,23,5,0,32.8806883,-117.2320461,-67.422,-101.186,4861.825,3437.829,0,0,0,0.9998999999999999,0.0,0.0,0.0,0.0,0.0,0,PVT
169522.0,2026,4,20,23,5,0,32.8806883,-117.2320461,-67.422,-101.186,4887.894,3456.263,0,0,0,0.9998999999999999,0.0,0.0,0.0,0.0,0.0,0,PVT
169523.0,2026,4,20,23,5,0,32.8806883,-117.2320461,-67.422,-101.186,4913.987,3474.714,0,0,0,0.9998999999999999,0.0,0.0,0.0,0.0,0.0,0,PVT
169524.0,2026,4,20,23,5,0,32.8806883,-117.2320461,-67.422,-101.186,4940.105,3493.182,0,0,0,0.9998999999999999,0.0,0.0,0.0,0.0,0.0,0,PVT
169526.0,2026,4,20,23,5,0,32.8806883,-117.2320461,-67.422,-101.186,4992.411,3530.168,0,0,0,0.9998999999999999,0.0,0.0,0.0,0.0,0.0,0,PVT
169527.0,2026,4,20,23,5,0,32.8806883,-117.2320461,-67.422,-101.186,5018.598,3548.685,0,0,0,0.9998999999999999,0.0,0.0,0.0,0.0,0.0,0,PVT
169528.0,2026,4,20,23,5,0,32.8806883,-117.2320461,-67.422,-101.186,5044.808,3567.218,0,0,0,0.9998999999999999,0.0,0.0,0.0,0.0,0.0,0,PVT
169529.0,2026,4,20,23,5,0,32.8806883,-117.2320461,-67.422,-101.186,5071.041,3585.768,0,0,0,0.9998999999999999,0.0,0.0,0.0,0.0,0.0,0,PVT
169530.0,2026,4,20,23,5,0,32.8806883,-117.2320461,-67.422,-101.186,5097.296,3604.332,0,0,0,0.9998999999999999,0.0,0.0,0.0,0.0,0.0,0,PVT
169531.0,2026,4,20,23,5,0,32.8806883,-117.2320461,-67.422,-101.186,5123.572,3622.912,0,0,0,0.9998999999999999,0.0,0.0,0.0,0.0,0.0,0,PVT
169532.0,2026,4,20,23,5,0,32.8806883,-117.2320461,-67.422,-101.186,5149.869,3641.507,0,0,0,0.9998999999999999,0.0,0.0,0.0,0.0,0.0,0,PVT
169533.0,2026,4,20,23,5,0,32.8806883,-117.2320461,-67.422,-101.186,5176.187,3660.118,0,0,0,0.9998999999999999,0.0,0.0,0.0,0.0,0.0,0,PVT
169534.0,2026,4,20,23,5,0,32.8806883,-117.2320461,-67.422,-101.186,5202.527,3678.742,0,0,0,0.9998999999999999,0.0,0.0,0.0,0.0,0.0,0,PVT
169535.0,2026,4,20,23,5,0,32.8806883,-117.2320461,-67.422,-101.186,5228.886,3697.381,0,0,0,0.9998999999999999,0.0,0.0,0.0,0.0,0.0,0,PVT
169536.0,2026,4,20,23,5,0,32.8806883,-117.2320461,-67.422,-101.186,5255.265,3716.034,0,0,0,0.9998999999999999,0.0,0.0,0.0,0.0,0.0,0,PVT
169537.0,2026,4,20,23,5,0,32.8806883,-117.2320461,-67.422,-101.186,5281.664,3734.701,0,0,0,0.9998999999999999,0.0,0.0,0.0,0.0,0.0,0,PVT
169538.0,2026,4,20,23,5,0,32.8806883,-117.2320461,-67.422,-101.186,5308.083,3753.381,0,0,0,0.9998999999999999,0.0,0.0,0.0,0.0,0.0,0,PVT
169539.0,2026,4,20,23,5,0,32.8806883,-117.2320461,-67.422,-101.186,5334.52,3772.075,0,0,0,0.9998999999999999,0.0,0.0,0.0,0.0,0.0,0,PVT
169540.0,2026,4,20,23,5,0,32.8806883,-117.2320461,-67.422,-101.186,5360.977,3790.783,0,0,0,0.9998999999999999,0.0,0.0,0.0,0.0,0.0,0,PVT
169541.0,2026,4,20,23,5,0,32.8806883,-117.2320461,-67.422,-101.186,5387.451,3809.504,0,0,0,0.9998999999999999,0.0,0.0,0.0,0.0,0.0,0,PVT
169542.0,2026,4,20,23,5,0,32.8806883,-117.2320461,-67.422,-101.186,5413.945,3828.237,0,0,0,0.9998999999999999,0.0,0.0,0.0,0.0,0.0,0,PVT
169543.0,2026,4,20,23,5,0,32.8806883,-117.2320461,-67.422,-101.186,5440.456,3846.984,0,0,0,0.9998999999999999,0.0,0.0,0.0,0.0,0.0,0,PVT
169544.0,2026,4,20,23,5,0,32.8806883,-117.2320461,-67.422,-101.186,5466.986,3865.743,0,0,0,0.9998999999999999,0.0,0.0,0.0,0.0,0.0,0,PVT
169545.0,2026,4,20,23,5,0,32.8806883,-117.2320461,-67.422,-101.186,5493.532,3884.514,0,0,0,0.9998999999999999,0.0,0.0,0.0,0.0,0.0,0,PVT
169546.0,2026,4,20,23,5,0,32.8806883,-117.2320461,-67.422,-101.186,5520.096,3903.297,0,0,0,0.9998999999999999,0.0,0.0,0.0,0.0,0.0,0,PVT
169547.0,2026,4,20,23,5,0,32.8806883,-117.2320461,-67.422,-101.186,5546.677,3922.093,0,0,0,0.9998999999999999,0.0,0.0,0.0,0.0,0.0,0,PVT
169548.0,2026,4,20,23,5,0,32.8806883,-117.2320461,-67.422,-101.186,5573.275,3940.901,0,0,0,0.9998999999999999,0.0,0.0,0.0,0.0,0.0,0,PVT
169549.0,2026,4,20,23,5,0,32.8806883,-117.2320461,-67.422,-101.186,5599.889,3959.719,0,0,0,0.9998999999999999,0.0,0.0,0.0,0.0,0.0,0,PVT
169550.0,2026,4,20,23,5,0,32.8806883,-117.2320461,-67.422,-101.186,5626.519,3978.55,0,0,0,0.9998999999999999,0.0,0.0,0.0,0.0,0.0,0,PVT
169551.0,2026,4,20,23,5,0,32.8806883,-117.2320461,-67.422,-101.186,5653.166,3997.392,0,0,0,0.9998999999999999,0.0,0.0,0.0,0.0,0.0,0,PVT
169552.0,2026,4,20,23,5,0,32.8806883,-117.2320461,-67.422,-101.186,5679.828,4016.245,0,0,0,0.9998999999999999,0.0,0.0,0.0,0.0,0.0,0,PVT
169553.0,2026,4,20,23,5,0,32.8806883,-117.2320461,-67.422,-101.186,5706.507,4035.109,0,0,0,0.9998999999999999,0.0,0.0,0.0,0.0,0.0,0,PVT
169554.0,2026,4,20,23,5,0,32.8806883,-117.2320461,-67.422,-101.186,5733.199,4053.984,0,0,0,0.9998999999999999,0.0,0.0,0.0,0.0,0.0,0,PVT
169555.0,2026,4,20,23,5,0,32.8806883,-117.2320461,-67.422,-101.186,5759.908,4072.87,0,0,0,0.9998999999999999,0.0,0.0,0.0,0.0,0.0,0,PVT
169556.0,2026,4,20,23,5,0,32.8806883,-117.2320461,-67.422,-101.186,5786.632,4091.767,0,0,0,0.9998999999999999,0.0,0.0,0.0,0.0,0.0,0,PVT
169557.0,2026,4,20,23,5,0,32.8806883,-117.2320461,-67.422,-101.186,5813.37,4110.673,0,0,0,0.9998999999999999,0.0,0.0,0.0,0.0,0.0,0,PVT
169558.0,2026,4,20,23,5,0,32.8806883,-117.2320461,-67.422,-101.186,5840.123,4129.59,0,0,0,0.9998999999999999,0.0,0.0,0.0,0.0,0.0,0,PVT
169559.0,2026,4,20,23,5,0,32.8806883,-117.2320461,-67.422,-101.186,5866.89,4148.518,0,0,0,0.9998999999999999,0.0,0.0,0.0,0.0,0.0,0,PVT
169560.0,2026,4,20,23,5,0,32.8806883,-117.2320461,-67.422,-101.186,5893.672,4167.455,0,0,0,0.9998999999999999,0.0,0.0,0.0,0.0,0.0,0,PVT
169561.0,2026,4,20,23,5,0,32.8806883,-117.2320461,-67.422,-101.186,5920.467,4186.402,0,0,0,0.9998999999999999,0.0,0.0,0.0,0.0,0.0,0,PVT
169562.0,2026,4,20,23,5,0,32.8806883,-117.2320461,-67.422,-101.186,5947.277,4205.36,0,0,0,0.9998999999999999,0.0,0.0,0.0,0.0,0.0,0,PVT
169563.0,2026,4,20,23,5,0,32.8806883,-117.2320461,-67.422,-101.186,5974.099,4224.326,0,0,0,0.9998999999999999,0.0,0.0,0.0,0.0,0.0,0,PVT
169564.0,2026,4,20,23,5,0,32.8806883,-117.2320461,-67.422,-101.186,6000.935,4243.302,0,0,0,0.9998999999999999,0.0,0.0,0.0,0.0,0.0,0,PVT
169565.0,2026,4,20,23,5,0,32.8806883,-117.2320461,-67.422,-101.186,6027.784,4262.288,0,0,0,0.9998999999999999,0.0,0.0,0.0,0.0,0.0,0,PVT
169566.0,2026,4,20,23,5,0,32.8806883,-117.2320461,-67.422,-101.186,6054.647,4281.282,0,0,0,0.9998999999999999,0.0,0.0,0.0,0.0,0.0,0,PVT
169567.0,2026,4,20,23,5,0,32.8806883,-117.2320461,-67.422,-101.186,6081.523,4300.286,0,0,0,0.9998999999999999,0.0,0.0,0.0,0.0,0.0,0,PVT
169568.0,2026,4,20,23,5,0,32.8806883,-117.2320461,-67.422,-101.186,6108.411,4319.299,0,0,0,0.9998999999999999,0.0,0.0,0.0,0.0,0.0,0,PVT
169569.0,2026,4,20,23,5,0,32.8806883,-117.2320461,-67.422,-101.186,6135.312,4338.321,0,0,0,0.9998999999999999,0.0,0.0,0.0,0.0,0.0,0,PVT
169570.0,2026,4,20,23,5,0,32.8806883,-117.2320461,-67.422,-101.186,6162.225,4357.351,0,0,0,0.9998999999999999,0.0,0.0,0.0,0.0,0.0,0,PVT
169571.0,2026,4,20,23,5,0,32.8806883,-117.2320461,-67.422,-101.186,6189.15,4376.39,0,0,0,0.9998999999999999,0.0,0.0,0.0,0.0,0.0,0,PVT
169572.0,2026,4,20,23,5,0,32.8806883,-117.2320461,-67.422,-101.186,6216.088,4395.438,0,0,0,0.9998999999999999,0.0,0.0,0.0,0.0,0.0,0,PVT
169573.0,2026,4,20,23,5,0,32.8806883,-117.2320461,-67.422,-101.186,6243.037,4414.494,0,0,0,0.9998999999999999,0.0,0.0,0.0,0.0,0.0,0,PVT
169574.0,2026,4,20,23,5,0,32.8806883,-117.2320461,-67.422,-101.186,6269.998,4433.558,0,0,0,0.9998999999999999,0.0,0.0,0.0,0.0,0.0,0,PVT
169576.0,2026,4,20,23,5,0,32.8806883,-117.2320461,-67.422,-101.186,6323.955,4471.712,0,0,0,0.9998999999999999,0.0,0.0,0.0,0.0,0.0,0,PVT
169577.0,2026,4,20,23,5,0,32.8806883,-117.2320461,-67.422,-101.186,6350.95,4490.8,0,0,0,0.9998999999999999,0.0,0.0,0.0,0.0,0.0,0,PVT
169578.0,2026,4,20,23,6,0,32.8806883,-117.2320461,-67.422,-101.186,6377.957,4509.897,0,0,0,0.9998999999999999,0.0,0.0,0.0,0.0,0.0,0,PVT
169579.0,2026,4,20,23,6,0,32.8806883,-117.2320461,-67.422,-101.186,6404.974,4529.001,0,0,0,0.9998999999999999,0.0,0.0,0.0,0.0,0.0,0,PVT
169580.0,2026,4,20,23,6,0,32.8806883,-117.2320461,-67.422,-101.186,6432.003,4548.113,0,0,0,0.9998999999999999,0.0,0.0,0.0,0.0,0.0,0,PVT
169581.0,2026,4,20,23,6,0,32.8806883,-117.2320461,-67.422,-101.186,6459.042,4567.233,0,0,0,0.9998999999999999,0.0,0.0,0.0,0.0,0.0,0,PVT
169582.0,2026,4,20,23,6,0,32.8806883,-117.2320461,-67.422,-101.186,6486.093,4586.36,0,0,0,0.9998999999999999,0.0,0.0,0.0,0.0,0.0,0,PVT
169583.0,2026,4,20,23,6,0,32.8806883,-117.2320461,-67.422,-101.186,6513.153,4605.494,0,0,0,0.9998999999999999,0.0,0.0,0.0,0.0,0.0,0,PVT
169584.0,2026,4,20,23,6,0,32.8806883,-117.2320461,-67.422,-101.186,6540.223,4624.636,0,0,0,0.9998999999999999,0.0,0.0,0.0,0.0,0.0,0,PVT
169585.0,2026,4,20,23,6,0,32.8806883,-117.2320461,-67.422,-101.186,6567.305,4643.786,0,0,0,0.9998999999999999,0.0,0.0,0.0,0.0,0.0,0,PVT
169586.0,2026,4,20,23,6,0,32.8806883,-117.2320461,-67.422,-101.186,6594.395,4662.942,0,0,0,0.9998999999999999,0.0,0.0,0.0,0.0,0.0,0,PVT
169587.0,2026,4,20,23,6,0,32.8806883,-117.2320461,-67.422,-101.186,6621.496,4682.105,0,0,0,0.9998999999999999,0.0,0.0,0.0,0.0,0.0,0,PVT
169588.0,2026,4,20,23,6,0,32.8806883,-117.2320461,-67.422,-101.186,6648.607,4701.276,0,0,0,0.9998999999999999,0.0,0.0,0.0,0.0,0.0,0,PVT
169589.0,2026,4,20,23,6,0,32.8806883,-117.2320461,-67.422,-101.186,6675.728,4720.453,0,0,0,0.9998999999999999,0.0,0.0,0.0,0.0,0.0,0,PVT
169590.0,2026,4,20,23,6,0,32.8806883,-117.2320461,-67.422,-101.186,6702.859,4739.637,0,0,0,0.9998999999999999,0.0,0.0,0.0,0.0,0.0,0,PVT
169591.0,2026,4,20,23,6,0,32.8806883,-117.2320461,-67.422,-101.186,6729.998,4758.827,0,0,0,0.9998999999999999,0.0,0.0,0.0,0.0,0.0,0,PVT
169592.0,2026,4,20,23,6,0,32.8806883,-117.2320461,-67.422,-101.186,6757.147,4778.025,0,0,0,0.9998999999999999,0.0,0.0,0.0,0.0,0.0,0,PVT
169593.0,2026,4,20,23,6,0,32.8806883,-117.2320461,-67.422,-101.186,6784.305,4797.229,0,0,0,0.9998999999999999,0.0,0.0,0.0,0.0,0.0,0,PVT
169594.0,2026,4,20,23,6,0,32.8806883,-117.2320461,-67.422,-101.186,6811.473,4816.439,0,0,0,0.9998999999999999,0.0,0.0,0.0,0.0,0.0,0,PVT
169595.0,2026,4,20,23,6,0,32.8806883,-117.2320461,-67.422,-101.186,6838.651,4835.656,0,0,0,0.9998999999999999,0.0,0.0,0.0,0.0,0.0,0,PVT
169596.0,2026,4,20,23,6,0,32.8806883,-117.2320461,-67.422,-101.186,6865.836,4854.879,0,0,0,0.9998999999999999,0.0,0.0,0.0,0.0,0.0,0,PVT
169597.0,2026,4,20,23,6,0,32.8806883,-117.2320461,-67.422,-101.186,6893.031,4874.109,0,0,0,0.9998999999999999,0.0,0.0,0.0,0.0,0.0,0,PVT
169598.0,2026,4,20,23,6,0,32.8806883,-117.2320461,-67.422,-101.186,6920.233,4893.344,0,0,0,0.9998999999999999,0.0,0.0,0.0,0.0,0.0,0,PVT
169599.0,2026,4,20,23,6,0,32.8806883,-117.2320461,-67.422,-101.186,6947.445,4912.586,0,0,0,0.9998999999999999,0.0,0.0,0.0,0.0,0.0,0,PVT
169600.0,2026,4,20,23,6,0,32.8806883,-117.2320461,-67.422,-101.186,6974.666,4931.834,0,0,0,0.9998999999999999,0.0,0.0,0.0,0.0,0.0,0,PVT
169601.0,2026,4,20,23,6,0,32.8806883,-117.2320461,-67.422,-101.186,7001.894,4951.087,0,0,0,0.9998999999999999,0.0,0.0,0.0,0.0,0.0,0,PVT
169602.0,2026,4,20,23,6,0,32.8806883,-117.2320461,-67.422,-101.186,7029.132,4970.347,0,0,0,0.9998999999999999,0.0,0.0,0.0,0.0,0.0,0,PVT
169603.0,2026,4,20,23,6,0,32.8806883,-117.2320461,-67.422,-101.186,7056.377,4989.612,0,0,0,0.9998999999999999,0.0,0.0,0.0,0.0,0.0,0,PVT
169604.0,2026,4,20,23,6,0,32.8806883,-117.2320461,-67.422,-101.186,7083.631,5008.884,0,0,0,0.9998999999999999,0.0,0.0,0.0,0.0,0.0,0,PVT
169605.0,2026,4,20,23,6,0,32.8806883,-117.2320461,-67.422,-101.186,7110.892,5028.16,0,0,0,0.9998999999999999,0.0,0.0,0.0,0.0,0.0,0,PVT
169606.0,2026,4,20,23,6,0,32.8806883,-117.2320461,-67.422,-101.186,7138.162,5047.443,0,0,0,0.9998999999999999,0.0,0.0,0.0,0.0,0.0,0,PVT
169607.0,2026,4,20,23,6,0,32.8806883,-117.2320461,-67.422,-101.186,7165.439,5066.731,0,0,0,0.9998999999999999,0.0,0.0,0.0,0.0,0.0,0,PVT
169608.0,2026,4,20,23,6,0,32.8806883,-117.2320461,-67.422,-101.186,7192.724,5086.024,0,0,0,0.9998999999999999,0.0,0.0,0.0,0.0,0.0,0,PVT
169609.0,2026,4,20,23,6,0,32.8806883,-117.2320461,-67.422,-101.186,7220.017,5105.323,0,0,0,0.9998999999999999,0.0,0.0,0.0,0.0,0.0,0,PVT
169610.0,2026,4,20,23,6,0,32.8806883,-117.2320461,-67.422,-101.186,7247.318,5124.628,0,0,0,0.9998999999999999,0.0,0.0,0.0,0.0,0.0,0,PVT
169611.0,2026,4,20,23,6,0,32.8806883,-117.2320461,-67.422,-101.186,7274.625,5143.937,0,0,0,0.9998999999999999,0.0,0.0,0.0,0.0,0.0,0,PVT
169612.0,2026,4,20,23,6,0,32.8806883,-117.2320461,-67.422,-101.186,7301.941,5163.252,0,0,0,0.9998999999999999,0.0,0.0,0.0,0.0,0.0,0,PVT
169613.0,2026,4,20,23,6,0,32.8806883,-117.2320461,-67.422,-101.186,7329.263,5182.572,0,0,0,0.9998999999999999,0.0,0.0,0.0,0.0,0.0,0,PVT
169614.0,2026,4,20,23,6,0,32.8806883,-117.2320461,-67.422,-101.186,7356.594,5201.897,0,0,0,0.9998999999999999,0.0,0.0,0.0,0.0,0.0,0,PVT
169615.0,2026,4,20,23,6,0,32.8806883,-117.2320461,-67.422,-101.186,7383.931,5221.228,0,0,0,0.9998999999999999,0.0,0.0,0.0,0.0,0.0,0,PVT
169616.0,2026,4,20,23,6,0,32.8806883,-117.2320461,-67.422,-101.186,7411.275,5240.563,0,0,0,0.9998999999999999,0.0,0.0,0.0,0.0,0.0,0,PVT
169617.0,2026,4,20,23,6,0,32.8806883,-117.2320461,-67.422,-101.186,7438.626,5259.903,0,0,0,0.9998999999999999,0.0,0.0,0.0,0.0,0.0,0,PVT
169618.0,2026,4,20,23,6,0,32.8806883,-117.2320461,-67.422,-101.186,7465.985,5279.248,0,0,0,0.9998999999999999,0.0,0.0,0.0,0.0,0.0,0,PVT
169619.0,2026,4,20,23,6,0,32.8806883,-117.2320461,-67.422,-101.186,7493.35,5298.598,0,0,0,0.9998999999999999,0.0,0.0,0.0,0.0,0.0,0,PVT
169620.0,2026,4,20,23,6,0,32.8806883,-117.2320461,-67.422,-101.186,7520.722,5317.953,0,0,0,0.9998999999999999,0.0,0.0,0.0,0.0,0.0,0,PVT
169621.0,2026,4,20,23,6,0,32.8806883,-117.2320461,-67.422,-101.186,7548.101,5337.313,0,0,0,0.9998999999999999,0.0,0.0,0.0,0.0,0.0,0,PVT
169622.0,2026,4,20,23,6,0,32.8806883,-117.2320461,-67.422,-101.186,7575.486,5356.677,0,0,0,0.9998999999999999,0.0,0.0,0.0,0.0,0.0,0,PVT
169623.0,2026,4,20,23,6,0,32.8806883,-117.2320461,-67.422,-101.186,7602.878,5376.047,0,0,0,0.9998999999999999,0.0,0.0,0.0,0.0,0.0,0,PVT
169624.0,2026,4,20,23,6,0,32.8806883,-117.2320461,-67.422,-101.186,7630.276,5395.42,0,0,0,0.9998999999999999,0.0,0.0,0.0,0.0,0.0,0,PVT
169625.0,2026,4,20,23,6,0,32.8806883,-117.2320461,-67.422,-101.186,7657.681,5414.799,0,0,0,0.9998999999999999,0.0,0.0,0.0,0.0,0.0,0,PVT
169626.0,2026,4,20,23,6,0,32.8806883,-117.2320461,-67.422,-101.186,7685.093,5434.181,0,0,0,0.9998999999999999,0.0,0.0,0.0,0.0,0.0,0,PVT
169627.0,2026,4,20,23,6,0,32.8806883,-117.2320461,-67.422,-101.186,7712.51,5453.568,0,0,0,0.9998999999999999,0.0,0.0,0.0,0.0,0.0,0,PVT
169628.0,2026,4,20,23,6,0,32.8806883,-117.2320461,-67.422,-101.186,7739.933,5472.96,0,0,0,0.9998999999999999,0.0,0.0,0.0,0.0,0.0,0,PVT
169629.0,2026,4,20,23,6,0,32.8806883,-117.2320461,-67.422,-101.186,7767.364,5492.356,0,0,0,0.9998999999999999,0.0,0.0,0.0,0.0,0.0,0,PVT
169630.0,2026,4,20,23,6,0,32.8806883,-117.2320461,-67.422,-101.186,7794.8,5511.756,0,0,0,0.9998999999999999,0.0,0.0,0.0,0.0,0.0,0,PVT
169631.0,2026,4,20,23,6,0,32.8806883,-117.2320461,-67.422,-101.186,7822.242,5531.161,0,0,0,0.9998999999999999,0.0,0.0,0.0,0.0,0.0,0,PVT
169632.0,2026,4,20,23,6,0,32.8806883,-117.2320461,-67.422,-101.186,7849.69,5550.569,0,0,0,0.9998999999999999,0.0,0.0,0.0,0.0,0.0,0,PVT
169633.0,2026,4,20,23,6,0,32.8806883,-117.2320461,-67.422,-101.186,7877.144,5569.982,0,0,0,0.9998999999999999,0.0,0.0,0.0,0.0,0.0,0,PVT
169634.0,2026,4,20,23,6,0,32.8806883,-117.2320461,-67.422,-101.186,7904.604,5589.399,0,0,0,0.9998999999999999,0.0,0.0,0.0,0.0,0.0,0,PVT
169635.0,2026,4,20,23,6,0,32.8806883,-117.2320461,-67.422,-101.186,7932.07,5608.821,0,0,0,0.9998999999999999,0.0,0.0,0.0,0.0,0.0,0,PVT
169636.0,2026,4,20,23,6,0,32.8806883,-117.2320461,-67.422,-101.186,7959.541,5628.246,0,0,0,0.9998999999999999,0.0,0.0,0.0,0.0,0.0,0,PVT
169637.0,2026,4,20,23,6,0,32.8806883,-117.2320461,-67.422,-101.186,7987.018,5647.675,0,0,0,0.9998999999999999,0.0,0.0,0.0,0.0,0.0,0,PVT
169638.0,2026,4,20,23,7,0,32.8806883,-117.2320461,-67.422,-101.186,8014.501,5667.108,0,0,0,0.9998999999999999,0.0,0.0,0.0,0.0,0.0,0,PVT
169639.0,2026,4,20,23,7,0,32.8806883,-117.2320461,-67.422,-101.186,8041.989,5686.545,0,0,0,0.9998999999999999,0.0,0.0,0.0,0.0,0.0,0,PVT
169640.0,2026,4,20,23,7,0,32.8806883,-117.2320461,-67.422,-101.186,8069.483,5705.986,0,0,0,0.9998999999999999,0.0,0.0,0.0,0.0,0.0,0,PVT
169641.0,2026,4,20,23,7,0,32.8806883,-117.2320461,-67.422,-101.186,8096.982,5725.431,0,0,0,0.9998999999999999,0.0,0.0,0.0,0.0,0.0,0,PVT
169642.0,2026,4,20,23,7,0,32.8806883,-117.2320461,-67.422,-101.186,8124.487,5744.88,0,0,0,0.9998999999999999,0.0,0.0,0.0,0.0,0.0,0,PVT
169643.0,2026,4,20,23,7,0,32.8806883,-117.2320461,-67.422,-101.186,8151.996,5764.332,0,0,0,0.9998999999999999,0.0,0.0,0.0,0.0,0.0,0,PVT
169644.0,2026,4,20,23,7,0,32.8806883,-117.2320461,-67.422,-101.186,8179.512,5783.788,0,0,0,0.9998999999999999,0.0,0.0,0.0,0.0,0.0,0,PVT
169645.0,2026,4,20,23,7,0,32.8806883,-117.2320461,-67.422,-101.186,8207.032,5803.248,0,0,0,0.9998999999999999,0.0,0.0,0.0,0.0,0.0,0,PVT
169646.0,2026,4,20,23,7,0,32.8806883,-117.2320461,-67.422,-101.186,8234.558,5822.712,0,0,0,0.9998999999999999,0.0,0.0,0.0,0.0,0.0,0,PVT
169647.0,2026,4,20,23,7,0,32.8806883,-117.2320461,-67.422,-101.186,8262.088,5842.179,0,0,0,0.9998999999999999,0.0,0.0,0.0,0.0,0.0,0,PVT
169648.0,2026,4,20,23,7,0,32.8806883,-117.2320461,-67.422,-101.186,8289.624,5861.65,0,0,0,0.9998999999999999,0.0,0.0,0.0,0.0,0.0,0,PVT
169649.0,2026,4,20,23,7,0,32.8806883,-117.2320461,-67.422,-101.186,8317.164,5881.124,0,0,0,0.9998999999999999,0.0,0.0,0.0,0.0,0.0,0,PVT
169650.0,2026,4,20,23,7,0,32.8806883,-117.2320461,-67.422,-101.186,8344.71,5900.602,0,0,0,0.9998999999999999,0.0,0.0,0.0,0.0,0.0,0,PVT
169651.0,2026,4,20,23,7,0,32.8806883,-117.2320461,-67.422,-101.186,8372.262,5920.083,0,0,0,0.9998999999999999,0.0,0.0,0.0,0.0,0.0,0,PVT
169652.0,2026,4,20,23,7,0,32.8806883,-117.2320461,-67.422,-101.186,8399.818,5939.568,0,0,0,0.9998999999999999,0.0,0.0,0.0,0.0,0.0,0,PVT
169653.0,2026,4,20,23,7,0,32.8806883,-117.2320461,-67.422,-101.186,8427.378,5959.056,0,0,0,0.9998999999999999,0.0,0.0,0.0,0.0,0.0,0,PVT
169654.0,2026,4,20,23,7,0,32.8806883,-117.2320461,-67.422,-101.186,8454.942,5978.548,0,0,0,0.9998999999999999,0.0,0.0,0.0,0.0,0.0,0,PVT
169655.0,2026,4,20,23,7,0,32.8806883,-117.2320461,-67.422,-101.186,8482.514,5998.043,0,0,0,0.9998999999999999,0.0,0.0,0.0,0.0,0.0,0,PVT
169656.0,2026,4,20,23,7,0,32.8806883,-117.2320461,-67.422,-101.186,8510.088,6017.541,0,0,0,0.9998999999999999,0.0,0.0,0.0,0.0,0.0,0,PVT
169657.0,2026,4,20,23,7,0,32.8806883,-117.2320461,-67.422,-101.186,8537.666,6037.042,0,0,0,0.9998999999999999,0.0,0.0,0.0,0.0,0.0,0,PVT
169658.0,2026,4,20,23,7,0,32.8806883,-117.2320461,-67.422,-101.186,8565.252,6056.547,0,0,0,0.9998999999999999,0.0,0.0,0.0,0.0,0.0,0,PVT
169659.0,2026,4,20,23,7,0,32.8806883,-117.2320461,-67.422,-101.186,8592.84,6076.055,0,0,0,0.9998999999999999,0.0,0.0,0.0,0.0,0.0,0,PVT
169660.0,2026,4,20,23,7,0,32.8806883,-117.2320461,-67.422,-101.186,8620.432,6095.566,0,0,0,0.9998999999999999,0.0,0.0,0.0,0.0,0.0,0,PVT
169661.0,2026,4,20,23,7,0,32.8806883,-117.2320461,-67.422,-101.186,8648.03,6115.081,0,0,0,0.9998999999999999,0.0,0.0,0.0,0.0,0.0,0,PVT
169662.0,2026,4,20,23,7,0,32.8806883,-117.2320461,-67.422,-101.186,8675.632,6134.598,0,0,0,0.9998999999999999,0.0,0.0,0.0,0.0,0.0,0,PVT
169663.0,2026,4,20,23,7,0,32.8806883,-117.2320461,-67.422,-101.186,8703.238,6154.118,0,0,0,0.9998999999999999,0.0,0.0,0.0,0.0,0.0,0,PVT
169664.0,2026,4,20,23,7,0,32.8806883,-117.2320461,-67.422,-101.186,8730.85,6173.642,0,0,0,0.9998999999999999,0.0,0.0,0.0,0.0,0.0,0,PVT
169665.0,2026,4,20,23,7,0,32.8806883,-117.2320461,-67.422,-101.186,8758.464,6193.169,0,0,0,0.9998999999999999,0.0,0.0,0.0,0.0,0.0,0,PVT
169666.0,2026,4,20,23,7,0,32.8806883,-117.2320461,-67.422,-101.186,8786.082,6212.698,0,0,0,0.9998999999999999,0.0,0.0,0.0,0.0,0.0,0,PVT
169667.0,2026,4,20,23,7,0,32.8806883,-117.2320461,-67.422,-101.186,8813.706,6232.231,0,0,0,0.9998999999999999,0.0,0.0,0.0,0.0,0.0,0,PVT
169668.0,2026,4,20,23,7,0,32.8806883,-117.2320461,-67.422,-101.186,8841.334,6251.767,0,0,0,0.9998999999999999,0.0,0.0,0.0,0.0,0.0,0,PVT
169669.0,2026,4,20,23,7,0,32.8806883,-117.2320461,-67.422,-101.186,8868.964,6271.305,0,0,0,0.9998999999999999,0.0,0.0,0.0,0.0,0.0,0,PVT
169670.0,2026,4,20,23,7,0,32.8806883,-117.2320461,-67.422,-101.186,8896.6,6290.846,0,0,0,0.9998999999999999,0.0,0.0,0.0,0.0,0.0,0,PVT
169671.0,2026,4,20,23,7,0,32.8806883,-117.2320461,-67.422,-101.186,8924.24,6310.391,0,0,0,0.9998999999999999,0.0,0.0,0.0,0.0,0.0,0,PVT
169672.0,2026,4,20,23,7,0,32.8806883,-117.2320461,-67.422,-101.186,8951.884,6329.938,0,0,0,0.9998999999999999,0.0,0.0,0.0,0.0,0.0,0,PVT
169673.0,2026,4,20,23,7,0,32.8806883,-117.2320461,-67.422,-101.186,8979.532,6349.489,0,0,0,0.9998999999999999,0.0,0.0,0.0,0.0,0.0,0,PVT
169674.0,2026,4,20,23,7,0,32.8806883,-117.2320461,-67.422,-101.186,9007.184,6369.041,0,0,0,0.9998999999999999,0.0,0.0,0.0,0.0,0.0,0,PVT
169675.0,2026,4,20,23,7,0,32.8806883,-117.2320461,-67.422,-101.186,9034.84,6388.596,0,0,0,0.9998999999999999,0.0,0.0,0.0,0.0,0.0,0,PVT
169676.0,2026,4,20,23,7,0,32.8806883,-117.2320461,-67.422,-101.186,9062.5,6408.155,0,0,0,0.9998999999999999,0.0,0.0,0.0,0.0,0.0,0,PVT
169677.0,2026,4,20,23,7,0,32.8806883,-117.2320461,-67.422,-101.186,9090.162,6427.716,0,0,0,0.9998999999999999,0.0,0.0,0.0,0.0,0.0,0,PVT
169678.0,2026,4,20,23,7,0,32.8806883,-117.2320461,-67.422,-101.186,9117.83,6447.28,0,0,0,0.9998999999999999,0.0,0.0,0.0,0.0,0.0,0,PVT
169679.0,2026,4,20,23,7,0,32.8806883,-117.2320461,-67.422,-101.186,9145.5,6466.846,0,0,0,0.9998999999999999,0.0,0.0,0.0,0.0,0.0,0,PVT
169680.0,2026,4,20,23,7,0,32.8806883,-117.2320461,-67.422,-101.186,9173.176,6486.415,0,0,0,0.9998999999999999,0.0,0.0,0.0,0.0,0.0,0,PVT
169681.0,2026,4,20,23,7,0,32.8806883,-117.2320461,-67.422,-101.186,9200.854,6505.987,0,0,0,0.9998999999999999,0.0,0.0,0.0,0.0,0.0,0,PVT
169682.0,2026,4,20,23,7,0,32.8806883,-117.2320461,-67.422,-101.186,9228.536,6525.56,0,0,0,0.9998999999999999,0.0,0.0,0.0,0.0,0.0,0,PVT
169683.0,2026,4,20,23,7,0,32.8806883,-117.2320461,-67.422,-101.186,9256.222,6545.137,0,0,0,0.9998999999999999,0.0,0.0,0.0,0.0,0.0,0,PVT
169684.0,2026,4,20,23,7,0,32.8806883,-117.2320461,-67.422,-101.186,9283.912,6564.717,0,0,0,0.9998999999999999,0.0,0.0,0.0,0.0,0.0,0,PVT
169685.0,2026,4,20,23,7,0,32.8806883,-117.2320461,-67.422,-101.186,9311.604,6584.299,0,0,0,0.9998999999999999,0.0,0.0,0.0,0.0,0.0,0,PVT
169686.0,2026,4,20,23,7,0,32.8806883,-117.2320461,-67.422,-101.186,9339.3,6603.883,0,0,0,0.9998999999999999,0.0,0.0,0.0,0.0,0.0,0,PVT
169687.0,2026,4,20,23,7,0,32.8806883,-117.2320461,-67.422,-101.186,9367.0,6623.47,0,0,0,0.9998999999999999,0.0,0.0,0.0,0.0,0.0,0,PVT
169688.0,2026,4,20,23,7,0,32.8806883,-117.2320461,-67.422,-101.186,9394.704,6643.059,0,0,0,0.9998999999999999,0.0,0.0,0.0,0.0,0.0,0,PVT
169689.0,2026,4,20,23,7,0,32.8806883,-117.2320461,-67.422,-101.186,9422.412,6662.651,0,0,0,0.9998999999999999,0.0,0.0,0.0,0.0,0.0,0,PVT
169690.0,2026,4,20,23,7,0,32.8806883,-117.2320461,-67.422,-101.186,9450.122,6682.245,0,0,0,0.9998999999999999,0.0,0.0,0.0,0.0,0.0,0,PVT
169691.0,2026,4,20,23,7,0,32.8806883,-117.2320461,-67.422,-101.186,9477.836,6701.842,0,0,0,0.9998999999999999,0.0,0.0,0.0,0.0,0.0,0,PVT
169692.0,2026,4,20,23,7,0,32.8806883,-117.2320461,-67.422,-101.186,9505.552,6721.441,0,0,0,0.9998999999999999,0.0,0.0,0.0,0.0,0.0,0,PVT
169693.0,2026,4,20,23,7,0,32.8806883,-117.2320461,-67.422,-101.186,9533.272,6741.042,0,0,0,0.9998999999999999,0.0,0.0,0.0,0.0,0.0,0,PVT
169694.0,2026,4,20,23,7,0,32.8806883,-117.2320461,-67.422,-101.186,9560.996,6760.646,0,0,0,0.9998999999999999,0.0,0.0,0.0,0.0,0.0,0,PVT
169695.0,2026,4,20,23,7,0,32.8806883,-117.2320461,-67.422,-101.186,9588.724,6780.252,0,0,0,0.9998999999999999,0.0,0.0,0.0,0.0,0.0,0,PVT
169696.0,2026,4,20,23,7,0,32.8806883,-117.2320461,-67.422,-101.186,9616.454,6799.86,0,0,0,0.9998999999999999,0.0,0.0,0.0,0.0,0.0,0,PVT
169697.0,2026,4,20,23,7,0,32.8806883,-117.2320461,-67.422,-101.186,9644.188,6819.47,0,0,0,0.9998999999999999,0.0,0.0,0.0,0.0,0.0,0,PVT
169699.0,2026,4,20,23,8,0,32.8806883,-117.2320461,-67.422,-101.186,9699.664,6858.698,0,0,0,0.9998999999999999,0.0,0.0,0.0,0.0,0.0,0,PVT
169700.0,2026,4,20,23,8,0,32.8806883,-117.2320461,-67.422,-101.186,9727.408,6878.316,0,0,0,0.9998999999999999,0.0,0.0,0.0,0.0,0.0,0,PVT
169701.0,2026,4,20,23,8,0,32.8806883,-117.2320461,-67.422,-101.186,9755.154,6897.935,0,0,0,0.9998999999999999,0.0,0.0,0.0,0.0,0.0,0,PVT
169702.0,2026,4,20,23,8,0,32.8806883,-117.2320461,-67.422,-101.186,9782.902,6917.557,0,0,0,0.9998999999999999,0.0,0.0,0.0,0.0,0.0,0,PVT
169703.0,2026,4,20,23,8,0,32.8806883,-117.2320461,-67.422,-101.186,9810.654,6937.18,0,0,0,0.9998999999999999,0.0,0.0,0.0,0.0,0.0,0,PVT
169704.0,2026,4,20,23,8,0,32.8806883,-117.2320461,-67.422,-101.186,9838.41,6956.806,0,0,0,0.9998999999999999,0.0,0.0,0.0,0.0,0.0,0,PVT
169705.0,2026,4,20,23,8,0,32.8806883,-117.2320461,-67.422,-101.186,9866.168,6976.434,0,0,0,0.9998999999999999,0.0,0.0,0.0,0.0,0.0,0,PVT
169706.0,2026,4,20,23,8,0,32.8806883,-117.2320461,-67.422,-101.186,9893.93,6996.065,0,0,0,0.9998999999999999,0.0,0.0,0.0,0.0,0.0,0,PVT
169707.0,2026,4,20,23,8,0,32.8806883,-117.2320461,-67.422,-101.186,9921.694,7015.697,0,0,0,0.9998999999999999,0.0,0.0,0.0,0.0,0.0,0,PVT
169708.0,2026,4,20,23,8,0,32.8806883,-117.2320461,-67.422,-101.186,9949.46,7035.332,0,0,0,0.9998999999999999,0.0,0.0,0.0,0.0,0.0,0,PVT
169709.0,2026,4,20,23,8,0,32.8806883,-117.2320461,-67.422,-101.186,9977.23,7054.968,0,0,0,0.9998999999999999,0.0,0.0,0.0,0.0,0.0,0,PVT
169710.0,2026,4,20,23,8,0,32.8806883,-117.2320461,-67.422,-101.186,10005.004,7074.606,0,0,0,0.9998999999999999,0.0,0.0,0.0,0.0,0.0,0,PVT
169711.0,2026,4,20,23,8,0,32.8806883,-117.2320461,-67.422,-101.186,10032.78,7094.246,0,0,0,0.9998999999999999,0.0,0.0,0.0,0.0,0.0,0,PVT
169712.0,2026,4,20,23,8,0,32.8806883,-117.2320461,-67.422,-101.186,10060.558,7113.889,0,0,0,0.9998999999999999,0.0,0.0,0.0,0.0,0.0,0,PVT
169713.0,2026,4,20,23,8,0,32.8806883,-117.2320461,-67.422,-101.186,10088.34,7133.533,0,0,0,0.9998999999999999,0.0,0.0,0.0,0.0,0.0,0,PVT
169714.0,2026,4,20,23,8,0,32.8806883,-117.2320461,-67.422,-101.186,10116.124,7153.18,0,0,0,0.9998999999999999,0.0,0.0,0.0,0.0,0.0,0,PVT
169715.0,2026,4,20,23,8,0,32.8806883,-117.2320461,-67.422,-101.186,10143.91,7172.828,0,0,0,0.9998999999999999,0.0,0.0,0.0,0.0,0.0,0,PVT
169716.0,2026,4,20,23,8,0,32.8806883,-117.2320461,-67.422,-101.186,10171.7,7192.478,0,0,0,0.9998999999999999,0.0,0.0,0.0,0.0,0.0,0,PVT
169717.0,2026,4,20,23,8,0,32.8806883,-117.2320461,-67.422,-101.186,10199.492,7212.131,0,0,0,0.9998999999999999,0.0,0.0,0.0,0.0,0.0,0,PVT
169718.0,2026,4,20,23,8,0,32.8806883,-117.2320461,-67.422,-101.186,10227.288,7231.785,0,0,0,0.9998999999999999,0.0,0.0,0.0,0.0,0.0,0,PVT
169719.0,2026,4,20,23,8,0,32.8806883,-117.2320461,-67.422,-101.186,10255.086,7251.441,0,0,0,0.9998999999999999,0.0,0.0,0.0,0.0,0.0,0,PVT
169720.0,2026,4,20,23,8,0,32.8806883,-117.2320461,-67.422,-101.186,10282.886,7271.099,0,0,0,0.9998999999999999,0.0,0.0,0.0,0.0,0.0,0,PVT
169721.0,2026,4,20,23,8,0,32.8806883,-117.2320461,-67.422,-101.186,10310.688,7290.758,0,0,0,0.9998999999999999,0.0,0.0,0.0,0.0,0.0,0,PVT
169722.0,2026,4,20,23,8,0,32.8806883,-117.2320461,-67.422,-101.186,10338.496,7310.42,0,0,0,0.9998999999999999,0.0,0.0,0.0,0.0,0.0,0,PVT
169723.0,2026,4,20,23,8,0,32.8806883,-117.2320461,-67.422,-101.186,10366.304,7330.083,0,0,0,0.9998999999999999,0.0,0.0,0.0,0.0,0.0,0,PVT
169724.0,2026,4,20,23,8,0,32.8806883,-117.2320461,-67.422,-101.186,10394.114,7349.749,0,0,0,0.9998999999999999,0.0,0.0,0.0,0.0,0.0,0,PVT
169725.0,2026,4,20,23,8,0,32.8806883,-117.2320461,-67.422,-101.186,10421.928,7369.416,0,0,0,0.9998999999999999,0.0,0.0,0.0,0.0,0.0,0,PVT
169726.0,2026,4,20,23,8,0,32.8806883,-117.2320461,-67.422,-101.186,10449.744,7389.084,0,0,0,0.9998999999999999,0.0,0.0,0.0,0.0,0.0,0,PVT
169727.0,2026,4,20,23,8,0,32.8806883,-117.2320461,-67.422,-101.186,10477.562,7408.755,0,0,0,0.9998999999999999,0.0,0.0,0.0,0.0,0.0,0,PVT
169728.0,2026,4,20,23,8,0,32.8806883,-117.2320461,-67.422,-101.186,10505.382,7428.427,0,0,0,0.9998999999999999,0.0,0.0,0.0,0.0,0.0,0,PVT
169729.0,2026,4,20,23,8,0,32.8806883,-117.2320461,-67.422,-101.186,10533.206,7448.101,0,0,0,0.9998999999999999,0.0,0.0,0.0,0.0,0.0,0,PVT
169731.0,2026,4,20,23,8,0,32.8806883,-117.2320461,-67.422,-101.186,10588.86,7487.455,0,0,0,0.9998999999999999,0.0,0.0,0.0,0.0,0.0,0,PVT
169732.0,2026,4,20,23,8,0,32.8806883,-117.2320461,-67.422,-101.186,10616.69,7507.134,0,0,0,0.9998999999999999,0.0,0.0,0.0,0.0,0.0,0,PVT
169733.0,2026,4,20,23,8,0,32.8806883,-117.2320461,-67.422,-101.186,10644.524,7526.815,0,0,0,0.9998999999999999,0.0,0.0,0.0,0.0,0.0,0,PVT
169734.0,2026,4,20,23,8,0,32.8806883,-117.2320461,-67.422,-101.186,10672.358,7546.498,0,0,0,0.9998999999999999,0.0,0.0,0.0,0.0,0.0,0,PVT
169735.0,2026,4,20,23,8,0,32.8806883,-117.2320461,-67.422,-101.186,10700.196,7566.182,0,0,0,0.9998999999999999,0.0,0.0,0.0,0.0,0.0,0,PVT
169736.0,2026,4,20,23,8,0,32.8806883,-117.2320461,-67.422,-101.186,10728.036,7585.868,0,0,0,0.9998999999999999,0.0,0.0,0.0,0.0,0.0,0,PVT
169737.0,2026,4,20,23,8,0,32.8806883,-117.2320461,-67.422,-101.186,10755.88,7605.555,0,0,0,0.9998999999999999,0.0,0.0,0.0,0.0,0.0,0,PVT
169738.0,2026,4,20,23,8,0,32.8806883,-117.2320461,-67.422,-101.186,10783.724,7625.245,0,0,0,0.9998999999999999,0.0,0.0,0.0,0.0,0.0,0,PVT
169739.0,2026,4,20,23,8,0,32.8806883,-117.2320461,-67.422,-101.186,10811.572,7644.936,0,0,0,0.9998999999999999,0.0,0.0,0.0,0.0,0.0,0,PVT
169740.0,2026,4,20,23,8,0,32.8806883,-117.2320461,-67.422,-101.186,10839.42,7664.628,0,0,0,0.9998999999999999,0.0,0.0,0.0,0.0,0.0,0,PVT
169741.0,2026,4,20,23,8,0,32.8806883,-117.2320461,-67.422,-101.186,10867.272,7684.322,0,0,0,0.9998999999999999,0.0,0.0,0.0,0.0,0.0,0,PVT
169742.0,2026,4,20,23,8,0,32.8806883,-117.2320461,-67.422,-101.186,10895.126,7704.018,0,0,0,0.9998999999999999,0.0,0.0,0.0,0.0,0.0,0,PVT
169743.0,2026,4,20,23,8,0,32.8806883,-117.2320461,-67.422,-101.186,10922.982,7723.715,0,0,0,0.9998999999999999,0.0,0.0,0.0,0.0,0.0,0,PVT
169744.0,2026,4,20,23,8,0,32.8806883,-117.2320461,-67.422,-101.186,10950.84,7743.413,0,0,0,0.9998999999999999,0.0,0.0,0.0,0.0,0.0,0,PVT
169745.0,2026,4,20,23,8,0,32.8806883,-117.2320461,-67.422,-101.186,10978.7,7763.114,0,0,0,0.9998999999999999,0.0,0.0,0.0,0.0,0.0,0,PVT
169746.0,2026,4,20,23,8,0,32.8806883,-117.2320461,-67.422,-101.186,11006.562,7782.815,0,0,0,0.9998999999999999,0.0,0.0,0.0,0.0,0.0,0,PVT
169747.0,2026,4,20,23,8,0,32.8806883,-117.2320461,-67.422,-101.186,11034.428,7802.519,0,0,0,0.9998999999999999,0.0,0.0,0.0,0.0,0.0,0,PVT
169748.0,2026,4,20,23,8,0,32.8806883,-117.2320461,-67.422,-101.186,11062.294,7822.224,0,0,0,0.9998999999999999,0.0,0.0,0.0,0.0,0.0,0,PVT
169749.0,2026,4,20,23,8,0,32.8806883,-117.2320461,-67.422,-101.186,11090.164,7841.93,0,0,0,0.9998999999999999,0.0,0.0,0.0,0.0,0.0,0,PVT
169750.0,2026,4,20,23,8,0,32.8806883,-117.2320461,-67.422,-101.186,11118.034,7861.638,0,0,0,0.9998999999999999,0.0,0.0,0.0,0.0,0.0,0,PVT
169751.0,2026,4,20,23,8,0,32.8806883,-117.2320461,-67.422,-101.186,11145.908,7881.347,0,0,0,0.9998999999999999,0.0,0.0,0.0,0.0,0.0,0,PVT
169752.0,2026,4,20,23,8,0,32.8806883,-117.2320461,-67.422,-101.186,11173.782,7901.058,0,0,0,0.9998999999999999,0.0,0.0,0.0,0.0,0.0,0,PVT
169753.0,2026,4,20,23,8,0,32.8806883,-117.2320461,-67.422,-101.186,11201.66,7920.77,0,0,0,0.9998999999999999,0.0,0.0,0.0,0.0,0.0,0,PVT
169754.0,2026,4,20,23,8,0,32.8806883,-117.2320461,-67.422,-101.186,11229.54,7940.483,0,0,0,0.9998999999999999,0.0,0.0,0.0,0.0,0.0,0,PVT
169755.0,2026,4,20,23,8,0,32.8806883,-117.2320461,-67.422,-101.186,11257.42,7960.199,0,0,0,0.9998999999999999,0.0,0.0,0.0,0.0,0.0,0,PVT
169756.0,2026,4,20,23,8,0,32.8806883,-117.2320461,-67.422,-101.186,11285.304,7979.915,0,0,0,0.9998999999999999,0.0,0.0,0.0,0.0,0.0,0,PVT
169757.0,2026,4,20,23,8,0,32.8806883,-117.2320461,-67.422,-101.186,11313.188,7999.633,0,0,0,0.9998999999999999,0.0,0.0,0.0,0.0,0.0,0,PVT
169758.0,2026,4,20,23,9,0,32.8806883,-117.2320461,-67.422,-101.186,11341.076,8019.352,0,0,0,0.9998999999999999,0.0,0.0,0.0,0.0,0.0,0,PVT
169759.0,2026,4,20,23,9,0,32.8806883,-117.2320461,-67.422,-101.186,11368.966,8039.073,0,0,0,0.9998999999999999,0.0,0.0,0.0,0.0,0.0,0,PVT
169760.0,2026,4,20,23,9,0,32.8806883,-117.2320461,-67.422,-101.186,11396.856,8058.795,0,0,0,0.9998999999999999,0.0,0.0,0.0,0.0,0.0,0,PVT
169761.0,2026,4,20,23,9,0,32.8806883,-117.2320461,-67.422,-101.186,11424.75,8078.518,0,0,0,0.9998999999999999,0.0,0.0,0.0,0.0,0.0,0,PVT
169762.0,2026,4,20,23,9,0,32.8806883,-117.2320461,-67.422,-101.186,11452.646,8098.243,0,0,0,0.9998999999999999,0.0,0.0,0.0,0.0,0.0,0,PVT
169763.0,2026,4,20,23,9,0,32.8806883,-117.2320461,-67.422,-101.186,11480.542,8117.969,0,0,0,0.9998999999999999,0.0,0.0,0.0,0.0,0.0,0,PVT
169764.0,2026,4,20,23,9,0,32.8806883,-117.2320461,-67.422,-101.186,11508.44,8137.696,0,0,0,0.9998999999999999,0.0,0.0,0.0,0.0,0.0,0,PVT
169765.0,2026,4,20,23,9,0,32.8806883,-117.2320461,-67.422,-101.186,11536.342,8157.426,0,0,0,0.9998999999999999,0.0,0.0,0.0,0.0,0.0,0,PVT
169766.0,2026,4,20,23,9,0,32.8806883,-117.2320461,-67.422,-101.186,11564.244,8177.155,0,0,0,0.9998999999999999,0.0,0.0,0.0,0.0,0.0,0,PVT
169767.0,2026,4,20,23,9,0,32.8806883,-117.2320461,-67.422,-101.186,11592.148,8196.887,0,0,0,0.9998999999999999,0.0,0.0,0.0,0.0,0.0,0,PVT
169768.0,2026,4,20,23,9,0,32.8806883,-117.2320461,-67.422,-101.186,11620.056,8216.619,0,0,0,0.9998999999999999,0.0,0.0,0.0,0.0,0.0,0,PVT
169769.0,2026,4,20,23,9,0,32.8806883,-117.2320461,-67.422,-101.186,11647.962,8236.353,0,0,0,0.9998999999999999,0.0,0.0,0.0,0.0,0.0,0,PVT
169770.0,2026,4,20,23,9,0,32.8806883,-117.2320461,-67.422,-101.186,11675.872,8256.088,0,0,0,0.9998999999999999,0.0,0.0,0.0,0.0,0.0,0,PVT
169771.0,2026,4,20,23,9,0,32.8806883,-117.2320461,-67.422,-101.186,11703.782,8275.824,0,0,0,0.9998999999999999,0.0,0.0,0.0,0.0,0.0,0,PVT
169772.0,2026,4,20,23,9,0,32.8806883,-117.2320461,-67.422,-101.186,11731.696,8295.563,0,0,0,0.9998999999999999,0.0,0.0,0.0,0.0,0.0,0,PVT
169773.0,2026,4,20,23,9,0,32.8806883,-117.2320461,-67.422,-101.186,11759.612,8315.302,0,0,0,0.9998999999999999,0.0,0.0,0.0,0.0,0.0,0,PVT
169774.0,2026,4,20,23,9,0,32.8806883,-117.2320461,-67.422,-101.186,11787.53,8335.042,0,0,0,0.9998999999999999,0.0,0.0,0.0,0.0,0.0,0,PVT
169775.0,2026,4,20,23,9,0,32.8806883,-117.2320461,-67.422,-101.186,11815.448,8354.783,0,0,0,0.9998999999999999,0.0,0.0,0.0,0.0,0.0,0,PVT
169776.0,2026,4,20,23,9,0,32.8806883,-117.2320461,-67.422,-101.186,11843.368,8374.527,0,0,0,0.9998999999999999,0.0,0.0,0.0,0.0,0.0,0,PVT
169777.0,2026,4,20,23,9,0,32.8806883,-117.2320461,-67.422,-101.186,11871.29,8394.27,0,0,0,0.9998999999999999,0.0,0.0,0.0,0.0,0.0,0,PVT
169778.0,2026,4,20,23,9,0,32.8806883,-117.2320461,-67.422,-101.186,11899.214,8414.016,0,0,0,0.9998999999999999,0.0,0.0,0.0,0.0,0.0,0,PVT
169779.0,2026,4,20,23,9,0,32.8806883,-117.2320461,-67.422,-101.186,11927.142,8433.762,0,0,0,0.9998999999999999,0.0,0.0,0.0,0.0,0.0,0,PVT
169780.0,2026,4,20,23,9,0,32.8806883,-117.2320461,-67.422,-101.186,11955.066,8453.51,0,0,0,0.9998999999999999,0.0,0.0,0.0,0.0,0.0,0,PVT
169781.0,2026,4,20,23,9,0,32.8806883,-117.2320461,-67.422,-101.186,11982.996,8473.258,0,0,0,0.9998999999999999,0.0,0.0,0.0,0.0,0.0,0,PVT
169782.0,2026,4,20,23,9,0,32.8806883,-117.2320461,-67.422,-101.186,12010.928,8493.008,0,0,0,0.9998999999999999,0.0,0.0,0.0,0.0,0.0,0,PVT
169783.0,2026,4,20,23,9,0,32.8806883,-117.2320461,-67.422,-101.186,12038.858,8512.76,0,0,0,0.9998999999999999,0.0,0.0,0.0,0.0,0.0,0,PVT
169784.0,2026,4,20,23,9,0,32.8806883,-117.2320461,-67.422,-101.186,12066.794,8532.512,0,0,0,0.9998999999999999,0.0,0.0,0.0,0.0,0.0,0,PVT
169785.0,2026,4,20,23,9,0,32.8806883,-117.2320461,-67.422,-101.186,12094.73,8552.266,0,0,0,0.9998999999999999,0.0,0.0,0.0,0.0,0.0,0,PVT
169786.0,2026,4,20,23,9,0,32.8806883,-117.2320461,-67.422,-101.186,12122.666,8572.02,0,0,0,0.9998999999999999,0.0,0.0,0.0,0.0,0.0,0,PVT
169787.0,2026,4,20,23,9,0,32.8806883,-117.2320461,-67.422,-101.186,12150.604,8591.774,0,0,0,0.9998999999999999,0.0,0.0,0.0,0.0,0.0,0,PVT
169788.0,2026,4,20,23,9,0,32.8806883,-117.2320461,-67.422,-101.186,12178.546,8611.532,0,0,0,0.9998999999999999,0.0,0.0,0.0,0.0,0.0,0,PVT
169789.0,2026,4,20,23,9,0,32.8806883,-117.2320461,-67.422,-101.186,12206.486,8631.29,0,0,0,0.9998999999999999,0.0,0.0,0.0,0.0,0.0,0,PVT
169790.0,2026,4,20,23,9,0,32.8806883,-117.2320461,-67.422,-101.186,12234.43,8651.05,0,0,0,0.9998999999999999,0.0,0.0,0.0,0.0,0.0,0,PVT
169791.0,2026,4,20,23,9,0,32.8806883,-117.2320461,-67.422,-101.186,12262.376,8670.81,0,0,0,0.9998999999999999,0.0,0.0,0.0,0.0,0.0,0,PVT
169792.0,2026,4,20,23,9,0,32.8806883,-117.2320461,-67.422,-101.186,12290.322,8690.57,0,0,0,0.9998999999999999,0.0,0.0,0.0,0.0,0.0,0,PVT
169793.0,2026,4,20,23,9,0,32.8806883,-117.2320461,-67.422,-101.186,12318.27,8710.332,0,0,0,0.9998999999999999,0.0,0.0,0.0,0.0,0.0,0,PVT
169794.0,2026,4,20,23,9,0,32.8806883,-117.2320461,-67.422,-101.186,12346.22,8730.096,0,0,0,0.9998999999999999,0.0,0.0,0.0,0.0,0.0,0,PVT
169795.0,2026,4,20,23,9,0,32.8806883,-117.2320461,-67.422,-101.186,12374.172,8749.86,0,0,0,0.9998999999999999,0.0,0.0,0.0,0.0,0.0,0,PVT
169796.0,2026,4,20,23,9,0,32.8806883,-117.2320461,-67.422,-101.186,12402.124,8769.626,0,0,0,0.9998999999999999,0.0,0.0,0.0,0.0,0.0,0,PVT
169797.0,2026,4,20,23,9,0,32.8806883,-117.2320461,-67.422,-101.186,12430.078,8789.394,0,0,0,0.9998999999999999,0.0,0.0,0.0,0.0,0.0,0,PVT
169798.0,2026,4,20,23,9,0,32.8806883,-117.2320461,-67.422,-101.186,12458.034,8809.16,0,0,0,0.9998999999999999,0.0,0.0,0.0,0.0,0.0,0,PVT
169799.0,2026,4,20,23,9,0,32.8806883,-117.2320461,-67.422,-101.186,12485.992,8828.93,0,0,0,0.9998999999999999,0.0,0.0,0.0,0.0,0.0,0,PVT
169800.0,2026,4,20,23,9,0,32.8806883,-117.2320461,-67.422,-101.186,12513.948,8848.698,0,0,0,0.9998999999999999,0.0,0.0,0.0,0.0,0.0,0,PVT
169801.0,2026,4,20,23,9,0,32.8806883,-117.2320461,-67.422,-101.186,12541.91,8868.47,0,0,0,0.9998999999999999,0.0,0.0,0.0,0.0,0.0,0,PVT
169802.0,2026,4,20,23,9,0,32.8806883,-117.2320461,-67.422,-101.186,12569.872,8888.242,0,0,0,0.9998999999999999,0.0,0.0,0.0,0.0,0.0,0,PVT
169803.0,2026,4,20,23,9,0,32.8806883,-117.2320461,-67.422,-101.186,12597.834,8908.014,0,0,0,0.9998999999999999,0.0,0.0,0.0,0.0,0.0,0,PVT
169804.0,2026,4,20,23,9,0,32.8806883,-117.2320461,-67.422,-101.186,12625.8,8927.788,0,0,0,0.9998999999999999,0.0,0.0,0.0,0.0,0.0,0,PVT
169805.0,2026,4,20,23,9,0,32.8806883,-117.2320461,-67.422,-101.186,12653.766,8947.562,0,0,0,0.9998999999999999,0.0,0.0,0.0,0.0,0.0,0,PVT
169806.0,2026,4,20,23,9,0,32.8806883,-117.2320461,-67.422,-101.186,12681.732,8967.34,0,0,0,0.9998999999999999,0.0,0.0,0.0,0.0,0.0,0,PVT
169807.0,2026,4,20,23,9,0,32.8806883,-117.2320461,-67.422,-101.186,12709.7,8987.116,0,0,0,0.9998999999999999,0.0,0.0,0.0,0.0,0.0,0,PVT
169808.0,2026,4,20,23,9,0,32.8806883,-117.2320461,-67.422,-101.186,12737.67,9006.894,0,0,0,0.9998999999999999,0.0,0.0,0.0,0.0,0.0,0,PVT
169809.0,2026,4,20,23,9,0,32.8806883,-117.2320461,-67.422,-101.186,12765.642,9026.672,0,0,0,0.9998999999999999,0.0,0.0,0.0,0.0,0.0,0,PVT
169810.0,2026,4,20,23,9,0,32.8806883,-117.2320461,-67.422,-101.186,12793.614,9046.452,0,0,0,0.9998999999999999,0.0,0.0,0.0,0.0,0.0,0,PVT
169811.0,2026,4,20,23,9,0,32.8806883,-117.2320461,-67.422,-101.186,12821.59,9066.232,0,0,0,0.9998999999999999,0.0,0.0,0.0,0.0,0.0,0,PVT
169812.0,2026,4,20,23,9,0,32.8806883,-117.2320461,-67.422,-101.186,12849.564,9086.016,0,0,0,0.9998999999999999,0.0,0.0,0.0,0.0,0.0,0,PVT
169813.0,2026,4,20,23,9,0,32.8806883,-117.2320461,-67.422,-101.186,12877.542,9105.798,0,0,0,0.9998999999999999,0.0,0.0,0.0,0.0,0.0,0,PVT
169814.0,2026,4,20,23,9,0,32.8806883,-117.2320461,-67.422,-101.186,12905.522,9125.582,0,0,0,0.9998999999999999,0.0,0.0,0.0,0.0,0.0,0,PVT
169815.0,2026,4,20,23,9,0,32.8806883,-117.2320461,-67.422,-101.186,12933.5,9145.364,0,0,0,0.9998999999999999,0.0,0.0,0.0,0.0,0.0,0,PVT
169816.0,2026,4,20,23,9,0,32.8806883,-117.2320461,-67.422,-101.186,12961.48,9165.15,0,0,0,0.9998999999999999,0.0,0.0,0.0,0.0,0.0,0,PVT
169817.0,2026,4,20,23,9,0,32.8806883,-117.2320461,-67.422,-101.186,12989.464,9184.938,0,0,0,0.9998999999999999,0.0,0.0,0.0,0.0,0.0,0,PVT
169818.0,2026,4,20,23,10,0,32.8806883,-117.2320461,-67.422,-101.186,13017.446,9204.726,0,0,0,0.9998999999999999,0.0,0.0,0.0,0.0,0.0,0,PVT
169819.0,2026,4,20,23,10,0,32.8806883,-117.2320461,-67.422,-101.186,13045.43,9224.514,0,0,0,0.9998999999999999,0.0,0.0,0.0,0.0,0.0,0,PVT
169820.0,2026,4,20,23,10,0,32.8806883,-117.2320461,-67.422,-101.186,13073.416,9244.302,0,0,0,0.9998999999999999,0.0,0.0,0.0,0.0,0.0,0,PVT
169821.0,2026,4,20,23,10,0,32.8806883,-117.2320461,-67.422,-101.186,13101.404,9264.092,0,0,0,0.9998999999999999,0.0,0.0,0.0,0.0,0.0,0,PVT
169822.0,2026,4,20,23,10,0,32.8806883,-117.2320461,-67.422,-101.186,13129.394,9283.884,0,0,0,0.9998999999999999,0.0,0.0,0.0,0.0,0.0,0,PVT
169823.0,2026,4,20,23,10,0,32.8806883,-117.2320461,-67.422,-101.186,13157.382,9303.676,0,0,0,0.9998999999999999,0.0,0.0,0.0,0.0,0.0,0,PVT
169824.0,2026,4,20,23,10,0,32.8806883,-117.2320461,-67.422,-101.186,13185.374,9323.468,0,0,0,0.9998999999999999,0.0,0.0,0.0,0.0,0.0,0,PVT
169825.0,2026,4,20,23,10,0,32.8806883,-117.2320461,-67.422,-101.186,13213.366,9343.262,0,0,0,0.9998999999999999,0.0,0.0,0.0,0.0,0.0,0,PVT
169826.0,2026,4,20,23,10,0,32.8806883,-117.2320461,-67.422,-101.186,13241.36,9363.056,0,0,0,0.9998999999999999,0.0,0.0,0.0,0.0,0.0,0,PVT
169827.0,2026,4,20,23,10,0,32.8806883,-117.2320461,-67.422,-101.186,13269.354,9382.852,0,0,0,0.9998999999999999,0.0,0.0,0.0,0.0,0.0,0,PVT
169828.0,2026,4,20,23,10,0,32.8806883,-117.2320461,-67.422,-101.186,13297.352,9402.648,0,0,0,0.9998999999999999,0.0,0.0,0.0,0.0,0.0,0,PVT
169829.0,2026,4,20,23,10,0,32.8806883,-117.2320461,-67.422,-101.186,13325.348,9422.444,0,0,0,0.9998999999999999,0.0,0.0,0.0,0.0,0.0,0,PVT
169830.0,2026,4,20,23,10,0,32.8806883,-117.2320461,-67.422,-101.186,13353.348,9442.242,0,0,0,0.9998999999999999,0.0,0.0,0.0,0.0,0.0,0,PVT
169831.0,2026,4,20,23,10,0,32.8806883,-117.2320461,-67.422,-101.186,13381.346,9462.042,0,0,0,0.9998999999999999,0.0,0.0,0.0,0.0,0.0,0,PVT
169832.0,2026,4,20,23,10,0,32.8806883,-117.2320461,-67.422,-101.186,13409.348,9481.84,0,0,0,0.9998999999999999,0.0,0.0,0.0,0.0,0.0,0,PVT
169833.0,2026,4,20,23,10,0,32.8806883,-117.2320461,-67.422,-101.186,13437.35,9501.642,0,0,0,0.9998999999999999,0.0,0.0,0.0,0.0,0.0,0,PVT
169834.0,2026,4,20,23,10,0,32.8806883,-117.2320461,-67.422,-101.186,13465.354,9521.442,0,0,0,0.9998999999999999,0.0,0.0,0.0,0.0,0.0,0,PVT
169835.0,2026,4,20,23,10,0,32.8806883,-117.2320461,-67.422,-101.186,13493.358,9541.246,0,0,0,0.9998999999999999,0.0,0.0,0.0,0.0,0.0,0,PVT
169836.0,2026,4,20,23,10,0,32.8806883,-117.2320461,-67.422,-101.186,13521.364,9561.048,0,0,0,0.9998999999999999,0.0,0.0,0.0,0.0,0.0,0,PVT
169837.0,2026,4,20,23,10,0,32.8806883,-117.2320461,-67.422,-101.186,13549.37,9580.854,0,0,0,0.9998999999999999,0.0,0.0,0.0,0.0,0.0,0,PVT
169838.0,2026,4,20,23,10,0,32.8806883,-117.2320461,-67.422,-101.186,13577.378,9600.656,0,0,0,0.9998999999999999,0.0,0.0,0.0,0.0,0.0,0,PVT
169839.0,2026,4,20,23,10,0,32.8806883,-117.2320461,-67.422,-101.186,13605.388,9620.462,0,0,0,0.9998999999999999,0.0,0.0,0.0,0.0,0.0,0,PVT
169840.0,2026,4,20,23,10,0,32.8806883,-117.2320461,-67.422,-101.186,13633.396,9640.268,0,0,0,0.9998999999999999,0.0,0.0,0.0,0.0,0.0,0,PVT
169841.0,2026,4,20,23,10,0,32.8806883,-117.2320461,-67.422,-101.186,13661.408,9660.076,0,0,0,0.9998999999999999,0.0,0.0,0.0,0.0,0.0,0,PVT
169842.0,2026,4,20,23,10,0,32.8806883,-117.2320461,-67.422,-101.186,13689.422,9679.882,0,0,0,0.9998999999999999,0.0,0.0,0.0,0.0,0.0,0,PVT
169843.0,2026,4,20,23,10,0,32.8806883,-117.2320461,-67.422,-101.186,13717.436,9699.692,0,0,0,0.9998999999999999,0.0,0.0,0.0,0.0,0.0,0,PVT
169844.0,2026,4,20,23,10,0,32.8806883,-117.2320461,-67.422,-101.186,13745.45,9719.502,0,0,0,0.9998999999999999,0.0,0.0,0.0,0.0,0.0,0,PVT
169845.0,2026,4,20,23,10,0,32.8806883,-117.2320461,-67.422,-101.186,13773.466,9739.312,0,0,0,0.9998999999999999,0.0,0.0,0.0,0.0,0.0,0,PVT
169846.0,2026,4,20,23,10,0,32.8806883,-117.2320461,-67.422,-101.186,13801.482,9759.122,0,0,0,0.9998999999999999,0.0,0.0,0.0,0.0,0.0,0,PVT
169847.0,2026,4,20,23,10,0,32.8806883,-117.2320461,-67.422,-101.186,13829.5,9778.934,0,0,0,0.9998999999999999,0.0,0.0,0.0,0.0,0.0,0,PVT
169848.0,2026,4,20,23,10,0,32.8806883,-117.2320461,-67.422,-101.186,13857.52,9798.746,0,0,0,0.9998999999999999,0.0,0.0,0.0,0.0,0.0,0,PVT
169849.0,2026,4,20,23,10,0,32.8806883,-117.2320461,-67.422,-101.186,13885.54,9818.56,0,0,0,0.9998999999999999,0.0,0.0,0.0,0.0,0.0,0,PVT
169850.0,2026,4,20,23,10,0,32.8806883,-117.2320461,-67.422,-101.186,13913.56,9838.374,0,0,0,0.9998999999999999,0.0,0.0,0.0,0.0,0.0,0,PVT
169851.0,2026,4,20,23,10,0,32.8806883,-117.2320461,-67.422,-101.186,13941.584,9858.188,0,0,0,0.9998999999999999,0.0,0.0,0.0,0.0,0.0,0,PVT
169852.0,2026,4,20,23,10,0,32.8806883,-117.2320461,-67.422,-101.186,13969.606,9878.004,0,0,0,0.9998999999999999,0.0,0.0,0.0,0.0,0.0,0,PVT
169853.0,2026,4,20,23,10,0,32.8806883,-117.2320461,-67.422,-101.186,13997.632,9897.82,0,0,0,0.9998999999999999,0.0,0.0,0.0,0.0,0.0,0,PVT
169854.0,2026,4,20,23,10,0,32.8806883,-117.2320461,-67.422,-101.186,14025.656,9917.638,0,0,0,0.9998999999999999,0.0,0.0,0.0,0.0,0.0,0,PVT
169855.0,2026,4,20,23,10,0,32.8806883,-117.2320461,-67.422,-101.186,14053.684,9937.454,0,0,0,0.9998999999999999,0.0,0.0,0.0,0.0,0.0,0,PVT
169856.0,2026,4,20,23,10,0,32.8806883,-117.2320461,-67.422,-101.186,14081.71,9957.272,0,0,0,0.9998999999999999,0.0,0.0,0.0,0.0,0.0,0,PVT
169858.0,2026,4,20,23,10,0,32.8806883,-117.2320461,-67.422,-101.186,14137.768,9996.912,0,0,0,0.9998999999999999,0.0,0.0,0.0,0.0,0.0,0,PVT
169859.0,2026,4,20,23,10,0,32.8806883,-117.2320461,-67.422,-101.186,14165.798,10016.732,0,0,0,0.9998999999999999,0.0,0.0,0.0,0.0,0.0,0,PVT
169860.0,2026,4,20,23,10,0,32.8806883,-117.2320461,-67.422,-101.186,14193.83,10036.554,0,0,0,0.9998999999999999,0.0,0.0,0.0,0.0,0.0,0,PVT
169861.0,2026,4,20,23,10,0,32.8806883,-117.2320461,-67.422,-101.186,14221.862,10056.376,0,0,0,0.9998999999999999,0.0,0.0,0.0,0.0,0.0,0,PVT
169862.0,2026,4,20,23,10,0,32.8806883,-117.2320461,-67.422,-101.186,14249.896,10076.198,0,0,0,0.9998999999999999,0.0,0.0,0.0,0.0,0.0,0,PVT
169863.0,2026,4,20,23,10,0,32.8806883,-117.2320461,-67.422,-101.186,14277.932,10096.022,0,0,0,0.9998999999999999,0.0,0.0,0.0,0.0,0.0,0,PVT
169864.0,2026,4,20,23,10,0,32.8806883,-117.2320461,-67.422,-101.186,14305.966,10115.846,0,0,0,0.9998999999999999,0.0,0.0,0.0,0.0,0.0,0,PVT
169865.0,2026,4,20,23,10,0,32.8806883,-117.2320461,-67.422,-101.186,14334.004,10135.672,0,0,0,0.9998999999999999,0.0,0.0,0.0,0.0,0.0,0,PVT
169866.0,2026,4,20,23,10,0,32.8806883,-117.2320461,-67.422,-101.186,14362.04,10155.496,0,0,0,0.9998999999999999,0.0,0.0,0.0,0.0,0.0,0,PVT
169867.0,2026,4,20,23,10,0,32.8806883,-117.2320461,-67.422,-101.186,14390.08,10175.322,0,0,0,0.9998999999999999,0.0,0.0,0.0,0.0,0.0,0,PVT
169868.0,2026,4,20,23,10,0,32.8806883,-117.2320461,-67.422,-101.186,14418.118,10195.15,0,0,0,0.9998999999999999,0.0,0.0,0.0,0.0,0.0,0,PVT
169869.0,2026,4,20,23,10,0,32.8806883,-117.2320461,-67.422,-101.186,14446.158,10214.978,0,0,0,0.9998999999999999,0.0,0.0,0.0,0.0,0.0,0,PVT
169870.0,2026,4,20,23,10,0,32.8806883,-117.2320461,-67.422,-101.186,14474.2,10234.806,0,0,0,0.9998999999999999,0.0,0.0,0.0,0.0,0.0,0,PVT
169871.0,2026,4,20,23,10,0,32.8806883,-117.2320461,-67.422,-101.186,14502.242,10254.634,0,0,0,0.9998999999999999,0.0,0.0,0.0,0.0,0.0,0,PVT
169872.0,2026,4,20,23,10,0,32.8806883,-117.2320461,-67.422,-101.186,14530.286,10274.464,0,0,0,0.9998999999999999,0.0,0.0,0.0,0.0,0.0,0,PVT
169873.0,2026,4,20,23,10,0,32.8806883,-117.2320461,-67.422,-101.186,14558.33,10294.294,0,0,0,0.9998999999999999,0.0,0.0,0.0,0.0,0.0,0,PVT
169874.0,2026,4,20,23,10,0,32.8806883,-117.2320461,-67.422,-101.186,14586.374,10314.126,0,0,0,0.9998999999999999,0.0,0.0,0.0,0.0,0.0,0,PVT
169875.0,2026,4,20,23,10,0,32.8806883,-117.2320461,-67.422,-101.186,14614.422,10333.956,0,0,0,0.9998999999999999,0.0,0.0,0.0,0.0,0.0,0,PVT
169876.0,2026,4,20,23,10,0,32.8806883,-117.2320461,-67.422,-101.186,14642.468,10353.79,0,0,0,0.9998999999999999,0.0,0.0,0.0,0.0,0.0,0,PVT
169877.0,2026,4,20,23,10,0,32.8806883,-117.2320461,-67.422,-101.186,14670.516,10373.622,0,0,0,0.9998999999999999,0.0,0.0,0.0,0.0,0.0,0,PVT
169878.0,2026,4,20,23,11,0,32.8806883,-117.2320461,-67.422,-101.186,14698.564,10393.456,0,0,0,0.9998999999999999,0.0,0.0,0.0,0.0,0.0,0,PVT
169879.0,2026,4,20,23,11,0,32.8806883,-117.2320461,-67.422,-101.186,14726.614,10413.29,0,0,0,0.9998999999999999,0.0,0.0,0.0,0.0,0.0,0,PVT
169880.0,2026,4,20,23,11,0,32.8806883,-117.2320461,-67.422,-101.186,14754.666,10433.124,0,0,0,0.9998999999999999,0.0,0.0,0.0,0.0,0.0,0,PVT
169881.0,2026,4,20,23,11,0,32.8806883,-117.2320461,-67.422,-101.186,14782.718,10452.96,0,0,0,0.9998999999999999,0.0,0.0,0.0,0.0,0.0,0,PVT
169882.0,2026,4,20,23,11,0,32.8806883,-117.2320461,-67.422,-101.186,14810.77,10472.796,0,0,0,0.9998999999999999,0.0,0.0,0.0,0.0,0.0,0,PVT
169883.0,2026,4,20,23,11,0,32.8806883,-117.2320461,-67.422,-101.186,14838.822,10492.632,0,0,0,0.9998999999999999,0.0,0.0,0.0,0.0,0.0,0,PVT
169884.0,2026,4,20,23,11,0,32.8806883,-117.2320461,-67.422,-101.186,14866.876,10512.47,0,0,0,0.9998999999999999,0.0,0.0,0.0,0.0,0.0,0,PVT
169885.0,2026,4,20,23,11,0,32.8806883,-117.2320461,-67.422,-101.186,14894.932,10532.308,0,0,0,0.9998999999999999,0.0,0.0,0.0,0.0,0.0,0,PVT
169886.0,2026,4,20,23,11,0,32.8806883,-117.2320461,-67.422,-101.186,14922.986,10552.146,0,0,0,0.9998999999999999,0.0,0.0,0.0,0.0,0.0,0,PVT
169887.0,2026,4,20,23,11,0,32.8806883,-117.2320461,-67.422,-101.186,14951.044,10571.984,0,0,0,0.9998999999999999,0.0,0.0,0.0,0.0,0.0,0,PVT
169888.0,2026,4,20,23,11,0,32.8806883,-117.2320461,-67.422,-101.186,14979.102,10591.824,0,0,0,0.9998999999999999,0.0,0.0,0.0,0.0,0.0,0,PVT
169889.0,2026,4,20,23,11,0,32.8806883,-117.2320461,-67.422,-101.186,15007.16,10611.664,0,0,0,0.9998999999999999,0.0,0.0,0.0,0.0,0.0,0,PVT
169890.0,2026,4,20,23,11,0,32.8806883,-117.2320461,-67.422,-101.186,15035.22,10631.506,0,0,0,0.9998999999999999,0.0,0.0,0.0,0.0,0.0,0,PVT
169891.0,2026,4,20,23,11,0,32.8806883,-117.2320461,-67.422,-101.186,15063.278,10651.348,0,0,0,0.9998999999999999,0.0,0.0,0.0,0.0,0.0,0,PVT
169892.0,2026,4,20,23,11,0,32.8806883,-117.2320461,-67.422,-101.186,15091.34,10671.188,0,0,0,0.9998999999999999,0.0,0.0,0.0,0.0,0.0,0,PVT
169893.0,2026,4,20,23,11,0,32.8806883,-117.2320461,-67.422,-101.186,15119.402,10691.032,0,0,0,0.9998999999999999,0.0,0.0,0.0,0.0,0.0,0,PVT
169894.0,2026,4,20,23,11,0,32.8806883,-117.2320461,-67.422,-101.186,15147.464,10710.874,0,0,0,0.9998999999999999,0.0,0.0,0.0,0.0,0.0,0,PVT
169895.0,2026,4,20,23,11,0,32.8806883,-117.2320461,-67.422,-101.186,15175.526,10730.718,0,0,0,0.9998999999999999,0.0,0.0,0.0,0.0,0.0,0,PVT
169896.0,2026,4,20,23,11,0,32.8806883,-117.2320461,-67.422,-101.186,15203.59,10750.562,0,0,0,0.9998999999999999,0.0,0.0,0.0,0.0,0.0,0,PVT
169897.0,2026,4,20,23,11,0,32.8806883,-117.2320461,-67.422,-101.186,15231.656,10770.408,0,0,0,0.9998999999999999,0.0,0.0,0.0,0.0,0.0,0,PVT
169898.0,2026,4,20,23,11,0,32.8806883,-117.2320461,-67.422,-101.186,15259.722,10790.254,0,0,0,0.9998999999999999,0.0,0.0,0.0,0.0,0.0,0,PVT
169899.0,2026,4,20,23,11,0,32.8806883,-117.2320461,-67.422,-101.186,15287.79,10810.1,0,0,0,0.9998999999999999,0.0,0.0,0.0,0.0,0.0,0,PVT
169900.0,2026,4,20,23,11,0,32.8806883,-117.2320461,-67.422,-101.186,15315.856,10829.946,0,0,0,0.9998999999999999,0.0,0.0,0.0,0.0,0.0,0,PVT
169901.0,2026,4,20,23,11,0,32.8806883,-117.2320461,-67.422,-101.186,15343.924,10849.794,0,0,0,0.9998999999999999,0.0,0.0,0.0,0.0,0.0,0,PVT
169902.0,2026,4,20,23,11,0,32.8806883,-117.2320461,-67.422,-101.186,15371.994,10869.642,0,0,0,0.9998999999999999,0.0,0.0,0.0,0.0,0.0,0,PVT
169903.0,2026,4,20,23,11,0,32.8806883,-117.2320461,-67.422,-101.186,15400.062,10889.49,0,0,0,0.9998999999999999,0.0,0.0,0.0,0.0,0.0,0,PVT
169904.0,2026,4,20,23,11,0,32.8806883,-117.2320461,-67.422,-101.186,15428.134,10909.34,0,0,0,0.9998999999999999,0.0,0.0,0.0,0.0,0.0,0,PVT
169905.0,2026,4,20,23,11,0,32.8806883,-117.2320461,-67.422,-101.186,15456.206,10929.188,0,0,0,0.9998999999999999,0.0,0.0,0.0,0.0,0.0,0,PVT
169906.0,2026,4,20,23,11,0,32.8806883,-117.2320461,-67.422,-101.186,15484.278,10949.038,0,0,0,0.9998999999999999,0.0,0.0,0.0,0.0,0.0,0,PVT
169907.0,2026,4,20,23,11,0,32.8806883,-117.2320461,-67.422,-101.186,15512.35,10968.888,0,0,0,0.9998999999999999,0.0,0.0,0.0,0.0,0.0,0,PVT
169908.0,2026,4,20,23,11,0,32.8806883,-117.2320461,-67.422,-101.186,15540.424,10988.74,0,0,0,0.9998999999999999,0.0,0.0,0.0,0.0,0.0,0,PVT
169909.0,2026,4,20,23,11,0,32.8806883,-117.2320461,-67.422,-101.186,15568.498,11008.59,0,0,0,0.9998999999999999,0.0,0.0,0.0,0.0,0.0,0,PVT
169910.0,2026,4,20,23,11,0,32.8806883,-117.2320461,-67.422,-101.186,15596.572,11028.442,0,0,0,0.9998999999999999,0.0,0.0,0.0,0.0,0.0,0,PVT
169912.0,2026,4,20,23,11,0,32.8806883,-117.2320461,-67.422,-101.186,15652.726,11068.148,0,0,0,0.9998999999999999,0.0,0.0,0.0,0.0,0.0,0,PVT
169913.0,2026,4,20,23,11,0,32.8806883,-117.2320461,-67.422,-101.186,15680.804,11088.002,0,0,0,0.9998999999999999,0.0,0.0,0.0,0.0,0.0,0,PVT
169914.0,2026,4,20,23,11,0,32.8806883,-117.2320461,-67.422,-101.186,15708.882,11107.856,0,0,0,0.9998999999999999,0.0,0.0,0.0,0.0,0.0,0,PVT
169915.0,2026,4,20,23,11,0,32.8806883,-117.2320461,-67.422,-101.186,15736.96,11127.712,0,0,0,0.9998999999999999,0.0,0.0,0.0,0.0,0.0,0,PVT
169916.0,2026,4,20,23,11,0,32.8806883,-117.2320461,-67.422,-101.186,15765.04,11147.566,0,0,0,0.9998999999999999,0.0,0.0,0.0,0.0,0.0,0,PVT
169917.0,2026,4,20,23,11,0,32.8806883,-117.2320461,-67.422,-101.186,15793.12,11167.424,0,0,0,0.9998999999999999,0.0,0.0,0.0,0.0,0.0,0,PVT
169918.0,2026,4,20,23,11,0,32.8806883,-117.2320461,-67.422,-101.186,15821.202,11187.28,0,0,0,0.9998999999999999,0.0,0.0,0.0,0.0,0.0,0,PVT
169919.0,2026,4,20,23,11,0,32.8806883,-117.2320461,-67.422,-101.186,15849.284,11207.136,0,0,0,0.9998999999999999,0.0,0.0,0.0,0.0,0.0,0,PVT
169920.0,2026,4,20,23,11,0,32.8806883,-117.2320461,-67.422,-101.186,15877.366,11226.994,0,0,0,0.9998999999999999,0.0,0.0,0.0,0.0,0.0,0,PVT
169921.0,2026,4,20,23,11,0,32.8806883,-117.2320461,-67.422,-101.186,15905.448,11246.852,0,0,0,0.9998999999999999,0.0,0.0,0.0,0.0,0.0,0,PVT
169922.0,2026,4,20,23,11,0,32.8806883,-117.2320461,-67.422,-101.186,15933.534,11266.71,0,0,0,0.9998999999999999,0.0,0.0,0.0,0.0,0.0,0,PVT
169923.0,2026,4,20,23,11,0,32.8806883,-117.2320461,-67.422,-101.186,15961.618,11286.568,0,0,0,0.9998999999999999,0.0,0.0,0.0,0.0,0.0,0,PVT
169924.0,2026,4,20,23,11,0,32.8806883,-117.2320461,-67.422,-101.186,15989.704,11306.428,0,0,0,0.9998999999999999,0.0,0.0,0.0,0.0,0.0,0,PVT
169925.0,2026,4,20,23,11,0,32.8806883,-117.2320461,-67.422,-101.186,16017.79,11326.288,0,0,0,0.9998999999999999,0.0,0.0,0.0,0.0,0.0,0,PVT
169926.0,2026,4,20,23,11,0,32.8806883,-117.2320461,-67.422,-101.186,16045.876,11346.148,0,0,0,0.9998999999999999,0.0,0.0,0.0,0.0,0.0,0,PVT
169927.0,2026,4,20,23,11,0,32.8806883,-117.2320461,-67.422,-101.186,16073.964,11366.01,0,0,0,0.9998999999999999,0.0,0.0,0.0,0.0,0.0,0,PVT
169928.0,2026,4,20,23,11,0,32.8806883,-117.2320461,-67.422,-101.186,16102.052,11385.87,0,0,0,0.9998999999999999,0.0,0.0,0.0,0.0,0.0,0,PVT
169929.0,2026,4,20,23,11,0,32.8806883,-117.2320461,-67.422,-101.186,16130.14,11405.732,0,0,0,0.9998999999999999,0.0,0.0,0.0,0.0,0.0,0,PVT
169930.0,2026,4,20,23,11,0,32.8806883,-117.2320461,-67.422,-101.186,16158.23,11425.594,0,0,0,0.9998999999999999,0.0,0.0,0.0,0.0,0.0,0,PVT
169931.0,2026,4,20,23,11,0,32.8806883,-117.2320461,-67.422,-101.186,16186.32,11445.458,0,0,0,0.9998999999999999,0.0,0.0,0.0,0.0,0.0,0,PVT
169932.0,2026,4,20,23,11,0,32.8806883,-117.2320461,-67.422,-101.186,16214.41,11465.32,0,0,0,0.9998999999999999,0.0,0.0,0.0,0.0,0.0,0,PVT
169933.0,2026,4,20,23,11,0,32.8806883,-117.2320461,-67.422,-101.186,16242.502,11485.184,0,0,0,0.9998999999999999,0.0,0.0,0.0,0.0,0.0,0,PVT
169934.0,2026,4,20,23,11,0,32.8806883,-117.2320461,-67.422,-101.186,16270.596,11505.048,0,0,0,0.9998999999999999,0.0,0.0,0.0,0.0,0.0,0,PVT
169935.0,2026,4,20,23,11,0,32.8806883,-117.2320461,-67.422,-101.186,16298.688,11524.914,0,0,0,0.9998999999999999,0.0,0.0,0.0,0.0,0.0,0,PVT
169936.0,2026,4,20,23,11,0,32.8806883,-117.2320461,-67.422,-101.186,16326.78,11544.778,0,0,0,0.9998999999999999,0.0,0.0,0.0,0.0,0.0,0,PVT
169938.0,2026,4,20,23,12,0,32.8806883,-117.2320461,-67.422,-101.186,16382.97,11584.51,0,0,0,0.9998999999999999,0.0,0.0,0.0,0.0,0.0,0,PVT
169939.0,2026,4,20,23,12,0,32.8806883,-117.2320461,-67.422,-101.186,16411.064,11604.376,0,0,0,0.9998999999999999,0.0,0.0,0.0,0.0,0.0,0,PVT
169940.0,2026,4,20,23,12,0,32.8806883,-117.2320461,-67.422,-101.186,16439.16,11624.242,0,0,0,0.9998999999999999,0.0,0.0,0.0,0.0,0.0,0,PVT
169941.0,2026,4,20,23,12,0,32.8806883,-117.2320461,-67.422,-101.186,16467.26,11644.11,0,0,0,0.9998999999999999,0.0,0.0,0.0,0.0,0.0,0,PVT
169942.0,2026,4,20,23,12,0,32.8806883,-117.2320461,-67.422,-101.186,16495.356,11663.98,0,0,0,0.9998999999999999,0.0,0.0,0.0,0.0,0.0,0,PVT
169943.0,2026,4,20,23,12,0,32.8806883,-117.2320461,-67.422,-101.186,16523.454,11683.848,0,0,0,0.9998999999999999,0.0,0.0,0.0,0.0,0.0,0,PVT
169944.0,2026,4,20,23,12,0,32.8806883,-117.2320461,-67.422,-101.186,16551.554,11703.716,0,0,0,0.9998999999999999,0.0,0.0,0.0,0.0,0.0,0,PVT
169945.0,2026,4,20,23,12,0,32.8806883,-117.2320461,-67.422,-101.186,16579.652,11723.584,0,0,0,0.9998999999999999,0.0,0.0,0.0,0.0,0.0,0,PVT
169946.0,2026,4,20,23,12,0,32.8806883,-117.2320461,-67.422,-101.186,16607.752,11743.454,0,0,0,0.9998999999999999,0.0,0.0,0.0,0.0,0.0,0,PVT
169947.0,2026,4,20,23,12,0,32.8806883,-117.2320461,-67.422,-101.186,16635.852,11763.324,0,0,0,0.9998999999999999,0.0,0.0,0.0,0.0,0.0,0,PVT
169948.0,2026,4,20,23,12,0,32.8806883,-117.2320461,-67.422,-101.186,16663.954,11783.194,0,0,0,0.9998999999999999,0.0,0.0,0.0,0.0,0.0,0,PVT
169949.0,2026,4,20,23,12,0,32.8806883,-117.2320461,-67.422,-101.186,16692.056,11803.066,0,0,0,0.9998999999999999,0.0,0.0,0.0,0.0,0.0,0,PVT
169950.0,2026,4,20,23,12,0,32.8806883,-117.2320461,-67.422,-101.186,16720.158,11822.938,0,0,0,0.9998999999999999,0.0,0.0,0.0,0.0,0.0,0,PVT
169951.0,2026,4,20,23,12,0,32.8806883,-117.2320461,-67.422,-101.186,16748.262,11842.81,0,0,0,0.9998999999999999,0.0,0.0,0.0,0.0,0.0,0,PVT
169952.0,2026,4,20,23,12,0,32.8806883,-117.2320461,-67.422,-101.186,16776.366,11862.682,0,0,0,0.9998999999999999,0.0,0.0,0.0,0.0,0.0,0,PVT
169953.0,2026,4,20,23,12,0,32.8806883,-117.2320461,-67.422,-101.186,16804.468,11882.554,0,0,0,0.9998999999999999,0.0,0.0,0.0,0.0,0.0,0,PVT
169954.0,2026,4,20,23,12,0,32.8806883,-117.2320461,-67.422,-101.186,16832.574,11902.428,0,0,0,0.9998999999999999,0.0,0.0,0.0,0.0,0.0,0,PVT
169955.0,2026,4,20,23,12,0,32.8806883,-117.2320461,-67.422,-101.186,16860.68,11922.302,0,0,0,0.9998999999999999,0.0,0.0,0.0,0.0,0.0,0,PVT
169956.0,2026,4,20,23,12,0,32.8806883,-117.2320461,-67.422,-101.186,16888.788,11942.176,0,0,0,0.9998999999999999,0.0,0.0,0.0,0.0,0.0,0,PVT
169957.0,2026,4,20,23,12,0,32.8806883,-117.2320461,-67.422,-101.186,16916.89,11962.05,0,0,0,0.9998999999999999,0.0,0.0,0.0,0.0,0.0,0,PVT
169959.0,2026,4,20,23,12,0,32.8806883,-117.2320461,-67.422,-101.186,16973.108,12001.8,0,0,0,0.9998999999999999,0.0,0.0,0.0,0.0,0.0,0,PVT
169960.0,2026,4,20,23,12,0,32.8806883,-117.2320461,-67.422,-101.186,17001.214,12021.676,0,0,0,0.9998999999999999,0.0,0.0,0.0,0.0,0.0,0,PVT
169961.0,2026,4,20,23,12,0,32.8806883,-117.2320461,-67.422,-101.186,17029.324,12041.552,0,0,0,0.9998999999999999,0.0,0.0,0.0,0.0,0.0,0,PVT
169962.0,2026,4,20,23,12,0,32.8806883,-117.2320461,-67.422,-101.186,17057.436,12061.428,0,0,0,0.9998999999999999,0.0,0.0,0.0,0.0,0.0,0,PVT
169963.0,2026,4,20,23,12,0,32.8806883,-117.2320461,-67.422,-101.186,17085.542,12081.306,0,0,0,0.9998999999999999,0.0,0.0,0.0,0.0,0.0,0,PVT
169964.0,2026,4,20,23,12,0,32.8806883,-117.2320461,-67.422,-101.186,17113.654,12101.182,0,0,0,0.9998999999999999,0.0,0.0,0.0,0.0,0.0,0,PVT
169965.0,2026,4,20,23,12,0,32.8806883,-117.2320461,-67.422,-101.186,17141.766,12121.06,0,0,0,0.9998999999999999,0.0,0.0,0.0,0.0,0.0,0,PVT
169966.0,2026,4,20,23,12,0,32.8806883,-117.2320461,-67.422,-101.186,17169.876,12140.938,0,0,0,0.9998999999999999,0.0,0.0,0.0,0.0,0.0,0,PVT
169967.0,2026,4,20,23,12,0,32.8806883,-117.2320461,-67.422,-101.186,17197.99,12160.816,0,0,0,0.9998999999999999,0.0,0.0,0.0,0.0,0.0,0,PVT
169968.0,2026,4,20,23,12,0,32.8806883,-117.2320461,-67.422,-101.186,17226.104,12180.696,0,0,0,0.9998999999999999,0.0,0.0,0.0,0.0,0.0,0,PVT
169969.0,2026,4,20,23,12,0,32.8806883,-117.2320461,-67.422,-101.186,17254.218,12200.574,0,0,0,0.9998999999999999,0.0,0.0,0.0,0.0,0.0,0,PVT
169970.0,2026,4,20,23,12,0,32.8806883,-117.2320461,-67.422,-101.186,17282.332,12220.454,0,0,0,0.9998999999999999,0.0,0.0,0.0,0.0,0.0,0,PVT
169971.0,2026,4,20,23,12,0,32.8806883,-117.2320461,-67.422,-101.186,17310.446,12240.334,0,0,0,0.9998999999999999,0.0,0.0,0.0,0.0,0.0,0,PVT
169972.0,2026,4,20,23,12,0,32.8806883,-117.2320461,-67.422,-101.186,17338.562,12260.216,0,0,0,0.9998999999999999,0.0,0.0,0.0,0.0,0.0,0,PVT
169973.0,2026,4,20,23,12,0,32.8806883,-117.2320461,-67.422,-101.186,17366.678,12280.096,0,0,0,0.9998999999999999,0.0,0.0,0.0,0.0,0.0,0,PVT
169974.0,2026,4,20,23,12,0,32.8806883,-117.2320461,-67.422,-101.186,17394.792,12299.978,0,0,0,0.9998999999999999,0.0,0.0,0.0,0.0,0.0,0,PVT
169975.0,2026,4,20,23,12,0,32.8806883,-117.2320461,-67.422,-101.186,17422.91,12319.858,0,0,0,0.9998999999999999,0.0,0.0,0.0,0.0,0.0,0,PVT
169976.0,2026,4,20,23,12,0,32.8806883,-117.2320461,-67.422,-101.186,17451.028,12339.74,0,0,0,0.9998999999999999,0.0,0.0,0.0,0.0,0.0,0,PVT
169977.0,2026,4,20,23,12,0,32.8806883,-117.2320461,-67.422,-101.186,17479.144,12359.624,0,0,0,0.9998999999999999,0.0,0.0,0.0,0.0,0.0,0,PVT
169978.0,2026,4,20,23,12,0,32.8806883,-117.2320461,-67.422,-101.186,17507.266,12379.506,0,0,0,0.9998999999999999,0.0,0.0,0.0,0.0,0.0,0,PVT
169979.0,2026,4,20,23,12,0,32.8806883,-117.2320461,-67.422,-101.186,17535.382,12399.39,0,0,0,0.9998999999999999,0.0,0.0,0.0,0.0,0.0,0,PVT
169981.0,2026,4,20,23,12,0,32.8806883,-117.2320461,-67.422,-101.186,17591.624,12439.156,0,0,0,0.9998999999999999,0.0,0.0,0.0,0.0,0.0,0,PVT
169982.0,2026,4,20,23,12,0,32.8806883,-117.2320461,-67.422,-101.186,17619.744,12459.042,0,0,0,0.9998999999999999,0.0,0.0,0.0,0.0,0.0,0,PVT
169983.0,2026,4,20,23,12,0,32.8806883,-117.2320461,-67.422,-101.186,17647.864,12478.926,0,0,0,0.9998999999999999,0.0,0.0,0.0,0.0,0.0,0,PVT
169984.0,2026,4,20,23,12,0,32.8806883,-117.2320461,-67.422,-101.186,17675.986,12498.812,0,0,0,0.9998999999999999,0.0,0.0,0.0,0.0,0.0,0,PVT
169985.0,2026,4,20,23,12,0,32.8806883,-117.2320461,-67.422,-101.186,17704.11,12518.696,0,0,0,0.9998999999999999,0.0,0.0,0.0,0.0,0.0,0,PVT
169986.0,2026,4,20,23,12,0,32.8806883,-117.2320461,-67.422,-101.186,17732.23,12538.582,0,0,0,0.9998999999999999,0.0,0.0,0.0,0.0,0.0,0,PVT
169987.0,2026,4,20,23,12,0,32.8806883,-117.2320461,-67.422,-101.186,17760.356,12558.468,0,0,0,0.9998999999999999,0.0,0.0,0.0,0.0,0.0,0,PVT
169988.0,2026,4,20,23,12,0,32.8806883,-117.2320461,-67.422,-101.186,17788.478,12578.354,0,0,0,0.9998999999999999,0.0,0.0,0.0,0.0,0.0,0,PVT
169989.0,2026,4,20,23,12,0,32.8806883,-117.2320461,-67.422,-101.186,17816.602,12598.24,0,0,0,0.9998999999999999,0.0,0.0,0.0,0.0,0.0,0,PVT
169990.0,2026,4,20,23,12,0,32.8806883,-117.2320461,-67.422,-101.186,17844.728,12618.128,0,0,0,0.9998999999999999,0.0,0.0,0.0,0.0,0.0,0,PVT
169991.0,2026,4,20,23,12,0,32.8806883,-117.2320461,-67.422,-101.186,17872.852,12638.016,0,0,0,0.9998999999999999,0.0,0.0,0.0,0.0,0.0,0,PVT
169992.0,2026,4,20,23,12,0,32.8806883,-117.2320461,-67.422,-101.186,17900.976,12657.904,0,0,0,0.9998999999999999,0.0,0.0,0.0,0.0,0.0,0,PVT
169993.0,2026,4,20,23,12,0,32.8806883,-117.2320461,-67.422,-101.186,17929.106,12677.792,0,0,0,0.9998999999999999,0.0,0.0,0.0,0.0,0.0,0,PVT
169994.0,2026,4,20,23,12,0,32.8806883,-117.2320461,-67.422,-101.186,17957.23,12697.68,0,0,0,0.9998999999999999,0.0,0.0,0.0,0.0,0.0,0,PVT
169995.0,2026,4,20,23,12,0,32.8806883,-117.2320461,-67.422,-101.186,17985.358,12717.57,0,0,0,0.9998999999999999,0.0,0.0,0.0,0.0,0.0,0,PVT
169996.0,2026,4,20,23,12,0,32.8806883,-117.2320461,-67.422,-101.186,18013.486,12737.458,0,0,0,0.9998999999999999,0.0,0.0,0.0,0.0,0.0,0,PVT
169997.0,2026,4,20,23,12,0,32.8806883,-117.2320461,-67.422,-101.186,18041.614,12757.348,0,0,0,0.9998999999999999,0.0,0.0,0.0,0.0,0.0,0,PVT
169998.0,2026,4,20,23,13,0,32.8806883,-117.2320461,-67.422,-101.186,18069.742,12777.238,0,0,0,0.9998999999999999,0.0,0.0,0.0,0.0,0.0,0,PVT
169999.0,2026,4,20,23,13,0,32.8806883,-117.2320461,-67.422,-101.186,18097.874,12797.13,0,0,0,0.9998999999999999,0.0,0.0,0.0,0.0,0.0,0,PVT
170000.0,2026,4,20,23,13,0,32.8806883,-117.2320461,-67.422,-101.186,18126.002,12817.02,0,0,0,0.9998999999999999,0.0,0.0,0.0,0.0,0.0,0,PVT
170001.0,2026,4,20,23,13,0,32.8806883,-117.2320461,-67.422,-101.186,18154.13,12836.91,0,0,0,0.9998999999999999,0.0,0.0,0.0,0.0,0.0,0,PVT
170002.0,2026,4,20,23,13,0,32.8806883,-117.2320461,-67.422,-101.186,18182.264,12856.802,0,0,0,0.9998999999999999,0.0,0.0,0.0,0.0,0.0,0,PVT
170003.0,2026,4,20,23,13,0,32.8806883,-117.2320461,-67.422,-101.186,18210.392,12876.692,0,0,0,0.9998999999999999,0.0,0.0,0.0,0.0,0.0,0,PVT
170004.0,2026,4,20,23,13,0,32.8806883,-117.2320461,-67.422,-101.186,18238.526,12896.586,0,0,0,0.9998999999999999,0.0,0.0,0.0,0.0,0.0,0,PVT
170005.0,2026,4,20,23,13,0,32.8806883,-117.2320461,-67.422,-101.186,18266.656,12916.478,0,0,0,0.9998999999999999,0.0,0.0,0.0,0.0,0.0,0,PVT
170006.0,2026,4,20,23,13,0,32.8806883,-117.2320461,-67.422,-101.186,18294.79,12936.37,0,0,0,0.9998999999999999,0.0,0.0,0.0,0.0,0.0,0,PVT
170007.0,2026,4,20,23,13,0,32.8806883,-117.2320461,-67.422,-101.186,18322.922,12956.264,0,0,0,0.9998999999999999,0.0,0.0,0.0,0.0,0.0,0,PVT
170008.0,2026,4,20,23,13,0,32.8806883,-117.2320461,-67.422,-101.186,18351.056,12976.156,0,0,0,0.9998999999999999,0.0,0.0,0.0,0.0,0.0,0,PVT
170009.0,2026,4,20,23,13,0,32.8806883,-117.2320461,-67.422,-101.186,18379.19,12996.05,0,0,0,0.9998999999999999,0.0,0.0,0.0,0.0,0.0,0,PVT
170010.0,2026,4,20,23,13,0,32.8806883,-117.2320461,-67.422,-101.186,18407.324,13015.944,0,0,0,0.9998999999999999,0.0,0.0,0.0,0.0,0.0,0,PVT
170011.0,2026,4,20,23,13,0,32.8806883,-117.2320461,-67.422,-101.186,18435.458,13035.84,0,0,0,0.9998999999999999,0.0,0.0,0.0,0.0,0.0,0,PVT
170012.0,2026,4,20,23,13,0,32.8806883,-117.2320461,-67.422,-101.186,18463.594,13055.732,0,0,0,0.9998999999999999,0.0,0.0,0.0,0.0,0.0,0,PVT
170013.0,2026,4,20,23,13,0,32.8806883,-117.2320461,-67.422,-101.186,18491.73,13075.628,0,0,0,0.9998999999999999,0.0,0.0,0.0,0.0,0.0,0,PVT
170014.0,2026,4,20,23,13,0,32.8806883,-117.2320461,-67.422,-101.186,18519.866,13095.522,0,0,0,0.9998999999999999,0.0,0.0,0.0,0.0,0.0,0,PVT
170015.0,2026,4,20,23,13,0,32.8806883,-117.2320461,-67.422,-101.186,18548.004,13115.418,0,0,0,0.9998999999999999,0.0,0.0,0.0,0.0,0.0,0,PVT
170016.0,2026,4,20,23,13,0,32.8806883,-117.2320461,-67.422,-101.186,18576.138,13135.314,0,0,0,0.9998999999999999,0.0,0.0,0.0,0.0,0.0,0,PVT
170017.0,2026,4,20,23,13,0,32.8806883,-117.2320461,-67.422,-101.186,18604.278,13155.212,0,0,0,0.9998999999999999,0.0,0.0,0.0,0.0,0.0,0,PVT
170018.0,2026,4,20,23,13,0,32.8806883,-117.2320461,-67.422,-101.186,18632.416,13175.108,0,0,0,0.9998999999999999,0.0,0.0,0.0,0.0,0.0,0,PVT
170019.0,2026,4,20,23,13,0,32.8806883,-117.2320461,-67.422,-101.186,18660.552,13195.006,0,0,0,0.9998999999999999,0.0,0.0,0.0,0.0,0.0,0,PVT
170020.0,2026,4,20,23,13,0,32.8806883,-117.2320461,-67.422,-101.186,18688.692,13214.902,0,0,0,0.9998999999999999,0.0,0.0,0.0,0.0,0.0,0,PVT
170021.0,2026,4,20,23,13,0,32.8806883,-117.2320461,-67.422,-101.186,18716.832,13234.8,0,0,0,0.9998999999999999,0.0,0.0,0.0,0.0,0.0,0,PVT
170022.0,2026,4,20,23,13,0,32.8806883,-117.2320461,-67.422,-101.186,18744.97,13254.698,0,0,0,0.9998999999999999,0.0,0.0,0.0,0.0,0.0,0,PVT
170023.0,2026,4,20,23,13,0,32.8806883,-117.2320461,-67.422,-101.186,18773.112,13274.596,0,0,0,0.9998999999999999,0.0,0.0,0.0,0.0,0.0,0,PVT
170024.0,2026,4,20,23,13,0,32.8806883,-117.2320461,-67.422,-101.186,18801.252,13294.494,0,0,0,0.9998999999999999,0.0,0.0,0.0,0.0,0.0,0,PVT
170025.0,2026,4,20,23,13,0,32.8806883,-117.2320461,-67.422,-101.186,18829.392,13314.394,0,0,0,0.9998999999999999,0.0,0.0,0.0,0.0,0.0,0,PVT
170026.0,2026,4,20,23,13,0,32.8806883,-117.2320461,-67.422,-101.186,18857.534,13334.292,0,0,0,0.9998999999999999,0.0,0.0,0.0,0.0,0.0,0,PVT
170027.0,2026,4,20,23,13,0,32.8806883,-117.2320461,-67.422,-101.186,18885.678,13354.19,0,0,0,0.9998999999999999,0.0,0.0,0.0,0.0,0.0,0,PVT
170029.0,2026,4,20,23,13,0,32.8806883,-117.2320461,-67.422,-101.186,18941.96,13393.99,0,0,0,0.9998999999999999,0.0,0.0,0.0,0.0,0.0,0,PVT
170030.0,2026,4,20,23,13,0,32.8806883,-117.2320461,-67.422,-101.186,18970.106,13413.89,0,0,0,0.9998999999999999,0.0,0.0,0.0,0.0,0.0,0,PVT
170031.0,2026,4,20,23,13,0,32.8806883,-117.2320461,-67.422,-101.186,18998.25,13433.792,0,0,0,0.9998999999999999,0.0,0.0,0.0,0.0,0.0,0,PVT
170032.0,2026,4,20,23,13,0,32.8806883,-117.2320461,-67.422,-101.186,19026.392,13453.692,0,0,0,0.9998999999999999,0.0,0.0,0.0,0.0,0.0,0,PVT
170033.0,2026,4,20,23,13,0,32.8806883,-117.2320461,-67.422,-101.186,19054.538,13473.594,0,0,0,0.9998999999999999,0.0,0.0,0.0,0.0,0.0,0,PVT
170034.0,2026,4,20,23,13,0,32.8806883,-117.2320461,-67.422,-101.186,19082.682,13493.494,0,0,0,0.9998999999999999,0.0,0.0,0.0,0.0,0.0,0,PVT
170035.0,2026,4,20,23,13,0,32.8806883,-117.2320461,-67.422,-101.186,19110.826,13513.396,0,0,0,0.9998999999999999,0.0,0.0,0.0,0.0,0.0,0,PVT
170036.0,2026,4,20,23,13,0,32.8806883,-117.2320461,-67.422,-101.186,19138.972,13533.298,0,0,0,0.9998999999999999,0.0,0.0,0.0,0.0,0.0,0,PVT
170037.0,2026,4,20,23,13,0,32.8806883,-117.2320461,-67.422,-101.186,19167.12,13553.2,0,0,0,0.9998999999999999,0.0,0.0,0.0,0.0,0.0,0,PVT
170038.0,2026,4,20,23,13,0,32.8806883,-117.2320461,-67.422,-101.186,19195.264,13573.104,0,0,0,0.9998999999999999,0.0,0.0,0.0,0.0,0.0,0,PVT
170039.0,2026,4,20,23,13,0,32.8806883,-117.2320461,-67.422,-101.186,19223.412,13593.006,0,0,0,0.9998999999999999,0.0,0.0,0.0,0.0,0.0,0,PVT
170040.0,2026,4,20,23,13,0,32.8806883,-117.2320461,-67.422,-101.186,19251.558,13612.908,0,0,0,0.9998999999999999,0.0,0.0,0.0,0.0,0.0,0,PVT
170041.0,2026,4,20,23,13,0,32.8806883,-117.2320461,-67.422,-101.186,19279.708,13632.812,0,0,0,0.9998999999999999,0.0,0.0,0.0,0.0,0.0,0,PVT
170042.0,2026,4,20,23,13,0,32.8806883,-117.2320461,-67.422,-101.186,19307.856,13652.716,0,0,0,0.9998999999999999,0.0,0.0,0.0,0.0,0.0,0,PVT
170043.0,2026,4,20,23,13,0,32.8806883,-117.2320461,-67.422,-101.186,19336.002,13672.62,0,0,0,0.9998999999999999,0.0,0.0,0.0,0.0,0.0,0,PVT
170044.0,2026,4,20,23,13,0,32.8806883,-117.2320461,-67.422,-101.186,19364.152,13692.524,0,0,0,0.9998999999999999,0.0,0.0,0.0,0.0,0.0,0,PVT
170045.0,2026,4,20,23,13,0,32.8806883,-117.2320461,-67.422,-101.186,19392.302,13712.43,0,0,0,0.9998999999999999,0.0,0.0,0.0,0.0,0.0,0,PVT
170046.0,2026,4,20,23,13,0,32.8806883,-117.2320461,-67.422,-101.186,19420.452,13732.334,0,0,0,0.9998999999999999,0.0,0.0,0.0,0.0,0.0,0,PVT
170047.0,2026,4,20,23,13,0,32.8806883,-117.2320461,-67.422,-101.186,19448.6,13752.238,0,0,0,0.9998999999999999,0.0,0.0,0.0,0.0,0.0,0,PVT
170048.0,2026,4,20,23,13,0,32.8806883,-117.2320461,-67.422,-101.186,19476.752,13772.144,0,0,0,0.9998999999999999,0.0,0.0,0.0,0.0,0.0,0,PVT
170049.0,2026,4,20,23,13,0,32.8806883,-117.2320461,-67.422,-101.186,19504.902,13792.05,0,0,0,0.9998999999999999,0.0,0.0,0.0,0.0,0.0,0,PVT
170050.0,2026,4,20,23,13,0,32.8806883,-117.2320461,-67.422,-101.186,19533.052,13811.956,0,0,0,0.9998999999999999,0.0,0.0,0.0,0.0,0.0,0,PVT
170051.0,2026,4,20,23,13,0,32.8806883,-117.2320461,-67.422,-101.186,19561.206,13831.862,0,0,0,0.9998999999999999,0.0,0.0,0.0,0.0,0.0,0,PVT
170052.0,2026,4,20,23,13,0,32.8806883,-117.2320461,-67.422,-101.186,19589.356,13851.768,0,0,0,0.9998999999999999,0.0,0.0,0.0,0.0,0.0,0,PVT
170053.0,2026,4,20,23,13,0,32.8806883,-117.2320461,-67.422,-101.186,19617.51,13871.674,0,0,0,0.9998999999999999,0.0,0.0,0.0,0.0,0.0,0,PVT
170054.0,2026,4,20,23,13,0,32.8806883,-117.2320461,-67.422,-101.186,19645.662,13891.582,0,0,0,0.9998999999999999,0.0,0.0,0.0,0.0,0.0,0,PVT
170055.0,2026,4,20,23,13,0,32.8806883,-117.2320461,-67.422,-101.186,19673.814,13911.488,0,0,0,0.9998999999999999,0.0,0.0,0.0,0.0,0.0,0,PVT
170056.0,2026,4,20,23,13,0,32.8806883,-117.2320461,-67.422,-101.186,19701.968,13931.396,0,0,0,0.9998999999999999,0.0,0.0,0.0,0.0,0.0,0,PVT
170057.0,2026,4,20,23,13,0,32.8806883,-117.2320461,-67.422,-101.186,19730.124,13951.304,0,0,0,0.9998999999999999,0.0,0.0,0.0,0.0,0.0,0,PVT
170058.0,2026,4,20,23,14,0,32.8806883,-117.2320461,-67.422,-101.186,19758.276,13971.212,0,0,0,0.9998999999999999,0.0,0.0,0.0,0.0,0.0,0,PVT
170059.0,2026,4,20,23,14,0,32.8806883,-117.2320461,-67.422,-101.186,19786.432,13991.12,0,0,0,0.9998999999999999,0.0,0.0,0.0,0.0,0.0,0,PVT
170060.0,2026,4,20,23,14,0,32.8806883,-117.2320461,-67.422,-101.186,19814.586,14011.028,0,0,0,0.9998999999999999,0.0,0.0,0.0,0.0,0.0,0,PVT
170061.0,2026,4,20,23,14,0,32.8806883,-117.2320461,-67.422,-101.186,19842.74,14030.938,0,0,0,0.9998999999999999,0.0,0.0,0.0,0.0,0.0,0,PVT
170062.0,2026,4,20,23,14,0,32.8806883,-117.2320461,-67.422,-101.186,19870.896,14050.848,0,0,0,0.9998999999999999,0.0,0.0,0.0,0.0,0.0,0,PVT
170063.0,2026,4,20,23,14,0,32.8806883,-117.2320461,-67.422,-101.186,19899.052,14070.756,0,0,0,0.9998999999999999,0.0,0.0,0.0,0.0,0.0,0,PVT
170064.0,2026,4,20,23,14,0,32.8806883,-117.2320461,-67.422,-101.186,19927.208,14090.666,0,0,0,0.9998999999999999,0.0,0.0,0.0,0.0,0.0,0,PVT
170065.0,2026,4,20,23,14,0,32.8806883,-117.2320461,-67.422,-101.186,19955.366,14110.576,0,0,0,0.9998999999999999,0.0,0.0,0.0,0.0,0.0,0,PVT
170066.0,2026,4,20,23,14,0,32.8806883,-117.2320461,-67.422,-101.186,19983.524,14130.486,0,0,0,0.9998999999999999,0.0,0.0,0.0,0.0,0.0,0,PVT
170067.0,2026,4,20,23,14,0,32.8806883,-117.2320461,-67.422,-101.186,20011.68,14150.396,0,0,0,0.9998999999999999,0.0,0.0,0.0,0.0,0.0,0,PVT
170068.0,2026,4,20,23,14,0,32.8806883,-117.2320461,-67.422,-101.186,20039.838,14170.306,0,0,0,0.9998999999999999,0.0,0.0,0.0,0.0,0.0,0,PVT
170069.0,2026,4,20,23,14,0,32.8806883,-117.2320461,-67.422,-101.186,20067.996,14190.218,0,0,0,0.9998999999999999,0.0,0.0,0.0,0.0,0.0,0,PVT
170070.0,2026,4,20,23,14,0,32.8806883,-117.2320461,-67.422,-101.186,20096.154,14210.13,0,0,0,0.9998999999999999,0.0,0.0,0.0,0.0,0.0,0,PVT
170071.0,2026,4,20,23,14,0,32.8806883,-117.2320461,-67.422,-101.186,20124.314,14230.04,0,0,0,0.9998999999999999,0.0,0.0,0.0,0.0,0.0,0,PVT
170072.0,2026,4,20,23,14,0,32.8806883,-117.2320461,-67.422,-101.186,20152.474,14249.952,0,0,0,0.9998999999999999,0.0,0.0,0.0,0.0,0.0,0,PVT
170073.0,2026,4,20,23,14,0,32.8806883,-117.2320461,-67.422,-101.186,20180.634,14269.864,0,0,0,0.9998999999999999,0.0,0.0,0.0,0.0,0.0,0,PVT
170074.0,2026,4,20,23,14,0,32.8806883,-117.2320461,-67.422,-101.186,20208.792,14289.776,0,0,0,0.9998999999999999,0.0,0.0,0.0,0.0,0.0,0,PVT
170075.0,2026,4,20,23,14,0,32.8806883,-117.2320461,-67.422,-101.186,20236.954,14309.688,0,0,0,0.9998999999999999,0.0,0.0,0.0,0.0,0.0,0,PVT
170076.0,2026,4,20,23,14,0,32.8806883,-117.2320461,-67.422,-101.186,20265.116,14329.602,0,0,0,0.9998999999999999,0.0,0.0,0.0,0.0,0.0,0,PVT
170077.0,2026,4,20,23,14,0,32.8806883,-117.2320461,-67.422,-101.186,20293.276,14349.514,0,0,0,0.9998999999999999,0.0,0.0,0.0,0.0,0.0,0,PVT
170078.0,2026,4,20,23,14,0,32.8806883,-117.2320461,-67.422,-101.186,20321.438,14369.428,0,0,0,0.9998999999999999,0.0,0.0,0.0,0.0,0.0,0,PVT
170079.0,2026,4,20,23,14,0,32.8806883,-117.2320461,-67.422,-101.186,20349.6,14389.34,0,0,0,0.9998999999999999,0.0,0.0,0.0,0.0,0.0,0,PVT
170080.0,2026,4,20,23,14,0,32.8806883,-117.2320461,-67.422,-101.186,20377.76,14409.254,0,0,0,0.9998999999999999,0.0,0.0,0.0,0.0,0.0,0,PVT
170081.0,2026,4,20,23,14,0,32.8806883,-117.2320461,-67.422,-101.186,20405.922,14429.168,0,0,0,0.9998999999999999,0.0,0.0,0.0,0.0,0.0,0,PVT
170082.0,2026,4,20,23,14,0,32.8806883,-117.2320461,-67.422,-101.186,20434.084,14449.082,0,0,0,0.9998999999999999,0.0,0.0,0.0,0.0,0.0,0,PVT
170083.0,2026,4,20,23,14,0,32.8806883,-117.2320461,-67.422,-101.186,20462.248,14468.996,0,0,0,0.9998999999999999,0.0,0.0,0.0,0.0,0.0,0,PVT
170084.0,2026,4,20,23,14,0,32.8806883,-117.2320461,-67.422,-101.186,20490.412,14488.91,0,0,0,0.9998999999999999,0.0,0.0,0.0,0.0,0.0,0,PVT
170085.0,2026,4,20,23,14,0,32.8806883,-117.2320461,-67.422,-101.186,20518.576,14508.824,0,0,0,0.9998999999999999,0.0,0.0,0.0,0.0,0.0,0,PVT
170086.0,2026,4,20,23,14,0,32.8806883,-117.2320461,-67.422,-101.186,20546.74,14528.74,0,0,0,0.9998999999999999,0.0,0.0,0.0,0.0,0.0,0,PVT
170087.0,2026,4,20,23,14,0,32.8806883,-117.2320461,-67.422,-101.186,20574.904,14548.656,0,0,0,0.9998999999999999,0.0,0.0,0.0,0.0,0.0,0,PVT
170088.0,2026,4,20,23,14,0,32.8806883,-117.2320461,-67.422,-101.186,20603.068,14568.57,0,0,0,0.9998999999999999,0.0,0.0,0.0,0.0,0.0,0,PVT
170089.0,2026,4,20,23,14,0,32.8806883,-117.2320461,-67.422,-101.186,20631.234,14588.486,0,0,0,0.9998999999999999,0.0,0.0,0.0,0.0,0.0,0,PVT
170090.0,2026,4,20,23,14,0,32.8806883,-117.2320461,-67.422,-101.186,20659.398,14608.4,0,0,0,0.9998999999999999,0.0,0.0,0.0,0.0,0.0,0,PVT
170091.0,2026,4,20,23,14,0,32.8806883,-117.2320461,-67.422,-101.186,20687.564,14628.318,0,0,0,0.9998999999999999,0.0,0.0,0.0,0.0,0.0,0,PVT
170092.0,2026,4,20,23,14,0,32.8806883,-117.2320461,-67.422,-101.186,20715.73,14648.234,0,0,0,0.9998999999999999,0.0,0.0,0.0,0.0,0.0,0,PVT
170093.0,2026,4,20,23,14,0,32.8806883,-117.2320461,-67.422,-101.186,20743.896,14668.15,0,0,0,0.9998999999999999,0.0,0.0,0.0,0.0,0.0,0,PVT
170094.0,2026,4,20,23,14,0,32.8806883,-117.2320461,-67.422,-101.186,20772.064,14688.068,0,0,0,0.9998999999999999,0.0,0.0,0.0,0.0,0.0,0,PVT
170095.0,2026,4,20,23,14,0,32.8806883,-117.2320461,-67.422,-101.186,20800.23,14707.984,0,0,0,0.9998999999999999,0.0,0.0,0.0,0.0,0.0,0,PVT
170096.0,2026,4,20,23,14,0,32.8806883,-117.2320461,-67.422,-101.186,20828.398,14727.902,0,0,0,0.9998999999999999,0.0,0.0,0.0,0.0,0.0,0,PVT
170097.0,2026,4,20,23,14,0,32.8806883,-117.2320461,-67.422,-101.186,20856.564,14747.82,0,0,0,0.9998999999999999,0.0,0.0,0.0,0.0,0.0,0,PVT
170098.0,2026,4,20,23,14,0,32.8806883,-117.2320461,-67.422,-101.186,20884.734,14767.736,0,0,0,0.9998999999999999,0.0,0.0,0.0,0.0,0.0,0,PVT
170099.0,2026,4,20,23,14,0,32.8806883,-117.2320461,-67.422,-101.186,20912.9,14787.656,0,0,0,0.9998999999999999,0.0,0.0,0.0,0.0,0.0,0,PVT
170100.0,2026,4,20,23,14,0,32.8806883,-117.2320461,-67.422,-101.186,20941.07,14807.574,0,0,0,0.9998999999999999,0.0,0.0,0.0,0.0,0.0,0,PVT
170101.0,2026,4,20,23,14,0,32.8806883,-117.2320461,-67.422,-101.186,20969.238,14827.492,0,0,0,0.9998999999999999,0.0,0.0,0.0,0.0,0.0,0,PVT
170102.0,2026,4,20,23,14,0,32.8806883,-117.2320461,-67.422,-101.186,20997.408,14847.41,0,0,0,0.9998999999999999,0.0,0.0,0.0,0.0,0.0,0,PVT
170103.0,2026,4,20,23,14,0,32.8806883,-117.2320461,-67.422,-101.186,21025.578,14867.33,0,0,0,0.9998999999999999,0.0,0.0,0.0,0.0,0.0,0,PVT
170104.0,2026,4,20,23,14,0,32.8806883,-117.2320461,-67.422,-101.186,21053.748,14887.248,0,0,0,0.9998999999999999,0.0,0.0,0.0,0.0,0.0,0,PVT
170105.0,2026,4,20,23,14,0,32.8806883,-117.2320461,-67.422,-101.186,21081.918,14907.168,0,0,0,0.9998999999999999,0.0,0.0,0.0,0.0,0.0,0,PVT
170106.0,2026,4,20,23,14,0,32.8806883,-117.2320461,-67.422,-101.186,21110.088,14927.086,0,0,0,0.9998999999999999,0.0,0.0,0.0,0.0,0.0,0,PVT
170107.0,2026,4,20,23,14,0,32.8806883,-117.2320461,-67.422,-101.186,21138.258,14947.006,0,0,0,0.9998999999999999,0.0,0.0,0.0,0.0,0.0,0,PVT
170108.0,2026,4,20,23,14,0,32.8806883,-117.2320461,-67.422,-101.186,21166.43,14966.928,0,0,0,0.9998999999999999,0.0,0.0,0.0,0.0,0.0,0,PVT
170109.0,2026,4,20,23,14,0,32.8806883,-117.2320461,-67.422,-101.186,21194.6,14986.846,0,0,0,0.9998999999999999,0.0,0.0,0.0,0.0,0.0,0,PVT
170110.0,2026,4,20,23,14,0,32.8806883,-117.2320461,-67.422,-101.186,21222.774,15006.768,0,0,0,0.9998999999999999,0.0,0.0,0.0,0.0,0.0,0,PVT
170111.0,2026,4,20,23,14,0,32.8806883,-117.2320461,-67.422,-101.186,21250.944,15026.688,0,0,0,0.9998999999999999,0.0,0.0,0.0,0.0,0.0,0,PVT
170112.0,2026,4,20,23,14,0,32.8806883,-117.2320461,-67.422,-101.186,21279.116,15046.608,0,0,0,0.9998999999999999,0.0,0.0,0.0,0.0,0.0,0,PVT
170113.0,2026,4,20,23,14,0,32.8806883,-117.2320461,-67.422,-101.186,21307.29,15066.528,0,0,0,0.9998999999999999,0.0,0.0,0.0,0.0,0.0,0,PVT
170114.0,2026,4,20,23,14,0,32.8806883,-117.2320461,-67.422,-101.186,21335.46,15086.45,0,0,0,0.9998999999999999,0.0,0.0,0.0,0.0,0.0,0,PVT
170115.0,2026,4,20,23,14,0,32.8806883,-117.2320461,-67.422,-101.186,21363.634,15106.372,0,0,0,0.9998999999999999,0.0,0.0,0.0,0.0,0.0,0,PVT
170116.0,2026,4,20,23,14,0,32.8806883,-117.2320461,-67.422,-101.186,21391.808,15126.292,0,0,0,0.9998999999999999,0.0,0.0,0.0,0.0,0.0,0,PVT
170117.0,2026,4,20,23,14,0,32.8806883,-117.2320461,-67.422,-101.186,21419.982,15146.216,0,0,0,0.9998999999999999,0.0,0.0,0.0,0.0,0.0,0,PVT
170118.0,2026,4,20,23,15,0,32.8806883,-117.2320461,-67.422,-101.186,21448.154,15166.138,0,0,0,0.9998999999999999,0.0,0.0,0.0,0.0,0.0,0,PVT
170119.0,2026,4,20,23,15,0,32.8806883,-117.2320461,-67.422,-101.186,21476.328,15186.06,0,0,0,0.9998999999999999,0.0,0.0,0.0,0.0,0.0,0,PVT
170120.0,2026,4,20,23,15,0,32.8806883,-117.2320461,-67.422,-101.186,21504.504,15205.982,0,0,0,0.9998999999999999,0.0,0.0,0.0,0.0,0.0,0,PVT
170121.0,2026,4,20,23,15,0,32.8806883,-117.2320461,-67.422,-101.186,21532.68,15225.904,0,0,0,0.9998999999999999,0.0,0.0,0.0,0.0,0.0,0,PVT
170122.0,2026,4,20,23,15,0,32.8806883,-117.2320461,-67.422,-101.186,21560.856,15245.828,0,0,0,0.9998999999999999,0.0,0.0,0.0,0.0,0.0,0,PVT
170123.0,2026,4,20,23,15,0,32.8806883,-117.2320461,-67.422,-101.186,21589.03,15265.75,0,0,0,0.9998999999999999,0.0,0.0,0.0,0.0,0.0,0,PVT
170124.0,2026,4,20,23,15,0,32.8806883,-117.2320461,-67.422,-101.186,21617.206,15285.674,0,0,0,0.9998999999999999,0.0,0.0,0.0,0.0,0.0,0,PVT
170125.0,2026,4,20,23,15,0,32.8806883,-117.2320461,-67.422,-101.186,21645.382,15305.598,0,0,0,0.9998999999999999,0.0,0.0,0.0,0.0,0.0,0,PVT
170126.0,2026,4,20,23,15,0,32.8806883,-117.2320461,-67.422,-101.186,21673.558,15325.52,0,0,0,0.9998999999999999,0.0,0.0,0.0,0.0,0.0,0,PVT
170127.0,2026,4,20,23,15,0,32.8806883,-117.2320461,-67.422,-101.186,21701.734,15345.444,0,0,0,0.9998999999999999,0.0,0.0,0.0,0.0,0.0,0,PVT
170128.0,2026,4,20,23,15,0,32.8806883,-117.2320461,-67.422,-101.186,21729.912,15365.368,0,0,0,0.9998999999999999,0.0,0.0,0.0,0.0,0.0,0,PVT
170129.0,2026,4,20,23,15,0,32.8806883,-117.2320461,-67.422,-101.186,21758.088,15385.292,0,0,0,0.9998999999999999,0.0,0.0,0.0,0.0,0.0,0,PVT
170130.0,2026,4,20,23,15,0,32.8806883,-117.2320461,-67.422,-101.186,21786.266,15405.216,0,0,0,0.9998999999999999,0.0,0.0,0.0,0.0,0.0,0,PVT
