Timestamp,Sensor,AccX,AccY,AccZ,GyrX,GyrY,GyrZ,MagX,MagY,MagZ,Temp
2026/04/13 15:03:58.00,IMU,34.18,-8.30,-1021.48,0.28,0.38,1.12,-36.75,-5.55,-1.05,28.0
2026/04/13 15:03:58.10,IMU,42.97,-20.51,-1010.25,0.31,-1.29,1.85,-36.30,-6.75,-0.60,27.9
2026/04/13 15:03:58.20,IMU,52.73,-22.95,-1019.04,0.68,0.98,2.43,-37.50,-7.20,0.30,27.8
2026/04/13 15:03:58.30,IMU,48.83,-24.90,-1020.51,-0.51,-0.63,-0.96,-37.20,-5.10,-0.90,28.0
2026/04/13 15:03:58.40,IMU,51.76,-21.48,-1011.72,0.71,2.14,0.69,-37.80,-6.45,0.00,28.0
2026/04/13 15:03:58.50,IMU,41.50,-14.16,-1010.74,-2.18,-0.09,2.70,-36.30,-6.00,-1.80,28.0
2026/04/13 15:03:58.60,IMU,47.85,-14.16,-1016.60,0.18,0.73,-0.37,-36.00,-6.45,-1.05,28.0
2026/04/13 15:03:58.70,IMU,47.85,-8.79,-1019.04,2.00,-0.44,-0.47,-37.05,-5.25,-0.60,28.1
2026/04/13 15:03:58.80,IMU,55.18,-9.28,-1005.86,-0.88,0.73,0.55,-36.60,-6.90,-0.45,28.0
2026/04/13 15:03:58.90,IMU,66.41,-8.30,-1019.04,-0.85,0.20,-0.29,-37.65,-5.85,0.45,28.0
2026/04/13 15:03:59.00,IMU,49.80,-13.67,-1011.23,0.85,1.91,0.17,-37.95,-7.35,-0.90,28.3
2026/04/13 15:03:59.11,IMU,51.27,-31.25,-1018.55,-0.71,2.95,0.80,-36.60,-6.60,-0.90,28.0
2026/04/13 15:03:59.21,IMU,41.99,-15.14,-1016.60,1.15,3.48,-0.98,-35.40,-6.60,0.15,28.0
2026/04/13 15:03:59.31,IMU,42.97,-36.62,-983.40,-0.98,2.50,0.20,-36.60,-6.60,-0.45,28.0
2026/04/13 15:03:59.41,IMU,48.34,-34.18,-1016.11,1.53,0.45,2.79,-36.30,-6.45,-0.30,27.8
2026/04/13 15:03:59.51,IMU,66.41,-25.39,-1020.02,1.54,-0.11,-0.25,-37.20,-6.90,0.45,28.0
2026/04/13 15:03:59.61,IMU,42.48,-16.60,-1015.63,0.52,0.50,0.60,-36.60,-6.90,0.90,28.0
2026/04/13 15:03:59.71,IMU,37.60,-27.34,-1059.08,1.76,0.00,-1.19,-36.30,-5.25,0.30,27.8
2026/04/13 15:03:59.81,IMU,50.29,-17.58,-1009.28,-0.17,0.65,1.46,-37.05,-7.20,0.60,28.0
2026/04/13 15:03:59.91,IMU,62.01,-14.65,-1021.00,1.47,2.89,-0.94,-36.75,-5.55,-0.30,28.1
2026/04/13 15:04:00.01,IMU,42.97,-21.48,-1005.37,-2.82,-0.92,-0.46,-36.00,-6.45,-0.30,28.3
2026/04/13 15:04:00.11,IMU,45.41,-11.72,-1004.88,0.16,-1.08,-1.18,-36.60,-7.35,0.90,27.7
2026/04/13 15:04:00.21,IMU,45.41,-24.41,-1011.72,0.24,1.40,-1.73,-37.80,-6.75,-0.30,28.4
2026/04/13 15:04:00.31,IMU,58.59,-27.83,-1018.55,-0.53,2.20,1.51,-37.50,-6.75,-0.60,28.0
2026/04/13 15:04:00.41,IMU,52.25,-23.44,-1008.30,0.28,2.65,-0.24,-36.90,-5.85,0.45,28.2
2026/04/13 15:04:00.51,IMU,37.60,1.95,-1019.04,0.11,0.40,2.09,-36.60,-7.65,-0.45,28.0
2026/04/13 15:04:00.61,IMU,42.97,-26.37,-1013.67,0.08,0.55,-3.35,-37.05,-6.00,-0.30,28.1
2026/04/13 15:04:00.71,IMU,51.27,-13.67,-1012.70,0.00,1.79,-4.24,-36.90,-7.35,-0.90,28.1
2026/04/13 15:04:00.81,IMU,53.71,-13.67,-1025.39,-0.17,-0.72,-1.45,-37.95,-5.85,1.20,28.4
2026/04/13 15:04:00.91,IMU,43.95,-18.07,-1001.95,-0.47,1.88,2.50,-36.75,-7.20,-0.60,28.0
2026/04/13 15:04:01.01,IMU,32.23,-22.46,-1012.21,1.92,1.01,0.53,-36.00,-6.75,-1.05,28.3
2026/04/13 15:04:01.11,IMU,34.18,-11.23,-997.07,-0.69,-0.59,0.63,-36.30,-6.00,-0.30,28.2
2026/04/13 15:04:01.21,IMU,53.22,-11.72,-1024.90,0.31,-2.02,-2.55,-37.20,-7.35,0.15,28.2
2026/04/13 15:04:01.31,IMU,48.83,-17.09,-1004.88,1.08,-1.10,-0.33,-37.05,-5.25,0.30,28.4
2026/04/13 15:04:01.41,IMU,46.88,-21.97,-1016.60,0.81,1.47,-0.14,-35.40,-6.60,-0.15,28.3
2026/04/13 15:04:01.51,IMU,37.11,-15.63,-1016.60,0.95,-0.32,-2.26,-37.05,-6.45,-1.35,28.0
2026/04/13 15:04:01.61,IMU,42.48,-19.53,-1024.90,-1.54,0.69,0.53,-36.75,-6.75,-1.80,28.0
2026/04/13 15:04:01.71,IMU,51.27,-18.55,-1005.37,-1.42,0.17,-3.10,-36.30,-6.00,-1.35,28.0
2026/04/13 15:04:01.82,IMU,43.46,-19.04,-1016.60,0.44,1.60,-0.33,-37.50,-7.95,-0.30,28.0
2026/04/13 15:04:01.92,IMU,49.32,-10.25,-1013.67,-0.11,1.44,-0.66,-36.90,-5.40,-0.90,28.0
2026/04/13 15:04:02.02,IMU,41.99,-6.84,-1015.14,-2.47,-0.05,2.52,-35.85,-6.60,0.90,27.9
2026/04/13 15:04:02.12,IMU,48.34,-24.90,-1024.41,0.92,1.66,1.99,-34.50,-7.95,0.30,28.2
2026/04/13 15:04:02.22,IMU,44.43,-12.21,-1013.67,0.17,0.48,0.50,-37.50,-8.70,0.00,28.2
2026/04/13 15:04:02.32,IMU,41.02,-18.07,-1009.28,-1.40,1.16,0.00,-36.90,-6.60,1.20,28.2
2026/04/13 15:04:02.42,IMU,40.04,-15.14,-1001.46,1.06,-2.09,0.40,-35.85,-5.85,-1.20,27.9
2026/04/13 15:04:02.52,IMU,45.41,-20.51,-994.14,1.18,-1.18,-1.52,-36.60,-6.60,-0.15,28.1
2026/04/13 15:04:02.62,IMU,50.29,-18.07,-1007.81,1.64,-1.70,2.34,-38.25,-6.45,-0.30,28.1
2026/04/13 15:04:02.72,IMU,41.02,-11.23,-1005.37,0.21,-0.75,-1.89,-35.25,-5.55,-1.35,28.3
2026/04/13 15:04:02.82,IMU,33.69,-24.41,-1003.91,-0.42,1.16,-0.69,-35.10,-6.60,-0.45,28.0
2026/04/13 15:04:02.92,IMU,49.80,-9.28,-1009.28,-0.63,1.79,1.05,-37.20,-6.60,0.45,28.3
2026/04/13 15:04:03.02,IMU,34.18,-10.25,-1013.18,-1.18,0.79,1.05,-37.20,-7.35,0.45,28.0
2026/04/13 15:04:03.12,IMU,51.76,-5.86,-1015.63,-1.66,0.47,0.62,-36.90,-6.90,0.15,28.2
2026/04/13 15:04:03.22,IMU,45.90,-1.95,-1011.23,-0.66,-2.02,-0.66,-37.80,-6.75,0.30,28.2
2026/04/13 15:04:03.32,IMU,54.69,-10.25,-1018.07,-0.89,1.68,2.45,-36.30,-7.20,0.00,28.0
2026/04/13 15:04:03.42,IMU,46.39,-16.11,-1031.25,-1.40,0.49,-1.23,-36.15,-6.90,0.15,28.1
2026/04/13 15:04:03.52,IMU,36.13,-14.16,-1022.46,0.60,2.00,-0.78,-36.90,-6.15,-1.50,28.1
2026/04/13 15:04:03.62,IMU,58.11,-19.53,-1006.84,-1.08,0.47,0.15,-36.15,-5.10,-0.90,28.3
2026/04/13 15:04:03.72,IMU,63.96,-19.53,-1013.67,-0.69,-1.25,1.71,-36.90,-6.15,0.15,27.8
2026/04/13 15:04:03.82,IMU,48.34,-9.28,-1013.18,-0.25,-0.71,-0.42,-37.65,-5.40,0.15,28.2
2026/04/13 15:04:03.92,IMU,51.27,-16.60,-1008.79,-1.01,1.81,-0.55,-35.25,-6.00,-0.30,28.0
2026/04/13 15:04:04.02,IMU,42.97,-5.37,-1015.14,0.33,-1.05,0.50,-36.90,-5.85,-0.90,28.4
2026/04/13 15:04:04.12,IMU,54.69,-31.25,-1021.97,-0.18,0.49,3.41,-37.95,-6.15,0.45,28.1
2026/04/13 15:04:04.22,IMU,38.57,-12.70,-997.56,0.03,0.58,-0.95,-37.50,-7.20,0.30,28.3
2026/04/13 15:04:04.32,IMU,50.78,-24.41,-1006.84,-0.62,1.36,-0.44,-37.80,-6.45,0.30,28.4
2026/04/13 15:04:04.42,IMU,53.71,-14.65,-1003.42,0.56,0.04,-0.24,-36.00,-6.75,-0.60,28.2
2026/04/13 15:04:04.53,IMU,35.64,-16.11,-1019.04,-0.11,-0.91,0.47,-36.90,-8.40,-0.15,28.0
2026/04/13 15:04:04.63,IMU,54.20,-16.11,-1006.35,-0.09,-0.36,-0.80,-37.50,-6.75,-0.60,28.0
2026/04/13 15:04:04.73,IMU,56.15,-13.18,-1009.77,-0.40,0.18,-3.13,-37.05,-6.75,0.30,28.0
2026/04/13 15:04:04.83,IMU,50.29,-21.97,-1011.23,-0.83,-0.82,-0.33,-36.60,-6.60,0.90,28.0
2026/04/13 15:04:04.93,IMU,41.02,-15.63,-1002.93,0.63,-0.80,0.73,-36.60,-6.60,0.15,28.0
2026/04/13 15:04:05.03,IMU,53.22,-17.58,-1019.04,0.47,-0.83,-1.53,-36.60,-6.90,1.20,28.3
2026/04/13 15:04:05.13,IMU,41.99,-24.41,-1019.53,-0.96,0.34,2.40,-40.80,-7.50,2.40,28.4
2026/04/13 15:04:05.23,IMU,47.85,-19.53,-1010.25,-1.20,-1.31,0.42,-36.90,-6.60,-0.15,28.1
2026/04/13 15:04:05.33,IMU,51.76,-25.39,-1016.11,-0.44,-0.71,-0.58,-36.60,-6.90,-1.50,28.3
2026/04/13 15:04:05.43,IMU,53.71,-18.55,-1014.16,1.13,2.13,-0.02,-36.60,-4.65,-0.45,27.9
2026/04/13 15:04:05.53,IMU,41.50,-36.13,-1007.32,0.05,2.02,-0.93,-36.60,-6.15,-0.15,28.2
2026/04/13 15:04:05.63,IMU,50.29,-22.46,-1011.23,-0.26,-1.00,1.05,-36.75,-6.75,-0.30,28.4
2026/04/13 15:04:05.73,IMU,47.36,-34.18,-1013.18,0.42,1.80,-0.03,-35.85,-6.60,-1.95,28.4
2026/04/13 15:04:05.83,IMU,38.57,-17.58,-1020.51,0.16,1.82,1.47,-36.90,-6.15,-0.45,28.2
2026/04/13 15:04:05.93,IMU,64.94,-15.14,-1010.25,-0.37,1.81,3.42,-37.20,-5.85,0.15,28.4
2026/04/13 15:04:06.03,IMU,42.97,-22.46,-1018.55,-0.48,-1.22,-1.25,-35.85,-5.40,-0.15,28.4
2026/04/13 15:04:06.14,IMU,59.57,-25.39,-1015.14,-1.19,-0.44,-2.46,-35.55,-8.70,1.80,28.2
2026/04/13 15:04:06.24,IMU,44.92,-8.79,-1011.23,0.56,1.03,0.51,-36.15,-6.15,-1.20,28.2
2026/04/13 15:04:06.34,IMU,46.88,-6.35,-1021.97,1.15,0.31,-0.78,-36.90,-6.60,-0.45,28.2
2026/04/13 15:04:06.44,IMU,48.34,-21.00,-1007.81,-0.12,0.70,4.00,-36.15,-7.35,-0.45,28.2
2026/04/13 15:04:06.54,IMU,49.32,-12.70,-1016.11,-1.40,1.82,-2.05,-36.90,-6.90,-0.15,27.8
2026/04/13 15:04:06.64,IMU,39.06,-19.53,-1021.48,0.60,0.19,-2.14,-36.15,-4.35,-0.90,28.2
2026/04/13 15:04:06.74,IMU,55.18,-20.02,-1021.97,0.25,-0.82,-2.73,-37.50,-6.75,1.05,28.4
2026/04/13 15:04:06.84,IMU,37.60,-25.88,-1001.95,-1.05,2.37,0.02,-37.95,-8.40,0.90,28.4
2026/04/13 15:04:06.94,IMU,39.55,-29.79,-1020.02,1.95,-0.85,-2.79,-36.90,-6.15,-0.45,28.2
2026/04/13 15:04:07.04,IMU,46.39,-8.79,-1013.67,0.98,1.77,2.66,-36.75,-6.75,0.30,28.3
2026/04/13 15:04:07.14,IMU,42.48,-15.14,-1013.18,-0.46,2.98,1.50,-37.05,-6.75,0.60,28.2
2026/04/13 15:04:07.24,IMU,48.34,-19.53,-1019.04,-0.73,0.40,-2.52,-36.00,-7.20,-0.30,28.2
2026/04/13 15:04:07.34,IMU,44.43,-18.07,-1017.09,-0.27,0.94,1.56,-36.60,-5.10,-0.45,28.0
2026/04/13 15:04:07.44,IMU,42.97,-19.04,-1004.39,1.06,2.26,-1.84,-35.10,-6.60,-0.45,28.4
2026/04/13 15:04:07.54,IMU,37.60,-12.70,-1007.81,0.25,2.16,0.62,-36.00,-6.45,0.00,28.1
2026/04/13 15:04:07.64,IMU,52.25,-17.58,-1011.72,-0.19,-1.08,-0.62,-36.15,-5.85,-0.90,28.4
2026/04/13 15:04:07.74,IMU,41.99,-2.44,-1007.32,0.16,0.49,0.34,-36.75,-6.00,-0.30,28.2
2026/04/13 15:04:07.84,IMU,49.32,-24.41,-1007.32,1.73,-1.74,0.53,-37.05,-5.25,0.30,28.4
2026/04/13 15:04:07.94,IMU,50.78,-7.81,-1005.37,1.36,0.44,1.58,-36.15,-6.90,-0.90,28.2
2026/04/13 15:04:08.04,IMU,45.90,-15.63,-1019.04,0.38,0.09,-1.90,-36.90,-6.60,0.90,28.2
2026/04/13 15:04:08.14,IMU,46.88,-20.02,-1002.44,0.15,1.74,0.34,-36.75,-6.00,-0.60,28.1
2026/04/13 15:04:08.24,IMU,42.97,-21.00,-1013.67,0.36,0.13,0.72,-36.30,-6.75,-0.60,28.0
2026/04/13 15:04:08.34,IMU,49.32,-15.14,-1006.35,0.90,0.04,-3.42,-37.20,-6.90,-0.90,28.5
2026/04/13 15:04:08.44,IMU,35.64,-23.93,-1010.74,0.08,-1.11,-0.26,-35.85,-8.10,-0.15,28.4
2026/04/13 15:04:08.55,IMU,47.36,-26.86,-1024.90,-1.56,1.47,1.61,-36.30,-6.45,0.60,28.4
2026/04/13 15:04:08.65,IMU,50.29,-28.81,-1023.93,0.42,-1.76,1.34,-37.05,-6.45,-0.60,28.4
2026/04/13 15:04:08.75,IMU,42.97,-21.48,-1011.72,-0.35,2.52,0.85,-34.65,-7.35,0.15,28.2
2026/04/13 15:04:08.85,IMU,57.13,-11.72,-1012.21,-0.76,-0.11,2.47,-36.60,-6.15,0.15,27.8
2026/04/13 15:04:08.95,IMU,53.22,-12.70,-1027.34,3.05,1.05,-0.68,-36.30,-6.45,-1.80,28.3
2026/04/13 15:04:09.05,IMU,49.80,-10.25,-1019.04,-0.31,-1.17,-1.13,-35.55,-6.45,0.30,28.0
2026/04/13 15:04:09.15,IMU,37.11,-16.60,-1019.53,0.18,-0.17,3.53,-37.05,-6.75,-1.05,28.2
2026/04/13 15:04:09.25,IMU,56.15,-11.72,-1007.32,-1.13,0.22,-1.76,-35.85,-6.15,0.15,28.4
2026/04/13 15:04:09.35,IMU,39.55,-15.63,-1004.88,1.19,1.50,-0.83,-34.65,-6.60,-0.45,28.1
2026/04/13 15:04:09.45,IMU,50.78,-16.11,-1015.14,0.17,-1.78,-0.80,-35.85,-6.60,-0.45,28.2
2026/04/13 15:04:09.55,IMU,58.11,-21.00,-1013.67,0.98,0.50,-0.44,-37.05,-9.00,0.00,28.2
2026/04/13 15:04:09.65,IMU,52.25,-11.72,-1022.95,0.45,-1.56,-1.94,-35.55,-6.00,0.30,28.0
2026/04/13 15:04:09.75,IMU,52.73,-9.28,-1014.65,-0.31,0.85,0.28,-36.00,-7.50,-0.30,28.3
2026/04/13 15:04:09.85,IMU,49.80,-10.74,-1006.35,0.45,1.61,0.02,-36.15,-6.15,-0.45,28.0
2026/04/13 15:04:09.95,IMU,47.85,-22.46,-1013.18,-0.12,-0.85,-0.14,-37.50,-7.20,-0.60,28.2
2026/04/13 15:04:10.05,IMU,57.13,-16.60,-1013.18,-1.06,-0.38,2.90,-35.55,-7.50,-1.05,28.3
2026/04/13 15:04:10.15,IMU,43.95,-17.58,-1012.70,-0.49,0.25,0.95,-36.75,-5.25,-0.30,28.3
2026/04/13 15:04:10.25,IMU,39.55,-19.04,-1016.11,0.27,-0.43,-0.26,-35.40,-6.15,-0.90,28.2
2026/04/13 15:04:10.35,IMU,56.64,-16.60,-1013.18,-1.76,2.01,0.56,-36.90,-7.35,0.15,28.0
2026/04/13 15:04:10.45,IMU,40.53,-11.72,-1020.02,1.09,-0.09,0.02,-36.15,-5.85,0.90,28.5
2026/04/13 15:04:10.55,IMU,42.97,-28.81,-1023.44,0.82,0.23,0.69,-35.85,-5.85,0.90,28.2
2026/04/13 15:04:10.65,IMU,52.25,-15.63,-1007.81,-0.05,0.08,-1.56,-35.85,-6.15,0.15,28.1
2026/04/13 15:04:10.75,IMU,50.78,-18.55,-1017.58,1.89,1.82,-1.92,-37.05,-5.55,1.05,28.4
2026/04/13 15:04:10.85,IMU,47.85,-16.11,-1014.16,1.70,-0.58,0.82,-34.65,-6.15,-0.90,28.2
2026/04/13 15:04:10.95,IMU,41.02,-20.02,-1008.30,-1.76,-0.53,1.27,-36.60,-6.15,-0.90,28.0
2026/04/13 15:04:11.05,IMU,52.25,-5.86,-1009.77,-0.11,2.36,2.34,-36.00,-5.55,-0.60,28.3
2026/04/13 15:04:11.15,IMU,48.83,-13.67,-1014.65,-0.52,-0.10,0.37,-35.55,-4.80,0.00,28.1
2026/04/13 15:04:11.26,IMU,62.50,-18.07,-1009.77,0.70,2.75,0.07,-36.30,-7.50,-0.60,28.2
2026/04/13 15:04:11.36,IMU,62.01,-18.07,-1020.51,-0.45,-0.97,1.58,-36.15,-6.90,-1.20,28.4
2026/04/13 15:04:11.46,IMU,40.53,-23.44,-1004.88,0.77,-0.35,-2.30,-37.65,-6.60,-0.90,28.3
2026/04/13 15:04:11.56,IMU,50.78,-4.39,-1014.16,-0.47,-1.12,1.28,-36.75,-5.55,-0.60,28.2
2026/04/13 15:04:11.66,IMU,46.88,-19.53,-1013.67,0.56,-0.43,0.65,-37.05,-6.45,0.00,28.3
2026/04/13 15:04:11.76,IMU,39.06,-16.60,-1021.97,1.12,0.79,2.35,-37.05,-6.00,-1.35,28.3
2026/04/13 15:04:11.86,IMU,47.36,-13.67,-1023.44,1.02,3.63,3.15,-36.90,-5.40,-0.45,28.4
2026/04/13 15:04:11.96,IMU,49.80,-6.35,-1017.58,-0.48,-0.44,1.63,-37.20,-6.15,-0.90,27.9
2026/04/13 15:04:12.06,IMU,36.62,-14.16,-1012.70,0.27,0.18,0.30,-35.85,-7.35,-1.50,28.2
2026/04/13 15:04:12.16,IMU,53.71,-25.39,-1007.32,-1.58,0.14,0.01,-36.75,-6.45,0.00,28.0
2026/04/13 15:04:12.26,IMU,39.55,-16.11,-1013.18,-2.40,0.68,-2.79,-36.15,-5.40,-0.15,28.2
2026/04/13 15:04:12.36,IMU,48.34,-14.16,-1002.44,-1.38,-1.15,0.71,-36.00,-6.75,-0.60,28.2
2026/04/13 15:04:12.46,IMU,43.95,-21.97,-1016.60,-0.62,1.44,1.08,-35.25,-6.75,0.30,28.2
2026/04/13 15:04:12.56,IMU,52.73,-16.60,-1012.21,0.27,0.65,3.07,-37.20,-6.60,-0.45,28.3
2026/04/13 15:04:12.66,IMU,46.39,-17.58,-1006.84,0.54,1.53,0.17,-37.80,-6.00,-0.60,28.4
2026/04/13 15:04:12.76,IMU,74.22,-21.97,-1011.23,-0.10,1.38,0.07,-36.75,-6.00,0.30,28.4
2026/04/13 15:04:12.86,IMU,43.95,-19.04,-1024.41,0.66,1.25,0.45,-36.60,-6.60,-0.45,28.0
2026/04/13 15:04:12.96,IMU,46.88,-21.97,-1001.95,-0.87,-1.58,1.56,-37.50,-6.75,-1.05,28.4
2026/04/13 15:04:13.06,IMU,47.85,-21.48,-1011.23,-1.21,0.95,1.08,-36.60,-6.60,-0.15,28.6
2026/04/13 15:04:13.16,IMU,47.85,-16.11,-1013.67,0.34,0.33,2.05,-36.75,-6.75,0.60,28.3
2026/04/13 15:04:13.26,IMU,57.62,-21.97,-1016.11,0.38,0.04,-1.20,-36.00,-6.00,0.30,28.4
2026/04/13 15:04:13.36,IMU,57.13,-16.11,-1012.21,0.92,-0.32,-0.70,-37.20,-6.60,-0.90,28.4
2026/04/13 15:04:13.46,IMU,38.09,-24.41,-1017.09,-0.01,1.58,0.01,-35.25,-7.20,-0.30,28.5
2026/04/13 15:04:13.56,IMU,49.32,-9.77,-1005.86,-0.47,0.72,-0.09,-37.65,-7.35,-0.15,28.5
2026/04/13 15:04:13.66,IMU,52.73,-14.16,-1016.60,0.49,-1.60,-1.08,-37.20,-6.15,-0.15,28.3
2026/04/13 15:04:13.76,IMU,55.18,-17.09,-1018.55,0.29,1.60,-0.87,-36.60,-6.90,-0.90,28.2
2026/04/13 15:04:13.86,IMU,58.11,-22.95,-1017.09,-1.07,0.40,0.01,-37.05,-5.25,0.60,28.1
2026/04/13 15:04:13.97,IMU,44.92,-4.39,-1009.28,1.00,0.05,-0.71,-36.75,-5.25,-0.30,28.4
2026/04/13 15:04:14.07,IMU,43.95,-22.46,-1016.11,1.03,-0.01,1.90,-35.40,-6.60,0.15,28.1
2026/04/13 15:04:14.17,IMU,58.59,-20.51,-1015.14,0.02,1.07,-0.79,-35.55,-7.95,-0.30,28.2
2026/04/13 15:04:14.27,IMU,39.55,-10.25,-1009.28,0.37,-1.05,1.37,-38.70,-6.15,2.70,28.4
2026/04/13 15:04:14.37,IMU,53.22,-14.65,-1008.79,0.79,1.27,-0.83,-36.75,-7.20,0.00,28.4
2026/04/13 15:04:14.47,IMU,56.15,-11.72,-1013.67,0.27,1.85,-0.39,-36.00,-6.45,-0.30,28.5
2026/04/13 15:04:14.57,IMU,41.50,-19.53,-1025.39,-0.16,0.34,-1.50,-36.60,-6.15,0.45,28.2
2026/04/13 15:04:14.67,IMU,43.46,-13.67,-1014.65,2.02,-0.61,0.55,-34.50,-6.45,0.30,28.3
2026/04/13 15:04:14.77,IMU,43.46,-17.09,-1010.74,-0.80,-0.40,0.27,-36.75,-6.45,0.00,28.4
2026/04/13 15:04:14.87,IMU,53.22,-1.95,-1013.67,0.17,-0.90,1.55,-37.05,-6.75,0.00,28.2
2026/04/13 15:04:14.97,IMU,59.57,-9.28,-1010.25,2.20,-0.19,0.65,-37.05,-6.45,0.30,28.0
2026/04/13 15:04:15.80,IMU,47.85,-5.86,-1000.00,-0.18,0.40,2.64,-36.30,-6.45,0.30,28.4
2026/04/13 15:04:15.90,IMU,36.62,-20.51,-1010.74,0.94,-0.56,2.79,-36.75,-7.50,0.30,28.4
2026/04/13 15:04:16.00,IMU,47.85,-14.16,-1004.88,-0.25,0.34,2.06,-36.75,-6.75,1.05,28.0
2026/04/13 15:04:16.10,IMU,48.83,-18.07,-1020.51,0.85,1.81,-2.55,-37.65,-7.65,0.45,28.2
2026/04/13 15:04:16.20,IMU,53.71,-24.41,-1010.74,-0.81,-0.80,-3.50,-37.05,-5.55,-0.60,28.1
2026/04/13 15:04:16.30,IMU,37.60,-20.02,-1022.46,-0.44,-0.09,0.37,-36.90,-5.10,-0.90,28.4
2026/04/13 15:04:16.40,IMU,55.18,-18.55,-1012.70,-0.05,0.63,0.24,-35.55,-6.75,0.30,28.3
2026/04/13 15:04:16.50,IMU,41.99,-20.02,-1017.58,1.05,0.08,0.57,-37.20,-5.10,-1.20,28.4
2026/04/13 15:04:16.60,IMU,41.50,-15.14,-1010.74,0.44,0.32,3.09,-37.95,-5.40,-1.20,28.2
2026/04/13 15:04:16.70,IMU,46.88,-21.48,-1018.07,1.85,0.45,-2.56,-36.90,-6.60,-0.90,28.2
2026/04/13 15:04:16.80,IMU,41.02,-24.41,-1037.60,0.49,3.20,-4.18,-36.15,-6.60,-0.90,28.0
2026/04/13 15:04:16.90,IMU,47.36,-7.81,-1014.65,1.79,0.73,0.04,-37.50,-5.55,-0.60,28.3
2026/04/13 15:04:17.00,IMU,45.41,-12.21,-1014.16,0.18,-0.47,-0.36,-36.75,-5.55,-0.60,28.1
2026/04/13 15:04:17.10,IMU,53.22,-14.65,-1011.72,0.40,-0.08,2.38,-36.90,-5.40,-0.45,28.0
2026/04/13 15:04:17.20,IMU,42.48,-19.04,-1020.02,-1.00,0.89,-2.05,-38.25,-6.00,-1.05,28.2
2026/04/13 15:04:17.30,IMU,46.88,-21.00,-1015.14,-0.15,0.91,0.18,-36.90,-6.15,-0.15,28.4
2026/04/13 15:04:17.40,IMU,51.76,-4.39,-1012.21,0.48,-0.41,-0.34,-34.95,-6.45,-0.30,27.7
2026/04/13 15:04:17.51,IMU,43.95,-21.97,-1022.46,0.60,-2.09,0.16,-36.90,-6.15,-0.15,28.5
2026/04/13 15:04:17.61,IMU,45.41,-11.23,-1008.30,0.71,1.02,-1.08,-36.30,-4.80,-0.30,28.3
2026/04/13 15:04:17.71,IMU,49.80,-8.30,-1018.07,-1.56,-0.95,-0.57,-36.00,-6.00,0.00,28.4
2026/04/13 15:04:17.81,IMU,59.57,-0.98,-1011.72,-0.22,0.51,-0.66,-36.30,-6.45,-0.30,28.2
2026/04/13 15:04:17.91,IMU,54.20,-17.58,-1011.72,0.94,-0.64,-1.60,-37.20,-7.35,0.15,28.0
2026/04/13 15:04:18.01,IMU,51.27,-16.60,-1020.51,0.13,0.85,0.61,-36.75,-4.80,-0.30,28.0
2026/04/13 15:04:18.11,IMU,43.95,-15.14,-1021.48,0.15,2.05,1.18,-36.30,-6.00,0.30,28.4
2026/04/13 15:04:18.21,IMU,45.90,-16.11,-1005.86,0.39,0.08,3.27,-37.05,-7.20,0.30,28.4
2026/04/13 15:04:18.31,IMU,58.11,-14.16,-1011.23,1.27,0.66,-1.09,-35.55,-6.75,0.30,28.4
2026/04/13 15:04:18.41,IMU,54.20,-19.04,-1007.32,-0.37,-0.03,0.27,-37.95,-6.15,0.15,28.3
2026/04/13 15:04:18.51,IMU,44.92,-19.04,-1009.28,0.07,-1.45,0.86,-36.30,-6.00,0.00,28.0
2026/04/13 15:04:18.61,IMU,50.78,-21.48,-1013.67,2.30,0.08,-2.11,-36.15,-5.40,-1.20,28.2
2026/04/13 15:04:18.71,IMU,56.64,-0.98,-1021.00,-0.15,-1.44,0.99,-35.10,-7.35,-0.15,28.3
2026/04/13 15:04:18.81,IMU,39.55,-16.60,-1019.04,-1.05,0.25,-0.66,-37.05,-5.55,0.30,28.3
2026/04/13 15:04:18.91,IMU,47.36,-16.60,-1001.46,-0.17,0.82,0.54,-37.80,-6.45,0.00,28.4
2026/04/13 15:04:19.01,IMU,42.97,-20.51,-1031.74,0.13,0.42,1.98,-36.75,-6.00,0.60,28.5
2026/04/13 15:04:19.11,IMU,43.95,-13.18,-1014.65,-1.52,0.46,-0.41,-37.50,-6.75,-1.05,28.2
2026/04/13 15:04:19.21,IMU,51.27,-22.46,-1020.51,0.25,-1.92,-0.98,-37.05,-5.55,-0.60,28.3
2026/04/13 15:04:19.31,IMU,45.90,-14.65,-1003.42,0.25,1.40,-1.56,-35.55,-6.00,-1.05,28.0
2026/04/13 15:04:19.41,IMU,48.34,-11.23,-1019.53,-0.26,0.41,1.74,-36.75,-6.45,0.00,28.3
2026/04/13 15:04:19.51,IMU,45.90,-18.07,-1015.63,-1.69,1.13,3.68,-35.85,-5.85,-0.90,28.0
2026/04/13 15:04:19.61,IMU,48.34,-21.48,-1000.98,-0.15,1.69,-1.61,-35.85,-6.90,0.90,28.4
2026/04/13 15:04:19.71,IMU,51.27,-20.02,-1001.95,-0.06,0.52,2.23,-36.60,-6.60,-0.15,28.1
2026/04/13 15:04:19.81,IMU,45.41,-26.37,-1021.48,-1.80,0.37,1.53,-37.95,-5.85,0.15,28.2
2026/04/13 15:04:19.91,IMU,54.20,-24.41,-1009.77,0.50,1.10,1.36,-37.65,-7.35,-0.45,28.5
2026/04/13 15:04:20.01,IMU,44.92,-18.55,-1020.02,-1.06,-0.65,-1.60,-36.00,-6.75,-0.60,28.1
2026/04/13 15:04:20.11,IMU,50.78,-7.81,-1007.32,-1.07,1.72,-1.50,-36.15,-6.60,0.45,28.3
2026/04/13 15:04:20.21,IMU,46.39,-18.55,-1023.93,-0.85,0.73,1.97,-37.50,-6.75,0.30,28.2
2026/04/13 15:04:20.32,IMU,56.15,-11.23,-1021.97,0.93,-2.34,0.99,-36.00,-7.50,-0.60,28.2
2026/04/13 15:04:20.42,IMU,49.80,-13.67,-1025.39,0.96,1.52,0.64,-35.85,-5.10,0.15,28.2
2026/04/13 15:04:20.52,IMU,47.36,-15.63,-1009.77,-1.74,-0.95,0.63,-37.95,-5.10,-0.45,28.4
2026/04/13 15:04:20.62,IMU,62.99,-11.72,-1011.72,1.59,-0.63,-0.34,-35.55,-7.20,0.30,28.2
2026/04/13 15:04:20.72,IMU,44.92,-19.04,-1005.86,1.07,-2.77,-0.75,-36.15,-6.15,0.90,28.3
2026/04/13 15:04:20.82,IMU,50.29,-11.72,-1013.18,2.76,0.20,0.95,-36.30,-6.00,-0.30,28.6
2026/04/13 15:04:20.92,IMU,45.41,-18.07,-1010.74,-0.21,0.18,0.86,-36.30,-6.00,0.60,28.1
2026/04/13 15:04:21.02,IMU,45.90,-16.60,-1012.70,1.03,1.48,-0.96,-35.85,-6.15,0.15,28.3
2026/04/13 15:04:21.12,IMU,52.25,-17.58,-1000.49,-0.27,0.11,0.22,-36.75,-6.00,-0.60,28.2
2026/04/13 15:04:21.22,IMU,47.85,-19.53,-1007.32,-0.41,1.29,-0.40,-36.15,-6.15,0.45,28.4
2026/04/13 15:04:21.32,IMU,48.34,-17.58,-1021.97,0.19,0.47,0.12,-36.30,-6.75,0.00,28.4
2026/04/13 15:04:21.42,IMU,50.78,-13.18,-1009.77,-0.44,-0.39,-2.31,-37.20,-5.40,-0.90,28.3
2026/04/13 15:04:21.52,IMU,57.62,-16.60,-1005.86,-0.14,0.46,-2.55,-36.75,-7.20,-0.30,28.0
2026/04/13 15:04:21.62,IMU,29.30,-15.63,-1022.46,-1.52,-2.08,-0.07,-37.20,-6.60,0.15,28.4
2026/04/13 15:04:21.72,IMU,48.34,-21.00,-1013.18,-0.99,-0.66,-0.30,-37.80,-6.00,0.00,28.4
2026/04/13 15:04:21.82,IMU,53.71,-22.46,-1009.77,1.31,2.44,-0.51,-36.30,-5.25,0.60,28.3
2026/04/13 15:04:21.92,IMU,55.18,-8.30,-1001.95,0.27,-0.92,-2.57,-39.15,-8.10,2.25,27.8
2026/04/13 15:04:22.02,IMU,41.99,-21.97,-1012.70,1.42,0.00,-1.18,-36.75,-6.45,0.30,28.4
2026/04/13 15:04:22.12,IMU,40.53,-30.76,-1002.44,0.47,0.34,1.05,-37.20,-6.15,0.90,28.3
2026/04/13 15:04:22.22,IMU,60.55,-13.18,-1003.42,1.20,1.05,-0.23,-37.20,-6.60,-0.15,28.4
2026/04/13 15:04:22.32,IMU,50.78,-15.14,-1011.72,-0.24,1.52,1.82,-35.85,-6.60,-1.20,28.3
2026/04/13 15:04:22.42,IMU,52.73,-14.65,-1010.74,0.77,0.63,-3.92,-35.85,-5.85,-1.20,28.2
2026/04/13 15:04:22.52,IMU,38.57,-21.00,-1006.35,1.69,-0.18,1.32,-36.00,-5.55,0.30,28.2
2026/04/13 15:04:22.62,IMU,46.39,-16.60,-999.02,1.07,-0.07,0.04,-37.05,-5.25,-1.05,28.2
2026/04/13 15:04:22.72,IMU,47.36,-24.90,-1011.72,0.81,2.09,0.63,-36.75,-6.45,-1.05,28.1
2026/04/13 15:04:22.82,IMU,45.41,-31.74,-1008.30,-0.21,0.21,0.52,-36.75,-5.55,1.80,28.0
2026/04/13 15:04:22.93,IMU,42.48,-13.67,-1005.37,-0.44,0.40,-1.21,-39.60,-9.75,3.90,28.2
2026/04/13 15:04:23.03,IMU,46.88,-16.11,-1018.55,1.08,-1.04,-1.69,-35.85,-6.90,-0.90,28.2
2026/04/13 15:04:23.13,IMU,45.90,-8.79,-1012.21,1.95,0.15,4.37,-37.20,-6.60,0.15,28.4
2026/04/13 15:04:23.23,IMU,55.18,-32.71,-1030.27,1.18,-2.47,-0.94,-36.60,-6.90,-1.20,28.4
2026/04/13 15:04:23.33,IMU,49.32,-16.60,-1011.72,0.22,0.40,-0.21,-36.60,-6.90,-1.20,28.1
2026/04/13 15:04:23.43,IMU,46.39,-16.11,-1004.39,0.28,1.59,-1.26,-37.05,-6.00,-0.30,28.4
2026/04/13 15:04:23.53,IMU,35.16,-20.02,-999.02,-0.44,0.04,-0.19,-35.25,-6.45,-0.60,28.3
2026/04/13 15:04:23.63,IMU,57.62,-14.16,-1011.23,0.57,-2.22,-0.44,-35.85,-6.15,-1.20,28.2
2026/04/13 15:04:23.73,IMU,43.46,-20.51,-1021.00,-0.29,-0.19,2.37,-37.05,-6.45,0.30,28.0
2026/04/13 15:04:23.83,IMU,55.18,-20.51,-1009.77,2.06,0.56,-1.95,-36.30,-6.75,0.00,28.3
2026/04/13 15:04:23.93,IMU,49.80,-15.14,-1018.07,0.31,1.27,0.73,-36.00,-6.45,0.60,28.3
2026/04/13 15:04:24.03,IMU,49.32,-25.88,-1010.25,1.40,-0.49,0.52,-37.65,-6.90,-1.20,28.0
2026/04/13 15:04:24.13,IMU,43.95,-24.41,-1016.60,-0.41,1.35,-0.98,-37.50,-6.45,-0.30,28.4
2026/04/13 15:04:24.23,IMU,45.90,-18.07,-1025.39,-1.19,-3.15,-0.79,-36.75,-6.75,1.05,28.4
2026/04/13 15:04:24.33,IMU,53.71,-13.18,-1008.79,0.38,0.87,-0.62,-38.55,-5.25,-0.30,28.3
2026/04/13 15:04:24.43,IMU,45.41,-21.00,-1020.02,1.79,0.42,-3.69,-37.65,-6.15,-0.45,28.1
2026/04/13 15:04:24.53,IMU,41.99,-24.90,-1024.90,-1.21,-0.15,1.15,-37.20,-5.10,-0.90,28.0
2026/04/13 15:04:24.63,IMU,43.46,-20.51,-1015.14,0.44,1.56,-0.18,-37.65,-6.00,-1.35,28.4
2026/04/13 15:04:24.73,IMU,37.11,-24.41,-1013.67,1.81,0.80,1.20,-36.15,-5.85,-0.45,28.1
2026/04/13 15:04:24.83,IMU,45.41,-16.60,-1005.86,1.52,-2.85,1.92,-36.90,-6.15,0.45,28.4
2026/04/13 15:04:24.93,IMU,37.60,-24.41,-1014.65,-0.70,0.33,0.73,-36.90,-6.60,-0.45,28.3
2026/04/13 15:04:25.03,IMU,46.88,-14.16,-1013.67,-0.39,-0.33,1.75,-37.50,-4.65,0.90,28.0
2026/04/13 15:04:25.13,IMU,39.06,-23.44,-1013.18,-0.15,0.22,-3.21,-37.05,-6.00,0.00,28.4
2026/04/13 15:04:25.24,IMU,42.48,-31.74,-1010.25,-1.34,0.01,-2.52,-36.60,-4.35,-0.45,28.4
2026/04/13 15:04:25.34,IMU,51.76,-20.02,-1011.23,0.15,2.47,3.73,-36.90,-5.40,-1.20,28.2
2026/04/13 15:04:25.44,IMU,54.69,-20.51,-1010.25,0.18,0.99,-0.14,-36.15,-5.85,-1.20,28.2
2026/04/13 15:04:25.54,IMU,52.25,-32.23,-1012.21,0.47,0.20,1.11,-36.15,-6.60,0.15,28.3
2026/04/13 15:04:25.64,IMU,43.46,-21.48,-1015.63,-0.47,0.60,3.73,-37.05,-7.20,-0.60,28.3
2026/04/13 15:04:25.74,IMU,53.22,-17.58,-1019.04,0.61,-1.18,0.22,-36.75,-6.45,-1.05,28.0
2026/04/13 15:04:25.84,IMU,55.66,-21.48,-1016.60,0.23,-0.59,-2.37,-36.60,-5.85,0.45,27.9
2026/04/13 15:04:25.94,IMU,48.34,-15.63,-1023.44,1.67,1.36,0.17,-37.20,-6.15,-0.15,28.2
2026/04/13 15:04:26.04,IMU,45.41,-16.60,-1011.23,-0.80,0.62,-0.85,-37.05,-6.00,-0.30,28.4
2026/04/13 15:04:26.14,IMU,44.43,-19.53,-1011.72,2.66,1.71,1.44,-35.85,-5.10,-0.45,28.0
2026/04/13 15:04:26.24,IMU,51.76,-16.60,-1016.60,0.59,2.21,-1.40,-37.50,-6.75,-0.30,28.2
2026/04/13 15:04:26.34,IMU,50.29,-13.18,-1016.11,0.53,0.85,-0.11,-36.75,-7.20,0.00,28.2
2026/04/13 15:04:26.44,IMU,49.80,-11.72,-1023.93,-1.78,1.41,-0.92,-36.90,-7.35,-0.90,28.4
2026/04/13 15:04:26.54,IMU,41.99,-7.81,-1008.79,0.18,0.02,-0.96,-37.80,-6.45,0.30,28.4
2026/04/13 15:04:26.64,IMU,38.09,-21.00,-1007.81,0.13,1.82,1.15,-36.15,-7.35,0.15,28.4
2026/04/13 15:04:26.74,IMU,42.48,-23.44,-1000.49,-0.06,-0.97,-0.18,-37.50,-6.75,0.30,28.1
2026/04/13 15:04:26.84,IMU,53.71,-20.02,-1019.53,1.53,-0.40,-1.19,-36.15,-5.40,-1.20,28.4
2026/04/13 15:04:26.94,IMU,58.59,-13.18,-1019.04,-0.16,1.76,-2.21,-36.75,-7.20,-0.30,28.0
2026/04/13 15:04:27.04,IMU,43.95,-9.77,-1012.21,0.30,0.43,1.15,-36.15,-4.65,0.15,28.4
2026/04/13 15:04:27.14,IMU,47.36,-18.55,-1021.00,-0.04,0.69,-0.08,-36.00,-5.55,-0.60,28.0
2026/04/13 15:04:27.24,IMU,44.92,-27.34,-1019.04,0.37,-0.63,3.72,-35.85,-7.35,-0.15,28.4
2026/04/13 15:04:27.34,IMU,40.53,-25.88,-1012.70,1.73,-0.53,2.40,-36.00,-6.00,0.60,28.0
2026/04/13 15:04:27.44,IMU,48.34,-16.60,-1005.86,-1.08,1.18,0.27,-36.75,-6.75,-0.30,28.4
2026/04/13 15:04:27.54,IMU,57.62,-21.48,-1010.25,0.74,0.56,2.34,-35.55,-6.00,-0.60,28.1
2026/04/13 15:04:27.64,IMU,43.95,-18.07,-1009.28,1.41,-0.06,0.73,-36.75,-7.50,0.00,28.3
2026/04/13 15:04:27.74,IMU,47.36,-10.74,-1003.42,0.99,-0.25,-0.20,-36.60,-6.60,-0.15,28.4
2026/04/13 15:04:27.84,IMU,53.22,-18.07,-1019.53,-0.67,1.47,0.53,-36.15,-5.10,0.15,28.1
2026/04/13 15:04:27.95,IMU,46.88,-22.95,-1023.93,-0.20,0.55,1.27,-36.00,-6.45,-0.30,28.4
2026/04/13 15:04:28.05,IMU,43.95,-14.65,-1013.67,1.49,-0.24,2.31,-36.30,-6.45,0.60,28.2
2026/04/13 15:04:28.15,IMU,46.39,-19.53,-1014.16,-0.12,1.68,0.52,-35.10,-6.15,0.15,28.4
2026/04/13 15:04:28.25,IMU,44.92,-9.28,-1014.16,2.90,2.92,2.11,-36.75,-5.25,1.35,28.3
2026/04/13 15:04:28.35,IMU,58.59,-24.41,-1012.21,0.03,0.34,-1.71,-36.75,-5.55,0.00,28.3
2026/04/13 15:04:28.45,IMU,42.48,-14.16,-1008.79,-0.65,1.28,0.76,-35.40,-5.10,-0.90,28.1
2026/04/13 15:04:28.55,IMU,47.85,-12.70,-1011.72,1.08,-0.56,-0.54,-35.40,-5.85,0.15,28.3
2026/04/13 15:04:28.65,IMU,58.11,-14.65,-1017.09,-0.11,0.60,-1.98,-35.25,-7.50,1.35,28.3
2026/04/13 15:04:28.75,IMU,50.78,-20.02,-1021.97,0.83,2.45,1.11,-36.90,-8.10,0.45,28.1
2026/04/13 15:04:28.85,IMU,43.95,-20.02,-1012.21,0.89,-0.29,-0.33,-37.05,-8.70,-0.60,28.3
2026/04/13 15:04:28.95,IMU,50.78,-9.77,-1019.53,-0.06,-0.34,-1.25,-37.20,-7.35,-0.15,28.2
2026/04/13 15:04:29.05,IMU,36.13,-10.74,-1021.97,-1.24,-0.52,-1.08,-37.95,-6.60,0.90,28.2
2026/04/13 15:04:29.15,IMU,49.80,-26.86,-1011.72,0.43,-0.97,-0.67,-36.00,-6.45,0.00,28.2
2026/04/13 15:04:29.25,IMU,48.83,-18.07,-1013.18,0.12,0.13,2.61,-36.75,-5.25,0.00,28.4
2026/04/13 15:04:29.35,IMU,47.85,-15.14,-1009.77,-0.99,-1.18,-1.52,-36.90,-6.60,-0.45,28.2
2026/04/13 15:04:29.45,IMU,39.06,-15.63,-1003.91,-0.37,-0.08,-0.05,-36.90,-5.85,0.15,28.0
2026/04/13 15:04:29.55,IMU,40.53,-22.46,-1009.77,0.73,1.50,0.70,-36.90,-6.90,0.45,28.2
2026/04/13 15:04:29.65,IMU,46.88,-18.55,-1008.30,0.18,0.40,2.60,-36.60,-6.15,0.15,28.4
2026/04/13 15:04:29.75,IMU,33.69,-30.27,-1017.09,-0.33,-1.63,-1.02,-36.15,-5.85,-0.15,28.4
2026/04/13 15:04:29.85,IMU,47.36,-25.39,-1023.93,0.60,2.27,-0.65,-37.05,-6.00,-1.05,27.9
2026/04/13 15:04:29.95,IMU,52.73,-10.25,-1005.37,0.75,1.02,-0.37,-36.75,-5.55,-0.60,28.2
2026/04/13 15:04:30.05,IMU,42.48,-19.04,-1016.60,0.40,1.53,-1.60,-38.70,-8.40,3.30,28.4
2026/04/13 15:04:30.15,IMU,49.80,-20.02,-1018.55,0.96,0.79,-0.86,-36.00,-7.20,-0.30,28.2
2026/04/13 15:04:30.25,IMU,38.57,-13.67,-1020.51,0.27,1.55,-0.53,-36.30,-6.00,-0.60,28.2
2026/04/13 15:04:30.35,IMU,48.83,-14.65,-1019.04,-0.21,1.33,-0.43,-36.30,-5.25,-0.30,28.1
2026/04/13 15:04:30.45,IMU,49.32,-18.07,-1010.74,1.64,0.92,-0.88,-36.60,-5.10,-0.45,28.2
2026/04/13 15:04:30.56,IMU,47.85,-21.97,-1003.91,0.01,1.27,1.60,-37.05,-5.55,-1.80,28.4
2026/04/13 15:04:30.66,IMU,41.50,-13.67,-1005.86,-2.37,1.42,-0.77,-36.30,-5.55,-0.30,28.3
2026/04/13 15:04:30.76,IMU,53.22,-6.84,-1015.63,-0.26,0.44,1.23,-36.15,-5.85,0.15,28.4
2026/04/13 15:04:30.86,IMU,39.55,-18.07,-1022.46,1.38,0.61,-0.40,-35.85,-5.85,-0.15,28.4
2026/04/13 15:04:30.96,IMU,59.08,-8.30,-1001.46,0.08,2.13,-1.24,-37.05,-4.80,-1.80,28.0
2026/04/13 15:04:31.06,IMU,36.13,-13.67,-1019.04,-0.28,0.89,0.34,-37.80,-9.45,3.90,28.2
2026/04/13 15:04:31.16,IMU,50.29,-18.07,-1017.58,-0.51,0.81,-1.76,-36.15,-7.35,0.45,28.5
2026/04/13 15:04:31.26,IMU,58.59,-17.58,-1014.16,-0.82,2.73,2.08,-36.30,-6.75,0.00,28.4
2026/04/13 15:04:31.36,IMU,38.09,-21.97,-1027.34,-0.33,-1.64,0.62,-35.85,-5.85,-0.45,28.4
2026/04/13 15:04:31.46,IMU,52.73,-20.02,-1010.25,1.66,0.32,1.28,-36.30,-6.75,0.00,28.4
2026/04/13 15:04:31.56,IMU,54.20,-13.18,-1019.53,-0.19,-0.44,-1.68,-36.75,-4.80,0.60,28.2
2026/04/13 15:04:31.66,IMU,52.25,-21.00,-1015.63,0.24,1.36,1.84,-36.15,-6.60,0.45,28.3
2026/04/13 15:04:31.76,IMU,33.20,-16.60,-1016.60,-0.24,-1.50,-0.80,-36.90,-6.60,1.50,28.3
2026/04/13 15:04:31.86,IMU,43.46,-19.04,-1009.77,0.35,-0.15,3.78,-37.80,-6.75,0.00,28.4
2026/04/13 15:04:31.96,IMU,41.50,-11.72,-1019.53,1.48,1.20,2.00,-37.20,-6.90,-0.15,28.3
2026/04/13 15:04:32.06,IMU,36.13,-16.60,-1015.63,-0.81,0.53,-0.21,-35.85,-4.65,0.15,28.3
2026/04/13 15:04:32.16,IMU,41.02,-16.60,-1017.58,-0.39,0.83,-1.53,-36.90,-6.60,-0.15,28.3
2026/04/13 15:04:32.26,IMU,41.99,-26.37,-1023.93,-0.67,0.31,-3.19,-37.80,-7.20,0.60,28.2
2026/04/13 15:04:32.36,IMU,42.97,-19.04,-1020.02,0.54,0.27,3.15,-38.25,-4.80,-0.30,28.3
2026/04/13 15:04:32.46,IMU,39.06,-21.97,-1016.11,-0.12,-0.26,3.15,-34.95,-6.45,-0.30,28.1
2026/04/13 15:04:32.56,IMU,36.13,-7.81,-1020.51,1.14,-0.69,0.73,-36.90,-6.90,0.45,28.4
2026/04/13 15:04:32.66,IMU,41.99,-9.77,-1010.74,-0.53,1.08,-1.48,-36.90,-6.15,0.45,28.0
2026/04/13 15:04:32.76,IMU,55.18,-13.67,-1016.60,-0.55,0.99,-2.24,-37.20,-6.90,-0.90,28.4
2026/04/13 15:04:32.86,IMU,47.36,-16.11,-1020.02,0.82,-0.34,0.51,-35.10,-6.90,-0.15,28.2
2026/04/13 15:04:32.96,IMU,46.39,-9.77,-1014.65,-1.23,0.55,-0.84,-36.60,-5.85,0.45,28.2
2026/04/13 15:04:33.07,IMU,45.90,-18.55,-1005.86,2.46,-0.89,-0.18,-37.50,-7.20,0.30,28.1
2026/04/13 15:04:33.17,IMU,51.27,-12.70,-1008.79,2.22,0.56,0.74,-36.00,-5.55,-0.60,28.4
2026/04/13 15:04:33.27,IMU,63.96,-9.28,-1014.65,0.63,-1.68,-1.92,-36.15,-6.60,1.20,28.4
2026/04/13 15:04:33.37,IMU,49.80,-16.11,-1002.44,-0.24,1.98,0.50,-36.90,-6.60,0.90,28.4
2026/04/13 15:04:33.47,IMU,52.25,-16.11,-1017.09,-0.56,1.41,0.26,-36.75,-7.50,-2.10,28.2
2026/04/13 15:04:33.57,IMU,35.16,-9.77,-1013.67,1.43,-1.12,0.64,-37.50,-5.55,-1.80,28.2
2026/04/13 15:04:33.67,IMU,46.88,-9.28,-1016.11,0.62,-0.58,-0.63,-36.90,-6.90,0.45,28.2
2026/04/13 15:04:33.77,IMU,50.29,-19.04,-1015.14,-0.92,-1.15,0.96,-35.55,-5.55,0.60,28.1
2026/04/13 15:04:33.87,IMU,41.50,-27.34,-1011.72,-1.34,3.24,-0.31,-36.30,-6.45,0.60,28.4
2026/04/13 15:04:33.97,IMU,54.69,-23.93,-1013.18,-0.02,1.63,2.24,-36.30,-6.75,-1.05,28.2
2026/04/13 15:04:34.07,IMU,48.34,-24.90,-1019.04,0.26,-1.60,-0.39,-36.75,-5.25,0.00,28.4
2026/04/13 15:04:34.17,IMU,50.29,-9.28,-1012.70,-1.50,1.37,0.70,-36.60,-4.65,-0.45,28.4
2026/04/13 15:04:34.27,IMU,51.27,-21.00,-1027.83,0.15,0.66,0.63,-35.85,-6.90,-0.90,28.3
2026/04/13 15:04:34.37,IMU,41.99,-15.63,-1010.74,1.49,1.73,-1.42,-36.15,-6.90,0.90,28.1
2026/04/13 15:04:34.47,IMU,36.13,-8.79,-1007.81,-0.34,1.63,-0.97,-36.60,-6.15,-0.45,28.4
2026/04/13 15:04:34.57,IMU,60.55,-20.51,-1002.93,0.78,0.60,-0.43,-37.65,-6.90,0.15,28.1
2026/04/13 15:04:34.67,IMU,40.04,-17.09,-1018.07,1.70,1.66,-0.27,-36.75,-6.00,0.00,28.3
2026/04/13 15:04:34.77,IMU,56.15,-19.53,-1009.28,-0.35,0.18,1.06,-37.95,-6.15,-0.15,28.1
2026/04/13 15:04:34.87,IMU,47.85,-24.41,-1017.58,-0.07,1.36,-2.39,-36.90,-6.15,-0.15,28.4
2026/04/13 15:04:34.97,IMU,52.73,-13.18,-1007.32,1.05,0.31,-0.05,-36.60,-5.85,0.45,28.0
2026/04/13 15:04:35.07,IMU,50.78,-14.16,-1023.44,-1.08,-0.50,-0.76,-35.25,-6.45,-1.35,28.2
2026/04/13 15:04:35.17,IMU,40.04,-14.16,-1015.63,0.91,0.21,1.73,-37.05,-6.75,-0.30,28.4
2026/04/13 15:04:35.27,IMU,49.32,1.95,-1015.63,-0.61,-1.53,-1.53,-36.75,-6.75,-1.35,28.2
2026/04/13 15:04:35.37,IMU,43.46,-15.14,-1013.67,2.03,0.76,-1.18,-37.05,-6.75,-1.05,28.2
2026/04/13 15:04:35.47,IMU,40.53,-18.55,-1006.35,-0.03,-1.01,-1.67,-36.90,-7.35,1.20,28.4
2026/04/13 15:04:35.57,IMU,41.50,-21.00,-1004.88,0.79,-0.55,0.43,-36.00,-6.00,0.00,28.2
2026/04/13 15:04:35.67,IMU,49.80,-28.32,-1009.28,-0.76,-1.32,0.34,-37.50,-5.25,-1.35,28.4
2026/04/13 15:04:35.78,IMU,36.13,-28.32,-1015.14,0.73,-0.29,1.96,-36.60,-5.10,0.15,28.4
2026/04/13 15:04:35.88,IMU,45.90,-20.51,-1011.72,-0.39,-0.79,-1.87,-35.85,-6.15,-0.45,28.3
2026/04/13 15:04:35.98,IMU,31.74,-26.37,-1014.16,-0.07,3.12,-3.15,-36.75,-6.75,0.30,28.4
2026/04/13 15:04:36.08,IMU,47.36,-32.23,-1009.77,2.21,-1.30,-0.16,-36.90,-6.15,-0.45,28.4
2026/04/13 15:04:36.18,IMU,49.32,-27.83,-1002.44,0.42,-0.60,-0.11,-36.90,-6.15,-0.45,28.2
2026/04/13 15:04:36.28,IMU,49.80,-19.04,-1016.60,0.86,2.00,0.53,-36.15,-7.35,0.45,28.0
2026/04/13 15:04:36.38,IMU,50.29,-15.14,-1021.00,-0.24,3.02,-1.36,-36.15,-5.85,-0.90,28.4
2026/04/13 15:04:36.48,IMU,36.62,-20.51,-1013.67,0.07,0.59,-1.53,-35.85,-5.40,-0.45,28.3
2026/04/13 15:04:36.58,IMU,46.39,-22.95,-1007.32,-0.34,-0.11,2.18,-36.15,-6.15,-0.15,28.4
2026/04/13 15:04:36.68,IMU,44.92,-25.39,-1005.37,-0.37,0.03,0.12,-36.75,-7.20,0.00,28.1
2026/04/13 15:04:36.78,IMU,55.66,-22.95,-1003.42,-0.25,2.62,0.76,-36.00,-6.75,-0.60,28.4
2026/04/13 15:04:36.88,IMU,61.52,-20.51,-1014.65,1.21,0.55,-3.42,-35.85,-6.15,-0.90,28.0
2026/04/13 15:04:36.98,IMU,40.04,-34.67,-1011.72,1.31,2.93,-0.39,-36.15,-6.15,0.90,28.4
2026/04/13 15:04:37.08,IMU,51.27,-17.09,-998.05,-0.92,-0.47,-2.02,-36.60,-6.60,-0.45,28.4
2026/04/13 15:04:37.18,IMU,40.53,-19.04,-1018.55,0.46,0.03,-0.18,-37.05,-5.55,-1.05,28.1
2026/04/13 15:04:37.28,IMU,41.99,-15.14,-994.63,0.02,0.59,-0.40,-34.95,-4.80,-0.30,28.3
2026/04/13 15:04:37.38,IMU,36.62,-15.63,-1026.37,-1.07,1.60,0.73,-37.50,-6.45,0.30,28.4
2026/04/13 15:04:37.48,IMU,37.60,-6.84,-1013.67,1.77,0.73,-0.50,-37.65,-6.60,-0.15,28.0
2026/04/13 15:04:37.58,IMU,50.78,-20.02,-1018.07,0.50,-1.92,1.14,-36.30,-7.20,-0.30,28.2
2026/04/13 15:04:37.68,IMU,44.43,-9.28,-1014.16,1.27,1.09,0.31,-37.50,-6.00,0.00,28.4
2026/04/13 15:04:37.78,IMU,53.71,-21.00,-1005.37,-0.20,1.29,-2.86,-36.75,-7.20,0.60,28.2
2026/04/13 15:04:37.88,IMU,56.64,-26.37,-1010.74,-0.10,1.13,-0.91,-37.05,-6.75,1.05,27.9
2026/04/13 15:04:37.98,IMU,37.60,-19.53,-1017.58,-1.09,1.31,2.41,-36.00,-6.90,-0.15,28.4
2026/04/13 15:04:38.08,IMU,51.76,-9.77,-1015.63,1.44,0.58,-0.63,-36.15,-7.35,0.45,28.4
2026/04/13 15:04:38.18,IMU,50.29,-22.46,-1010.74,-1.41,0.50,-0.47,-36.60,-5.40,-0.90,28.2
2026/04/13 15:04:38.28,IMU,51.76,-16.11,-1007.81,0.86,2.08,0.62,-37.20,-5.85,-0.90,28.2
2026/04/13 15:04:38.38,IMU,49.32,-20.51,-1011.72,-1.78,1.40,-0.63,-36.90,-5.40,0.90,28.3
2026/04/13 15:04:38.49,IMU,49.32,-25.39,-1006.84,-0.39,-0.15,-0.60,-36.75,-5.25,0.00,28.2
2026/04/13 15:04:38.59,IMU,44.92,-22.95,-1009.77,1.64,-0.24,1.22,-36.15,-6.60,-1.20,28.2
2026/04/13 15:04:38.69,IMU,50.29,-3.42,-1028.32,3.02,-0.72,-1.99,-36.90,-5.10,-0.90,28.3
2026/04/13 15:04:38.79,IMU,51.27,-5.86,-1005.37,1.29,-1.02,-1.34,-36.30,-6.00,0.60,28.5
2026/04/13 15:04:38.89,IMU,35.64,-17.58,-1007.81,-1.51,0.50,2.27,-36.00,-6.45,0.00,28.5
2026/04/13 15:04:38.99,IMU,58.11,-13.67,-1010.25,-1.66,0.36,-1.99,-36.60,-5.40,-0.15,28.3
2026/04/13 15:04:39.09,IMU,51.27,-23.44,-1020.02,-1.50,-0.83,1.91,-37.50,-5.25,-1.05,28.4
2026/04/13 15:04:39.19,IMU,42.97,-26.86,-1023.44,1.85,-1.39,1.76,-39.45,-9.60,3.75,28.4
2026/04/13 15:04:39.29,IMU,45.41,-16.11,-1016.60,1.76,-1.49,-0.02,-36.15,-5.85,-0.45,28.4
2026/04/13 15:04:39.39,IMU,40.04,-23.93,-1023.93,0.69,0.64,-3.51,-36.60,-6.15,0.15,28.4
2026/04/13 15:04:39.49,IMU,37.60,-14.65,-1017.58,0.65,-0.74,1.61,-36.90,-5.40,0.90,28.2
2026/04/13 15:04:39.59,IMU,67.87,-20.51,-999.02,-0.52,1.25,-1.21,-35.55,-6.00,0.30,28.4
2026/04/13 15:04:39.69,IMU,58.59,-4.88,-1021.48,-0.11,0.48,-0.22,-36.15,-5.85,-0.90,28.2
2026/04/13 15:04:39.79,IMU,55.18,-16.11,-1013.18,-0.27,-0.50,0.39,-36.75,-6.00,0.30,28.5
2026/04/13 15:04:39.89,IMU,44.92,-17.58,-1008.30,-0.15,0.95,-0.37,-36.15,-5.40,-0.15,28.4
2026/04/13 15:04:39.99,IMU,51.27,-18.55,-1007.81,0.56,1.61,1.99,-36.75,-6.75,0.00,28.3
2026/04/13 15:04:40.09,IMU,46.88,-15.63,-1013.67,1.24,1.77,0.20,-36.60,-6.60,0.45,28.2
2026/04/13 15:04:40.19,IMU,37.60,-20.51,-1011.23,0.79,0.68,0.32,-40.65,-8.85,3.30,28.2
2026/04/13 15:04:40.29,IMU,44.43,-9.77,-1011.23,0.85,0.38,-0.20,-36.90,-4.65,0.15,28.4
2026/04/13 15:04:40.39,IMU,36.13,-27.34,-1006.84,2.27,-0.78,1.26,-36.15,-6.90,37.50,28.1
2026/04/13 15:04:40.49,IMU,54.20,-12.21,-1008.30,-0.94,0.57,-0.49,-35.25,-6.00,-1.05,28.1
2026/04/13 15:04:40.60,IMU,48.83,-14.65,-1011.23,0.47,1.48,-0.01,-35.85,-7.35,0.90,28.5
2026/04/13 15:04:40.70,IMU,47.36,-24.41,-1004.88,-2.09,-0.33,1.23,-36.75,-7.20,-1.35,28.4
2026/04/13 15:04:40.80,IMU,44.43,-18.55,-1008.30,-1.31,-0.30,-1.02,-36.90,-7.65,0.45,28.6
2026/04/13 15:04:40.90,IMU,56.15,-19.04,-1002.93,1.68,-0.56,0.02,-37.50,-6.45,-0.60,28.2
2026/04/13 15:04:41.00,IMU,43.95,-13.67,-1014.16,-0.84,1.43,-1.13,-36.00,-4.80,0.00,28.2
2026/04/13 15:04:41.10,IMU,54.69,-23.44,-1017.09,1.01,-1.69,1.87,-36.75,-5.25,-0.60,28.3
2026/04/13 15:04:41.20,IMU,56.15,-20.02,-1011.23,0.10,0.87,-0.24,-36.30,-4.05,-0.60,28.1
2026/04/13 15:04:41.30,IMU,43.46,-7.81,-1012.70,-1.51,-1.72,-0.11,-37.20,-6.15,0.45,27.9
2026/04/13 15:04:41.40,IMU,36.13,-7.81,-999.51,-2.09,0.73,-0.01,-37.05,-4.80,0.00,28.3
2026/04/13 15:04:41.50,IMU,52.73,-24.41,-1022.95,0.68,0.55,2.15,-35.85,-6.15,0.45,28.4
2026/04/13 15:04:41.60,IMU,39.06,-12.70,-1009.28,-0.27,-1.64,0.67,-35.55,-5.55,0.30,28.4
2026/04/13 15:04:41.70,IMU,50.78,-8.30,-1017.58,0.12,-0.25,-1.73,-37.05,-6.75,0.60,28.3
2026/04/13 15:04:41.80,IMU,47.85,-22.95,-1024.41,1.26,1.61,3.61,-35.25,-6.00,-0.30,28.5
2026/04/13 15:04:41.90,IMU,46.39,-21.48,-1014.65,-1.40,1.85,-0.02,-37.05,-6.00,-0.60,28.0
2026/04/13 15:04:42.00,IMU,40.53,-18.07,-1017.58,-0.08,2.68,0.84,-37.65,-6.60,0.90,28.3
2026/04/13 15:04:42.10,IMU,43.46,-18.55,-1026.86,0.27,-0.75,1.11,-37.50,-5.55,1.05,28.2
2026/04/13 15:04:42.20,IMU,45.90,-20.51,-1007.81,-1.79,0.65,-0.24,-35.55,-7.20,-0.60,28.4
2026/04/13 15:04:42.30,IMU,47.36,-23.44,-998.54,0.00,-0.79,-3.08,-35.55,-6.45,-1.05,28.2
2026/04/13 15:04:42.40,IMU,47.85,-22.95,-1009.28,-0.34,0.90,0.98,-36.60,-6.60,-1.50,28.4
2026/04/13 15:04:42.50,IMU,49.32,-11.72,-1014.16,-0.33,-0.24,-0.54,-36.00,-6.00,-1.05,28.5
2026/04/13 15:04:42.60,IMU,58.59,-13.18,-1008.79,0.10,1.31,0.37,-37.50,-7.95,0.30,28.3
2026/04/13 15:04:42.70,IMU,31.74,-17.09,-1001.46,0.27,-0.80,-0.23,-35.55,-6.45,-0.30,28.2
2026/04/13 15:04:42.80,IMU,47.36,-24.90,-1001.95,-0.02,-0.43,-1.06,-37.20,-6.15,0.45,28.0
2026/04/13 15:04:42.90,IMU,47.36,-22.46,-1026.86,0.73,-1.40,-0.20,-36.15,-7.35,0.15,28.2
2026/04/13 15:04:43.00,IMU,45.90,2.93,-1023.44,-0.47,1.31,-3.07,-36.75,-6.00,0.30,28.4
2026/04/13 15:04:43.10,IMU,44.43,-21.00,-1014.16,-0.60,0.13,-3.45,-36.15,-5.85,0.45,28.1
2026/04/13 15:04:43.20,IMU,49.80,-19.53,-1012.21,0.18,-0.18,1.97,-37.20,-7.65,0.45,28.4
2026/04/13 15:04:43.31,IMU,42.97,-13.18,-1017.09,2.37,-0.32,1.44,-35.85,-6.15,-0.45,28.3
2026/04/13 15:04:43.41,IMU,47.36,-20.51,-1013.18,0.57,-1.21,-2.06,-35.85,-6.60,0.15,28.0
2026/04/13 15:04:43.51,IMU,42.97,-32.23,-1010.25,-1.18,-1.26,-0.67,-36.60,-6.90,-1.20,28.4
2026/04/13 15:04:43.61,IMU,37.11,-3.42,-1017.58,-0.85,-0.53,1.96,-35.55,-6.45,-0.60,28.1
2026/04/13 15:04:43.71,IMU,46.88,-25.88,-1013.18,0.02,0.50,1.62,-36.60,-6.60,-0.90,28.1
2026/04/13 15:04:43.81,IMU,53.71,-22.46,-1013.67,0.66,-0.47,-0.61,-36.15,-5.85,0.90,28.2
2026/04/13 15:04:43.91,IMU,26.86,-20.51,-1009.77,1.42,0.76,1.23,-37.05,-6.45,0.30,28.3
2026/04/13 15:04:44.01,IMU,56.15,-11.72,-1008.30,-0.27,-1.08,-1.02,-36.75,-7.20,-0.60,28.4
2026/04/13 15:04:44.11,IMU,51.27,-10.74,-1009.28,1.44,-0.24,-2.16,-36.30,-5.55,0.60,28.4
2026/04/13 15:04:44.21,IMU,42.97,-11.72,-1016.11,1.76,0.60,2.61,-36.60,-5.40,0.15,28.3
2026/04/13 15:04:44.31,IMU,36.62,-14.16,-1008.30,-1.18,-0.17,-0.07,-36.60,-6.15,-0.45,28.0
2026/04/13 15:04:44.41,IMU,55.18,-21.48,-1016.60,2.03,1.64,0.04,-36.60,-5.10,-0.15,28.4
2026/04/13 15:04:44.51,IMU,48.83,-37.11,-1005.37,1.14,2.75,2.27,-35.55,-6.45,0.00,28.2
2026/04/13 15:04:44.61,IMU,60.55,-13.67,-1010.25,0.77,-0.10,1.92,-36.00,-7.20,-0.30,28.3
2026/04/13 15:04:44.71,IMU,53.22,-21.97,-1017.58,1.80,0.02,-0.47,-37.80,-4.50,1.80,28.4
2026/04/13 15:04:44.81,IMU,44.43,-18.55,-1019.04,-2.01,2.08,-0.13,-36.15,-5.10,-0.45,28.4
2026/04/13 15:04:44.91,IMU,43.46,-7.81,-1021.48,-0.34,1.31,0.73,-37.65,-6.60,-0.45,28.2
2026/04/13 15:04:45.01,IMU,47.85,-18.55,-1007.32,0.61,0.03,-0.29,-36.30,-6.00,0.00,28.3
2026/04/13 15:04:45.11,IMU,56.15,-12.70,-1012.21,0.67,-1.47,2.63,-36.30,-5.55,-0.30,28.1
2026/04/13 15:04:45.21,IMU,57.62,-14.16,-1012.70,0.59,-0.23,0.63,-36.30,-6.00,-0.30,28.3
2026/04/13 15:04:45.31,IMU,41.02,-3.91,-1013.67,0.49,0.07,-0.95,-36.15,-6.15,-1.20,28.1
2026/04/13 15:04:45.41,IMU,50.29,-24.41,-1014.65,-1.68,-2.05,2.30,-36.15,-5.85,-0.45,28.4
2026/04/13 15:04:45.51,IMU,54.20,-17.09,-1009.28,0.41,0.49,-0.54,-37.95,-5.85,0.45,28.2
2026/04/13 15:04:45.61,IMU,50.78,-19.53,-1017.09,-1.31,0.33,1.55,-37.20,-6.15,0.15,28.6
2026/04/13 15:04:45.71,IMU,41.02,-16.60,-1011.72,0.16,0.18,-1.08,-36.90,-5.10,-0.15,28.1
2026/04/13 15:04:45.81,IMU,45.90,-16.60,-1013.67,-0.37,-0.14,-1.43,-37.05,-6.45,-0.60,28.4
2026/04/13 15:04:45.91,IMU,43.46,-25.88,-1000.98,-0.76,2.13,0.27,-37.65,-6.90,0.45,28.0
2026/04/13 15:04:46.02,IMU,57.13,-16.11,-1014.65,-1.40,0.47,1.92,-36.75,-6.45,-1.05,28.1
2026/04/13 15:04:46.12,IMU,49.32,-17.58,-1008.79,-0.31,2.44,0.86,-36.60,-6.15,-0.15,28.2
2026/04/13 15:04:46.22,IMU,44.43,-11.72,-1012.21,0.70,-0.75,-2.44,-35.25,-6.45,0.30,28.1
2026/04/13 15:04:46.32,IMU,49.80,-21.48,-1012.21,0.99,0.33,-1.50,-36.30,-7.20,-0.30,28.1
2026/04/13 15:04:46.42,IMU,53.71,-9.77,-1022.95,0.12,0.37,0.31,-37.20,-5.40,-0.90,28.1
2026/04/13 15:04:46.52,IMU,45.41,-15.63,-1015.14,0.24,-1.37,-0.31,-35.85,-5.85,0.15,28.3
2026/04/13 15:04:46.62,IMU,57.13,-6.84,-1002.44,0.96,-1.01,1.76,-36.15,-4.65,0.15,28.2
2026/04/13 15:04:46.72,IMU,53.22,-4.88,-1010.74,-0.42,-1.27,-1.19,-36.75,-6.00,0.00,28.4
2026/04/13 15:04:46.82,IMU,47.36,-14.65,-1021.00,-0.27,0.63,-0.56,-36.60,-6.90,-0.45,28.4
2026/04/13 15:04:46.92,IMU,38.57,-11.23,-1021.00,1.49,-0.06,0.53,-36.30,-5.55,-0.30,28.4
2026/04/13 15:04:47.02,IMU,38.09,-17.58,-1007.81,-0.18,0.21,-0.89,-35.55,-6.45,0.60,28.4
2026/04/13 15:04:47.12,IMU,39.55,-14.65,-1015.14,-0.92,2.53,-0.19,-36.00,-5.25,1.35,28.6
2026/04/13 15:04:47.22,IMU,44.43,-20.02,-1022.95,0.22,1.05,-0.71,-36.75,-7.50,-0.30,28.4
2026/04/13 15:04:47.32,IMU,44.92,-19.53,-1007.81,0.73,0.66,1.43,-37.20,-6.60,-0.90,28.4
2026/04/13 15:04:47.42,IMU,60.55,-15.14,-1018.07,0.15,0.86,0.89,-36.15,-6.15,0.45,28.1
2026/04/13 15:04:47.52,IMU,53.22,-14.16,-1000.98,0.79,0.49,-2.63,-36.00,-5.25,0.60,28.2
2026/04/13 15:04:47.62,IMU,26.37,-18.55,-1010.74,-1.44,2.74,-0.44,-36.00,-6.75,-1.05,28.1
2026/04/13 15:04:47.72,IMU,53.71,-27.83,-1011.72,0.53,2.04,0.30,-36.00,-5.55,-0.30,28.4
2026/04/13 15:04:47.82,IMU,40.04,-12.70,-1021.97,-0.16,2.34,0.17,-37.50,-6.75,-0.30,28.0
2026/04/13 15:04:47.92,IMU,38.09,-18.55,-1011.23,0.74,-0.53,1.31,-35.85,-7.65,0.45,28.1
2026/04/13 15:04:48.02,IMU,37.60,-12.21,-1012.70,-0.93,1.79,3.64,-36.90,-6.15,-0.45,28.2
2026/04/13 15:04:48.12,IMU,38.57,-16.60,-1002.44,-2.18,2.11,1.21,-35.40,-5.85,-0.15,28.5
2026/04/13 15:04:48.22,IMU,45.90,-12.21,-1007.81,1.98,-0.73,0.60,-36.00,-6.75,-0.30,28.1
2026/04/13 15:04:48.32,IMU,44.43,-18.55,-1004.88,1.16,2.67,-0.86,-39.90,-8.40,2.70,28.4
2026/04/13 15:04:48.42,IMU,48.83,-19.53,-1014.65,0.92,1.11,-2.18,-37.05,-6.00,-0.30,28.3
2026/04/13 15:04:48.52,IMU,60.55,-17.09,-1013.18,-0.73,-0.69,-0.47,-36.15,-6.60,0.45,28.6
2026/04/13 15:04:48.62,IMU,45.41,-20.51,-1009.28,0.37,-2.44,-0.83,-36.90,-6.15,0.45,28.4
2026/04/13 15:04:48.73,IMU,47.36,-12.70,-1010.25,-0.12,-0.45,-0.10,-36.90,-5.40,-0.15,28.4
2026/04/13 15:04:48.83,IMU,43.46,-18.07,-1027.34,0.33,0.95,-1.39,-36.75,-5.25,-0.30,28.4
2026/04/13 15:04:48.93,IMU,41.02,-23.93,-1016.11,-0.34,-0.30,-0.47,-37.20,-6.60,0.15,28.3
2026/04/13 15:04:49.03,IMU,35.16,-13.67,-1018.07,0.35,-0.27,-0.40,-36.75,-6.45,0.30,28.1
2026/04/13 15:04:49.13,IMU,47.85,-5.37,-1006.84,-0.22,1.16,3.40,-37.05,-5.25,-1.05,28.1
2026/04/13 15:04:49.23,IMU,53.22,-14.16,-1021.00,0.05,0.27,2.05,-36.75,-6.75,0.00,28.4
2026/04/13 15:04:49.33,IMU,44.43,-14.16,-1006.84,0.02,0.79,2.15,-39.90,-9.60,4.80,28.0
2026/04/13 15:04:49.43,IMU,47.85,-29.30,-1010.25,0.00,1.54,-1.50,-37.05,-5.25,-0.60,28.2
2026/04/13 15:04:49.53,IMU,41.99,-22.95,-1021.97,0.09,-1.69,1.72,-36.15,-5.85,-0.15,28.4
2026/04/13 15:04:49.63,IMU,49.32,-26.86,-1013.67,-0.12,0.77,-0.18,-36.30,-6.75,0.30,28.0
2026/04/13 15:04:49.73,IMU,56.15,-17.58,-1006.35,-2.02,0.80,-0.89,-37.20,-7.65,-0.15,27.9
2026/04/13 15:04:49.83,IMU,49.32,-12.70,-1022.46,-0.65,-0.49,-0.15,-36.90,-6.90,-0.15,28.2
2026/04/13 15:04:49.93,IMU,53.22,-17.58,-1003.42,-0.08,1.51,-1.30,-35.10,-6.60,0.90,28.3
2026/04/13 15:04:50.03,IMU,51.27,-22.95,-1017.09,-0.50,0.15,-0.30,-36.30,-6.75,-1.35,28.4
2026/04/13 15:04:50.13,IMU,46.88,-8.79,-1029.79,0.95,-2.29,2.37,-36.15,-6.15,-0.15,28.2
2026/04/13 15:04:50.23,IMU,48.83,-12.70,-1006.35,0.82,-0.89,-1.35,-36.75,-6.00,-1.05,28.3
2026/04/13 15:04:50.33,IMU,40.53,-20.51,-1018.07,1.86,-0.85,0.34,-36.60,-5.10,-0.45,28.3
2026/04/13 15:04:50.43,IMU,33.69,-13.18,-1008.79,2.04,-0.89,-2.59,-36.15,-4.65,-0.15,28.3
2026/04/13 15:04:50.53,IMU,41.02,-29.79,-1024.90,0.10,-0.10,1.65,-36.30,-6.00,1.05,28.2
2026/04/13 15:04:50.63,IMU,33.69,-22.95,-1013.67,0.24,0.47,-1.37,-37.80,-6.75,-0.60,28.3
2026/04/13 15:04:50.73,IMU,45.41,-13.18,-1016.11,0.72,-0.27,1.56,-36.30,-5.55,0.00,28.3
2026/04/13 15:04:50.84,IMU,42.97,-23.93,-1017.58,0.68,-0.80,0.39,-36.30,-5.25,0.00,28.3
2026/04/13 15:04:50.94,IMU,39.55,-12.70,-1019.53,-1.00,2.10,-0.32,-35.55,-6.00,0.60,28.1
2026/04/13 15:04:51.04,IMU,58.59,-16.11,-1009.28,-0.44,-0.01,-0.72,-37.05,-6.45,0.30,28.3
2026/04/13 15:04:51.14,IMU,51.27,-17.58,-1007.81,0.39,-0.18,-2.15,-36.90,-6.60,-1.20,28.4
2026/04/13 15:04:51.24,IMU,52.25,-9.77,-1011.23,0.05,0.68,-1.79,-37.50,-6.00,1.05,28.3
2026/04/13 15:04:51.34,IMU,47.36,-19.04,-1013.18,1.18,1.91,-0.95,-38.25,-7.20,0.30,28.4
2026/04/13 15:04:51.44,IMU,51.27,-19.53,-1012.70,1.13,1.27,1.39,-37.50,-6.75,-0.30,28.4
2026/04/13 15:04:51.54,IMU,39.55,-16.60,-1010.25,0.08,-1.27,-0.23,-36.15,-6.15,0.45,28.4
2026/04/13 15:04:51.64,IMU,42.48,-10.74,-1011.23,-0.55,-0.82,-0.80,-36.30,-8.70,0.00,28.3
2026/04/13 15:04:51.74,IMU,47.36,-6.35,-1018.07,1.69,-0.77,-1.07,-37.05,-6.75,0.60,28.3
2026/04/13 15:04:51.84,IMU,56.64,-11.23,-1015.14,-0.74,1.99,-0.69,-36.15,-6.15,-0.45,28.2
2026/04/13 15:04:51.94,IMU,41.99,-13.67,-1013.18,1.50,0.29,-0.53,-36.75,-6.75,-0.60,28.2
2026/04/13 15:04:52.04,IMU,52.73,-17.09,-998.54,-1.60,0.40,1.24,-36.75,-6.00,1.05,28.3
2026/04/13 15:04:52.14,IMU,51.27,-10.74,-1008.30,-0.31,-0.36,-0.85,-35.85,-5.40,0.15,28.4
2026/04/13 15:04:52.24,IMU,51.27,-12.70,-1011.23,1.82,2.02,0.12,-35.25,-5.55,0.00,28.4
2026/04/13 15:04:52.34,IMU,39.06,-16.60,-1015.63,1.47,-1.03,0.50,-34.95,-5.25,-0.60,28.2
2026/04/13 15:04:52.44,IMU,45.41,-17.58,-1015.63,-0.10,-1.46,-1.23,-36.60,-7.35,-0.45,28.0
2026/04/13 15:04:52.54,IMU,48.83,-17.58,-1013.18,1.08,0.75,1.27,-36.60,-5.85,0.15,28.0
2026/04/13 15:04:52.64,IMU,46.39,-21.48,-1014.65,0.75,0.41,-1.05,-37.20,-6.60,-1.20,28.4
2026/04/13 15:04:52.74,IMU,45.41,-11.72,-1017.09,-0.10,0.16,1.48,-37.20,-5.85,-0.45,28.4
2026/04/13 15:04:52.84,IMU,56.15,-9.77,-1017.58,2.18,-0.21,0.24,-35.55,-6.75,1.05,28.4
2026/04/13 15:04:52.94,IMU,45.90,-15.14,-1024.90,0.39,-0.80,1.87,-36.90,-6.15,0.45,28.1
2026/04/13 15:04:53.04,IMU,39.55,-19.04,-1007.32,0.18,-1.32,0.13,-36.75,-6.00,0.30,28.2
2026/04/13 15:04:53.14,IMU,47.85,-6.84,-1004.88,2.03,-0.02,2.05,-36.75,-6.00,-0.60,28.2
2026/04/13 15:04:53.24,IMU,42.97,-12.21,-1004.39,0.81,-0.18,-3.21,-36.15,-6.15,-1.20,28.4
2026/04/13 15:04:53.34,IMU,36.62,-18.55,-1012.21,0.63,-1.11,1.92,-37.20,-6.15,0.15,28.4
2026/04/13 15:04:53.44,IMU,50.29,-29.30,-1012.70,1.01,0.57,0.45,-35.85,-6.60,-0.15,28.4
2026/04/13 15:04:53.55,IMU,37.60,-8.79,-1018.55,0.63,-0.07,-0.72,-36.60,-5.40,-0.45,28.2
2026/04/13 15:04:53.65,IMU,51.27,-19.53,-1017.09,1.47,-0.24,-1.42,-37.50,-7.95,-0.30,28.3
2026/04/13 15:04:53.75,IMU,46.88,-8.79,-1012.70,-0.02,-1.02,0.19,-36.15,-4.35,0.15,28.3
2026/04/13 15:04:53.85,IMU,49.80,-15.14,-1003.91,0.72,-0.13,-1.73,-36.00,-6.45,0.60,28.2
2026/04/13 15:04:53.95,IMU,43.46,-16.60,-1021.48,-2.20,2.65,-1.36,-36.75,-6.00,0.30,28.3
2026/04/13 15:04:54.05,IMU,52.25,-13.18,-1016.11,1.02,-0.10,0.23,-36.00,-6.00,-1.05,28.1
2026/04/13 15:04:54.15,IMU,57.62,-18.55,-1012.21,-0.12,-0.74,-0.44,-36.15,-6.60,0.15,28.4
2026/04/13 15:04:54.25,IMU,60.55,-24.90,-1018.55,0.18,-1.20,0.88,-36.30,-6.00,-1.05,28.4
2026/04/13 15:04:54.35,IMU,44.92,-24.41,-1014.65,1.51,0.20,0.10,-36.90,-6.60,-0.45,28.2
2026/04/13 15:04:54.45,IMU,48.34,-25.88,-1008.30,-1.21,1.38,0.04,-36.60,-7.35,0.15,28.2
2026/04/13 15:04:54.55,IMU,42.97,-11.72,-1009.77,1.24,1.13,-1.85,-36.60,-6.60,-0.15,28.4
2026/04/13 15:04:54.65,IMU,53.22,-6.84,-1013.67,0.18,0.55,1.81,-36.30,-4.80,-0.60,28.4
2026/04/13 15:04:54.75,IMU,56.15,-19.04,-1010.25,1.05,-0.77,-0.98,-36.00,-6.45,-0.30,28.4
2026/04/13 15:04:54.85,IMU,41.99,-17.09,-1020.02,1.25,0.44,-0.19,-38.40,-6.15,-0.15,28.3
2026/04/13 15:04:54.95,IMU,40.04,-18.07,-1018.55,-1.37,1.24,0.40,-37.65,-6.15,-0.90,28.4
2026/04/13 15:04:55.05,IMU,46.88,-18.07,-1029.79,-1.25,1.08,-0.73,-36.15,-6.60,-0.90,28.5
2026/04/13 15:04:55.15,IMU,61.04,-8.30,-1016.11,1.64,-0.37,-0.35,-36.90,-6.90,-0.90,28.4
2026/04/13 15:04:55.25,IMU,42.48,-24.90,-1022.95,0.24,-0.11,0.70,-37.20,-4.65,-0.15,28.5
2026/04/13 15:04:55.35,IMU,48.34,-13.18,-1018.07,0.51,0.02,0.95,-36.75,-6.75,0.00,28.1
2026/04/13 15:04:55.45,IMU,62.01,-20.51,-1019.04,-0.95,0.37,-0.73,-37.05,-6.00,1.80,28.4
2026/04/13 15:04:55.55,IMU,45.90,-17.58,-1010.25,-0.09,0.29,1.50,-36.75,-5.25,0.00,28.1
2026/04/13 15:04:55.65,IMU,44.92,-10.74,-1008.30,-0.03,0.11,0.15,-36.60,-6.15,-1.20,28.0
2026/04/13 15:04:55.75,IMU,45.41,-19.53,-1009.28,1.67,1.24,3.80,-36.60,-5.85,0.45,28.4
2026/04/13 15:04:55.85,IMU,39.06,-4.39,-1004.39,1.66,0.44,3.01,-36.30,-6.45,-0.60,28.4
2026/04/13 15:04:55.95,IMU,58.11,-22.46,-1010.74,1.33,-0.35,-0.66,-36.90,-6.15,-0.45,28.2
2026/04/13 15:04:56.05,IMU,53.71,-9.28,-1002.93,-0.11,2.26,-0.05,-35.55,-6.00,-0.30,28.4
2026/04/13 15:04:56.15,IMU,40.53,-10.25,-1002.93,0.00,-0.60,2.82,-34.95,-5.25,-0.30,28.3
2026/04/13 15:04:56.26,IMU,46.39,-9.77,-1020.51,-1.04,1.80,2.89,-36.90,-5.10,-0.45,28.3
2026/04/13 15:04:56.36,IMU,41.99,-9.28,-1013.18,0.46,-0.85,0.16,-36.00,-4.50,-0.60,28.4
2026/04/13 15:04:56.46,IMU,44.92,-16.11,-1020.51,1.39,-0.02,1.46,-38.55,-7.50,1.80,28.0
2026/04/13 15:04:56.56,IMU,41.99,-28.81,-1024.41,0.36,-0.40,1.06,-36.60,-6.60,0.15,28.2
2026/04/13 15:04:56.66,IMU,45.41,-18.07,-1014.65,-0.15,0.70,0.24,-35.25,-5.55,0.30,28.4
2026/04/13 15:04:56.76,IMU,55.66,-10.74,-1007.81,0.08,1.36,-2.05,-37.20,-6.15,-0.90,28.4
2026/04/13 15:04:56.86,IMU,53.22,-20.02,-1019.04,0.42,-0.58,-0.44,-36.90,-6.90,0.45,28.4
2026/04/13 15:04:56.96,IMU,43.95,-11.72,-1012.70,1.39,0.40,-3.34,-37.65,-8.40,-0.45,28.3
2026/04/13 15:04:57.06,IMU,54.69,-21.97,-1009.77,0.51,1.37,-0.11,-37.65,-6.15,-0.45,28.4
2026/04/13 15:04:57.16,IMU,54.20,-10.74,-1009.28,-0.69,1.10,-1.53,-36.90,-5.10,0.15,28.4
2026/04/13 15:04:57.26,IMU,51.27,-8.79,-1022.46,-1.23,0.02,-0.53,-36.15,-6.15,0.90,28.3
2026/04/13 15:04:57.36,IMU,52.73,-21.48,-1003.91,1.44,0.62,0.47,-37.65,-5.40,-0.45,28.6
2026/04/13 15:04:57.46,IMU,42.48,-14.16,-1015.14,1.10,0.60,-1.02,-35.85,-6.60,-1.20,28.0
2026/04/13 15:04:57.56,IMU,46.39,-22.46,-1016.11,-1.27,0.86,0.88,-36.75,-6.75,-0.60,28.3
2026/04/13 15:04:57.66,IMU,52.25,-11.72,-1019.04,-1.31,2.08,-0.17,-36.30,-5.55,-0.60,28.4
2026/04/13 15:04:57.76,IMU,54.20,-14.65,-1015.63,1.20,-2.30,-2.05,-37.20,-8.10,-0.90,28.3
2026/04/13 15:04:57.86,IMU,31.74,-23.93,-1008.79,-0.47,-0.05,-2.40,-36.00,-5.55,-0.60,28.4
2026/04/13 15:04:57.96,IMU,49.80,-23.93,-1009.77,-0.04,2.00,0.24,-35.85,-5.85,0.45,28.4
2026/04/13 15:04:58.06,IMU,45.90,-11.72,-1014.65,0.35,0.81,-1.52,-36.75,-6.75,-1.35,28.4
2026/04/13 15:04:58.16,IMU,41.99,-15.63,-1012.70,0.61,0.76,3.18,-36.00,-5.55,-0.60,28.4
2026/04/13 15:04:58.26,IMU,52.25,-22.46,-1022.46,-0.83,-0.69,0.06,-35.85,-5.40,-0.15,28.3
2026/04/13 15:04:58.36,IMU,46.88,-9.77,-1029.30,-0.36,-1.90,0.56,-36.90,-6.60,1.20,28.4
2026/04/13 15:04:58.46,IMU,41.02,-18.07,-1011.23,0.25,3.11,1.46,-36.75,-5.25,0.00,28.5
2026/04/13 15:04:58.57,IMU,39.06,-11.23,-1006.35,-0.94,-1.15,-2.81,-36.15,-6.15,-0.45,28.4
2026/04/13 15:04:58.67,IMU,44.43,-15.63,-1012.21,-0.15,-0.17,-0.15,-36.90,-6.90,0.45,28.3
2026/04/13 15:04:58.77,IMU,51.76,-0.98,-1012.21,0.43,-1.35,-1.92,-35.85,-6.90,0.90,28.4
2026/04/13 15:04:58.87,IMU,35.64,-10.74,-1018.07,0.92,1.60,-1.63,-37.20,-6.15,0.15,28.4
2026/04/13 15:04:58.97,IMU,50.29,-18.07,-1014.65,-1.60,1.56,2.01,-36.60,-6.90,0.15,28.3
2026/04/13 15:04:59.07,IMU,49.80,-19.53,-1023.44,0.49,-1.25,0.63,-36.60,-6.90,-0.45,28.5
2026/04/13 15:04:59.17,IMU,43.95,-7.32,-1011.23,1.53,0.08,-0.29,-36.60,-5.40,-1.95,28.4
2026/04/13 15:04:59.27,IMU,50.78,-12.21,-1004.88,-0.30,1.59,0.71,-37.50,-6.00,0.00,28.3
2026/04/13 15:04:59.37,IMU,40.04,-26.37,-1009.28,1.29,-0.03,-2.67,-36.75,-6.00,-1.35,28.4
2026/04/13 15:04:59.47,IMU,51.76,-24.90,-1007.81,-0.69,-0.83,-0.91,-37.20,-7.35,0.45,28.3
2026/04/13 15:04:59.57,IMU,57.13,-14.65,-1014.16,-0.61,0.73,0.41,-36.90,-5.85,-1.20,28.6
2026/04/13 15:04:59.67,IMU,37.60,-21.48,-1020.51,-0.31,0.31,-1.66,-35.55,-6.00,0.60,28.4
2026/04/13 15:04:59.77,IMU,41.50,-13.18,-1010.74,1.16,-0.98,0.37,-36.15,-6.60,0.90,28.5
2026/04/13 15:04:59.87,IMU,52.25,-12.21,-1011.72,-1.21,2.05,-2.50,-36.90,-6.90,0.90,28.2
2026/04/13 15:04:59.97,IMU,56.15,-25.39,-1019.53,0.44,-1.45,-3.95,-35.55,-5.25,0.00,28.4
2026/04/13 15:05:00.07,IMU,42.97,-21.00,-1012.21,0.69,0.67,0.24,-36.30,-7.20,-0.60,28.2
2026/04/13 15:05:00.17,IMU,50.78,-20.51,-1023.44,0.70,-3.08,0.54,-36.00,-5.55,0.00,28.4
2026/04/13 15:05:00.27,IMU,59.08,-25.88,-1019.53,-0.21,-0.20,-0.03,-37.65,-6.60,0.45,28.2
2026/04/13 15:05:00.37,IMU,50.78,-21.97,-1012.70,-2.31,1.93,0.05,-36.60,-7.35,-0.15,28.3
2026/04/13 15:05:00.47,IMU,46.88,-25.88,-1024.41,0.34,0.44,0.40,-37.05,-5.55,0.30,28.3
2026/04/13 15:05:00.57,IMU,51.76,-17.58,-1016.60,-0.23,1.56,-2.10,-36.15,-6.90,-1.20,28.1
2026/04/13 15:05:00.67,IMU,54.20,-15.63,-1009.77,0.11,2.38,-1.86,-36.15,-6.60,0.15,28.4
2026/04/13 15:05:00.77,IMU,52.25,-23.44,-1006.35,0.43,0.03,1.39,-34.95,-6.75,0.00,28.3
2026/04/13 15:05:00.87,IMU,52.25,-16.11,-1020.51,-0.02,1.41,1.21,-36.30,-6.75,-1.05,28.0
2026/04/13 15:05:00.97,IMU,45.90,-18.55,-1008.79,-0.66,-0.31,-0.09,-36.75,-7.95,0.30,28.2
2026/04/13 15:05:01.07,IMU,48.34,-20.51,-1010.25,-1.18,0.84,-1.40,-37.80,-7.20,-1.05,28.4
2026/04/13 15:05:01.18,IMU,50.78,-13.18,-1019.04,0.38,-1.21,-0.47,-37.05,-5.25,1.05,28.0
2026/04/13 15:05:01.28,IMU,54.20,-10.74,-1004.39,0.56,-1.30,-0.59,-37.20,-7.35,0.15,28.4
2026/04/13 15:05:01.38,IMU,55.66,-13.67,-1001.95,0.15,0.06,1.21,-35.40,-6.60,-0.15,28.4
2026/04/13 15:05:01.48,IMU,49.80,-16.60,-1013.67,1.01,-0.59,-0.56,-36.30,-7.20,-0.60,28.6
2026/04/13 15:05:01.58,IMU,37.60,-18.07,-1018.07,-1.44,-0.04,0.60,-37.80,-5.55,-0.60,28.2
2026/04/13 15:05:01.68,IMU,45.41,-21.48,-1008.30,0.71,1.00,0.02,-36.75,-5.55,-0.30,28.4
2026/04/13 15:05:01.78,IMU,53.22,-17.09,-1019.04,-0.69,0.67,-1.72,-36.75,-6.00,0.00,28.4
2026/04/13 15:05:01.88,IMU,46.88,-7.81,-1011.72,0.90,0.82,0.53,-35.10,-4.35,-0.90,28.5
2026/04/13 15:05:01.98,IMU,40.04,-19.04,-1003.91,-1.24,-0.59,-2.85,-38.70,-6.60,0.45,28.0
2026/04/13 15:05:02.08,IMU,40.04,-16.11,-1002.44,1.40,-2.85,2.51,-36.90,-6.90,0.15,28.6
2026/04/13 15:05:02.18,IMU,37.60,-8.79,-1014.16,-0.04,0.96,-1.61,-37.20,-7.65,0.15,28.2
2026/04/13 15:05:02.28,IMU,43.95,-14.65,-1026.37,-1.52,-1.02,-2.25,-36.75,-7.20,0.00,28.4
2026/04/13 15:05:02.38,IMU,35.64,-1.95,-1008.79,1.75,0.32,0.21,-37.65,-6.90,-0.15,28.5
2026/04/13 15:05:02.48,IMU,50.78,-22.95,-1006.84,1.54,1.02,-1.37,-36.60,-6.90,-0.15,28.4
2026/04/13 15:05:02.58,IMU,47.36,-18.07,-1014.16,-0.28,2.50,2.56,-35.85,-8.40,0.90,28.2
2026/04/13 15:05:02.68,IMU,44.43,-11.72,-1010.25,-0.88,0.62,2.21,-36.15,-7.35,-0.15,28.2
2026/04/13 15:05:02.78,IMU,52.73,-12.70,-1017.09,-1.37,1.02,-1.95,-37.20,-4.65,-0.15,28.4
2026/04/13 15:05:02.88,IMU,47.36,-7.81,-1014.16,-0.37,-0.31,-1.16,-36.30,-6.75,-1.05,28.3
2026/04/13 15:05:02.98,IMU,57.62,-16.60,-1011.72,2.21,-0.68,0.48,-35.85,-6.90,-1.20,28.3
2026/04/13 15:05:03.08,IMU,51.27,-20.02,-1006.84,0.63,-0.84,-2.34,-35.25,-6.75,0.00,28.4
2026/04/13 15:05:03.18,IMU,47.85,-10.74,-1007.81,0.09,1.40,1.13,-35.10,-6.90,0.90,28.5
2026/04/13 15:05:03.28,IMU,53.22,-19.04,-1007.32,-0.35,-1.18,-0.29,-36.60,-6.60,0.15,28.4
2026/04/13 15:05:03.38,IMU,55.66,-29.30,-1010.74,-0.34,0.15,1.34,-35.10,-7.65,-1.20,28.4
2026/04/13 15:05:03.48,IMU,59.08,-20.02,-1002.44,0.18,-0.21,0.70,-35.85,-5.10,-0.45,28.4
2026/04/13 15:05:03.58,IMU,51.27,-12.70,-1005.86,-0.20,-0.90,-1.47,-34.95,-7.50,-1.05,28.4
2026/04/13 15:05:03.68,IMU,57.13,-15.63,-1018.55,-0.52,1.72,1.47,-35.85,-6.15,-0.45,28.4
2026/04/13 15:05:03.79,IMU,46.88,-18.07,-1008.79,1.51,-0.60,0.88,-37.65,-6.60,-0.15,28.5
2026/04/13 15:05:03.89,IMU,47.36,-18.55,-1023.93,0.18,1.10,-1.34,-37.50,-6.00,1.35,28.0
2026/04/13 15:05:03.99,IMU,48.83,-19.53,-1027.34,-1.14,-0.37,-0.40,-37.50,-4.80,-0.30,28.6
2026/04/13 15:05:04.09,IMU,43.46,-15.63,-1019.53,0.05,0.50,-0.21,-35.55,-6.45,0.00,28.0
2026/04/13 15:05:04.19,IMU,40.04,-16.60,-1022.46,0.91,1.20,-1.18,-36.15,-6.15,0.15,28.4
2026/04/13 15:05:04.29,IMU,54.20,-16.60,-1016.11,1.01,0.94,1.30,-35.55,-5.55,0.00,28.4
2026/04/13 15:05:04.39,IMU,54.20,-14.65,-1016.11,-0.63,0.11,2.98,-35.40,-5.40,0.15,28.3
2026/04/13 15:05:04.49,IMU,48.34,-22.46,-1013.67,-1.60,-0.21,-2.64,-35.10,-6.90,-0.15,28.4
2026/04/13 15:05:04.59,IMU,45.90,-29.30,-1009.77,1.62,1.15,2.10,-36.90,-5.85,-0.15,28.2
2026/04/13 15:05:04.69,IMU,42.97,-15.14,-1010.25,-0.59,1.11,0.11,-36.75,-7.20,-0.30,28.5
2026/04/13 15:05:04.79,IMU,64.45,-13.67,-1012.21,0.17,0.31,-1.49,-36.30,-5.55,-1.05,28.1
2026/04/13 15:05:04.89,IMU,42.97,-1.95,-1018.07,0.56,0.79,2.43,-36.15,-6.60,-0.45,28.2
2026/04/13 15:05:04.99,IMU,61.52,-20.51,-1009.77,0.95,-0.83,-1.21,-36.15,-6.15,1.20,28.2
2026/04/13 15:05:05.09,IMU,49.80,-19.53,-1013.67,-0.65,0.88,0.00,-35.10,-6.60,-0.45,28.5
2026/04/13 15:05:05.19,IMU,51.76,-13.67,-1015.63,0.44,-0.50,-1.22,-36.75,-7.95,0.60,28.2
2026/04/13 15:05:05.29,IMU,49.32,-15.14,-1009.28,0.30,1.70,-0.43,-35.25,-6.00,0.00,28.4
2026/04/13 15:05:05.39,IMU,52.25,-25.39,-1017.58,-2.26,0.12,0.61,-36.75,-6.45,0.60,28.4
2026/04/13 15:05:05.49,IMU,51.76,-18.07,-1021.97,-0.84,2.69,-0.76,-36.15,-5.40,-1.20,28.4
2026/04/13 15:05:05.59,IMU,57.62,-9.77,-1003.91,0.85,0.67,0.44,-37.80,-6.75,-1.05,28.4
2026/04/13 15:05:05.69,IMU,47.85,-17.09,-1014.16,0.08,1.79,0.17,-36.15,-6.60,-2.25,28.6
2026/04/13 15:05:05.79,IMU,46.39,-25.88,-1021.00,-0.43,0.99,0.24,-36.00,-4.50,0.30,28.0
2026/04/13 15:05:05.89,IMU,51.76,-23.93,-1010.74,0.26,1.55,-0.27,-37.05,-6.45,-0.30,28.4
2026/04/13 15:05:05.99,IMU,45.90,-9.77,-1018.07,-0.39,-0.56,-2.02,-36.30,-6.00,0.00,28.2
2026/04/13 15:05:06.09,IMU,46.39,-26.86,-1011.72,0.02,-0.94,-0.34,-37.80,-6.00,-0.60,28.6
2026/04/13 15:05:06.19,IMU,39.06,-16.60,-1006.35,1.24,1.43,-0.19,-36.15,-7.35,-0.90,28.1
2026/04/13 15:05:06.29,IMU,41.50,-14.16,-1000.00,-2.39,0.31,-0.77,-37.50,-5.55,0.00,28.4
2026/04/13 15:05:06.39,IMU,43.95,-24.41,-1021.48,0.26,2.90,-0.02,-36.30,-7.20,-0.30,28.3
2026/04/13 15:05:06.50,IMU,50.29,-11.23,-1021.00,0.44,0.29,-0.03,-35.40,-6.90,-0.15,28.4
2026/04/13 15:05:06.60,IMU,42.48,-0.49,-1020.51,1.11,0.63,-0.02,-38.70,-8.85,5.10,28.4
2026/04/13 15:05:06.70,IMU,42.97,-21.97,-1011.72,-0.35,1.92,-2.41,-36.30,-5.25,-0.60,28.1
2026/04/13 15:05:06.80,IMU,46.88,-21.97,-1021.97,-0.22,0.52,-1.27,-36.75,-6.45,0.00,28.6
2026/04/13 15:05:06.90,IMU,39.06,-22.46,-1014.65,-1.40,0.50,-0.53,-36.30,-6.00,-2.40,28.0
2026/04/13 15:05:07.00,IMU,60.06,-21.48,-1011.23,-0.89,0.64,-0.34,-35.85,-6.60,1.20,28.2
2026/04/13 15:05:07.10,IMU,47.36,-11.23,-1004.39,-0.95,1.61,-2.24,-37.20,-7.35,-0.90,28.3
2026/04/13 15:05:07.20,IMU,41.99,-23.93,-1004.88,-0.70,-0.34,-1.49,-37.20,-6.60,-0.15,28.4
2026/04/13 15:05:07.30,IMU,52.25,-27.34,-1013.67,1.17,-0.53,-0.78,-37.05,-6.00,-1.35,28.5
2026/04/13 15:05:07.40,IMU,53.71,-11.23,-1004.39,0.86,-0.82,-2.90,-37.50,-6.00,0.30,28.4
2026/04/13 15:05:07.50,IMU,44.43,-20.02,-1010.25,-0.83,1.36,-1.94,-36.30,-7.50,0.60,28.4
2026/04/13 15:05:07.60,IMU,48.34,-10.25,-1018.55,0.64,2.33,-2.52,-36.30,-8.25,-1.05,28.2
2026/04/13 15:05:07.70,IMU,44.92,-14.16,-1020.02,0.31,-1.20,-1.16,-36.15,-5.85,-0.45,28.4
2026/04/13 15:05:07.80,IMU,55.66,-15.14,-1010.74,-1.82,1.69,1.46,-37.50,-7.20,0.00,28.1
2026/04/13 15:05:07.90,IMU,41.99,-23.93,-1010.25,0.98,-0.97,-0.24,-37.65,-6.60,1.95,28.5
2026/04/13 15:05:08.00,IMU,46.39,-20.02,-1005.37,-0.53,-0.09,-0.56,-35.55,-6.75,0.60,28.4
2026/04/13 15:05:08.11,IMU,55.66,-8.30,-1010.74,-0.95,-0.89,0.25,-36.30,-7.20,-1.05,28.4
2026/04/13 15:05:08.21,IMU,38.09,-18.55,-998.54,0.89,-0.02,-0.11,-36.75,-6.00,0.00,28.2
2026/04/13 15:05:08.31,IMU,45.90,-17.58,-1012.21,0.80,0.15,2.90,-36.90,-5.10,0.90,28.1
2026/04/13 15:05:08.41,IMU,42.97,-15.14,-1016.60,1.01,-0.14,-0.87,-35.10,-5.40,-0.15,28.2
2026/04/13 15:05:08.51,IMU,38.09,-12.21,-1015.14,-0.37,0.57,-3.24,-35.85,-6.90,-0.15,28.4
2026/04/13 15:05:08.61,IMU,44.43,-7.32,-1016.11,1.24,0.67,1.61,-35.85,-5.40,0.15,28.4
2026/04/13 15:05:08.71,IMU,27.34,-27.83,-1017.58,0.37,-0.38,-1.60,-35.85,-5.40,0.15,28.4
2026/04/13 15:05:08.81,IMU,48.83,-23.93,-1014.65,1.08,-2.63,-0.81,-37.05,-6.75,1.05,28.6
2026/04/13 15:05:08.91,IMU,43.95,-19.04,-995.12,0.18,0.22,2.89,-36.90,-5.40,-0.90,28.5
2026/04/13 15:05:09.01,IMU,54.69,-14.16,-1016.11,-0.76,0.38,-0.76,-36.60,-6.60,-1.50,28.3
2026/04/13 15:05:09.11,IMU,48.83,-12.70,-1006.84,0.76,-1.05,0.19,-37.20,-6.90,0.45,28.4
2026/04/13 15:05:09.21,IMU,42.97,-10.74,-1012.70,1.24,1.13,0.62,-36.00,-6.00,-1.05,28.3
2026/04/13 15:05:09.31,IMU,48.34,-12.21,-1010.25,0.59,0.26,-2.53,-37.05,-6.00,-0.30,28.4
2026/04/13 15:05:09.41,IMU,47.36,-22.46,-1019.04,-1.83,-1.47,-0.95,-36.30,-6.45,0.60,28.5
2026/04/13 15:05:09.51,IMU,56.64,-29.30,-1016.11,1.13,-0.68,2.68,-36.75,-6.00,0.60,28.5
2026/04/13 15:05:09.61,IMU,43.95,-11.23,-1015.63,1.04,0.64,-0.85,-35.85,-6.60,-0.45,28.4
2026/04/13 15:05:09.71,IMU,52.73,-20.02,-1009.28,0.24,-0.61,-1.97,-36.00,-6.75,0.60,28.5
2026/04/13 15:05:09.81,IMU,42.97,-23.44,-1006.35,1.11,0.04,-1.20,-37.80,-5.25,0.30,28.5
2026/04/13 15:05:09.91,IMU,45.90,-16.11,-1008.79,-1.29,-0.92,-2.05,-36.90,-6.90,-1.50,28.2
2026/04/13 15:05:10.01,IMU,53.71,-18.07,-1010.25,0.94,-0.14,-1.15,-36.90,-6.60,0.90,28.4
2026/04/13 15:05:10.11,IMU,41.02,-29.79,-1009.28,0.49,-0.20,0.50,-37.05,-5.25,0.00,28.6
2026/04/13 15:05:10.21,IMU,46.88,-9.77,-1009.28,0.32,0.50,-0.53,-36.15,-6.60,-0.90,28.3
2026/04/13 15:05:10.31,IMU,50.29,-20.02,-1015.14,0.79,0.24,-0.97,-36.15,-6.15,-1.20,28.4
2026/04/13 15:05:10.41,IMU,49.80,-22.95,-1013.67,0.02,1.20,1.44,-37.80,-6.00,-0.60,28.4
2026/04/13 15:05:10.51,IMU,55.18,-14.16,-1005.37,-0.08,-0.53,0.76,-36.60,-6.15,0.45,28.0
2026/04/13 15:05:10.61,IMU,37.60,-11.23,-1014.65,-1.13,-0.61,1.47,-36.30,-5.55,-1.05,28.4
2026/04/13 15:05:10.71,IMU,32.71,-28.32,-1005.37,-0.33,0.20,0.20,-36.15,-6.90,0.15,28.5
2026/04/13 15:05:10.82,IMU,48.83,-17.09,-1014.16,0.48,0.75,-0.23,-36.60,-6.60,-1.95,28.3
2026/04/13 15:05:10.92,IMU,45.90,-19.53,-1017.09,-0.10,-1.87,-1.93,-35.25,-6.75,-0.60,28.4
2026/04/13 15:05:11.02,IMU,44.92,-27.83,-1012.70,0.01,1.10,0.28,-36.60,-6.15,0.15,28.4
2026/04/13 15:05:11.12,IMU,44.92,-7.32,-1007.32,-0.63,1.45,-0.02,-36.15,-6.15,-0.45,28.6
2026/04/13 15:05:11.22,IMU,53.71,-13.18,-1013.18,-1.21,1.59,0.05,-36.60,-7.35,-0.90,28.4
2026/04/13 15:05:11.32,IMU,39.55,-22.95,-1018.55,1.81,1.65,2.23,-36.75,-6.75,-0.30,28.4
2026/04/13 15:05:11.42,IMU,27.83,-12.70,-1006.84,-1.04,-0.49,-0.73,-36.15,-6.60,0.45,28.3
2026/04/13 15:05:11.52,IMU,50.29,-21.97,-1014.65,-0.56,0.02,1.11,-36.30,-7.20,1.05,28.4
2026/04/13 15:05:11.62,IMU,49.80,-16.11,-1019.53,1.69,0.16,3.85,-37.65,-7.65,-0.45,28.4
2026/04/13 15:05:11.72,IMU,47.36,-21.48,-1007.81,-0.39,0.04,3.11,-37.95,-5.85,-0.90,28.3
2026/04/13 15:05:11.82,IMU,44.43,-18.07,-1009.77,1.10,-1.08,-0.24,-36.15,-5.85,-0.15,28.2
2026/04/13 15:05:11.92,IMU,49.80,-21.97,-1010.25,-0.15,1.56,0.33,-36.90,-5.85,-0.15,28.4
2026/04/13 15:05:12.02,IMU,35.64,-15.14,-1010.74,2.20,0.53,0.16,-37.20,-6.15,-0.90,28.4
2026/04/13 15:05:12.12,IMU,47.36,-15.14,-1010.74,0.70,-2.27,-1.09,-35.55,-6.00,-1.05,28.4
2026/04/13 15:05:12.22,IMU,57.13,-9.77,-1010.74,1.22,0.02,-3.42,-36.60,-5.40,-0.45,28.0
2026/04/13 15:05:12.32,IMU,44.43,-21.48,-1012.70,-0.66,2.11,0.87,-35.25,-5.55,-0.60,28.3
2026/04/13 15:05:12.42,IMU,53.22,-26.86,-1009.28,-0.86,0.82,0.79,-35.85,-6.90,-0.45,28.3
2026/04/13 15:05:12.52,IMU,55.18,-12.70,-1004.39,-0.50,0.66,-0.24,-35.40,-6.60,0.15,28.4
2026/04/13 15:05:12.62,IMU,46.39,-13.67,-992.19,-0.69,0.16,1.19,-37.20,-6.90,0.15,28.4
2026/04/13 15:05:12.72,IMU,51.76,-5.86,-1017.58,-0.31,-1.64,-1.15,-36.60,-5.85,-0.15,28.3
2026/04/13 15:05:12.82,IMU,57.62,-2.93,-1005.37,0.11,0.85,1.18,-36.60,-6.15,-0.15,28.6
2026/04/13 15:05:12.92,IMU,32.71,-23.44,-1003.91,1.79,-0.40,-0.39,-37.50,-7.20,0.00,28.3
2026/04/13 15:05:13.02,IMU,39.55,-22.95,-1010.74,0.50,-1.44,3.41,-36.30,-6.00,-0.60,28.4
2026/04/13 15:05:13.12,IMU,60.06,-15.63,-1014.16,-0.26,1.25,2.26,-36.60,-6.15,0.15,28.4
2026/04/13 15:05:13.22,IMU,38.09,-27.83,-1009.77,0.89,0.40,-2.62,-36.15,-7.35,0.15,28.4
2026/04/13 15:05:13.32,IMU,43.46,-13.67,-1014.16,1.72,0.27,2.06,-36.00,-6.00,0.30,28.4
2026/04/13 15:05:13.42,IMU,48.83,-19.04,-1007.32,-0.67,0.22,1.48,-37.65,-6.90,-1.50,28.6
2026/04/13 15:05:13.53,IMU,35.16,-20.02,-1007.81,-0.22,1.38,-1.00,-36.90,-6.15,-0.15,28.6
2026/04/13 15:05:13.63,IMU,53.71,-21.97,-1017.58,-2.11,-0.11,-2.39,-37.50,-6.00,0.60,28.5
2026/04/13 15:05:13.73,IMU,49.80,-21.97,-1017.09,-1.44,-0.10,1.52,-36.60,-5.85,-0.15,28.4
2026/04/13 15:05:13.83,IMU,46.88,-25.88,-1013.18,1.59,-0.92,0.66,-37.80,-6.75,-1.05,28.4
2026/04/13 15:05:13.93,IMU,47.85,-10.25,-1002.44,2.17,-1.04,-0.67,-37.95,-6.15,-0.45,28.3
2026/04/13 15:05:14.03,IMU,41.02,-16.60,-1013.18,0.99,-0.53,1.25,-36.30,-6.45,0.30,28.4
2026/04/13 15:05:14.13,IMU,48.83,-24.41,-1021.48,1.70,-1.01,0.40,-36.60,-6.60,0.15,28.0
2026/04/13 15:05:14.23,IMU,41.02,-20.02,-1019.04,0.15,-0.61,1.53,-35.55,-6.45,0.30,28.4
2026/04/13 15:05:14.33,IMU,39.55,-16.11,-1003.42,-0.49,1.11,2.40,-36.30,-5.55,-0.60,28.4
2026/04/13 15:05:14.43,IMU,50.29,-12.21,-1000.00,1.63,0.66,0.14,-36.30,-6.00,-0.60,28.5
2026/04/13 15:05:14.53,IMU,44.92,-19.04,-1013.18,-0.42,-1.13,-1.61,-36.75,-6.00,0.00,28.1
2026/04/13 15:05:14.63,IMU,46.88,-16.60,-1016.60,-0.04,-2.02,-0.11,-36.75,-7.95,1.05,28.3
2026/04/13 15:05:14.73,IMU,29.30,-21.97,-1008.79,1.86,-1.00,-1.52,-38.40,-6.90,0.90,28.4
2026/04/13 15:05:14.83,IMU,58.59,-21.48,-1000.00,-0.68,-0.89,2.71,-35.55,-6.00,0.00,28.4
2026/04/13 15:05:14.93,IMU,43.95,-26.37,-1010.74,-0.05,2.32,0.27,-35.40,-5.85,-0.15,28.4
2026/04/13 15:05:15.03,IMU,45.90,-12.70,-1010.74,2.01,2.06,2.82,-37.95,-6.90,-0.15,28.6
2026/04/13 15:05:15.13,IMU,54.20,-20.51,-1026.37,0.59,-1.24,0.63,-37.20,-7.35,-0.90,28.5
2026/04/13 15:05:15.23,IMU,53.71,-22.95,-1021.48,0.09,-0.62,0.66,-36.75,-5.55,0.00,28.2
2026/04/13 15:05:15.33,IMU,50.78,-16.60,-1017.58,0.34,1.26,-0.34,-36.30,-6.75,0.60,28.3
2026/04/13 15:05:15.43,IMU,56.64,-13.18,-1011.23,0.40,1.77,-0.20,-36.75,-5.55,-0.60,28.3
2026/04/13 15:05:15.53,IMU,57.62,-16.11,-1017.58,0.69,-0.54,-2.09,-36.75,-5.25,-1.05,28.4
2026/04/13 15:05:15.63,IMU,46.39,-14.65,-1016.60,0.51,-0.16,0.11,-35.40,-6.60,-0.15,28.4
2026/04/13 15:05:15.73,IMU,49.32,-13.67,-1019.53,-0.74,0.93,2.54,-39.00,-7.20,3.15,28.5
2026/04/13 15:05:15.83,IMU,50.29,-19.04,-1012.21,0.92,-0.71,-0.81,-36.00,-6.75,-0.30,28.4
2026/04/13 15:05:15.93,IMU,58.11,-26.86,-1016.60,0.02,0.82,-0.05,-35.85,-7.65,-0.15,28.6
2026/04/13 15:05:16.03,IMU,47.85,-11.72,-1031.25,0.14,-0.53,-2.07,-36.60,-6.60,-0.15,28.3
2026/04/13 15:05:16.13,IMU,48.83,-17.09,-1016.11,-0.05,-0.25,0.47,-36.60,-5.40,-0.90,28.4
2026/04/13 15:05:16.23,IMU,53.71,-19.53,-1018.55,1.37,-0.07,-0.42,-37.50,-6.45,0.60,28.4
2026/04/13 15:05:16.34,IMU,40.53,-17.09,-1010.74,0.72,0.65,-1.07,-37.20,-6.60,-0.90,28.4
2026/04/13 15:05:16.44,IMU,58.11,-21.48,-1014.16,0.26,1.27,0.38,-37.20,-5.40,-0.15,28.1
2026/04/13 15:05:16.54,IMU,40.04,-16.11,-1007.32,0.35,0.58,0.24,-36.90,-6.15,0.90,28.4
2026/04/13 15:05:16.64,IMU,54.69,-15.14,-1019.53,-0.47,-0.23,-0.21,-36.15,-6.15,-1.50,28.2
2026/04/13 15:05:16.74,IMU,46.39,-15.14,-1015.14,-0.30,-0.27,1.22,-36.00,-8.25,-0.30,28.4
2026/04/13 15:05:16.84,IMU,40.04,-17.09,-1008.30,0.34,-0.62,3.82,-36.75,-6.00,-2.10,28.6
2026/04/13 15:05:16.94,IMU,36.62,-7.81,-1024.41,-0.38,2.20,0.39,-35.85,-6.60,0.15,28.6
2026/04/13 15:05:17.04,IMU,39.06,-5.86,-1014.65,0.60,-0.08,-1.69,-34.95,-6.00,0.30,28.0
2026/04/13 15:05:17.14,IMU,49.80,-15.14,-1001.95,-0.14,0.20,-0.18,-35.25,-6.75,-1.05,28.6
2026/04/13 15:05:17.24,IMU,45.41,-13.18,-1020.02,0.15,0.15,-0.96,-37.05,-6.75,-0.30,28.3
2026/04/13 15:05:17.34,IMU,41.99,-10.25,-1014.16,0.80,0.88,-0.19,-36.30,-5.55,0.00,28.4
2026/04/13 15:05:17.44,IMU,50.29,-23.44,-1017.58,-0.34,1.86,-0.18,-36.15,-6.90,0.15,28.6
2026/04/13 15:05:17.54,IMU,52.25,-15.14,-1028.81,-0.38,0.70,1.52,-37.65,-5.40,0.15,28.5
2026/04/13 15:05:17.64,IMU,35.64,-20.02,-1008.79,-0.28,0.98,1.02,-37.05,-6.75,-1.05,28.3
2026/04/13 15:05:17.74,IMU,38.57,-18.55,-1015.14,-0.56,0.98,1.05,-37.50,-6.00,0.00,28.3
2026/04/13 15:05:17.84,IMU,45.41,-8.30,-1017.58,1.73,0.06,1.74,-36.90,-5.85,-0.15,28.4
2026/04/13 15:05:17.94,IMU,36.62,-23.93,-1033.69,0.11,-0.47,-0.89,-37.65,-6.60,-1.20,28.0
2026/04/13 15:05:18.04,IMU,51.76,-20.02,-1023.93,1.64,-0.61,1.84,-37.65,-5.85,-1.20,28.4
2026/04/13 15:05:18.14,IMU,46.88,-17.09,-1004.39,0.31,1.30,-3.21,-36.75,-7.20,0.00,28.4
2026/04/13 15:05:18.24,IMU,46.39,-12.70,-1008.79,-0.64,0.08,1.11,-36.00,-4.80,0.60,28.4
2026/04/13 15:05:18.34,IMU,35.16,-19.04,-994.63,-0.31,-0.13,-0.72,-37.50,-5.55,-0.60,28.4
2026/04/13 15:05:18.44,IMU,45.41,-21.48,-1018.07,-0.42,1.84,-0.95,-36.00,-6.00,-1.05,28.3
2026/04/13 15:05:18.54,IMU,46.88,-15.63,-1005.86,-2.08,1.21,0.26,-36.75,-4.80,0.30,28.6
2026/04/13 15:05:18.65,IMU,40.04,-13.67,-1020.51,0.99,1.50,3.75,-36.00,-6.00,-1.35,28.4
2026/04/13 15:05:18.75,IMU,49.32,-15.14,-1028.32,0.50,-1.50,-3.63,-36.60,-5.40,-0.90,28.4
2026/04/13 15:05:18.85,IMU,56.64,-29.79,-1029.30,-0.59,-0.01,0.32,-36.60,-6.15,-0.15,28.4
2026/04/13 15:05:18.95,IMU,50.29,-27.83,-1012.21,0.96,-0.45,-0.47,-37.05,-6.45,-0.30,28.4
2026/04/13 15:05:19.05,IMU,65.43,-26.86,-1006.84,-1.98,1.11,-0.27,-36.30,-6.00,0.00,28.4
2026/04/13 15:05:19.15,IMU,39.06,-21.00,-1013.18,-0.80,0.36,-2.43,-36.15,-5.85,-0.15,28.6
2026/04/13 15:05:19.25,IMU,44.92,-26.86,-1012.70,0.08,1.13,0.49,-36.60,-5.40,-0.90,28.4
2026/04/13 15:05:19.35,IMU,36.62,-21.00,-1017.58,0.47,0.66,0.86,-37.50,-6.75,-0.30,28.4
2026/04/13 15:05:19.45,IMU,32.23,-11.23,-1021.97,-1.24,-0.62,0.50,-35.85,-5.10,0.15,28.1
2026/04/13 15:05:19.55,IMU,52.73,-20.51,-1017.09,0.70,-0.26,-0.43,-35.25,-5.55,-1.05,28.4
2026/04/13 15:05:19.65,IMU,45.90,-16.60,-1016.60,0.85,-2.13,0.12,-36.90,-5.40,-0.45,28.2
2026/04/13 15:05:19.75,IMU,57.13,-10.25,-1009.28,-0.34,1.22,1.98,-37.05,-6.00,0.30,28.4
2026/04/13 15:05:19.85,IMU,51.27,-18.07,-1018.07,-0.85,1.89,-4.85,-35.85,-7.35,-0.45,28.6
2026/04/13 15:05:19.95,IMU,44.92,-27.34,-1006.35,-0.61,-0.99,-0.76,-37.80,-6.00,-0.60,28.5
2026/04/13 15:05:20.05,IMU,52.25,-21.97,-1012.70,-0.73,-0.14,3.21,-35.55,-6.00,0.00,28.2
2026/04/13 15:05:20.15,IMU,47.36,-16.11,-1015.63,-1.85,-0.08,-0.82,-36.15,-5.40,-0.90,28.4
2026/04/13 15:05:20.25,IMU,42.97,-25.88,-1009.28,-0.24,-0.89,0.25,-35.25,-7.95,0.00,28.1
2026/04/13 15:05:20.35,IMU,46.39,-17.09,-1012.21,0.79,0.57,-0.09,-37.65,-6.90,-0.45,28.4
2026/04/13 15:05:20.45,IMU,35.64,-26.37,-1005.86,0.44,0.98,-1.82,-37.05,-7.20,0.00,28.4
2026/04/13 15:05:20.55,IMU,46.88,-12.70,-1014.65,0.05,0.17,-0.54,-35.55,-6.45,-1.05,28.5
2026/04/13 15:05:20.65,IMU,43.46,-8.79,-1019.04,1.38,0.81,2.19,-37.20,-5.85,-0.15,28.4
2026/04/13 15:05:20.75,IMU,48.83,-20.51,-1010.74,0.37,2.95,-2.28,-37.20,-8.10,-1.95,28.4
2026/04/13 15:05:20.85,IMU,35.64,-23.44,-1012.70,-0.80,-0.89,-1.75,-37.65,-6.15,-0.90,28.4
2026/04/13 15:05:20.95,IMU,47.85,-29.30,-1012.70,-0.08,2.14,1.37,-36.60,-7.35,-0.45,28.2
2026/04/13 15:05:21.05,IMU,53.71,-16.11,-1021.97,0.69,-0.77,-0.98,-36.75,-4.80,0.30,28.4
2026/04/13 15:05:21.15,IMU,36.13,-22.46,-1016.60,-0.40,-1.40,-1.44,-37.95,-6.15,-0.90,28.2
2026/04/13 15:05:21.25,IMU,55.18,-15.63,-1013.18,-0.05,-0.15,-1.30,-37.05,-6.00,-0.30,28.4
2026/04/13 15:05:21.36,IMU,48.34,-12.70,-1027.83,0.69,2.04,0.15,-36.60,-6.15,-0.15,28.1
2026/04/13 15:05:21.46,IMU,52.25,-26.37,-1018.07,-0.11,0.07,-0.79,-36.90,-6.60,-0.15,28.2
2026/04/13 15:05:21.56,IMU,41.02,-21.48,-1009.77,-0.83,1.65,1.42,-36.60,-7.65,-0.15,28.2
2026/04/13 15:05:21.66,IMU,43.46,-22.95,-1011.23,0.31,-1.05,-0.72,-36.75,-6.75,-0.60,28.4
2026/04/13 15:05:21.76,IMU,47.36,-23.44,-1016.60,0.32,0.28,-1.07,-36.75,-7.50,0.30,28.5
2026/04/13 15:05:21.86,IMU,47.36,-33.69,-1023.44,1.14,0.80,1.40,-36.90,-5.10,-0.90,28.2
2026/04/13 15:05:21.96,IMU,56.15,-9.28,-1008.30,-0.92,0.34,-0.04,-37.05,-5.55,0.00,28.4
2026/04/13 15:05:22.06,IMU,45.41,-22.95,-1018.07,1.83,0.66,-1.37,-36.00,-6.75,0.00,28.4
2026/04/13 15:05:22.16,IMU,47.36,-8.79,-1019.04,-1.59,0.00,-1.39,-36.30,-5.25,-1.05,28.4
2026/04/13 15:05:22.26,IMU,40.04,-16.60,-1016.60,1.44,-1.36,0.24,-35.85,-6.15,-1.50,28.2
2026/04/13 15:05:22.36,IMU,41.99,-22.95,-1009.28,-1.00,-0.53,3.18,-37.20,-6.60,-0.45,28.3
2026/04/13 15:05:22.46,IMU,41.50,-20.51,-1002.93,0.43,2.23,1.37,-36.30,-6.45,-1.05,28.3
2026/04/13 15:05:22.56,IMU,54.20,-4.39,-1017.09,-0.56,0.02,-0.99,-36.00,-6.00,-1.05,28.3
2026/04/13 15:05:22.66,IMU,42.48,-9.28,-1010.74,-0.98,1.65,-1.57,-36.15,-3.90,0.45,28.5
2026/04/13 15:05:22.76,IMU,41.99,-14.65,-1009.77,1.66,-0.23,0.44,-36.60,-6.60,-1.20,28.4
2026/04/13 15:05:22.86,IMU,45.90,-10.25,-1008.79,-0.57,0.31,1.05,-36.60,-6.90,-0.45,28.4
2026/04/13 15:05:22.96,IMU,45.41,-20.51,-1010.74,-0.44,0.61,-0.12,-35.85,-7.35,-1.20,28.5
2026/04/13 15:05:23.06,IMU,36.13,-29.30,-1027.83,-3.41,0.93,-1.12,-36.90,-5.85,-0.90,28.2
2026/04/13 15:05:23.16,IMU,42.97,-12.70,-1015.63,0.17,1.00,-0.90,-36.30,-7.20,0.00,28.3
2026/04/13 15:05:23.26,IMU,46.88,-13.67,-1015.14,-0.15,-0.88,-1.15,-38.70,-6.60,-0.15,28.5
2026/04/13 15:05:23.36,IMU,38.09,-26.86,-1003.42,-1.62,-0.11,-1.68,-35.25,-5.55,0.30,28.6
2026/04/13 15:05:23.46,IMU,35.64,-28.81,-1016.60,0.71,2.22,-1.48,-37.20,-4.65,0.15,28.4
2026/04/13 15:05:23.56,IMU,48.34,-17.09,-1013.18,0.98,2.30,0.43,-35.85,-5.85,-0.90,28.5
2026/04/13 15:05:23.66,IMU,46.88,-15.63,-1022.95,-0.61,-0.11,-1.79,-36.30,-5.25,-1.35,28.4
2026/04/13 15:05:23.76,IMU,47.36,-30.27,-1012.21,-0.28,1.41,-0.53,-37.20,-5.40,-0.15,28.5
2026/04/13 15:05:23.86,IMU,48.83,-19.04,-1008.30,-1.29,0.13,0.02,-36.75,-7.50,-0.60,28.3
2026/04/13 15:05:24.76,IMU,56.15,-11.23,-1006.35,-0.66,-0.60,-1.08,-36.90,-6.90,-0.15,28.5
2026/04/13 15:05:24.86,IMU,50.78,-13.18,-1008.30,0.25,-0.54,0.16,-38.25,-6.45,2.85,28.2
2026/04/13 15:05:24.96,IMU,51.76,-21.48,-1011.23,-0.58,0.22,-1.79,-36.15,-5.85,-0.45,28.3
2026/04/13 15:05:25.06,IMU,53.71,-20.02,-1009.77,-0.43,2.45,-0.66,-36.90,-6.45,-1.05,28.4
2026/04/13 15:05:25.16,IMU,41.50,-24.41,-1010.25,0.32,0.21,-1.86,-35.85,-6.15,-0.45,28.1
2026/04/13 15:05:25.26,IMU,50.29,-21.48,-998.54,3.44,0.03,-0.23,-36.75,-6.45,0.30,28.3
2026/04/13 15:05:25.36,IMU,56.15,-18.07,-1021.00,0.18,1.24,-0.71,-37.50,-7.20,0.60,28.3
2026/04/13 15:05:25.46,IMU,45.41,-20.02,-1021.97,-1.10,0.11,1.53,-36.00,-6.00,-1.05,28.3
2026/04/13 15:05:25.56,IMU,45.90,-23.93,-1018.07,0.23,-1.12,-1.01,-35.85,-6.60,-0.15,28.4
2026/04/13 15:05:25.66,IMU,54.69,-15.14,-1011.23,-0.36,0.37,1.02,-37.20,-5.40,0.90,28.6
2026/04/13 15:05:25.76,IMU,41.50,-10.74,-1021.48,0.96,0.34,1.86,-36.15,-4.35,-0.90,28.3
2026/04/13 15:05:25.87,IMU,42.48,-7.32,-1024.90,0.23,0.31,-1.37,-36.15,-7.65,0.90,28.3
2026/04/13 15:05:25.97,IMU,45.41,-27.34,-1015.63,-2.02,1.82,2.02,-36.90,-6.90,-0.90,28.6
2026/04/13 15:05:26.07,IMU,39.55,-19.53,-1014.16,-1.11,0.22,-1.99,-36.15,-6.15,0.15,28.4
2026/04/13 15:05:26.17,IMU,50.78,-18.55,-999.02,-0.08,-0.85,0.76,-36.90,-6.60,-0.45,28.1
2026/04/13 15:05:26.27,IMU,40.53,-17.09,-1012.70,-0.01,1.23,1.26,-36.30,-7.50,0.00,28.4
2026/04/13 15:05:26.37,IMU,50.29,-27.83,-1027.34,1.36,0.11,1.16,-37.20,-5.85,-0.45,28.0
2026/04/13 15:05:26.47,IMU,49.80,-15.14,-1018.55,-0.41,0.39,0.00,-37.05,-6.45,-0.30,28.4
2026/04/13 15:05:26.57,IMU,29.30,-28.81,-1015.63,-0.67,1.18,-1.91,-36.00,-6.00,-0.30,28.4
2026/04/13 15:05:26.67,IMU,55.66,-22.95,-1013.18,0.65,1.57,-1.00,-36.15,-5.10,-0.90,28.4
2026/04/13 15:05:26.77,IMU,34.67,-17.58,-1010.25,-0.93,0.93,0.41,-35.85,-6.90,0.45,28.1
2026/04/13 15:05:26.87,IMU,44.43,-21.00,-1018.07,2.32,-1.15,1.33,-36.75,-7.50,-1.35,28.4
2026/04/13 15:05:26.97,IMU,45.90,-21.48,-1016.11,-0.11,0.17,-0.74,-36.15,-6.60,-0.15,28.4
2026/04/13 15:05:27.07,IMU,35.64,-20.02,-999.51,1.26,-1.05,-1.87,-34.50,-7.50,-1.35,28.0
2026/04/13 15:05:27.17,IMU,45.41,-28.32,-1015.63,1.18,1.63,0.73,-36.75,-6.00,-1.35,28.4
2026/04/13 15:05:27.27,IMU,44.92,-14.16,-1015.14,-0.37,0.21,-0.69,-36.15,-6.60,0.45,28.4
2026/04/13 15:05:27.37,IMU,50.78,-17.09,-1014.65,-1.23,1.44,1.15,-36.75,-6.45,-0.30,28.4
2026/04/13 15:05:27.47,IMU,41.99,-4.39,-1012.70,1.09,0.58,0.50,-35.85,-6.15,-0.45,28.4
2026/04/13 15:05:27.57,IMU,49.32,-2.93,-1022.46,1.69,1.70,-0.59,-36.30,-7.50,-0.30,28.4
2026/04/13 15:05:27.67,IMU,52.25,-24.41,-1014.16,-0.38,-0.17,-0.97,-36.75,-6.75,-0.30,28.5
2026/04/13 15:05:27.77,IMU,54.20,-16.11,-1017.58,-3.24,1.44,0.69,-36.00,-5.55,-1.05,28.4
2026/04/13 15:05:27.87,IMU,42.48,-13.18,-1024.41,1.23,-1.01,-0.19,-35.85,-6.15,-0.15,28.0
2026/04/13 15:05:27.98,IMU,41.02,-23.93,-1022.95,-0.74,0.11,-3.96,-36.15,-7.35,-0.90,28.4
2026/04/13 15:05:28.08,IMU,49.80,-19.53,-1014.16,0.41,-1.03,-1.27,-36.30,-6.75,0.00,28.2
2026/04/13 15:05:28.18,IMU,57.13,-20.02,-1008.30,-1.69,-0.89,-1.79,-37.50,-7.20,0.00,28.4
2026/04/13 15:05:28.28,IMU,60.06,-11.23,-1021.00,0.82,-0.92,-1.09,-37.20,-6.60,0.15,28.1
2026/04/13 15:05:28.38,IMU,40.53,-19.53,-1019.53,-0.07,-0.62,1.41,-36.75,-5.25,-1.05,28.5
2026/04/13 15:05:28.48,IMU,48.34,-35.16,-1024.41,-0.01,1.76,-2.28,-36.60,-5.40,-1.20,28.2
2026/04/13 15:05:28.58,IMU,54.69,-17.09,-1010.74,2.44,0.93,1.01,-35.85,-5.10,-0.15,28.4
2026/04/13 15:05:28.68,IMU,54.69,-31.25,-1024.41,-1.66,-0.26,-0.51,-36.00,-7.50,-1.35,28.3
2026/04/13 15:05:28.78,IMU,53.71,-14.65,-1017.09,0.94,0.50,-0.30,-36.75,-6.00,0.00,28.1
2026/04/13 15:05:28.88,IMU,44.92,-19.04,-1018.55,0.56,1.23,1.67,-36.75,-6.00,0.00,28.4
2026/04/13 15:05:28.98,IMU,44.43,-18.55,-1016.60,0.51,0.24,0.67,-36.75,-6.45,0.00,28.4
2026/04/13 15:05:29.08,IMU,52.25,-18.07,-1018.07,0.54,-1.07,-0.20,-35.85,-6.15,-0.90,28.5
2026/04/13 15:05:29.18,IMU,48.83,-32.23,-1023.44,-0.21,0.78,1.31,-36.60,-5.40,-0.45,28.4
2026/04/13 15:05:29.28,IMU,54.69,-15.14,-1007.32,0.27,2.26,0.89,-35.55,-6.75,-0.30,28.2
2026/04/13 15:05:29.38,IMU,45.90,-9.77,-1011.72,0.80,-1.42,0.05,-35.85,-6.15,-0.90,28.1
2026/04/13 15:05:29.48,IMU,49.32,-26.86,-1016.11,0.20,-1.57,1.15,-36.30,-5.25,1.35,28.3
2026/04/13 15:05:29.58,IMU,43.95,-23.93,-1022.95,0.26,1.17,-0.10,-36.90,-6.60,-0.15,28.4
2026/04/13 15:05:29.68,IMU,51.76,-3.42,-1011.72,0.92,-0.36,-0.50,-37.50,-6.75,0.00,28.4
2026/04/13 15:05:29.78,IMU,44.92,-11.23,-1006.84,0.92,-0.30,-0.33,-36.75,-6.45,-1.80,28.2
2026/04/13 15:05:29.88,IMU,53.22,-13.67,-1016.60,0.39,-1.34,1.46,-37.80,-6.45,-0.30,28.2
2026/04/13 15:05:29.98,IMU,36.62,-20.02,-1014.16,-0.34,-2.44,-0.01,-36.90,-5.85,-1.50,28.4
2026/04/13 15:05:30.08,IMU,47.36,-21.00,-1015.14,1.55,-0.30,0.02,-36.60,-6.15,-1.20,28.3
2026/04/13 15:05:30.18,IMU,41.02,-19.04,-1006.35,-0.37,1.76,-0.99,-35.85,-5.40,-0.15,28.0
2026/04/13 15:05:30.28,IMU,50.29,-18.07,-1002.44,0.08,0.43,1.73,-37.50,-7.20,-0.30,28.3
2026/04/13 15:05:30.38,IMU,42.97,-11.23,-1005.86,-0.95,0.20,0.15,-36.00,-6.75,-0.60,28.2
2026/04/13 15:05:30.48,IMU,49.80,-14.16,-1009.77,-0.01,-0.13,-0.42,-36.00,-5.55,-1.35,28.5
2026/04/13 15:05:30.58,IMU,44.92,-19.53,-1018.55,-0.40,0.78,-1.98,-36.15,-5.85,0.45,28.2
2026/04/13 15:05:30.68,IMU,47.36,-20.02,-1014.16,0.69,1.32,-2.00,-35.55,-7.50,-0.30,28.3
2026/04/13 15:05:30.79,IMU,41.99,-21.48,-1021.97,1.56,1.40,-1.34,-36.15,-6.60,-0.90,28.3
2026/04/13 15:05:30.89,IMU,52.25,-16.60,-1014.65,-0.73,0.05,1.60,-36.30,-5.55,-0.30,28.3
2026/04/13 15:05:30.99,IMU,41.02,-14.16,-1024.41,-0.69,2.55,0.77,-36.00,-6.00,-0.30,28.4
2026/04/13 15:05:31.09,IMU,47.36,-10.25,-1008.79,-0.08,-0.95,-1.34,-36.30,-7.20,0.00,28.4
2026/04/13 15:05:31.19,IMU,57.13,-19.04,-1012.21,0.69,-0.78,-1.53,-35.55,-6.45,-0.30,28.4
2026/04/13 15:05:31.29,IMU,44.43,-19.53,-1009.77,0.08,1.40,2.05,-35.55,-6.75,0.30,28.2
2026/04/13 15:05:31.39,IMU,50.78,-15.63,-1013.18,0.33,0.22,-0.37,-37.95,-5.10,-0.15,28.3
2026/04/13 15:05:31.49,IMU,41.99,-27.34,-1021.97,2.40,0.40,0.94,-37.95,-5.85,-1.20,28.3
2026/04/13 15:05:31.59,IMU,45.90,-15.63,-983.89,0.09,-0.44,1.69,-36.60,-5.40,-0.90,28.4
2026/04/13 15:05:31.69,IMU,34.67,-5.86,-1013.18,-0.56,-2.03,1.72,-38.40,-5.85,-0.15,28.4
2026/04/13 15:05:31.79,IMU,48.34,-26.86,-1013.18,-1.20,-0.55,2.33,-36.15,-6.15,0.45,28.3
2026/04/13 15:05:31.89,IMU,43.46,-22.95,-1015.63,0.12,0.85,1.62,-36.60,-5.40,-0.15,28.1
2026/04/13 15:05:31.99,IMU,45.90,-17.09,-1000.00,-1.18,1.30,0.55,-36.15,-6.15,0.45,28.3
2026/04/13 15:05:32.09,IMU,45.41,-16.11,-1010.74,0.21,1.29,-1.81,-36.60,-5.85,-0.15,28.0
2026/04/13 15:05:32.19,IMU,41.99,-18.55,-1009.77,0.68,2.09,-1.37,-37.05,-6.45,0.60,28.4
2026/04/13 15:05:32.29,IMU,52.25,-11.72,-1019.04,-1.86,1.53,2.73,-37.65,-6.90,-0.15,28.3
2026/04/13 15:05:32.39,IMU,46.39,-22.95,-1016.60,1.48,0.50,-1.64,-36.75,-6.00,-1.05,28.2
2026/04/13 15:05:32.49,IMU,41.99,-27.34,-1009.28,-0.47,0.78,-1.75,-36.60,-6.15,0.15,28.1
2026/04/13 15:05:32.59,IMU,36.62,-16.60,-1017.09,0.18,-1.46,0.45,-35.55,-6.75,-0.60,28.4
2026/04/13 15:05:32.69,IMU,44.43,-21.00,-1019.04,0.01,0.71,0.34,-36.30,-6.45,-1.80,28.0
2026/04/13 15:05:32.79,IMU,41.50,-12.21,-1021.00,-0.81,1.99,1.31,-36.00,-5.55,0.60,28.3
2026/04/13 15:05:32.89,IMU,33.20,-15.14,-992.68,0.39,-0.56,-0.02,-36.60,-7.65,-0.45,28.4
2026/04/13 15:05:32.99,IMU,55.66,-15.63,-1019.04,0.31,-0.71,-1.66,-37.80,-5.55,0.00,28.0
2026/04/13 15:05:33.09,IMU,42.97,-25.88,-1010.25,0.00,-0.07,2.44,-37.65,-6.15,-0.15,28.4
2026/04/13 15:05:33.19,IMU,47.85,-12.70,-1019.53,-1.00,2.51,1.11,-37.65,-5.85,-0.90,28.4
2026/04/13 15:05:33.29,IMU,37.11,-11.23,-1013.18,1.35,0.16,0.47,-37.05,-7.20,0.00,28.1
2026/04/13 15:05:33.40,IMU,42.97,-16.60,-1019.04,1.65,0.34,1.95,-36.00,-6.45,-0.30,28.3
2026/04/13 15:05:33.50,IMU,40.53,-12.70,-1018.07,-0.67,-0.09,-2.11,-36.90,-7.65,-0.90,28.0
2026/04/13 15:05:33.60,IMU,38.57,-9.28,-1011.23,0.09,-0.47,-1.92,-36.75,-6.00,-0.30,28.2
2026/04/13 15:05:33.70,IMU,42.97,0.00,-1023.44,-1.42,1.77,-0.34,-37.20,-6.15,0.45,28.4
2026/04/13 15:05:33.80,IMU,57.62,-17.09,-1016.60,2.17,0.82,0.13,-36.90,-6.00,0.30,28.3
2026/04/13 15:05:33.90,IMU,41.99,-24.41,-1002.93,0.04,1.29,0.47,-36.75,-5.55,-0.60,28.3
2026/04/13 15:05:34.00,IMU,41.02,-21.48,-1012.21,-1.14,-0.47,1.39,-35.55,-6.75,-1.35,28.4
2026/04/13 15:05:34.10,IMU,53.71,-21.48,-1011.23,1.08,0.73,0.56,-36.90,-6.15,0.45,28.1
2026/04/13 15:05:34.20,IMU,43.95,-23.93,-1022.46,2.06,-1.19,0.50,-36.75,-7.50,-1.35,28.4
2026/04/13 15:05:34.30,IMU,33.69,-16.60,-1021.00,0.18,2.11,2.89,-36.75,-6.45,-0.60,28.2
2026/04/13 15:05:34.40,IMU,36.13,-17.09,-1014.16,1.47,-1.20,-0.66,-37.50,-6.00,-0.60,28.4
2026/04/13 15:05:34.50,IMU,45.90,-24.41,-1019.04,-0.66,0.63,-1.15,-36.30,-7.20,0.00,28.3
2026/04/13 15:05:34.60,IMU,48.34,-6.35,-1004.88,-0.43,-1.57,2.16,-36.30,-6.00,-1.05,28.4
2026/04/13 15:05:34.70,IMU,61.04,-14.16,-1010.74,-0.23,-0.95,0.10,-36.30,-5.55,0.00,28.3
2026/04/13 15:05:34.80,IMU,37.11,-12.70,-1014.16,-1.39,0.22,0.12,-36.90,-6.90,-0.15,28.3
2026/04/13 15:05:34.90,IMU,52.25,-9.77,-1002.93,0.21,0.69,0.65,-36.60,-5.40,0.45,28.4
2026/04/13 15:05:35.01,IMU,46.88,-9.77,-1021.00,0.13,0.44,2.89,-39.00,-10.20,3.60,28.4
2026/04/13 15:05:35.11,IMU,35.16,-13.18,-1011.72,0.05,-0.74,1.27,-36.30,-6.45,0.30,28.5
2026/04/13 15:05:35.21,IMU,34.18,-14.16,-1006.84,-0.62,0.54,0.73,-35.55,-6.45,-0.60,28.2
2026/04/13 15:05:35.31,IMU,27.34,-21.97,-1026.37,-0.92,-0.74,-1.38,-36.00,-7.20,-1.80,28.1
2026/04/13 15:05:35.41,IMU,43.95,-32.71,-1015.63,0.92,-1.63,0.40,-37.50,-6.00,-1.35,28.3
2026/04/13 15:05:35.51,IMU,45.90,-33.69,-1031.25,1.95,0.21,-0.74,-37.20,-7.35,-0.45,28.2
2026/04/13 15:05:35.61,IMU,50.29,-21.00,-1007.81,-0.07,0.69,0.94,-37.80,-6.00,-1.05,28.2
2026/04/13 15:05:35.71,IMU,38.57,-13.18,-1015.63,0.54,-1.05,1.51,-36.90,-5.40,0.15,28.0
2026/04/13 15:05:35.81,IMU,47.85,-21.00,-1007.32,-0.63,1.06,-2.42,-37.95,-6.60,-0.90,28.2
2026/04/13 15:05:35.91,IMU,52.73,-26.86,-1016.60,-0.60,-1.42,0.49,-37.05,-6.45,-1.05,28.3
2026/04/13 15:05:36.01,IMU,49.32,7.81,-1064.94,1.11,1.05,0.21,-37.50,-6.00,-1.80,28.4
2026/04/13 15:05:36.11,IMU,61.52,0.49,-976.56,1.52,2.51,0.60,-38.55,-5.25,-2.40,28.3
2026/04/13 15:05:36.21,IMU,47.36,-15.63,-1020.02,1.00,1.44,1.15,-40.20,-5.85,-4.50,28.4
2026/04/13 15:05:36.31,IMU,63.96,-0.49,-1008.79,0.41,0.80,-1.15,-39.30,-6.00,-3.15,28.0
2026/04/13 15:05:36.41,IMU,57.13,-13.18,-1006.35,0.85,-0.82,-1.37,-39.30,-6.45,-5.70,28.3
2026/04/13 15:05:36.51,IMU,49.32,-32.23,-1006.84,0.41,0.82,1.72,-40.05,-6.45,-4.65,28.4
2026/04/13 15:05:36.61,IMU,52.73,-21.00,-1001.95,-0.91,2.10,0.18,-39.90,-5.85,-4.80,28.2
2026/04/13 15:05:36.71,IMU,57.62,-37.60,-1009.77,0.78,-0.66,2.83,-38.40,-6.15,-5.55,28.0
2026/04/13 15:05:36.81,IMU,39.55,-10.74,-1003.91,-1.08,0.51,1.27,-38.40,-5.85,-4.50,28.1
2026/04/13 15:05:36.91,IMU,47.85,-10.25,-1017.58,1.63,-1.47,0.40,-37.50,-5.55,-4.65,28.4
2026/04/13 15:05:37.01,IMU,63.48,-19.04,-1008.79,0.94,-0.95,1.50,-38.70,-6.90,-5.10,28.6
2026/04/13 15:05:37.11,IMU,77.64,-23.44,-1021.48,-2.27,2.14,-0.55,-37.95,-6.60,-4.50,28.3
2026/04/13 15:05:37.21,IMU,182.13,-156.25,-1173.83,2.04,6.50,-8.40,-39.15,-7.35,-5.55,28.2
2026/04/13 15:05:37.32,IMU,51.27,-19.04,-994.63,-1.67,0.37,-0.79,-38.70,-6.90,-5.10,28.0
2026/04/13 15:05:37.42,IMU,58.11,-22.46,-978.03,0.19,-1.21,1.65,-38.70,-6.90,-6.60,28.4
2026/04/13 15:05:37.52,IMU,75.68,-11.23,-1028.81,2.15,0.55,-4.66,-37.05,-7.50,-6.00,28.6
2026/04/13 15:05:37.62,IMU,64.45,-18.07,-990.72,-1.53,-2.39,1.84,-39.00,-6.75,-6.00,28.4
2026/04/13 15:05:37.72,IMU,65.43,-26.86,-996.09,0.63,2.07,1.16,-37.80,-6.45,-6.00,28.4
2026/04/13 15:05:37.82,IMU,31.74,-21.00,-1024.41,-0.44,2.35,1.84,-37.80,-7.20,-6.75,28.5
2026/04/13 15:05:37.92,IMU,66.89,-16.60,-1000.00,0.65,0.98,0.40,-39.15,-6.15,-8.10,28.2
2026/04/13 15:05:38.02,IMU,55.18,-33.69,-1020.02,0.49,0.59,-1.63,-37.80,-6.75,-8.25,28.2
2026/04/13 15:05:38.12,IMU,78.61,-14.16,-1033.69,0.03,0.28,1.30,-37.95,-7.35,-7.65,28.2
2026/04/13 15:05:38.22,IMU,86.43,-26.37,-1031.25,2.92,-0.61,-9.83,-39.45,-7.35,-5.85,28.1
2026/04/13 15:05:38.32,IMU,23.44,-34.67,-1019.53,1.50,1.27,-7.18,-39.30,-8.25,-9.30,28.4
2026/04/13 15:05:38.42,IMU,29.79,-42.48,-1018.55,4.22,1.11,-1.76,-37.65,-8.10,-7.65,28.4
2026/04/13 15:05:38.52,IMU,26.86,-62.99,-1067.87,7.36,3.91,-4.93,-38.40,-7.35,-9.15,28.2
2026/04/13 15:05:38.62,IMU,114.75,-37.60,-1017.09,6.31,0.37,-6.74,-39.45,-8.10,-9.90,28.1
2026/04/13 15:05:38.72,IMU,46.39,-52.25,-1041.99,1.82,2.67,-13.17,-40.80,-8.25,-9.60,28.4
2026/04/13 15:05:38.82,IMU,107.91,-69.34,-964.36,-2.52,10.31,2.73,-39.00,-9.45,-9.60,28.2
2026/04/13 15:05:38.92,IMU,90.82,-61.04,-1002.93,-1.44,3.02,-11.60,-41.10,-9.45,-9.00,28.2
2026/04/13 15:05:39.02,IMU,113.77,-77.15,-984.38,3.10,0.32,-8.44,-39.90,-10.80,-9.15,28.2
2026/04/13 15:05:39.12,IMU,92.77,66.89,-1349.61,-46.88,-4.49,6.18,-39.60,-9.00,-10.35,28.4
2026/04/13 15:05:39.22,IMU,161.13,-5.86,-993.65,5.89,12.08,0.17,-39.15,-5.40,-20.25,28.4
2026/04/13 15:05:39.32,IMU,118.16,15.63,-1020.51,0.94,-9.95,1.43,-38.25,-5.55,-20.85,28.6
2026/04/13 15:05:39.42,IMU,106.93,21.00,-987.79,7.94,10.24,7.72,-36.60,-7.65,-21.75,28.0
2026/04/13 15:05:39.52,IMU,134.77,-20.51,-989.75,-3.34,10.42,7.08,-36.30,-7.95,-21.15,28.4
2026/04/13 15:05:39.62,IMU,136.23,11.72,-977.05,-9.53,0.50,0.35,-37.05,-7.95,-22.65,28.3
2026/04/13 15:05:39.72,IMU,129.39,15.14,-946.29,-10.93,-8.04,-0.28,-37.05,-6.45,-21.90,28.4
2026/04/13 15:05:39.82,IMU,139.16,34.18,-982.42,-11.54,-3.85,1.10,-36.00,-5.55,-20.55,28.6
2026/04/13 15:05:39.92,IMU,132.32,-3.42,-1197.27,-25.01,27.98,10.02,-35.55,-4.50,-22.35,28.4
2026/04/13 15:05:40.03,IMU,132.32,77.64,-1025.39,7.52,0.39,5.40,-34.95,-3.75,-23.10,28.4
2026/04/13 15:05:40.13,IMU,80.08,52.73,-1015.63,-14.48,-6.63,-0.61,-34.35,-3.60,-22.05,28.2
2026/04/13 15:05:40.23,IMU,122.07,114.26,-992.19,-6.60,0.85,5.47,-35.40,-3.15,-22.05,28.4
2026/04/13 15:05:40.33,IMU,105.96,104.49,-1031.25,-16.50,-3.75,-2.35,-33.60,-0.90,-22.50,28.4
2026/04/13 15:05:40.43,IMU,148.44,175.78,-1020.51,-21.41,-1.26,-4.90,-33.75,1.05,-22.65,28.4
2026/04/13 15:05:40.53,IMU,123.05,203.61,-984.38,-21.88,3.02,-1.60,-33.00,1.50,-23.10,28.1
2026/04/13 15:05:40.63,IMU,84.96,215.33,-994.14,-9.31,1.57,3.47,-33.45,4.50,-23.40,28.5
2026/04/13 15:05:40.73,IMU,135.25,246.58,-985.84,-18.01,-3.81,-1.50,-33.90,4.35,-21.75,28.4
2026/04/13 15:05:40.83,IMU,79.59,271.48,-938.96,-19.90,2.15,-9.75,-33.75,5.55,-22.35,28.5
2026/04/13 15:05:40.93,IMU,94.73,299.80,-966.80,-16.76,7.35,-6.07,-34.50,9.00,-21.60,28.2
2026/04/13 15:05:41.03,IMU,109.86,356.45,-937.99,-29.03,-9.69,-12.02,-32.10,11.10,-22.50,28.4
2026/04/13 15:05:41.13,IMU,8.30,384.77,-859.86,-24.69,-27.85,-15.67,-34.95,12.15,-21.90,28.6
2026/04/13 15:05:41.23,IMU,-3.91,446.29,-927.25,-32.61,-43.33,-36.40,-29.25,15.75,-21.45,28.4
2026/04/13 15:05:41.33,IMU,-54.20,497.07,-924.80,-13.94,-14.53,-20.17,-26.25,18.30,-20.25,28.6
2026/04/13 15:05:41.43,IMU,-125.98,468.26,-798.34,-5.40,-7.11,-19.18,-25.65,18.15,-21.90,28.6
2026/04/13 15:05:41.53,IMU,-96.68,500.49,-842.77,-6.66,-13.83,-22.60,-25.50,19.05,-18.45,28.2
2026/04/13 15:05:41.63,IMU,-155.76,506.35,-868.65,-4.89,-16.20,-30.00,-21.75,20.25,-20.25,28.6
2026/04/13 15:05:41.73,IMU,-182.62,502.93,-903.81,-3.17,-7.95,-17.09,-19.50,20.85,-19.05,28.2
2026/04/13 15:05:41.83,IMU,-207.03,510.74,-862.79,-11.37,1.04,-5.32,-20.85,21.60,-20.10,28.3
2026/04/13 15:05:41.93,IMU,-251.95,506.84,-831.54,2.74,3.18,3.13,-18.75,20.10,-19.05,28.4
2026/04/13 15:05:42.03,IMU,-205.57,491.70,-847.66,1.37,2.31,-0.40,-19.95,21.45,-19.95,28.6
2026/04/13 15:05:42.13,IMU,-205.08,496.09,-835.94,-5.47,-0.93,-1.87,-21.60,20.85,-16.95,28.3
2026/04/13 15:05:42.23,IMU,-278.81,493.65,-792.97,-4.15,-10.34,-6.38,-20.40,22.95,-18.45,28.0
2026/04/13 15:05:42.33,IMU,-298.83,509.77,-874.51,-6.11,-24.76,-42.89,-18.15,22.50,-19.95,28.5
2026/04/13 15:05:42.43,IMU,-345.21,485.35,-753.42,-6.40,-40.22,-64.27,-13.35,21.45,-17.85,28.1
2026/04/13 15:05:42.53,IMU,-479.98,432.62,-728.52,-17.07,-82.14,-97.70,-6.60,20.10,-17.25,28.3
2026/04/13 15:05:42.63,IMU,-674.80,405.27,-641.60,-20.57,-155.72,-114.22,3.60,15.90,-13.65,28.6
2026/04/13 15:05:42.73,IMU,-965.82,270.02,-444.34,-8.68,-84.43,-56.75,13.35,12.30,-5.10,28.3
2026/04/13 15:05:42.84,IMU,-899.90,208.01,-424.80,-18.76,-125.89,-32.02,19.05,11.70,0.00,28.7
2026/04/13 15:05:42.94,IMU,-1005.37,164.55,-100.59,-1.05,-75.40,-22.38,24.45,10.35,7.65,28.4
2026/04/13 15:05:43.04,IMU,-1038.09,128.42,24.90,-10.21,-110.64,-17.53,27.75,12.30,15.30,28.0
2026/04/13 15:05:43.14,IMU,-975.59,131.84,263.67,-29.90,-96.17,-3.04,27.90,12.15,26.70,28.4
2026/04/13 15:05:43.24,IMU,-922.85,94.73,471.19,-90.73,-136.49,6.36,28.50,17.55,37.35,28.6
2026/04/13 15:05:43.34,IMU,-903.81,44.92,508.30,-49.74,-30.46,14.56,25.35,19.65,46.80,28.6
2026/04/13 15:05:43.44,IMU,-791.02,-16.60,642.58,-60.96,-47.32,-11.63,25.35,18.15,48.30,28.3
2026/04/13 15:05:43.54,IMU,-865.23,-102.05,714.84,-51.49,-49.31,-16.23,23.85,18.60,51.15,28.5
2026/04/13 15:05:43.64,IMU,-632.32,-108.89,266.60,21.02,84.35,30.31,21.15,15.30,52.50,28.2
2026/04/13 15:05:43.74,IMU,-1173.34,-62.99,638.18,0.66,111.15,25.11,27.15,17.40,38.55,28.4
2026/04/13 15:05:43.84,IMU,-1049.32,-55.18,352.54,-23.26,48.38,4.01,28.20,15.90,30.90,28.4
2026/04/13 15:05:43.94,IMU,-937.50,-27.34,271.48,-30.46,72.36,19.29,26.25,17.25,27.60,28.6
2026/04/13 15:05:44.04,IMU,-948.24,21.48,-104.00,-18.23,92.37,18.58,24.60,18.60,19.35,28.5
2026/04/13 15:05:44.15,IMU,-762.21,15.14,-6.84,-23.02,23.63,-50.63,22.20,18.75,13.05,28.4
2026/04/13 15:05:44.25,IMU,-1080.08,-49.32,-215.82,-40.25,76.35,7.64,18.90,22.95,7.35,28.3
2026/04/13 15:05:44.35,IMU,-1227.54,-67.87,-404.79,-23.71,133.18,38.64,11.85,27.00,-5.10,28.4
2026/04/13 15:05:44.45,IMU,-856.45,79.10,-436.04,16.96,107.79,23.30,2.85,29.55,-12.90,28.4
2026/04/13 15:05:44.55,IMU,-832.52,35.64,-579.59,-26.99,-9.90,-2.64,-1.20,32.70,-16.05,28.4
2026/04/13 15:05:44.65,IMU,-973.14,100.10,-212.40,-18.54,-151.19,-11.46,1.35,30.30,-12.90,28.4
2026/04/13 15:05:44.75,IMU,-533.20,217.29,-401.37,6.78,-77.95,-27.49,15.15,28.95,2.70,28.4
2026/04/13 15:05:44.85,IMU,-1067.38,123.05,-284.67,15.67,19.96,25.80,17.70,28.95,2.25,28.6
2026/04/13 15:05:44.95,IMU,-1021.00,213.38,-383.79,20.62,68.92,81.98,15.75,32.55,-0.60,28.6
2026/04/13 15:05:45.05,IMU,-715.33,365.23,-312.50,-1.74,-2.56,51.37,12.45,34.50,-4.20,28.3
2026/04/13 15:05:45.15,IMU,-864.26,373.05,-402.83,16.97,28.26,55.79,10.20,37.95,-3.15,28.6
2026/04/13 15:05:45.25,IMU,-852.05,455.57,-561.52,19.02,39.40,32.47,4.65,40.20,-6.45,28.4
2026/04/13 15:05:45.35,IMU,-416.50,606.93,-621.58,27.71,48.90,150.50,-2.25,40.80,-8.70,28.5
2026/04/13 15:05:45.45,IMU,-448.24,709.96,-460.94,63.07,68.99,175.56,-15.60,41.10,-15.30,28.2
2026/04/13 15:05:45.55,IMU,-305.18,651.86,-706.54,53.80,50.01,124.04,-30.45,35.55,-17.55,28.4
2026/04/13 15:05:45.65,IMU,-166.99,530.76,-824.71,12.89,79.76,137.74,-35.85,30.15,-19.95,28.3
2026/04/13 15:05:45.76,IMU,265.63,591.31,-770.02,-22.93,41.54,136.10,-43.50,25.50,-16.65,28.4
2026/04/13 15:05:45.86,IMU,502.44,575.68,-784.67,-23.73,51.35,68.60,-49.05,23.70,-17.40,28.6
2026/04/13 15:05:45.96,IMU,464.36,460.94,-753.91,1.94,97.70,131.79,-55.50,21.15,-11.85,28.6
2026/04/13 15:05:46.06,IMU,449.22,234.86,-453.13,1.76,140.12,156.10,-62.70,10.80,-9.15,28.7
2026/04/13 15:05:46.16,IMU,1024.90,214.84,-462.89,-63.14,89.40,-0.11,-66.75,7.65,-2.25,28.5
2026/04/13 15:05:46.26,IMU,885.25,219.73,-138.67,-52.26,93.02,14.13,-71.70,9.45,4.65,28.3
2026/04/13 15:05:46.36,IMU,875.98,126.46,62.99,-72.46,91.95,-39.71,-73.65,12.30,13.50,28.5
2026/04/13 15:05:46.46,IMU,820.31,275.88,195.80,-82.42,83.13,-85.24,-74.55,16.95,21.60,28.5
2026/04/13 15:05:46.56,IMU,666.02,445.31,426.76,-95.98,88.59,-147.85,-72.00,28.05,32.70,28.6
2026/04/13 15:05:46.66,IMU,593.26,532.23,453.13,-16.55,72.19,-121.70,-63.60,36.45,41.10,28.6
2026/04/13 15:05:46.76,IMU,459.96,698.24,453.61,-10.84,51.15,-153.23,-51.45,48.60,50.10,28.3
2026/04/13 15:05:46.86,IMU,143.07,827.64,648.93,3.63,29.34,-152.81,-40.65,52.95,54.90,28.4
2026/04/13 15:05:46.96,IMU,-176.76,714.36,588.38,5.90,25.47,-106.58,-28.65,55.05,57.75,28.2
2026/04/13 15:05:47.06,IMU,16.11,729.00,635.25,-2.10,29.47,-53.06,-17.55,53.10,60.90,28.6
2026/04/13 15:05:47.16,IMU,-144.53,808.11,717.77,-2.02,25.51,-64.33,-11.10,51.75,61.50,28.0
2026/04/13 15:05:47.26,IMU,-432.13,695.80,593.26,-7.97,37.73,-89.96,-4.65,52.65,62.70,28.4
2026/04/13 15:05:47.36,IMU,-589.84,583.50,532.71,1.10,35.92,-82.11,1.95,48.75,61.50,28.6
2026/04/13 15:05:47.46,IMU,-435.55,594.73,455.08,30.31,10.24,-2.09,5.25,46.50,60.75,28.6
2026/04/13 15:05:47.56,IMU,-506.35,639.16,471.19,89.36,0.54,48.10,3.45,52.20,56.10,28.4
2026/04/13 15:05:47.66,IMU,-798.83,771.97,401.86,43.33,17.27,-73.07,4.35,57.60,51.15,28.4
2026/04/13 15:05:47.76,IMU,-720.21,683.59,331.54,-5.22,21.21,-60.40,10.05,54.45,51.75,28.4
2026/04/13 15:05:47.86,IMU,-801.76,569.82,185.55,16.53,33.69,-89.66,15.45,50.40,50.40,28.6
2026/04/13 15:05:47.96,IMU,-735.35,569.82,93.75,70.98,62.27,44.10,18.45,48.75,45.60,28.4
2026/04/13 15:05:48.06,IMU,-844.73,517.09,-94.24,119.00,36.27,28.98,13.50,56.85,32.40,28.6
2026/04/13 15:05:48.16,IMU,-990.72,594.73,-213.87,97.27,30.53,-52.20,10.80,55.95,19.20,28.4
2026/04/13 15:05:48.26,IMU,-688.48,481.45,-322.75,95.56,43.66,19.87,11.10,49.50,9.90,28.6
2026/04/13 15:05:48.36,IMU,-619.63,477.54,-545.90,81.38,66.63,87.00,4.65,46.95,1.35,28.5
2026/04/13 15:05:48.47,IMU,-689.94,682.62,-437.50,86.98,59.79,137.08,-12.00,41.70,-9.30,28.4
2026/04/13 15:05:48.57,IMU,-294.43,633.79,-822.27,105.87,58.92,149.93,-27.00,36.15,-16.05,28.6
2026/04/13 15:05:48.67,IMU,-923.34,1244.14,1130.37,17.90,90.89,250.13,-38.25,24.30,-19.35,28.4
2026/04/13 15:05:48.77,IMU,28.32,368.16,-941.89,59.38,31.47,78.73,-47.70,12.15,-19.80,28.4
2026/04/13 15:05:48.87,IMU,250.49,331.05,-1022.46,65.44,17.09,169.66,-49.05,3.90,-17.85,28.2
2026/04/13 15:05:48.97,IMU,-53.71,94.73,-912.60,-4.65,29.46,101.42,-47.40,-3.75,-18.75,28.5
2026/04/13 15:05:49.07,IMU,362.79,64.94,-888.18,-54.24,61.17,63.95,-48.00,-2.40,-19.20,28.2
2026/04/13 15:05:49.17,IMU,352.54,104.49,-836.91,-55.60,86.18,32.73,-51.00,1.05,-18.00,28.6
2026/04/13 15:05:49.27,IMU,622.56,269.53,-1102.54,-33.67,91.47,81.35,-56.10,2.70,-15.30,28.5
2026/04/13 15:05:49.37,IMU,328.61,72.27,-671.88,-73.05,74.58,79.89,-60.15,3.60,-13.50,28.4
2026/04/13 15:05:49.47,IMU,742.68,66.41,-512.21,-35.83,61.46,59.36,-61.95,3.15,-10.50,28.2
2026/04/13 15:05:49.57,IMU,1140.63,278.32,-613.77,-3.44,55.69,23.79,-62.85,4.05,-8.55,28.4
2026/04/13 15:05:49.67,IMU,815.43,81.54,-549.32,1.68,59.16,-6.30,-66.75,3.90,-3.30,28.6
2026/04/13 15:05:49.77,IMU,763.67,166.02,-501.95,52.57,-15.21,-46.63,-68.55,1.95,-3.00,28.6
2026/04/13 15:05:49.87,IMU,784.18,97.66,-401.86,17.98,9.03,-6.84,-68.70,1.50,-1.05,28.5
2026/04/13 15:05:49.97,IMU,914.06,132.81,-347.17,6.36,13.33,-13.92,-69.30,1.65,1.20,28.4
2026/04/13 15:05:50.07,IMU,889.65,98.63,-328.61,15.09,4.85,0.31,-70.35,1.65,0.45,28.6
2026/04/13 15:05:50.17,IMU,955.08,92.29,-297.85,4.19,11.27,-16.00,-71.10,0.90,0.90,28.4
2026/04/13 15:05:50.27,IMU,873.05,141.60,-270.02,8.76,1.16,7.53,-72.30,0.45,4.05,28.6
2026/04/13 15:05:50.37,IMU,933.59,76.17,-308.11,18.45,-9.85,52.63,-69.45,0.00,0.00,28.4
2026/04/13 15:05:50.47,IMU,952.15,-17.58,-324.22,-2.77,-7.13,13.00,-67.80,-3.60,0.15,28.4
2026/04/13 15:05:50.57,IMU,968.26,7.81,-375.49,17.67,1.02,9.02,-68.40,-4.50,0.60,28.2
2026/04/13 15:05:50.67,IMU,820.31,-48.83,-305.18,-1.35,-8.11,-2.80,-68.40,-5.25,0.60,28.4
2026/04/13 15:05:50.77,IMU,891.60,-12.21,-408.69,12.56,-8.46,4.01,-69.15,-6.45,-0.30,28.4
2026/04/13 15:05:50.87,IMU,838.87,-41.02,-422.85,-8.98,-8.94,-18.70,-68.85,-4.35,-2.70,28.4
2026/04/13 15:05:50.97,IMU,963.87,100.59,-388.18,4.53,-3.37,-23.02,-68.25,-3.60,-3.30,28.5
2026/04/13 15:05:51.07,IMU,985.35,94.24,-401.86,-5.43,-20.11,-30.79,-67.80,-2.40,-3.00,28.6
2026/04/13 15:05:51.18,IMU,862.30,51.27,-490.23,-0.14,2.73,-0.14,-66.90,0.30,-3.15,28.4
2026/04/13 15:05:51.28,IMU,912.11,72.75,-470.70,7.34,-0.03,-3.19,-71.70,-1.80,2.10,28.6
2026/04/13 15:05:51.38,IMU,776.37,-115.23,-588.87,36.58,0.13,1.77,-67.05,-0.90,-4.50,28.6
2026/04/13 15:05:51.48,IMU,877.93,186.52,-639.16,78.64,-140.86,20.43,-65.25,-1.95,-5.85,28.6
2026/04/13 15:05:51.58,IMU,687.01,-56.15,-330.57,-46.10,88.38,-19.44,-57.45,-4.35,-11.25,28.6
2026/04/13 15:05:51.68,IMU,721.68,65.43,-770.02,-2.08,6.30,-24.81,-61.95,-2.40,-9.15,28.6
2026/04/13 15:05:51.78,IMU,911.62,93.75,-680.66,-6.71,1.80,-11.08,-61.35,-0.30,-11.85,28.6
2026/04/13 15:05:51.88,IMU,694.82,162.60,-473.14,-13.12,0.55,-13.08,-63.00,1.65,-9.15,28.6
2026/04/13 15:05:51.98,IMU,792.97,133.79,-658.69,-17.18,-21.56,-19.54,-61.80,3.30,-9.60,28.6
2026/04/13 15:05:52.08,IMU,810.55,204.10,-638.18,-17.56,-27.36,-29.80,-61.35,5.25,-11.10,28.6
2026/04/13 15:05:52.18,IMU,687.01,194.34,-546.88,2.95,-9.26,0.46,-61.20,5.85,-9.90,28.5
2026/04/13 15:05:52.28,IMU,627.44,238.77,-624.51,-12.98,-22.78,-17.76,-62.85,4.50,-7.20,28.4
2026/04/13 15:05:52.38,IMU,731.45,310.55,-664.55,-20.85,-28.89,-42.81,-58.65,10.35,-13.50,28.7
2026/04/13 15:05:52.48,IMU,577.64,333.98,-467.77,-4.78,9.69,-38.43,-57.00,12.90,-13.35,28.6
2026/04/13 15:05:52.58,IMU,611.82,448.24,-709.47,-13.95,25.53,-38.41,-57.00,16.20,-13.35,28.3
2026/04/13 15:05:52.68,IMU,551.76,475.10,-579.59,-14.67,-11.14,-45.77,-57.00,20.10,-12.60,28.6
2026/04/13 15:05:52.78,IMU,542.48,552.73,-664.55,-2.58,3.81,-26.69,-56.40,23.70,-10.95,28.6
2026/04/13 15:05:52.88,IMU,501.46,634.77,-580.57,-34.71,-40.23,-94.25,-55.35,25.50,-10.95,28.7
2026/04/13 15:05:52.99,IMU,337.89,675.78,-588.87,-54.61,-54.11,-107.79,-47.70,33.00,-10.05,28.7
2026/04/13 15:05:53.09,IMU,199.22,828.61,-577.64,-25.08,-21.92,-89.15,-41.85,38.70,-7.50,28.7
2026/04/13 15:05:53.19,IMU,-27.83,839.36,-526.86,-4.41,-64.54,-115.09,-32.10,41.55,-6.30,28.4
2026/04/13 15:05:53.29,IMU,-201.17,810.55,-564.45,-14.85,-15.45,-63.00,-21.75,44.85,-7.35,28.6
2026/04/13 15:05:53.39,IMU,-330.57,815.92,-516.60,6.73,-12.56,-33.08,-20.55,45.90,-4.95,28.4
2026/04/13 15:05:53.49,IMU,-428.22,766.11,-517.58,-23.74,-53.89,-77.06,-14.40,45.30,-4.50,28.5
2026/04/13 15:05:53.59,IMU,-531.25,742.68,-443.36,-30.69,-55.80,-103.34,-4.95,44.85,1.50,28.5
2026/04/13 15:05:53.69,IMU,-693.36,668.46,-320.31,-27.73,-34.38,-58.47,2.85,43.95,5.70,28.4
2026/04/13 15:05:53.79,IMU,-852.54,567.87,-251.46,-3.05,-32.71,-57.10,7.50,42.30,8.10,28.6
2026/04/13 15:05:53.89,IMU,-929.69,538.09,-211.43,9.78,-30.01,-56.84,11.55,41.10,9.45,28.6
2026/04/13 15:05:53.99,IMU,-875.98,484.86,-159.18,-32.16,-14.40,-22.74,15.90,37.65,10.50,28.5
2026/04/13 15:05:54.09,IMU,-958.50,429.20,-192.87,-45.40,18.79,16.25,16.05,39.45,13.95,28.4
2026/04/13 15:05:54.19,IMU,-875.98,434.57,-183.11,-90.99,-10.40,-20.94,17.25,42.45,18.00,28.7
2026/04/13 15:05:54.29,IMU,-937.50,500.00,-56.64,-126.59,17.76,3.91,18.15,43.35,22.05,28.3
2026/04/13 15:05:54.39,IMU,-955.08,422.85,84.96,-132.36,4.10,7.03,19.05,45.90,30.90,28.6
2026/04/13 15:05:54.49,IMU,-755.37,630.86,162.11,-67.66,-20.56,93.51,16.80,48.15,36.00,28.6
2026/04/13 15:05:54.59,IMU,-829.10,680.18,305.18,-55.95,-25.80,200.83,5.70,59.40,42.00,28.5
2026/04/13 15:05:54.69,IMU,-646.00,816.89,413.57,-105.55,-14.64,139.05,-9.90,62.25,48.00,28.6
2026/04/13 15:05:54.79,IMU,-197.75,702.15,568.85,-96.68,-33.03,47.31,-17.25,62.55,56.55,28.6
2026/04/13 15:05:54.89,IMU,-174.32,714.36,597.17,12.49,-33.61,48.69,-22.50,60.45,59.70,28.6
2026/04/13 15:05:54.99,IMU,-133.30,789.55,612.30,31.18,-15.55,59.47,-28.65,61.50,55.80,28.7
2026/04/13 15:05:55.09,IMU,-60.55,753.42,597.17,-29.17,-32.49,81.14,-34.95,57.30,56.40,28.7
2026/04/13 15:05:55.19,IMU,148.44,681.15,556.15,39.98,-48.27,59.27,-41.55,55.80,53.70,28.6
2026/04/13 15:05:55.29,IMU,259.28,773.93,542.48,61.66,-40.40,36.82,-48.00,54.00,47.40,28.6
2026/04/13 15:05:55.39,IMU,341.80,791.50,388.18,34.20,-26.50,34.92,-52.05,52.95,41.55,28.7
2026/04/13 15:05:55.49,IMU,527.83,898.44,265.14,45.12,-27.20,-3.71,-53.85,51.75,35.85,28.6
2026/04/13 15:05:55.59,IMU,395.02,850.59,262.70,21.83,-8.25,27.89,-53.70,50.40,32.40,28.6
2026/04/13 15:05:55.70,IMU,480.96,887.21,190.92,17.13,-14.61,26.20,-57.15,50.55,30.75,28.5
2026/04/13 15:05:55.80,IMU,589.84,884.28,144.04,39.63,-9.48,51.40,-59.85,47.40,27.30,28.6
2026/04/13 15:05:55.90,IMU,608.40,960.94,496.58,17.09,-4.82,60.47,-62.85,43.65,23.70,28.6
2026/04/13 15:05:56.00,IMU,691.41,638.18,124.02,17.82,-6.75,56.66,-66.75,37.65,21.75,28.7
2026/04/13 15:05:56.10,IMU,737.79,624.51,120.61,25.84,-9.41,28.63,-68.70,33.00,19.35,28.6
2026/04/13 15:05:56.20,IMU,719.24,544.92,37.60,36.46,-17.76,33.48,-70.35,30.15,17.40,28.6
2026/04/13 15:05:56.30,IMU,746.58,496.09,-30.76,61.40,-43.54,-6.90,-69.15,27.60,13.35,28.6
2026/04/13 15:05:56.40,IMU,731.93,570.80,-235.84,79.43,-50.33,2.82,-69.45,27.30,9.00,28.7
2026/04/13 15:05:56.50,IMU,770.02,477.54,-319.34,39.95,-32.20,8.31,-67.20,23.10,2.40,28.7
2026/04/13 15:05:56.60,IMU,740.72,433.11,-365.23,42.35,-24.35,-4.52,-67.50,21.00,1.20,28.6
2026/04/13 15:05:56.70,IMU,789.06,471.19,-486.33,41.44,-23.51,6.53,-67.20,19.65,-2.40,28.5
2026/04/13 15:05:56.80,IMU,807.62,422.36,-505.37,37.34,-11.47,-2.36,-65.85,15.45,-5.70,28.6
2026/04/13 15:05:56.90,IMU,673.34,381.84,-587.40,25.34,-26.61,-21.66,-65.10,16.20,-5.70,28.6
2026/04/13 15:05:57.00,IMU,546.88,382.81,-621.09,33.24,-19.31,-51.93,-63.00,15.75,-8.40,28.6
2026/04/13 15:05:57.10,IMU,590.82,434.57,-719.73,55.39,-27.50,-43.82,-61.50,16.80,-12.45,28.6
2026/04/13 15:05:57.20,IMU,534.18,423.83,-749.51,65.09,-34.93,-45.11,-57.45,16.80,-13.80,28.7
2026/04/13 15:05:57.30,IMU,375.00,349.61,-744.14,41.18,-18.02,-36.34,-56.55,13.95,-15.75,28.7
2026/04/13 15:05:57.40,IMU,265.63,316.89,-829.10,21.78,-16.11,-19.63,-55.05,12.90,-18.00,28.5
2026/04/13 15:05:57.50,IMU,324.22,381.35,-964.84,12.68,-48.91,-50.08,-52.20,13.95,-19.35,28.6
2026/04/13 15:05:57.60,IMU,100.10,293.46,-955.08,12.55,-74.89,-74.48,-46.05,15.75,-22.05,28.5
2026/04/13 15:05:57.70,IMU,11.72,288.09,-867.19,16.47,-59.77,-58.92,-41.55,14.70,-23.40,28.6
2026/04/13 15:05:57.80,IMU,-151.86,360.35,-951.17,25.92,-67.64,-61.99,-35.10,16.50,-24.30,28.6
2026/04/13 15:05:57.90,IMU,-315.43,237.79,-923.34,3.35,-55.74,-36.14,-27.15,15.15,-24.90,28.6
2026/04/13 15:05:58.00,IMU,-400.39,273.44,-915.53,-19.91,-87.51,-47.09,-21.60,13.65,-25.95,28.7
2026/04/13 15:05:58.10,IMU,-595.21,251.46,-820.31,-22.72,-137.87,-70.05,-10.80,17.25,-21.75,28.5
2026/04/13 15:05:58.20,IMU,-864.75,244.14,-626.46,-52.48,-120.91,-50.06,1.65,17.25,-15.30,28.5
2026/04/13 15:05:58.31,IMU,-891.60,240.72,-437.50,-40.82,-95.96,-16.27,10.35,20.55,-6.60,28.7
2026/04/13 15:05:58.41,IMU,-977.54,241.70,-339.36,-46.09,-64.40,-35.17,16.65,22.20,0.45,28.7
2026/04/13 15:05:58.51,IMU,-942.87,243.65,-210.45,-61.73,-46.19,-0.63,21.60,21.90,9.00,28.6
2026/04/13 15:05:58.61,IMU,-921.39,91.31,-36.62,-71.08,3.49,70.15,23.55,26.85,15.45,28.6
2026/04/13 15:05:58.71,IMU,-871.58,251.46,21.00,-52.59,-59.34,18.03,22.20,35.10,22.05,28.6
2026/04/13 15:05:58.81,IMU,-988.77,428.71,-68.36,-52.24,-54.94,15.02,24.00,39.15,28.95,28.6
2026/04/13 15:05:58.91,IMU,-919.43,440.92,88.87,-14.60,9.98,43.62,21.60,40.50,33.15,28.7
2026/04/13 15:05:59.01,IMU,-928.22,534.18,95.21,-21.47,21.85,65.11,18.90,44.10,32.25,28.7
2026/04/13 15:05:59.11,IMU,-856.45,529.79,143.07,-54.59,5.14,61.16,15.45,47.70,33.45,28.7
2026/04/13 15:05:59.21,IMU,-723.63,626.95,139.65,-10.15,12.94,36.08,11.10,51.75,36.15,28.7
2026/04/13 15:05:59.31,IMU,-758.79,668.46,126.95,25.48,21.57,46.05,8.70,53.40,32.70,28.7
2026/04/13 15:05:59.41,IMU,-660.16,734.86,122.07,-14.47,9.29,53.66,3.00,54.45,33.30,28.6
2026/04/13 15:05:59.51,IMU,-604.49,714.84,140.14,-13.52,7.36,45.55,1.20,56.25,31.50,28.7
2026/04/13 15:05:59.61,IMU,-534.67,850.10,93.26,4.31,1.19,24.26,-2.10,57.60,31.65,28.7
2026/04/13 15:05:59.71,IMU,-510.25,829.10,103.03,-4.16,3.50,35.88,-4.50,59.40,30.00,28.8
2026/04/13 15:05:59.81,IMU,-425.78,893.55,82.03,17.76,11.02,34.48,-9.15,60.30,30.90,28.8
2026/04/13 15:05:59.91,IMU,-381.35,961.43,49.32,6.31,29.31,68.49,-12.00,59.85,26.25,28.6
2026/04/13 15:06:00.01,IMU,-344.73,907.71,89.84,-9.57,18.15,64.92,-18.15,61.65,25.35,28.8
2026/04/13 15:06:00.11,IMU,-153.81,952.64,21.97,13.49,12.78,42.49,-22.05,60.30,24.45,28.8
2026/04/13 15:06:00.21,IMU,-133.30,987.79,1.46,18.81,20.70,58.95,-27.15,61.05,22.65,28.6
2026/04/13 15:06:00.31,IMU,20.02,996.58,-35.16,17.10,16.93,81.27,-34.95,59.10,20.85,28.7
2026/04/13 15:06:00.41,IMU,133.30,967.29,-17.58,18.68,11.26,61.82,-44.10,55.80,22.35,28.6
2026/04/13 15:06:00.51,IMU,239.26,958.98,-120.12,13.26,5.85,42.69,-46.05,54.75,17.40,28.7
2026/04/13 15:06:00.61,IMU,295.41,927.25,-75.68,21.53,-1.24,54.61,-48.45,50.85,14.40,28.6
2026/04/13 15:06:00.71,IMU,410.16,896.97,-202.64,67.97,-22.51,46.95,-52.05,48.75,12.45,28.5
2026/04/13 15:06:00.81,IMU,429.20,758.30,-263.67,86.81,-18.92,37.27,-55.05,42.45,5.70,28.8
2026/04/13 15:06:00.91,IMU,418.95,797.36,-470.70,75.53,0.76,10.86,-55.65,37.35,-3.00,28.7
2026/04/13 15:06:01.02,IMU,492.68,745.12,-578.13,48.32,-2.36,20.87,-53.85,35.40,-5.10,28.5
2026/04/13 15:06:01.12,IMU,465.33,665.04,-579.10,44.60,-20.43,7.69,-54.45,30.75,-9.00,28.8
2026/04/13 15:06:01.22,IMU,483.40,614.75,-712.40,35.30,-5.32,-12.24,-54.00,29.55,-11.10,28.7
2026/04/13 15:06:01.32,IMU,422.36,591.31,-715.33,41.15,-16.16,-18.77,-53.10,28.20,-14.25,28.7
2026/04/13 15:06:01.42,IMU,333.01,478.52,-708.01,45.18,-3.53,4.92,-54.90,22.20,-11.25,28.9
2026/04/13 15:06:01.52,IMU,384.28,442.87,-801.27,28.53,-27.96,18.14,-51.45,20.85,-16.50,28.6
2026/04/13 15:06:01.62,IMU,403.81,401.37,-822.27,24.69,-25.49,-13.22,-52.05,18.30,-18.45,28.7
2026/04/13 15:06:01.72,IMU,420.90,405.27,-868.16,7.58,1.39,-13.67,-52.05,17.25,-19.20,28.8
2026/04/13 15:06:01.83,IMU,321.78,404.30,-845.70,12.56,-1.19,-16.68,-53.10,14.85,-20.25,28.6
2026/04/13 15:06:01.93,IMU,272.95,366.70,-872.07,22.79,3.27,7.71,-52.50,14.70,-19.05,28.4
2026/04/13 15:06:02.03,IMU,341.80,345.21,-853.03,28.61,-17.97,-9.93,-52.80,14.10,-18.90,28.5
2026/04/13 15:06:02.13,IMU,291.50,233.89,-806.15,24.80,-23.13,-15.36,-51.00,12.15,-20.85,28.6
2026/04/13 15:06:02.23,IMU,410.64,302.73,-938.96,11.35,-10.61,3.74,-50.85,8.85,-19.95,28.7
2026/04/13 15:06:02.33,IMU,308.11,191.41,-885.25,12.56,0.08,-21.03,-52.50,7.20,-20.85,28.6
2026/04/13 15:06:02.43,IMU,289.55,183.11,-880.86,-0.30,12.40,-15.69,-51.60,7.35,-20.70,28.7
2026/04/13 15:06:02.53,IMU,240.72,207.03,-850.10,-1.78,-9.40,-15.79,-51.75,10.50,-21.15,28.5
2026/04/13 15:06:02.63,IMU,281.25,306.64,-1027.83,11.18,-3.55,-3.25,-51.45,11.25,-22.65,28.6
2026/04/13 15:06:02.73,IMU,299.80,234.86,-852.54,-17.08,-11.79,-7.63,-51.45,8.70,-20.10,28.6
2026/04/13 15:06:02.83,IMU,326.17,250.98,-866.70,26.69,-5.47,-22.85,-50.85,10.80,-21.45,28.7
2026/04/13 15:06:02.93,IMU,193.36,300.29,-1096.19,13.24,2.11,29.76,-50.70,6.75,-21.90,28.6
2026/04/13 15:06:03.03,IMU,428.71,374.51,-919.92,-65.14,-18.24,17.65,-51.00,7.50,-21.90,28.7
2026/04/13 15:06:03.13,IMU,228.52,359.38,-853.03,-88.05,12.27,38.71,-48.75,13.05,-21.00,28.4
2026/04/13 15:06:03.23,IMU,416.99,368.16,-771.00,-106.56,-10.34,63.04,-49.95,20.10,-18.30,28.8
2026/04/13 15:06:03.33,IMU,494.63,479.00,-819.34,34.06,36.55,57.70,-51.75,22.35,-17.55,28.8
2026/04/13 15:06:03.43,IMU,522.95,448.73,-711.43,-30.78,47.68,22.95,-55.35,19.05,-16.35,28.6
2026/04/13 15:06:03.53,IMU,579.59,596.68,-668.46,-63.13,53.05,4.76,-58.95,21.45,-13.80,28.9
2026/04/13 15:06:03.63,IMU,608.89,565.92,-562.99,-57.23,46.11,-59.50,-58.50,27.30,-9.00,28.5
2026/04/13 15:06:03.73,IMU,279.30,791.99,-452.64,-67.64,-22.34,-150.10,-55.65,35.10,-3.75,28.7
2026/04/13 15:06:03.83,IMU,204.10,993.16,-359.86,-65.73,-41.23,-136.17,-43.95,47.55,1.95,28.7
2026/04/13 15:06:03.93,IMU,-102.05,746.09,100.10,-33.74,-55.24,-120.53,-30.15,53.85,8.25,28.7
2026/04/13 15:06:04.03,IMU,-257.32,956.05,-195.80,-30.68,-48.17,-125.95,-18.45,58.20,14.25,28.5
2026/04/13 15:06:04.13,IMU,-319.34,877.93,-243.16,20.52,-18.38,-106.46,-7.35,57.60,16.95,28.8
2026/04/13 15:06:04.23,IMU,-578.13,714.84,-219.24,33.68,2.36,-81.24,0.90,55.20,13.05,28.7
2026/04/13 15:06:04.33,IMU,-631.84,636.72,-258.30,25.40,57.92,9.22,2.85,49.65,9.30,28.7
2026/04/13 15:06:04.44,IMU,-588.87,526.37,-324.22,53.19,75.98,38.90,-3.45,47.55,-1.20,28.6
2026/04/13 15:06:04.54,IMU,-574.22,615.72,-522.46,93.92,64.79,24.89,-10.20,41.25,-7.80,28.8
2026/04/13 15:06:04.64,IMU,-349.61,645.51,-758.30,59.11,29.68,-1.18,-15.60,33.15,-16.05,28.8
2026/04/13 15:06:04.74,IMU,-396.00,510.25,-788.57,34.98,69.98,52.96,-24.00,28.95,-19.65,28.6
2026/04/13 15:06:04.84,IMU,-329.10,634.28,-978.52,7.39,113.65,123.63,-32.10,26.25,-21.00,28.6
2026/04/13 15:06:04.94,IMU,27.34,525.39,-817.38,8.97,63.05,106.75,-44.70,22.50,-19.65,28.7
2026/04/13 15:06:05.04,IMU,205.08,430.66,-804.20,8.90,7.95,67.75,-50.70,20.10,-19.05,28.8
2026/04/13 15:06:05.14,IMU,312.99,436.04,-870.12,13.69,18.63,73.28,-54.75,14.70,-17.55,28.2
2026/04/13 15:06:05.24,IMU,349.61,360.84,-860.84,-9.17,7.21,49.98,-57.15,12.30,-17.40,28.7
2026/04/13 15:06:05.34,IMU,475.10,284.67,-777.83,-14.73,8.81,29.44,-58.05,10.95,-16.95,28.8
2026/04/13 15:06:05.44,IMU,483.89,276.37,-738.28,-5.76,4.81,-1.21,-58.20,10.80,-15.60,29.0
2026/04/13 15:06:05.54,IMU,474.61,282.71,-738.77,3.45,-0.21,-0.71,-59.70,10.80,-15.60,28.6
2026/04/13 15:06:05.64,IMU,448.24,300.29,-775.88,6.52,-6.82,-6.31,-59.10,10.20,-16.50,28.7
2026/04/13 15:06:05.74,IMU,486.33,332.03,-827.15,2.64,-7.37,-4.62,-58.50,9.75,-16.95,28.6
2026/04/13 15:06:05.84,IMU,491.21,316.41,-840.33,0.36,-5.56,-7.79,-58.20,11.10,-17.10,28.8
2026/04/13 15:06:05.94,IMU,458.50,267.58,-773.44,0.87,-0.10,-8.08,-58.50,10.20,-17.25,28.4
2026/04/13 15:06:06.04,IMU,509.28,325.68,-842.77,-0.39,-0.59,-17.27,-58.20,11.10,-17.85,28.7
2026/04/13 15:06:06.14,IMU,444.34,403.32,-825.20,-20.80,-47.76,-71.15,-56.40,13.05,-19.20,28.6
2026/04/13 15:06:06.24,IMU,428.22,551.76,-1024.41,31.90,-39.64,-55.75,-52.95,18.60,-18.75,28.8
2026/04/13 15:06:06.34,IMU,206.05,374.51,-807.13,35.99,-3.01,27.34,-50.85,12.60,-19.95,28.6
2026/04/13 15:06:06.44,IMU,358.89,327.15,-930.18,47.97,12.72,33.81,-50.40,12.15,-21.60,28.7
2026/04/13 15:06:06.54,IMU,324.22,330.57,-1065.43,31.82,3.60,22.35,-49.80,7.65,-21.00,28.8
2026/04/13 15:06:06.64,IMU,263.18,177.73,-991.21,25.36,-20.22,12.84,-47.55,5.85,-22.80,28.6
2026/04/13 15:06:06.74,IMU,227.54,147.95,-996.58,23.15,-10.26,-3.71,-48.75,3.90,-22.80,28.7
2026/04/13 15:06:06.84,IMU,213.87,112.30,-922.85,9.23,-6.78,2.69,-47.10,3.00,-23.40,28.6
2026/04/13 15:06:06.94,IMU,182.62,99.61,-967.77,12.35,-4.53,10.79,-46.80,2.40,-23.25,28.7
2026/04/13 15:06:07.05,IMU,255.86,115.23,-1093.26,4.38,-3.99,-0.68,-45.90,0.30,-22.65,28.6
2026/04/13 15:06:07.15,IMU,191.89,-4.39,-907.71,-14.31,-4.14,-13.28,-44.40,1.05,-24.15,28.8
2026/04/13 15:06:07.25,IMU,161.13,105.47,-910.16,-1.14,0.93,-10.80,-45.00,0.45,-24.60,28.4
2026/04/13 15:06:07.35,IMU,147.46,99.12,-1001.95,3.93,6.03,3.70,-44.40,1.50,-23.40,28.7
2026/04/13 15:06:07.45,IMU,131.84,71.29,-963.38,0.27,-3.80,-4.14,-45.75,0.15,-23.55,28.9
2026/04/13 15:06:07.55,IMU,172.85,80.57,-975.10,-1.85,13.39,5.81,-47.10,1.05,-23.40,28.6
2026/04/13 15:06:07.65,IMU,216.80,98.63,-892.09,-0.71,4.97,0.08,-43.50,1.65,-21.75,28.7
2026/04/13 15:06:07.75,IMU,233.40,100.59,-881.84,-0.13,28.50,16.57,-46.05,0.45,-22.05,28.6
2026/04/13 15:06:07.85,IMU,258.30,123.54,-1389.16,14.62,23.52,1.97,-46.50,-0.15,-22.50,28.7
2026/04/13 15:06:07.95,IMU,231.93,62.01,-882.32,14.61,9.69,12.82,-48.15,-1.50,-21.90,28.8
2026/04/13 15:06:08.05,IMU,253.91,23.93,-1021.48,26.46,7.26,15.28,-49.20,-3.30,-20.85,28.8
2026/04/13 15:06:08.15,IMU,259.77,-63.96,-1012.70,11.72,-19.37,12.79,-48.75,-5.10,-20.70,28.8
2026/04/13 15:06:08.25,IMU,190.43,-115.72,-289.06,27.56,-10.95,-12.89,-48.30,-7.35,-18.90,28.9
2026/04/13 15:06:08.35,IMU,264.65,-5.86,-1043.95,-2.86,-4.12,-5.45,-47.70,-9.00,-22.35,28.6
2026/04/13 15:06:08.45,IMU,269.53,-59.08,-968.75,-3.64,0.38,-7.60,-48.15,-7.20,-20.85,28.7
2026/04/13 15:06:08.55,IMU,276.37,-62.99,-990.23,-1.33,-5.44,0.88,-48.75,-8.85,-21.45,28.6
2026/04/13 15:06:08.65,IMU,227.05,-47.36,-937.99,-3.68,-18.39,7.73,-47.25,-6.15,-21.75,28.8
2026/04/13 15:06:08.75,IMU,369.63,10.74,-982.42,-3.40,-6.06,21.91,-45.75,-6.15,-24.00,28.7
2026/04/13 15:06:08.85,IMU,162.60,-63.96,-1010.74,-5.65,-2.07,26.69,-43.20,-7.35,-22.50,28.7
2026/04/13 15:06:08.95,IMU,85.45,-60.06,-1015.14,-4.91,-0.56,32.18,-41.70,-6.60,-24.60,28.7
2026/04/13 15:06:09.05,IMU,-4.39,-145.02,-1023.44,-5.56,-4.98,27.36,-39.90,-6.60,-23.25,28.7
2026/04/13 15:06:09.15,IMU,239.75,-93.26,-1028.32,-2.82,2.02,-4.03,-40.80,-7.50,-20.55,28.6
2026/04/13 15:06:09.25,IMU,136.72,-71.78,-1028.81,2.92,-4.56,-8.72,-39.45,-7.35,-21.75,29.0
2026/04/13 15:06:09.35,IMU,234.38,-9.77,-1003.42,-0.32,1.55,-4.08,-40.20,-5.85,-22.80,28.6
2026/04/13 15:06:09.45,IMU,206.05,-99.12,-977.54,3.15,2.67,-16.63,-41.10,-6.45,-22.35,28.8
2026/04/13 15:06:09.55,IMU,195.31,-25.88,-979.49,10.11,-5.18,-43.26,-43.20,-7.65,-19.20,29.0
2026/04/13 15:06:09.65,IMU,163.57,-60.55,-1050.78,-0.04,3.54,-0.79,-39.90,-6.60,-23.55,28.8
2026/04/13 15:06:09.76,IMU,191.41,-41.50,-974.61,-1.73,-8.31,4.73,-40.95,-5.85,-22.80,28.7
2026/04/13 15:06:09.86,IMU,84.96,-45.90,-942.87,1.08,0.73,-0.53,-40.35,-6.45,-21.60,28.9
2026/04/13 15:06:09.96,IMU,196.29,55.18,-1221.68,-17.27,-2.53,-10.45,-40.65,-4.35,-22.50,28.7
2026/04/13 15:06:10.06,IMU,134.28,-15.63,-1002.93,-2.05,1.76,1.03,-40.65,-4.65,-22.80,28.7
2026/04/13 15:06:10.16,IMU,121.58,11.72,-1017.09,1.08,2.27,-0.13,-42.30,-4.50,-22.35,28.7
2026/04/13 15:06:10.26,IMU,136.23,-3.91,-1000.98,0.12,0.11,2.07,-40.95,-5.40,-21.75,29.0
2026/04/13 15:06:10.36,IMU,129.88,-7.81,-993.65,1.07,-1.18,0.50,-40.80,-3.30,-23.10,29.1
2026/04/13 15:06:10.46,IMU,145.02,-24.41,-1004.39,0.82,-0.74,0.48,-40.35,-4.50,-21.90,29.1
2026/04/13 15:06:10.56,IMU,135.25,-15.14,-998.54,0.08,1.34,0.15,-40.65,-3.90,-22.05,28.9
2026/04/13 15:06:10.66,IMU,143.55,-21.48,-1017.09,2.31,-0.24,1.60,-41.85,-4.50,-21.60,28.9
2026/04/13 15:06:10.76,IMU,145.51,-15.14,-995.12,0.33,1.62,-0.88,-41.25,-4.35,-21.75,28.8
2026/04/13 15:06:10.86,IMU,136.23,-12.21,-1010.25,0.81,-2.11,0.75,-41.85,-4.50,-22.35,28.6
2026/04/13 15:06:10.96,IMU,136.23,-27.34,-993.16,0.40,0.79,1.73,-42.60,-5.25,-20.10,28.8
2026/04/13 15:06:11.06,IMU,132.81,-17.09,-1006.35,0.15,-2.58,-2.36,-41.55,-4.50,-20.55,28.6
2026/04/13 15:06:11.16,IMU,135.25,-5.37,-1008.30,1.33,1.93,-2.23,-41.85,-4.50,-20.10,29.0
2026/04/13 15:06:11.26,IMU,144.53,-2.93,-1018.55,-0.63,-0.16,-1.50,-40.20,-5.10,-21.45,28.7
2026/04/13 15:06:11.36,IMU,142.09,-15.14,-1010.25,2.33,-0.13,-0.66,-40.05,-7.20,-20.85,28.8
2026/04/13 15:06:11.46,IMU,140.63,-16.60,-1006.84,0.64,-1.13,3.84,-38.40,-5.10,-21.45,28.8
2026/04/13 15:06:11.56,IMU,139.65,8.79,-1014.65,0.30,1.73,2.05,-39.60,-5.55,-21.15,28.9
2026/04/13 15:06:11.66,IMU,136.23,-12.21,-1017.09,-0.18,1.99,-2.66,-40.35,-6.00,-21.15,29.1
2026/04/13 15:06:11.76,IMU,134.28,-18.55,-1001.46,-0.29,-1.08,0.66,-38.70,-4.35,-22.50,28.9
2026/04/13 15:06:11.86,IMU,140.63,-21.00,-992.68,2.02,-1.67,-4.11,-40.35,-4.80,-21.90,28.9
2026/04/13 15:06:11.96,IMU,121.58,-15.14,-1002.44,-0.03,-0.11,1.15,-40.65,-4.65,-20.25,28.6
2026/04/13 15:06:12.06,IMU,135.74,-17.58,-999.51,0.96,-1.06,-1.62,-40.80,-5.25,-22.35,28.9
2026/04/13 15:06:12.17,IMU,142.09,-7.81,-997.56,0.75,-1.51,-0.68,-39.60,-6.75,-20.85,28.8
2026/04/13 15:06:12.27,IMU,135.74,-4.88,-1007.32,1.24,0.14,0.08,-38.70,-5.85,-21.45,28.8
2026/04/13 15:06:12.37,IMU,144.53,-24.41,-1001.46,-0.53,0.63,0.60,-39.00,-6.75,-21.90,28.7
2026/04/13 15:06:12.47,IMU,131.35,-9.77,-1001.46,1.08,1.63,-1.02,-40.05,-5.55,-21.60,28.9
2026/04/13 15:06:12.57,IMU,136.72,-6.35,-987.79,0.20,0.38,-1.40,-39.90,-6.90,-21.45,28.8
2026/04/13 15:06:12.67,IMU,116.70,-9.77,-1001.46,-0.65,3.35,0.92,-41.85,-5.25,-22.35,29.0
2026/04/13 15:06:12.77,IMU,137.70,-10.74,-999.51,-0.05,0.91,-1.63,-40.95,-6.15,-19.65,28.9
2026/04/13 15:06:12.87,IMU,148.44,-4.39,-998.05,1.25,-0.43,-0.89,-39.00,-4.80,-20.85,29.0
2026/04/13 15:06:12.97,IMU,142.58,-13.18,-1012.70,-0.18,-0.92,1.07,-40.65,-5.10,-22.05,29.1
2026/04/13 15:06:13.07,IMU,122.56,-23.93,-1010.25,1.00,2.31,1.65,-39.60,-6.00,-20.55,28.7
2026/04/13 15:06:13.17,IMU,140.14,-6.84,-1009.28,-0.64,1.66,-1.45,-40.05,-5.55,-22.35,28.6
2026/04/13 15:06:13.27,IMU,147.95,-22.95,-1008.30,0.62,-0.04,0.20,-39.00,-6.00,-22.65,29.0
2026/04/13 15:06:13.37,IMU,115.72,-21.48,-1004.88,-0.56,-1.10,-0.18,-39.90,-5.85,-21.75,29.0
2026/04/13 15:06:13.47,IMU,152.83,-6.35,-999.02,-1.57,0.34,-1.28,-40.35,-5.25,-20.55,28.9
2026/04/13 15:06:13.57,IMU,136.72,-21.48,-1001.95,-0.67,0.40,0.87,-40.65,-5.85,-20.25,28.9
2026/04/13 15:06:13.67,IMU,127.93,-9.77,-1009.28,-0.12,3.38,0.56,-39.30,-4.80,-22.65,28.9
2026/04/13 15:06:13.77,IMU,128.42,1.46,-1005.86,-0.69,-0.40,-0.14,-38.25,-6.00,-22.65,28.8
2026/04/13 15:06:13.87,IMU,135.74,-8.30,-1007.32,1.45,1.37,1.85,-39.90,-7.35,-21.00,28.7
2026/04/13 15:06:13.97,IMU,126.95,-16.11,-999.51,0.16,1.73,-2.86,-39.90,-6.15,-22.05,28.8
2026/04/13 15:06:14.07,IMU,123.54,-6.35,-1003.91,1.47,1.47,-0.53,-39.90,-4.65,-20.70,28.8
2026/04/13 15:06:14.17,IMU,146.00,-9.28,-1000.00,2.31,0.08,-0.50,-39.90,-6.60,-21.75,29.0
2026/04/13 15:06:14.27,IMU,142.09,-20.51,-1003.42,1.50,-0.28,0.17,-40.05,-6.45,-20.85,29.0
2026/04/13 15:06:14.37,IMU,130.86,-24.41,-988.77,0.42,1.12,2.36,-39.15,-6.60,-22.50,28.7
2026/04/13 15:06:14.47,IMU,132.32,-7.32,-1000.00,1.10,-0.63,-0.12,-38.55,-5.25,-21.90,29.0
2026/04/13 15:06:14.57,IMU,138.18,-3.91,-1010.74,-0.25,1.34,2.73,-39.30,-6.45,-20.85,28.6
2026/04/13 15:06:14.67,IMU,147.46,-7.81,-1013.18,2.25,-1.08,0.63,-39.60,-6.45,-22.35,28.8
2026/04/13 15:06:14.78,IMU,127.44,-14.65,-1008.30,1.99,-0.92,1.74,-39.15,-4.65,-19.95,28.8
2026/04/13 15:06:14.88,IMU,134.28,-23.44,-999.02,1.01,0.05,-0.69,-40.65,-6.90,-19.95,28.9
2026/04/13 15:06:14.98,IMU,130.86,-22.95,-1007.32,0.95,-1.86,0.45,-39.90,-5.10,-21.00,28.8
2026/04/13 15:06:15.08,IMU,149.90,-26.37,-1001.46,1.18,3.31,1.96,-39.90,-6.60,-23.25,28.9
2026/04/13 15:06:15.18,IMU,143.07,-12.70,-996.09,1.21,1.22,-1.50,-39.90,-5.85,-21.00,28.5
2026/04/13 15:06:15.28,IMU,131.35,-6.84,-1005.37,0.47,0.98,2.97,-39.90,-6.90,-21.00,28.6
2026/04/13 15:06:15.38,IMU,133.79,-24.90,-1007.81,0.99,0.79,0.97,-39.15,-4.65,-21.75,28.9
2026/04/13 15:06:15.48,IMU,125.49,-5.37,-1012.21,1.19,-0.08,0.50,-40.20,-4.65,-21.00,28.8
2026/04/13 15:06:15.58,IMU,138.67,6.35,-997.07,0.57,1.58,0.16,-38.55,-4.80,-20.55,28.8
2026/04/13 15:06:15.68,IMU,129.39,-10.74,-998.54,1.44,-0.06,1.18,-41.25,-5.85,-22.05,28.9
2026/04/13 15:06:15.78,IMU,132.32,-10.74,-1006.35,0.70,4.72,1.24,-40.20,-5.40,-20.70,28.7
2026/04/13 15:06:15.88,IMU,141.11,2.44,-1006.35,-0.78,-0.02,-0.38,-39.45,-6.15,-22.05,28.6
2026/04/13 15:06:15.98,IMU,136.23,-28.32,-1001.46,-0.13,2.40,-0.40,-40.05,-5.25,-21.90,28.9
2026/04/13 15:06:16.08,IMU,133.79,-13.67,-1000.00,0.74,0.92,-1.32,-40.05,-6.00,-21.60,28.7
2026/04/13 15:06:16.18,IMU,128.91,-14.65,-1002.93,-0.42,0.43,-1.52,-38.25,-5.55,-21.90,28.8
2026/04/13 15:06:16.28,IMU,141.11,-10.74,-1010.25,0.53,1.14,-3.96,-40.05,-5.25,-22.65,28.7
2026/04/13 15:06:16.38,IMU,134.28,-15.14,-1008.30,0.34,-0.18,2.11,-40.65,-5.40,-22.05,28.8
2026/04/13 15:06:16.48,IMU,132.32,-12.21,-1000.00,-0.35,-0.02,2.51,-39.00,-6.00,-20.55,28.9
2026/04/13 15:06:16.58,IMU,122.56,-19.53,-1006.84,0.94,-0.45,0.92,-39.90,-6.60,-21.00,29.0
2026/04/13 15:06:16.68,IMU,135.74,-13.18,-1002.93,-1.17,-0.14,-1.81,-40.05,-4.50,-23.10,28.7
2026/04/13 15:06:16.78,IMU,129.39,-24.41,-1007.32,-0.51,1.86,1.59,-39.90,-5.40,-22.50,28.8
2026/04/13 15:06:16.88,IMU,146.97,-24.41,-1008.30,0.50,-0.08,0.54,-39.60,-4.80,-21.90,28.8
2026/04/13 15:06:16.98,IMU,142.58,-19.53,-1004.88,1.04,-1.45,-0.68,-38.55,-4.50,-20.55,28.8
2026/04/13 15:06:17.08,IMU,146.00,-10.74,-1000.49,0.98,-0.61,-0.50,-39.60,-5.55,-21.15,28.9
2026/04/13 15:06:17.18,IMU,132.81,-7.81,-1002.44,-0.13,1.58,-0.84,-39.30,-6.00,-20.85,28.9
2026/04/13 15:06:17.28,IMU,138.67,-12.70,-1001.46,0.00,-0.71,1.27,-40.20,-5.10,-21.75,28.6
2026/04/13 15:06:17.38,IMU,141.60,-13.67,-1009.77,0.44,0.91,1.92,-40.95,-5.10,-21.45,28.7
2026/04/13 15:06:17.49,IMU,129.88,-14.16,-1008.30,2.87,1.34,-0.89,-39.90,-5.85,-21.45,29.0
2026/04/13 15:06:17.59,IMU,165.04,-12.70,-1000.49,0.89,0.05,-0.20,-39.00,-3.75,-21.90,28.7
2026/04/13 15:06:17.69,IMU,146.48,-4.39,-997.07,0.59,-0.34,-0.19,-42.00,-6.90,-18.45,28.9
2026/04/13 15:06:17.79,IMU,132.32,-14.16,-1014.65,0.00,-1.00,-0.16,-39.90,-4.65,-22.05,29.1
2026/04/13 15:06:17.89,IMU,138.67,-16.11,-998.54,-0.94,1.98,-0.89,-40.80,-6.75,-22.35,29.1
2026/04/13 15:06:17.99,IMU,128.42,-22.46,-1005.37,-0.49,-0.60,-1.23,-39.45,-6.15,-21.45,28.7
2026/04/13 15:06:18.09,IMU,137.21,-10.25,-1007.32,-0.75,-0.31,-0.66,-40.20,-5.85,-21.75,28.6
2026/04/13 15:06:18.19,IMU,127.44,-10.25,-1024.41,0.74,1.79,-0.53,-40.95,-5.40,-21.45,28.7
2026/04/13 15:06:18.29,IMU,140.14,-13.67,-1011.72,-0.53,0.63,-0.66,-39.15,-5.85,-22.80,28.7
2026/04/13 15:06:18.39,IMU,143.55,-15.63,-1013.67,0.98,-1.46,-0.41,-39.30,-6.00,-20.55,28.8
2026/04/13 15:06:18.49,IMU,141.11,-15.14,-996.58,1.02,2.35,1.34,-39.60,-5.25,-21.90,28.7
2026/04/13 15:06:18.59,IMU,128.91,-8.79,-1012.70,0.43,-0.48,-0.92,-39.00,-5.55,-20.85,28.7
2026/04/13 15:06:18.69,IMU,129.39,-8.79,-1003.91,0.71,-2.28,-0.03,-39.30,-5.55,-23.10,28.6
2026/04/13 15:06:18.79,IMU,148.44,5.37,-1010.25,0.11,-0.88,1.05,-38.70,-6.15,-21.00,28.7
2026/04/13 15:06:18.89,IMU,140.63,-17.58,-1001.46,0.89,0.60,-2.56,-40.35,-7.50,-20.55,28.6
2026/04/13 15:06:18.99,IMU,140.14,-23.93,-1001.46,1.31,0.04,2.51,-39.60,-4.50,-21.60,29.0
2026/04/13 15:06:19.09,IMU,120.61,-21.00,-1000.98,2.69,-0.31,-1.96,-40.20,-4.35,-21.00,28.7
2026/04/13 15:06:19.19,IMU,129.88,-24.90,-1001.46,0.85,-1.84,-0.04,-40.20,-4.65,-21.45,28.8
2026/04/13 15:06:19.29,IMU,136.23,-0.49,-1015.63,0.63,2.05,0.76,-40.05,-4.50,-21.60,28.4
2026/04/13 15:06:19.39,IMU,136.72,-12.70,-1004.88,0.44,1.10,-1.86,-39.45,-5.10,-21.75,28.7
2026/04/13 15:06:19.49,IMU,137.70,-14.16,-1005.37,0.21,-0.01,0.63,-39.15,-5.85,-19.95,28.8
2026/04/13 15:06:19.59,IMU,150.88,-9.77,-1001.46,-0.96,1.37,-0.53,-39.30,-5.25,-21.90,28.8
2026/04/13 15:06:19.70,IMU,136.23,-4.39,-997.56,0.89,1.26,0.64,-41.85,-7.20,-16.20,28.9
2026/04/13 15:06:19.80,IMU,145.51,-11.72,-1000.49,-0.47,1.61,1.19,-37.95,-5.10,-22.80,29.0
2026/04/13 15:06:19.90,IMU,133.79,-4.88,-1006.35,0.79,0.89,0.94,-41.25,-5.10,-22.50,28.6
2026/04/13 15:06:20.00,IMU,138.18,-18.07,-1006.35,-1.21,0.40,-1.76,-39.15,-6.60,-21.45,28.7
2026/04/13 15:06:20.10,IMU,121.09,-11.72,-1003.91,0.31,-0.16,-0.94,-40.20,-5.85,-22.05,28.7
2026/04/13 15:06:20.20,IMU,141.11,-15.14,-1009.77,1.03,-0.19,1.31,-40.05,-6.45,-21.15,28.9
2026/04/13 15:06:20.30,IMU,133.79,-12.21,-998.05,-0.56,0.05,-0.57,-39.45,-4.35,-21.75,29.0
2026/04/13 15:06:20.40,IMU,130.37,-4.39,-1017.09,0.09,1.60,0.24,-39.15,-4.35,-20.70,28.9
2026/04/13 15:06:20.51,IMU,124.02,-24.41,-1003.91,0.63,-0.60,-0.35,-39.45,-5.40,-20.25,29.0
2026/04/13 15:06:20.61,IMU,136.23,-20.51,-998.54,0.29,-0.07,-2.29,-37.95,-5.85,-20.70,28.8
2026/04/13 15:06:20.71,IMU,139.65,-9.77,-998.54,1.23,2.89,0.83,-40.05,-6.00,-21.60,28.9
2026/04/13 15:06:20.81,IMU,136.72,-5.37,-1015.14,-1.21,0.51,-0.15,-39.30,-5.25,-20.85,28.6
2026/04/13 15:06:20.91,IMU,139.16,-10.25,-1015.63,-0.20,1.71,-0.03,-40.65,-6.15,-19.95,28.7
2026/04/13 15:06:21.01,IMU,146.00,-15.63,-1000.00,0.15,1.19,-0.60,-40.05,-6.45,-20.85,28.7
2026/04/13 15:06:21.11,IMU,137.21,-23.44,-1002.44,0.63,-0.01,1.22,-39.45,-5.40,-22.05,28.7
2026/04/13 15:06:21.21,IMU,149.90,-21.00,-996.09,0.82,-0.08,-0.06,-39.30,-6.45,-20.85,28.9
2026/04/13 15:06:21.31,IMU,141.11,-30.76,-993.65,0.21,-0.50,-2.38,-40.35,-5.55,-21.15,28.8
2026/04/13 15:06:21.41,IMU,135.25,-15.14,-1010.74,0.64,0.68,1.37,-40.65,-5.85,-21.75,28.8
2026/04/13 15:06:21.51,IMU,126.46,-18.07,-999.02,-0.20,0.15,-0.06,-39.45,-5.10,-21.00,28.9
2026/04/13 15:06:21.61,IMU,133.79,-21.48,-1019.04,-0.06,0.92,1.59,-40.65,-5.10,-20.70,28.7
2026/04/13 15:06:21.71,IMU,134.77,-12.21,-1003.42,-1.02,-0.09,-1.57,-39.90,-5.85,-22.80,28.9
2026/04/13 15:06:21.81,IMU,131.84,0.00,-999.51,0.50,-1.04,-1.76,-39.30,-5.55,-22.35,28.8
2026/04/13 15:06:21.91,IMU,138.67,-21.48,-982.91,-0.77,1.26,-0.79,-41.25,-5.10,-21.75,28.7
2026/04/13 15:06:22.01,IMU,131.84,-10.25,-1013.18,-0.23,0.30,-4.15,-40.65,-4.65,-21.75,28.7
2026/04/13 15:06:22.11,IMU,132.32,-17.09,-993.16,-2.44,-0.03,0.12,-40.65,-4.35,-20.70,28.8
2026/04/13 15:06:22.21,IMU,130.37,-8.79,-1011.23,1.86,-1.23,-0.38,-38.70,-5.85,-21.45,28.8
2026/04/13 15:06:22.31,IMU,134.28,-14.16,-1011.72,0.84,-0.63,2.41,-40.65,-4.65,-21.45,28.6
2026/04/13 15:06:22.41,IMU,127.93,-18.55,-1005.37,-0.61,-0.07,-0.27,-40.05,-5.55,-21.90,28.7
2026/04/13 15:06:22.51,IMU,133.79,-18.07,-1003.91,0.56,-0.04,2.53,-40.05,-5.25,-20.10,28.7
2026/04/13 15:06:22.61,IMU,137.70,-19.04,-989.75,0.85,0.05,0.21,-37.95,-5.85,-22.05,28.8
2026/04/13 15:06:22.71,IMU,139.16,-14.65,-1000.00,-0.23,-0.17,-2.10,-39.90,-4.35,-22.80,28.6
2026/04/13 15:06:22.81,IMU,140.63,-17.58,-1001.95,-0.66,0.41,-3.86,-39.90,-6.15,-21.00,28.9
2026/04/13 15:06:22.91,IMU,123.05,-9.28,-1004.39,2.11,1.50,-0.43,-39.15,-5.85,-21.00,29.0
2026/04/13 15:06:23.01,IMU,127.93,-11.23,-1003.91,0.42,1.34,-1.76,-38.55,-6.00,-20.85,28.8
2026/04/13 15:06:23.11,IMU,142.58,-20.02,-995.12,0.52,1.40,-1.34,-40.05,-5.55,-20.55,28.7
2026/04/13 15:06:23.22,IMU,131.84,2.44,-1001.95,-1.02,0.44,0.25,-39.90,-5.10,-22.50,28.8
2026/04/13 15:06:23.32,IMU,137.70,-9.77,-1009.77,-0.02,-0.63,2.34,-39.00,-6.00,-21.60,28.9
2026/04/13 15:06:23.42,IMU,139.16,-16.11,-1007.81,0.97,-1.24,-4.20,-39.00,-6.00,-20.85,29.0
2026/04/13 15:06:23.52,IMU,137.70,-15.63,-1001.95,0.60,0.31,-0.69,-40.35,-4.80,-21.60,28.6
2026/04/13 15:06:23.62,IMU,129.88,-28.81,-1008.79,-0.27,0.08,1.86,-38.70,-5.85,-21.00,28.8
2026/04/13 15:06:23.72,IMU,143.07,-11.72,-1016.60,0.18,-0.24,2.14,-38.40,-5.40,-22.50,28.9
2026/04/13 15:06:23.82,IMU,137.21,-4.39,-987.79,0.61,0.73,-0.80,-40.35,-5.25,-22.65,28.7
2026/04/13 15:06:23.92,IMU,139.16,-10.25,-1011.23,-1.18,0.66,-0.08,-40.20,-3.90,-22.50,28.7
2026/04/13 15:06:24.02,IMU,141.60,-16.60,-999.51,-0.26,-0.55,-0.43,-38.40,-5.10,-19.95,28.6
2026/04/13 15:06:24.12,IMU,141.60,-4.39,-980.96,-0.15,-0.83,1.56,-39.30,-5.55,-21.90,28.9
2026/04/13 15:06:24.22,IMU,133.30,-12.70,-1005.86,0.64,1.02,2.54,-40.20,-5.10,-21.75,28.9
2026/04/13 15:06:24.32,IMU,140.14,-22.46,-1011.23,0.62,-1.38,0.66,-39.60,-5.55,-21.90,28.6
2026/04/13 15:06:24.42,IMU,142.09,-18.55,-1001.95,-0.11,0.52,-0.12,-39.30,-4.80,-21.60,28.6
2026/04/13 15:06:24.52,IMU,132.81,-18.07,-997.56,0.05,0.36,-1.89,-39.15,-4.35,-21.45,28.4
2026/04/13 15:06:24.62,IMU,143.07,-5.86,-999.51,1.45,3.18,-1.56,-39.45,-5.85,-21.75,29.0
2026/04/13 15:06:24.72,IMU,136.23,-25.39,-997.07,-0.11,0.58,1.97,-39.30,-5.25,-22.35,28.9
2026/04/13 15:06:24.82,IMU,132.32,-17.58,-1003.91,0.30,-0.37,-2.18,-40.35,-5.25,-20.55,28.8
2026/04/13 15:06:24.92,IMU,140.14,-11.23,-995.61,-1.72,-0.11,4.69,-39.45,-4.65,-21.00,28.7
2026/04/13 15:06:25.02,IMU,125.98,-12.70,-1000.00,0.09,-0.39,0.12,-40.20,-4.65,-21.00,28.6
2026/04/13 15:06:25.12,IMU,136.23,-3.42,-995.61,0.77,-1.51,0.74,-39.30,-6.45,-19.80,28.9
2026/04/13 15:06:25.22,IMU,145.02,-31.74,-1011.72,-0.31,1.06,2.73,-39.60,-5.55,-21.60,28.8
2026/04/13 15:06:25.32,IMU,127.44,-5.86,-1005.37,0.45,-0.88,-0.99,-39.60,-5.25,-21.15,28.9
2026/04/13 15:06:25.42,IMU,140.63,-8.30,-998.05,1.08,0.68,-2.10,-40.20,-5.10,-22.50,28.9
2026/04/13 15:06:25.52,IMU,148.44,-7.32,-1003.91,-2.05,1.44,2.92,-38.40,-6.15,-23.25,28.7
2026/04/13 15:06:25.62,IMU,143.55,-17.58,-1010.74,1.15,0.35,-1.27,-39.60,-6.00,-20.85,28.9
2026/04/13 15:06:25.72,IMU,136.23,-7.32,-1002.44,0.79,1.59,0.52,-39.60,-4.80,-20.85,28.8
2026/04/13 15:06:25.83,IMU,129.88,-23.93,-1018.55,0.22,1.21,2.13,-41.85,-6.00,-20.55,28.9
2026/04/13 15:06:25.93,IMU,136.72,-10.74,-1001.95,0.36,1.85,-1.41,-38.40,-4.35,-21.75,28.8
2026/04/13 15:06:26.03,IMU,137.70,-7.81,-1002.93,1.67,1.52,-0.17,-40.65,-4.35,-21.45,28.8
2026/04/13 15:06:26.13,IMU,139.65,-14.16,-1012.70,0.27,0.98,-1.37,-37.80,-4.05,-21.60,28.7
2026/04/13 15:06:26.23,IMU,135.74,-15.63,-995.61,-0.44,-0.56,-0.31,-40.05,-5.55,-22.65,28.9
2026/04/13 15:06:26.33,IMU,132.81,-20.51,-997.56,0.94,-0.66,0.24,-40.20,-5.40,-21.75,28.6
2026/04/13 15:06:26.43,IMU,139.65,-12.21,-988.77,0.43,0.27,2.95,-39.90,-5.40,-22.50,28.6
2026/04/13 15:06:26.53,IMU,137.21,-19.04,-1015.63,-0.02,-0.44,-1.68,-39.45,-6.60,-22.50,28.8
2026/04/13 15:06:26.63,IMU,149.41,-17.58,-998.05,0.24,0.12,1.24,-40.80,-6.00,-21.60,28.7
2026/04/13 15:06:26.73,IMU,144.04,-13.67,-1006.84,0.85,-0.89,0.95,-40.05,-5.25,-21.90,28.6
2026/04/13 15:06:26.83,IMU,141.11,-10.74,-997.56,-0.53,0.53,-3.79,-42.60,-6.75,-19.80,28.6
2026/04/13 15:06:26.93,IMU,120.12,-17.58,-1009.77,-0.25,-0.21,-1.45,-39.60,-6.45,-21.15,28.7
2026/04/13 15:06:27.03,IMU,140.14,-16.60,-1018.55,1.96,-1.86,4.34,-40.05,-4.05,-22.35,28.6
2026/04/13 15:06:27.13,IMU,124.51,-25.39,-1012.21,-0.69,-0.26,-0.37,-39.45,-4.65,-21.45,28.7
2026/04/13 15:06:27.23,IMU,131.35,-16.11,-1005.86,0.71,-2.39,-0.41,-39.45,-3.90,-22.05,28.7
2026/04/13 15:06:27.33,IMU,128.42,-8.30,-1012.21,-0.79,-2.98,-2.25,-39.30,-6.00,-20.85,28.8
2026/04/13 15:06:27.43,IMU,141.11,-22.46,-996.09,0.64,-0.32,0.74,-39.30,-5.25,-22.65,28.8
2026/04/13 15:06:27.53,IMU,137.70,-11.23,-1003.91,1.85,1.06,-0.40,-40.05,-4.05,-20.85,28.7
2026/04/13 15:06:27.63,IMU,148.44,-4.88,-1013.67,-1.34,1.08,1.68,-40.20,-5.85,-21.00,28.7
2026/04/13 15:06:27.73,IMU,128.42,2.93,-1001.46,0.68,0.08,1.56,-40.05,-5.55,-21.15,28.6
2026/04/13 15:06:27.83,IMU,135.25,-23.44,-1000.49,-2.03,0.11,0.02,-43.05,-7.50,-18.75,28.9
2026/04/13 15:06:27.93,IMU,147.46,-20.02,-1003.42,-1.13,1.09,0.38,-41.10,-7.50,-21.90,28.8
2026/04/13 15:06:28.03,IMU,133.79,-18.07,-1007.81,1.40,-1.05,-0.53,-40.35,-5.55,-22.35,28.6
2026/04/13 15:06:28.13,IMU,145.02,-22.95,-1002.93,-0.51,2.66,-0.39,-40.35,-4.05,-21.60,28.4
2026/04/13 15:06:28.23,IMU,137.21,-19.53,-1005.86,0.63,1.37,-0.33,-39.60,-4.80,-20.85,28.8
2026/04/13 15:06:28.33,IMU,149.41,-5.37,-1019.53,0.27,1.17,-3.56,-39.60,-6.00,-21.15,28.8
2026/04/13 15:06:28.44,IMU,134.77,-12.21,-1003.91,-0.42,2.27,-2.56,-39.45,-6.15,-22.50,28.7
2026/04/13 15:06:28.54,IMU,135.25,-19.53,-1010.25,0.10,2.00,1.73,-39.60,-5.25,-21.60,28.6
2026/04/13 15:06:28.64,IMU,148.44,-9.77,-1007.81,-0.65,0.76,-0.11,-39.30,-5.25,-21.15,28.7
2026/04/13 15:06:28.74,IMU,148.93,-20.02,-1007.81,0.32,1.02,1.18,-41.10,-5.55,-22.35,28.6
2026/04/13 15:06:28.84,IMU,145.02,-15.63,-1004.39,0.22,0.78,-0.42,-39.45,-6.15,-21.45,28.8
2026/04/13 15:06:28.94,IMU,135.25,-12.21,-987.30,-1.52,2.44,-2.52,-39.60,-7.20,-21.60,28.8
2026/04/13 15:06:29.04,IMU,118.16,-5.86,-1002.93,-1.05,3.08,2.18,-38.55,-4.80,-21.60,28.7
2026/04/13 15:06:29.14,IMU,148.93,-6.84,-995.12,-0.25,0.98,0.55,-39.60,-5.55,-21.90,28.7
2026/04/13 15:06:29.25,IMU,136.72,-9.77,-1003.91,1.11,-1.21,-0.34,-40.05,-4.80,-21.15,28.5
2026/04/13 15:06:29.35,IMU,133.30,-22.46,-1010.74,2.40,-0.45,-0.08,-39.30,-6.00,-22.35,28.6
2026/04/13 15:06:29.45,IMU,136.23,-14.16,-1006.84,1.65,1.43,-0.97,-39.00,-4.80,-21.90,28.9
2026/04/13 15:06:29.55,IMU,146.97,-16.11,-995.61,-1.21,1.94,-0.26,-38.55,-6.00,-22.65,28.6
2026/04/13 15:06:29.65,IMU,134.28,-14.16,-1003.91,0.11,-1.35,1.02,-39.45,-4.65,-21.00,28.8
2026/04/13 15:06:29.75,IMU,133.79,-17.58,-996.09,0.79,0.02,2.49,-39.60,-5.25,-21.90,28.9
2026/04/13 15:06:29.85,IMU,132.81,-6.35,-1005.37,-0.93,1.68,1.89,-39.15,-3.90,-20.25,28.8
2026/04/13 15:06:29.95,IMU,141.11,-23.93,-1003.42,1.56,-0.40,1.40,-40.35,-5.55,-20.85,28.8
2026/04/13 15:06:30.05,IMU,138.18,-14.16,-1009.28,0.93,-0.11,-1.25,-40.35,-5.55,-21.90,28.5
2026/04/13 15:06:30.15,IMU,142.58,-13.67,-1017.58,-0.44,-1.37,0.88,-39.45,-5.85,-21.45,28.6
2026/04/13 15:06:30.25,IMU,142.09,-15.14,-1000.98,-0.71,-1.15,2.22,-39.30,-5.25,-22.65,28.8
2026/04/13 15:06:30.35,IMU,133.79,-23.93,-1007.32,0.08,0.44,2.01,-37.80,-6.45,-22.35,28.6
2026/04/13 15:06:30.45,IMU,146.00,-21.48,-1012.70,0.12,0.56,-1.21,-38.55,-4.80,-21.15,28.7
2026/04/13 15:06:30.55,IMU,146.97,-12.70,-1001.46,-0.98,1.95,0.86,-39.45,-5.85,-21.45,28.6
2026/04/13 15:06:30.65,IMU,143.07,-20.02,-990.23,0.34,-2.02,-0.21,-40.80,-6.45,-21.90,28.4
2026/04/13 15:06:30.75,IMU,135.74,-10.74,-1007.81,1.46,0.21,2.67,-39.45,-5.40,-22.50,28.9
2026/04/13 15:06:30.85,IMU,139.16,-16.11,-1000.98,1.50,1.93,0.95,-40.05,-4.50,-20.85,28.7
2026/04/13 15:06:30.95,IMU,142.58,-8.79,-1001.95,-0.76,1.76,1.53,-40.05,-6.45,-20.55,28.4
2026/04/13 15:06:31.05,IMU,132.81,-12.70,-1000.00,0.77,1.25,-2.22,-39.90,-7.35,-21.75,28.7
2026/04/13 15:06:31.15,IMU,138.67,-7.32,-998.54,-0.49,1.44,0.84,-39.90,-6.15,-22.80,28.7
2026/04/13 15:06:31.25,IMU,143.07,-20.02,-1013.18,1.87,-0.70,0.59,-38.55,-5.25,-21.15,28.7
2026/04/13 15:06:31.35,IMU,139.16,-1.46,-1010.25,1.27,-1.02,0.55,-39.00,-7.20,-21.15,28.7
2026/04/13 15:06:31.45,IMU,146.48,-7.32,-993.16,0.89,-0.33,0.73,-40.05,-7.20,-21.15,28.7
2026/04/13 15:06:31.55,IMU,137.21,-6.35,-1003.42,0.27,0.91,2.27,-39.60,-6.75,-21.90,28.5
2026/04/13 15:06:31.65,IMU,137.70,-20.02,-1006.84,1.88,-0.30,-1.46,-40.20,-6.90,-22.50,28.7
2026/04/13 15:06:31.76,IMU,125.49,-21.00,-1005.37,0.11,2.32,1.05,-39.60,-4.05,-21.60,28.6
2026/04/13 15:06:31.86,IMU,138.67,0.00,-1004.39,0.31,0.18,-1.28,-40.20,-5.40,-22.05,28.6
2026/04/13 15:06:31.96,IMU,133.79,-18.07,-1006.84,-0.15,0.78,-0.34,-39.30,-6.00,-20.85,28.7
2026/04/13 15:06:32.06,IMU,135.25,-6.35,-998.54,-0.56,-0.75,-0.73,-40.35,-3.30,-22.65,28.6
2026/04/13 15:06:32.16,IMU,147.95,-10.25,-1006.84,-1.02,1.30,-0.30,-40.05,-5.55,-21.15,28.6
2026/04/13 15:06:32.26,IMU,128.91,-14.16,-1004.39,-0.61,0.50,-0.09,-39.45,-4.65,-21.45,28.8
2026/04/13 15:06:32.36,IMU,146.00,-12.70,-998.54,-0.90,1.80,0.17,-39.30,-4.80,-21.60,28.6
2026/04/13 15:06:32.46,IMU,128.42,-17.09,-1002.44,0.91,0.22,0.98,-39.15,-5.85,-20.70,28.6
2026/04/13 15:06:32.56,IMU,142.58,-8.30,-1004.88,-0.85,-0.12,-0.34,-41.10,-5.55,-20.85,28.7
2026/04/13 15:06:32.66,IMU,137.21,-7.81,-999.02,-0.78,-1.35,-0.39,-39.30,-5.25,-21.60,28.8
2026/04/13 15:06:32.76,IMU,146.48,-5.86,-1006.84,-0.98,0.58,-1.12,-40.20,-5.85,-21.00,28.7
2026/04/13 15:06:32.86,IMU,142.09,-9.77,-997.56,0.94,0.57,-1.02,-39.60,-6.00,-21.15,28.5
2026/04/13 15:06:32.96,IMU,125.98,-18.07,-1009.28,1.19,-0.72,-2.71,-39.30,-6.00,-21.15,28.6
2026/04/13 15:06:33.06,IMU,136.23,-17.58,-994.14,2.74,1.86,-0.95,-39.30,-4.50,-20.85,28.7
2026/04/13 15:06:33.16,IMU,126.46,-14.65,-1008.79,0.86,2.83,1.73,-39.45,-5.85,-22.50,28.4
2026/04/13 15:06:33.26,IMU,136.23,-28.81,-1009.77,1.07,-0.18,-0.81,-40.65,-6.90,-21.00,28.5
2026/04/13 15:06:33.36,IMU,136.72,-7.81,-1008.30,-0.37,0.35,0.02,-39.00,-6.45,-21.60,28.5
2026/04/13 15:06:33.46,IMU,138.67,-20.51,-1008.79,1.08,0.31,0.46,-39.15,-6.15,-22.05,28.6
2026/04/13 15:06:33.56,IMU,137.21,-9.77,-1006.35,-0.16,1.03,-1.39,-39.90,-6.15,-21.75,28.8
2026/04/13 15:06:33.66,IMU,136.23,-1.46,-1008.30,-0.95,1.37,-0.54,-39.60,-5.55,-21.90,28.6
2026/04/13 15:06:33.76,IMU,135.74,-21.48,-1002.93,0.59,1.66,0.63,-40.95,-6.15,-21.75,28.6
2026/04/13 15:06:33.86,IMU,136.72,-10.74,-999.02,0.12,2.10,-1.08,-38.55,-5.55,-21.15,28.8
2026/04/13 15:06:33.96,IMU,129.88,-16.11,-997.07,-1.85,0.86,-2.13,-40.20,-5.40,-21.75,28.5
2026/04/13 15:06:34.06,IMU,145.51,-16.11,-1003.91,-0.41,0.76,-0.65,-39.30,-4.05,-21.90,28.6
2026/04/13 15:06:34.16,IMU,138.18,-19.04,-1009.77,0.00,0.13,-2.57,-38.40,-4.65,-21.75,28.8
2026/04/13 15:06:34.26,IMU,140.14,-22.95,-999.51,0.11,1.95,1.75,-39.30,-6.45,-20.55,28.4
2026/04/13 15:06:34.36,IMU,141.11,-14.65,-1004.88,0.45,-1.18,2.08,-39.60,-5.55,-22.35,28.6
2026/04/13 15:06:34.46,IMU,154.30,-17.09,-997.56,-2.72,-1.74,0.47,-39.90,-6.90,-21.45,28.6
2026/04/13 15:06:34.57,IMU,138.18,-11.72,-995.12,-1.15,-0.82,-0.69,-40.05,-7.20,-21.90,28.6
2026/04/13 15:06:34.67,IMU,139.65,-9.28,-1007.32,2.39,-0.02,0.59,-40.20,-7.35,-22.05,28.6
2026/04/13 15:06:34.77,IMU,123.54,-20.51,-1007.32,0.40,0.61,-2.27,-40.80,-4.50,-20.85,28.8
2026/04/13 15:06:34.87,IMU,133.79,-12.21,-1013.18,-0.56,1.25,-0.44,-40.95,-4.35,-21.00,28.5
2026/04/13 15:06:34.97,IMU,137.21,-7.81,-1004.39,-1.83,-0.34,2.00,-40.95,-4.35,-21.45,28.6
2026/04/13 15:06:35.07,IMU,133.79,-4.39,-997.07,0.21,-1.97,-0.42,-41.55,-5.25,-21.90,28.8
2026/04/13 15:06:35.17,IMU,143.55,-10.74,-1010.25,0.23,1.04,0.37,-41.25,-5.10,-20.25,28.7
2026/04/13 15:06:35.27,IMU,144.04,-13.18,-1004.88,0.62,0.98,-1.64,-41.10,-4.80,-20.55,28.9
2026/04/13 15:06:35.37,IMU,139.65,-17.58,-999.02,0.22,-0.94,-1.01,-40.65,-4.65,-22.80,28.4
2026/04/13 15:06:35.47,IMU,130.37,-0.49,-978.03,0.61,-4.51,-2.75,-40.65,-3.90,-22.50,28.6
2026/04/13 15:06:35.57,IMU,64.45,-62.99,-879.88,-7.67,-60.54,-4.24,-41.55,-4.80,-10.35,28.6
2026/04/13 15:06:35.67,IMU,20.51,6.35,-1014.16,-0.18,8.49,-0.13,-43.65,-5.25,4.95,28.7
2026/04/13 15:06:35.77,IMU,25.88,22.46,-992.68,-3.02,-27.23,-2.78,-42.60,-5.25,2.85,28.6
2026/04/13 15:06:35.87,IMU,-62.01,-0.49,-1021.00,-1.02,-16.12,-3.43,-50.40,-7.20,33.45,28.6
2026/04/13 15:06:35.97,IMU,-47.85,7.32,-993.65,-0.85,-0.16,-3.79,-56.25,-10.20,54.75,28.7
2026/04/13 15:06:36.07,IMU,-73.73,23.44,-990.23,-3.85,17.55,2.05,-56.10,-10.05,55.65,28.6
2026/04/13 15:06:36.17,IMU,-48.34,17.09,-997.56,4.58,6.60,-2.65,-52.50,-7.50,48.60,28.4
2026/04/13 15:06:36.27,IMU,-6.84,26.37,-1018.55,5.17,10.33,-6.34,-51.45,-7.95,39.60,28.7
2026/04/13 15:06:36.37,IMU,-3.42,10.25,-1036.13,-1.54,14.37,1.72,-46.80,-4.35,17.85,28.8
2026/04/13 15:06:36.47,IMU,22.46,13.67,-1015.63,0.26,1.67,0.02,-45.60,-4.50,10.80,28.6
2026/04/13 15:06:36.57,IMU,-38.09,3.91,-1030.76,0.78,-0.31,2.78,-45.60,-4.50,11.55,28.9
2026/04/13 15:06:36.67,IMU,21.00,5.86,-1016.11,1.41,2.28,-0.31,-45.90,-5.25,9.30,28.6
2026/04/13 15:06:36.77,IMU,21.00,10.74,-1018.07,-1.25,3.79,1.40,-45.15,-6.00,9.00,28.7
2026/04/13 15:06:36.87,IMU,15.14,8.79,-1014.65,1.00,-1.64,1.85,-45.15,-4.80,6.00,28.7
2026/04/13 15:06:36.97,IMU,16.11,21.97,-1007.81,0.92,1.83,-1.18,-45.00,-3.15,5.85,28.7
2026/04/13 15:06:37.08,IMU,13.67,29.30,-1027.34,0.90,0.47,1.95,-45.00,-3.90,5.85,28.6
2026/04/13 15:06:37.18,IMU,15.63,11.23,-1015.63,-0.75,-0.37,-1.88,-45.00,-3.90,6.30,28.7
2026/04/13 15:06:37.28,IMU,4.88,21.48,-1009.28,-0.18,-0.45,-2.12,-45.30,-3.90,6.30,28.4
2026/04/13 15:06:37.38,IMU,12.21,12.21,-1000.49,0.60,0.02,-2.62,-44.85,-4.50,7.50,28.6
2026/04/13 15:06:37.48,IMU,15.14,15.63,-1011.72,-0.03,-1.63,2.08,-45.15,-5.55,8.25,28.6
2026/04/13 15:06:37.58,IMU,10.74,9.77,-964.84,0.14,-0.35,-1.83,-45.00,-5.40,8.40,28.8
2026/04/13 15:06:37.68,IMU,72.27,28.32,-980.47,-0.82,-2.29,-2.56,-45.00,-6.15,8.10,29.0
2026/04/13 15:06:38.50,IMU,42.97,-219.73,-972.17,13.21,-0.73,-5.80,-42.75,-15.75,12.00,28.6
2026/04/13 15:06:38.60,IMU,-3.91,-200.68,-959.47,-5.22,0.23,-1.05,-42.00,-17.55,11.25,28.8
2026/04/13 15:06:38.70,IMU,133.79,-154.30,-1144.53,7.76,-3.69,-3.08,-44.10,-16.20,11.10,28.8
2026/04/13 15:06:38.80,IMU,-39.06,-264.16,-941.41,29.26,-9.60,13.20,-42.60,-20.40,13.35,28.8
2026/04/13 15:06:38.90,IMU,73.24,-287.60,-865.23,13.66,13.18,-3.97,-42.75,-19.50,12.00,28.8
2026/04/13 15:06:39.00,IMU,-104.00,-332.52,-1026.37,10.27,7.07,22.53,-42.00,-22.20,8.70,28.4
2026/04/13 15:06:39.10,IMU,-14.16,-314.45,-911.13,2.65,4.56,1.46,-41.10,-22.65,7.20,28.8
2026/04/13 15:06:39.20,IMU,16.11,-323.73,-897.46,-11.14,-40.43,10.26,-39.90,-21.75,6.60,29.0
2026/04/13 15:06:39.30,IMU,11.23,-354.98,-958.98,-2.05,13.44,-7.44,-38.40,-21.00,5.10,28.7
2026/04/13 15:06:39.41,IMU,22.46,-310.55,-871.09,-0.24,-16.89,8.90,-37.05,-20.40,3.90,28.6
2026/04/13 15:06:39.51,IMU,-34.18,-326.66,-916.99,-7.86,12.20,3.66,-36.90,-21.45,4.05,28.7
2026/04/13 15:06:39.61,IMU,-40.53,-302.73,-1094.73,-52.89,16.66,-14.34,-36.15,-19.80,0.15,28.8
2026/04/13 15:06:39.71,IMU,31.74,-154.30,-1012.21,-34.27,16.34,-1.82,-36.90,-15.75,-10.35,28.9
2026/04/13 15:06:39.81,IMU,83.50,-74.22,-941.41,-21.49,8.31,-2.57,-37.50,-12.45,-11.85,28.9
2026/04/13 15:06:39.91,IMU,105.96,-41.02,-1038.57,-15.46,1.09,-2.69,-37.95,-12.60,-13.80,28.9
2026/04/13 15:06:40.01,IMU,62.99,-40.53,-998.54,-22.34,-5.44,3.14,-0.30,-11.85,-14.55,28.6
2026/04/13 15:06:40.11,IMU,83.01,-21.97,-994.63,-11.24,5.89,7.45,-37.20,-8.85,-14.85,28.4
2026/04/13 15:06:40.21,IMU,74.22,3.91,-1030.76,-11.57,0.62,8.29,-37.05,-9.45,-14.70,29.0
2026/04/13 15:06:40.31,IMU,81.54,-17.09,-1008.79,2.69,0.24,0.39,-37.20,-8.85,-17.10,29.0
2026/04/13 15:06:40.41,IMU,69.34,7.81,-1026.86,6.87,-6.37,1.92,-36.90,-8.85,-15.60,28.7
2026/04/13 15:06:40.51,IMU,32.71,-9.28,-1054.69,8.82,-9.41,11.81,-36.00,-9.00,-15.45,28.5
2026/04/13 15:06:40.61,IMU,6.84,-12.21,-1007.32,7.29,6.82,28.02,-34.35,-10.35,-14.85,29.0
2026/04/13 15:06:40.71,IMU,28.81,-18.07,-978.03,13.65,6.93,9.17,-34.95,-9.75,-15.15,28.7
2026/04/13 15:06:40.81,IMU,50.78,-50.78,-1003.91,-4.85,5.83,8.89,-33.75,-10.95,-12.90,28.8
2026/04/13 15:06:40.91,IMU,64.94,-64.45,-977.05,1.02,3.36,7.64,-33.90,-11.55,-14.85,28.6
2026/04/13 15:06:41.01,IMU,78.12,-83.50,-1043.46,0.79,1.27,-1.61,-33.45,-11.70,-15.45,28.8
2026/04/13 15:06:41.11,IMU,95.21,-80.57,-1021.00,-4.32,3.20,-6.52,-35.25,-11.25,-14.70,28.8
2026/04/13 15:06:41.21,IMU,61.52,-33.69,-978.52,-4.17,0.84,-3.53,-34.65,-10.80,-13.80,28.6
2026/04/13 15:06:41.31,IMU,78.12,-16.11,-1004.39,1.47,-0.31,-1.99,-35.10,-10.80,-15.30,29.0
2026/04/13 15:06:41.41,IMU,53.71,-18.55,-1013.67,4.20,0.70,3.97,-33.90,-10.35,-13.80,28.9
2026/04/13 15:06:41.51,IMU,142.09,-98.63,-999.02,5.99,-1.63,-4.31,-35.10,-10.80,-14.25,29.1
2026/04/13 15:06:41.61,IMU,50.78,-59.08,-1021.97,1.39,0.40,1.13,-35.10,-9.60,-15.60,28.8
2026/04/13 15:06:41.71,IMU,85.45,-66.41,-997.07,3.08,1.42,0.86,-35.25,-11.25,-13.95,29.0
2026/04/13 15:06:41.81,IMU,71.29,-76.66,-1033.20,-0.16,-1.17,-0.66,-33.30,-11.55,-15.30,28.9
2026/04/13 15:06:41.92,IMU,52.25,-102.05,-1041.99,-3.45,-5.42,2.11,-33.90,-11.55,-14.25,28.8
2026/04/13 15:06:42.02,IMU,57.62,-83.01,-1006.84,2.49,-3.04,2.91,-33.45,-12.15,-12.60,28.7
2026/04/13 15:06:42.12,IMU,49.32,-91.80,-1018.07,1.82,-2.85,2.07,-33.30,-12.60,-13.50,28.9
2026/04/13 15:06:42.22,IMU,70.31,-82.03,-992.68,2.76,-6.52,6.00,-34.65,-12.60,-14.55,29.1
2026/04/13 15:06:42.32,IMU,34.67,-65.43,-1025.39,-2.51,-5.56,4.54,-32.85,-11.55,-14.25,28.8
2026/04/13 15:06:42.42,IMU,31.25,-100.59,-1033.69,6.18,-6.69,0.72,-32.85,-12.60,-13.50,28.8
2026/04/13 15:06:42.52,IMU,28.32,-115.72,-1011.72,16.45,8.77,2.05,-31.05,-12.30,-13.80,28.9
2026/04/13 15:06:42.62,IMU,-9.28,-125.49,-1035.16,23.50,-9.02,3.45,-31.95,-13.65,-13.65,29.0
2026/04/13 15:06:42.72,IMU,33.20,-168.95,-971.19,29.38,13.38,2.56,-32.25,-15.90,-12.90,28.8
2026/04/13 15:06:42.82,IMU,48.34,-231.45,-984.38,21.33,-1.83,3.51,-31.20,-18.60,-10.35,29.0
2026/04/13 15:06:42.92,IMU,15.14,-256.84,-1042.97,16.63,-21.86,11.34,-30.30,-19.80,-9.45,29.0
2026/04/13 15:06:43.02,IMU,1.46,-295.41,-979.98,7.86,11.66,0.50,-29.40,-21.60,-9.60,29.1
2026/04/13 15:06:43.12,IMU,-10.25,-302.25,-963.87,28.18,-9.23,5.22,-30.45,-22.65,-9.60,28.7
2026/04/13 15:06:43.22,IMU,-18.55,-362.30,-915.04,27.25,0.79,2.82,-29.25,-24.45,-6.60,28.9
2026/04/13 15:06:43.32,IMU,-28.81,-375.98,-914.55,17.61,-4.55,3.17,-28.65,-26.55,-5.40,28.8
2026/04/13 15:06:43.42,IMU,-47.85,-408.20,-925.78,7.34,-2.44,1.20,-28.20,-25.80,-5.40,28.8
2026/04/13 15:06:43.52,IMU,-37.60,-443.36,-896.00,9.85,-4.63,0.02,-27.90,-26.85,-5.40,28.8
2026/04/13 15:06:43.62,IMU,-31.25,-453.13,-923.83,3.03,-0.72,-0.10,-27.00,-26.25,-5.10,28.7
2026/04/13 15:06:43.72,IMU,-30.76,-437.50,-886.72,-13.80,1.84,-2.02,-30.90,-26.85,-3.15,29.0
2026/04/13 15:06:43.82,IMU,-123.54,-392.58,-1011.72,-18.31,-5.67,-1.37,-29.55,-24.00,-6.90,28.8
2026/04/13 15:06:43.92,IMU,-45.90,-430.66,-1000.00,34.60,2.32,-9.67,-29.25,-25.20,-6.30,28.8
2026/04/13 15:06:44.02,IMU,29.30,-454.10,-868.65,17.01,14.38,-6.23,-31.50,-27.60,-3.15,28.8
2026/04/13 15:06:44.12,IMU,39.06,-475.10,-883.79,17.27,2.70,-0.88,-32.10,-29.70,-2.70,28.8
2026/04/13 15:06:44.22,IMU,55.18,-493.65,-848.14,1.58,6.24,-4.56,-32.10,-28.20,-1.50,28.7
2026/04/13 15:06:44.32,IMU,37.11,-500.00,-907.23,-4.60,-5.27,2.64,-31.20,-29.10,-2.40,28.8
2026/04/13 15:06:44.42,IMU,41.99,-491.70,-874.02,8.39,-3.11,-3.76,-31.05,-29.40,-2.25,28.9
2026/04/13 15:06:44.53,IMU,17.58,-515.14,-899.90,15.25,-12.95,4.31,-32.85,-29.40,-0.90,28.9
2026/04/13 15:06:44.63,IMU,3.91,-549.80,-868.65,15.61,-8.69,4.21,-32.25,-34.05,4.20,28.9
2026/04/13 15:06:44.73,IMU,-41.99,-555.18,-773.44,35.60,-17.38,-3.27,-27.90,-32.55,1.35,28.8
2026/04/13 15:06:44.83,IMU,-0.49,-610.35,-771.00,22.38,3.80,-4.98,-30.90,-33.00,4.95,28.9
2026/04/13 15:06:44.93,IMU,66.89,-657.71,-787.60,16.94,22.11,1.64,-29.40,-35.25,6.45,28.7
2026/04/13 15:06:45.03,IMU,1.46,-665.04,-656.74,10.20,-0.18,8.00,-31.05,-33.90,7.35,28.7
2026/04/13 15:06:45.13,IMU,-21.48,-683.11,-770.51,1.85,-3.29,4.13,-28.05,-33.60,7.65,28.9
2026/04/13 15:06:45.23,IMU,53.22,-694.82,-843.75,32.92,-12.77,6.87,-31.35,-35.40,8.70,29.0
2026/04/13 15:06:45.33,IMU,-53.71,-719.24,-765.14,67.45,1.18,12.95,-26.55,-36.60,11.25,28.6
2026/04/13 15:06:45.43,IMU,-113.77,-800.78,-564.45,75.65,-6.12,8.71,-25.35,-37.95,19.05,28.8
2026/04/13 15:06:45.53,IMU,-121.09,-895.02,-483.40,65.68,-24.85,11.76,-24.60,-38.25,26.25,28.7
2026/04/13 15:06:45.63,IMU,-136.23,-898.44,-305.66,89.95,-29.53,27.69,-25.50,-41.85,36.60,29.1
2026/04/13 15:06:45.73,IMU,-142.58,-956.54,-188.48,98.06,-43.09,29.60,-19.05,-37.50,39.60,29.1
2026/04/13 15:06:45.83,IMU,-361.82,-932.13,-6.35,68.53,-50.87,63.70,-15.90,-35.10,48.15,28.9
2026/04/13 15:06:45.93,IMU,-441.41,-851.07,98.63,75.73,-41.24,66.63,-12.00,-29.10,54.75,29.0
2026/04/13 15:06:46.03,IMU,-564.45,-876.46,324.22,87.94,-48.26,40.67,-8.25,-23.70,64.05,28.7
2026/04/13 15:06:46.13,IMU,-559.57,-812.01,495.12,42.52,-24.47,4.44,-7.35,-18.90,68.85,29.1
2026/04/13 15:06:46.23,IMU,-417.97,-744.63,499.51,1.40,-15.93,28.15,-7.95,-18.60,71.70,29.0
2026/04/13 15:06:46.33,IMU,-598.14,-701.66,410.64,-26.00,-5.69,91.33,-5.85,-15.15,71.70,28.8
2026/04/13 15:06:46.43,IMU,-681.64,-555.66,352.54,-36.32,8.09,93.37,0.45,-14.55,70.80,28.8
2026/04/13 15:06:46.53,IMU,-814.94,-541.50,348.14,-14.44,13.05,89.18,6.90,-11.70,68.55,29.0
2026/04/13 15:06:46.64,IMU,-896.48,-447.27,254.39,-35.50,40.00,65.15,7.65,-9.45,73.20,28.9
2026/04/13 15:06:46.74,IMU,-903.32,-317.38,163.57,-39.42,53.53,54.90,14.85,-5.10,64.65,29.1
2026/04/13 15:06:46.84,IMU,-1024.90,-242.68,94.24,-44.92,58.37,64.81,18.15,-2.40,61.80,28.9
2026/04/13 15:06:46.94,IMU,-962.40,-175.78,66.89,-77.33,84.40,34.29,21.15,-0.15,54.60,28.7
2026/04/13 15:06:47.04,IMU,-1059.57,-102.05,-186.52,-57.93,77.32,30.31,23.55,1.80,48.60,28.8
2026/04/13 15:06:47.14,IMU,-1073.24,23.44,-302.25,-68.34,42.84,43.15,25.20,6.15,41.55,28.9
2026/04/13 15:06:47.25,IMU,-916.02,142.09,-368.16,-60.05,22.54,44.77,25.50,8.10,36.15,28.9
2026/04/13 15:06:47.35,IMU,-916.02,207.03,-391.60,-74.28,28.82,41.01,24.00,13.35,31.50,28.8
2026/04/13 15:06:47.45,IMU,-753.42,342.29,-365.23,-68.24,61.70,39.55,23.85,17.40,28.50,28.8
2026/04/13 15:06:47.55,IMU,-875.49,372.56,-453.61,-77.44,110.66,22.58,19.05,21.90,22.35,28.8
2026/04/13 15:06:47.65,IMU,-730.47,476.56,-565.43,-67.97,102.84,11.86,14.25,25.80,16.95,28.6
2026/04/13 15:06:47.75,IMU,-605.47,519.53,-556.64,-73.56,92.34,-8.37,9.75,30.15,10.95,28.9
2026/04/13 15:06:47.85,IMU,-583.98,600.59,-585.45,-94.69,88.63,-68.89,4.20,30.90,8.70,28.9
2026/04/13 15:06:47.95,IMU,-673.34,568.85,-801.27,-10.31,120.72,-133.99,3.30,26.85,8.55,29.1
2026/04/13 15:06:48.05,IMU,-604.98,184.57,-513.67,50.31,169.42,-145.50,-5.40,16.65,12.90,28.9
2026/04/13 15:06:48.15,IMU,-462.89,349.12,-842.29,56.27,128.66,-112.38,-13.20,8.25,-12.15,28.8
2026/04/13 15:06:48.25,IMU,-303.22,204.10,-905.27,74.21,64.78,-72.73,-22.05,-1.05,-14.70,28.8
2026/04/13 15:06:48.35,IMU,-181.64,-39.55,-989.26,98.12,57.24,-42.02,-32.70,-8.25,-12.90,28.8
2026/04/13 15:06:48.45,IMU,-106.45,-266.11,-1009.28,83.30,35.97,-46.41,-37.95,-13.05,-11.70,29.1
2026/04/13 15:06:48.55,IMU,126.95,-405.76,-918.46,52.15,64.89,-35.92,-47.55,-18.00,-6.60,28.9
2026/04/13 15:06:48.65,IMU,168.95,-410.16,-898.93,62.70,34.24,-5.53,-48.90,-20.40,-1.80,28.9
2026/04/13 15:06:48.75,IMU,204.59,-513.18,-844.73,64.59,-3.47,15.16,-49.20,-24.60,1.35,29.0
2026/04/13 15:06:48.85,IMU,69.82,-651.37,-800.78,45.50,-7.34,24.49,-48.45,-27.60,3.60,28.9
2026/04/13 15:06:48.95,IMU,51.76,-690.43,-731.45,38.53,-23.45,26.37,-44.10,-28.80,5.70,29.1
2026/04/13 15:06:49.05,IMU,65.43,-728.03,-706.05,42.61,-5.80,26.43,-42.60,-33.30,7.80,28.9
2026/04/13 15:06:49.15,IMU,38.09,-779.30,-662.60,53.15,-10.27,35.21,-39.45,-34.35,12.00,28.8
2026/04/13 15:06:49.25,IMU,-81.54,-813.96,-578.13,75.18,-9.27,45.69,-35.25,-36.75,17.25,28.7
2026/04/13 15:06:49.35,IMU,-200.68,-888.67,-383.79,65.28,-12.02,46.05,-30.60,-36.90,23.55,28.7
2026/04/13 15:06:49.45,IMU,-259.28,-941.41,-325.20,64.80,-5.02,36.88,-28.05,-37.35,28.95,28.9
2026/04/13 15:06:49.55,IMU,-339.36,-947.75,-219.24,73.34,-20.97,37.79,-22.35,-37.20,34.20,28.8
2026/04/13 15:06:49.65,IMU,-452.64,-906.74,-62.50,94.77,-41.46,35.08,-19.50,-36.45,41.85,28.8
2026/04/13 15:06:49.76,IMU,-457.03,-854.49,127.93,74.87,-9.86,37.03,-14.25,-31.80,50.40,28.8
2026/04/13 15:06:49.86,IMU,-445.31,-839.36,204.10,61.47,-7.50,47.17,-12.30,-28.95,56.40,28.8
2026/04/13 15:06:49.96,IMU,-526.86,-745.61,319.34,38.99,7.58,66.16,-7.50,-24.45,62.25,28.8
2026/04/13 15:06:50.06,IMU,-720.21,-656.74,320.31,23.30,7.49,97.13,-0.30,-18.60,63.75,29.1
2026/04/13 15:06:50.16,IMU,-870.61,-566.41,341.80,7.47,19.14,79.44,3.90,-14.70,65.55,28.9
2026/04/13 15:06:50.26,IMU,-942.38,-471.68,299.32,8.70,26.32,76.71,10.80,-8.85,65.10,28.8
2026/04/13 15:06:50.36,IMU,-997.56,-273.93,141.60,-14.35,59.28,78.78,16.05,-1.80,66.00,29.1
2026/04/13 15:06:50.46,IMU,-1038.57,-184.57,127.93,-37.77,56.15,81.60,19.50,1.50,58.35,28.8
2026/04/13 15:06:50.56,IMU,-949.71,-66.41,36.13,-49.09,31.05,67.62,23.10,6.00,53.70,28.7
2026/04/13 15:06:50.66,IMU,-1122.07,63.48,-138.18,-85.47,54.93,72.02,25.50,10.80,50.70,28.8
2026/04/13 15:06:50.76,IMU,-959.96,248.05,-198.24,-106.26,86.83,69.64,26.10,14.70,43.95,28.9
2026/04/13 15:06:50.86,IMU,-930.66,363.77,-216.31,-93.61,19.04,44.23,26.85,21.60,36.00,28.9
2026/04/13 15:06:50.96,IMU,-935.55,400.88,-233.40,-57.90,9.04,39.76,26.10,24.60,34.95,28.8
2026/04/13 15:06:51.06,IMU,-898.44,468.26,-279.79,-54.39,67.20,9.03,25.80,28.65,33.60,29.1
2026/04/13 15:06:51.16,IMU,-830.57,521.48,-288.09,-39.21,43.21,-1.31,25.20,29.40,30.75,29.1
2026/04/13 15:06:51.26,IMU,-802.73,525.88,-293.46,-43.82,45.54,-3.85,23.55,29.85,27.75,28.7
2026/04/13 15:06:51.36,IMU,-812.50,494.63,-311.52,-62.86,73.82,-23.53,20.70,29.40,22.05,28.9
2026/04/13 15:06:51.46,IMU,-831.05,473.63,-491.70,-43.84,63.18,-46.59,19.65,28.20,19.65,28.9
2026/04/13 15:06:51.56,IMU,-875.00,438.96,-427.73,-10.11,79.16,-80.85,18.30,23.85,13.65,28.9
2026/04/13 15:06:51.66,IMU,-773.93,260.25,-516.11,-18.03,83.32,-91.35,13.20,14.70,7.20,28.6
2026/04/13 15:06:51.76,IMU,-835.94,224.12,-758.30,-12.17,98.64,-93.35,10.65,9.75,2.85,28.8
2026/04/13 15:06:51.86,IMU,-647.95,170.90,-709.96,25.56,115.49,-75.30,1.20,1.65,-4.80,28.9
2026/04/13 15:06:51.96,IMU,-562.99,-14.16,-951.66,44.56,103.06,-69.17,-9.30,-3.90,-9.15,28.9
2026/04/13 15:06:52.06,IMU,-464.36,-132.81,-1015.14,74.57,98.86,-67.40,-21.30,-12.90,-11.85,28.9
2026/04/13 15:06:52.16,IMU,-30.27,-270.02,-886.72,85.37,44.39,-38.24,-33.45,-16.20,-8.55,28.8
2026/04/13 15:06:52.26,IMU,-17.58,-471.19,-898.44,104.82,12.74,-15.93,-37.50,-22.35,-4.95,29.1
2026/04/13 15:06:52.36,IMU,-27.34,-590.33,-809.57,93.98,-7.27,5.55,-36.90,-29.70,0.15,28.9
2026/04/13 15:06:52.47,IMU,-62.01,-699.71,-648.44,64.61,-7.86,10.79,-35.40,-32.70,6.30,28.8
2026/04/13 15:06:52.57,IMU,-103.52,-784.18,-644.53,67.80,-11.69,12.49,-33.90,-34.35,11.70,29.1
2026/04/13 15:06:52.67,IMU,-190.92,-861.82,-488.28,64.27,-14.67,7.22,-33.00,-36.75,15.75,29.0
2026/04/13 15:06:52.77,IMU,-202.64,-945.31,-392.58,31.32,-2.71,4.09,-32.85,-39.15,23.25,28.6
2026/04/13 15:06:52.87,IMU,-201.66,-942.87,-391.60,23.58,-1.40,5.24,-31.50,-39.45,23.10,29.1
2026/04/13 15:06:52.97,IMU,-201.66,-926.27,-368.16,13.41,-4.02,-1.45,-30.15,-38.25,24.90,28.8
2026/04/13 15:06:53.07,IMU,-230.47,-945.31,-333.01,12.89,-2.65,-0.47,-29.25,-39.15,25.80,29.1
2026/04/13 15:06:53.17,IMU,-193.85,-937.01,-333.50,12.28,-4.68,-0.82,-29.55,-38.85,27.15,28.8
2026/04/13 15:06:53.27,IMU,-209.96,-941.41,-302.25,14.85,0.14,5.33,-28.80,-37.65,27.15,28.9
2026/04/13 15:06:53.37,IMU,-229.00,-933.11,-298.34,18.26,-11.85,16.47,-28.50,-38.85,27.90,28.8
2026/04/13 15:06:53.47,IMU,-265.14,-943.36,-276.86,60.15,-23.95,10.62,-28.95,-37.95,32.70,29.0
2026/04/13 15:06:53.57,IMU,-301.27,-993.16,-100.59,75.22,1.92,-6.40,-28.05,-37.35,39.45,28.8
2026/04/13 15:06:53.67,IMU,-214.36,-991.70,26.86,55.23,-4.40,4.08,-27.30,-36.15,45.15,28.8
2026/04/13 15:06:53.77,IMU,-202.64,-913.09,173.83,61.92,-15.70,30.71,-28.20,-36.00,50.40,29.1
2026/04/13 15:06:53.87,IMU,-329.59,-934.08,277.83,63.24,-9.68,37.87,-22.80,-29.10,56.55,28.7
2026/04/13 15:06:53.97,IMU,-385.74,-851.56,340.82,66.34,2.89,38.66,-19.50,-26.85,61.35,29.0
2026/04/13 15:06:54.07,IMU,-454.10,-701.66,423.34,47.67,10.95,58.59,-15.45,-24.30,64.95,28.8
2026/04/13 15:06:54.17,IMU,-592.29,-740.23,507.32,30.40,20.27,53.37,-9.75,-18.75,69.75,29.0
2026/04/13 15:06:54.27,IMU,-637.21,-624.51,475.59,20.12,13.33,48.83,-5.25,-16.80,70.80,28.8
2026/04/13 15:06:54.37,IMU,-631.84,-605.47,490.72,8.03,21.50,51.73,-2.25,-12.30,71.25,28.9
2026/04/13 15:06:54.47,IMU,-794.43,-536.62,487.30,-16.55,47.62,54.29,3.45,-8.85,71.25,28.9
2026/04/13 15:06:54.57,IMU,-919.43,-433.11,354.00,-38.40,45.51,57.76,8.25,-9.60,67.20,29.1
2026/04/13 15:06:54.67,IMU,-911.62,-343.75,229.49,-38.73,35.32,65.58,13.20,-8.25,62.40,29.0
2026/04/13 15:06:54.77,IMU,-969.73,-291.99,150.88,-41.17,42.15,71.24,15.60,-5.10,59.25,28.8
2026/04/13 15:06:54.87,IMU,-1067.87,-177.25,106.93,-33.74,31.96,56.02,22.20,-1.65,55.35,29.0
2026/04/13 15:06:54.97,IMU,-1079.10,-142.09,5.37,-34.89,27.79,41.83,23.55,1.80,53.40,29.1
2026/04/13 15:06:55.08,IMU,-1030.27,-42.97,-40.04,-15.13,17.17,26.66,26.55,5.40,51.00,28.9
2026/04/13 15:06:55.18,IMU,-1051.76,8.79,-68.36,-11.79,14.47,23.74,26.10,5.25,49.05,28.7
2026/04/13 15:06:55.28,IMU,-1018.55,58.11,-55.18,-8.52,7.66,21.91,25.20,8.85,48.45,29.0
2026/04/13 15:06:55.38,IMU,-1035.64,112.30,-77.64,-14.41,8.76,31.22,28.65,9.00,46.80,28.9
2026/04/13 15:06:55.48,IMU,-1035.64,161.62,-123.54,-52.41,56.62,9.92,28.20,10.20,46.50,29.1
2026/04/13 15:06:55.58,IMU,-935.06,214.84,-202.15,-74.44,36.52,8.47,28.20,10.20,41.40,29.0
2026/04/13 15:06:55.68,IMU,-878.91,268.07,-174.32,-76.12,32.90,36.28,27.75,11.85,38.40,28.8
2026/04/13 15:06:55.79,IMU,-881.84,383.30,-188.96,-70.05,37.16,61.35,26.85,18.15,31.35,29.0
2026/04/13 15:06:55.89,IMU,-975.59,444.82,-229.00,-72.24,81.19,43.83,25.80,22.95,29.40,28.8
2026/04/13 15:06:55.99,IMU,-889.65,522.95,-352.54,-76.22,101.36,-0.73,22.05,29.10,24.15,28.7
2026/04/13 15:06:56.09,IMU,-774.41,564.94,-316.41,-80.84,135.41,-49.86,18.45,26.70,14.55,29.0
2026/04/13 15:06:56.19,IMU,-684.08,573.24,-404.30,-80.92,45.44,-35.13,15.00,26.85,9.30,29.0
2026/04/13 15:06:56.29,IMU,-710.94,550.29,-494.63,-42.29,43.51,-14.27,14.10,27.90,10.20,29.0
2026/04/13 15:06:56.39,IMU,-805.66,594.73,-561.52,-32.08,111.42,-25.62,11.10,30.45,6.90,29.0
2026/04/13 15:06:56.49,IMU,-775.39,509.28,-612.79,10.77,91.92,-50.01,5.70,26.70,1.95,28.9
2026/04/13 15:06:56.59,IMU,-656.74,419.43,-588.87,11.84,143.91,-66.40,-2.55,20.85,-6.75,29.0
2026/04/13 15:06:56.69,IMU,-457.03,373.05,-866.70,12.34,104.58,-56.73,-12.30,17.25,-12.00,28.9
2026/04/13 15:06:56.79,IMU,-368.16,329.10,-899.41,38.56,86.89,-46.12,-23.10,13.95,-13.65,28.9
2026/04/13 15:06:56.89,IMU,-158.69,237.30,-832.03,45.73,92.39,-35.14,-32.10,8.10,-12.00,29.1
2026/04/13 15:06:56.99,IMU,-60.06,85.94,-1042.48,47.77,84.91,-27.49,-40.95,3.90,-12.00,28.9
2026/04/13 15:06:57.09,IMU,39.55,84.47,-994.14,65.87,106.82,-18.18,-46.35,0.00,-9.00,29.0
2026/04/13 15:06:57.19,IMU,169.43,-106.45,-978.52,70.53,78.15,-8.37,-53.70,-4.50,-4.95,28.6
2026/04/13 15:06:57.29,IMU,350.10,-119.14,-987.79,75.39,85.25,1.63,-58.20,-8.85,-0.90,29.1
2026/04/13 15:06:57.39,IMU,316.41,-320.31,-876.95,90.74,59.18,5.51,-63.00,-13.35,5.85,28.9
2026/04/13 15:06:57.49,IMU,477.05,-452.64,-716.31,83.44,50.39,15.05,-64.80,-16.80,14.55,29.1
2026/04/13 15:06:57.59,IMU,586.43,-519.04,-544.92,65.45,59.53,8.95,-67.20,-20.10,21.90,28.8
2026/04/13 15:06:57.69,IMU,540.04,-614.75,-500.00,54.55,55.88,9.67,-66.30,-22.20,29.40,28.9
2026/04/13 15:06:57.79,IMU,627.44,-657.71,-337.40,35.66,48.00,20.40,-67.65,-21.90,38.25,29.1
2026/04/13 15:06:57.89,IMU,595.70,-752.44,-298.83,39.66,39.90,51.63,-66.00,-25.20,48.45,29.1
2026/04/13 15:06:57.99,IMU,438.48,-866.21,-271.97,49.44,42.50,56.27,-64.35,-25.80,52.65,29.0
2026/04/13 15:06:58.09,IMU,387.21,-892.58,-261.23,73.41,53.75,38.98,-57.30,-27.60,60.90,29.0
2026/04/13 15:06:58.20,IMU,464.84,-903.32,100.59,51.51,11.60,53.38,-52.35,-27.00,66.15,28.8
2026/04/13 15:06:58.30,IMU,248.54,-902.34,138.18,56.65,1.08,82.61,-45.75,-25.95,73.05,28.6
2026/04/13 15:06:58.40,IMU,262.21,-927.25,408.20,32.83,17.66,72.25,-41.10,-26.55,74.70,29.1
2026/04/13 15:06:58.50,IMU,121.58,-933.59,326.66,5.65,11.48,57.57,-35.10,-23.25,77.40,28.9
2026/04/13 15:06:58.60,IMU,-72.27,-987.30,354.49,18.12,-8.10,38.99,-28.80,-23.70,70.50,29.1
2026/04/13 15:06:58.70,IMU,-16.11,-962.40,388.67,5.65,4.02,35.89,-25.50,-22.50,70.50,28.7
2026/04/13 15:06:58.80,IMU,-122.56,-949.22,367.19,-31.70,9.76,62.37,-21.15,-23.70,68.70,28.9
2026/04/13 15:06:58.90,IMU,-283.69,-900.39,268.07,-53.64,-0.67,77.17,-15.45,-24.60,67.80,29.1
2026/04/13 15:06:59.00,IMU,-483.40,-932.13,114.75,-51.63,3.24,67.74,-10.05,-24.75,70.50,28.7
2026/04/13 15:06:59.10,IMU,-524.41,-937.50,79.10,-44.28,17.97,43.40,-6.90,-24.60,68.10,28.9
2026/04/13 15:06:59.20,IMU,-593.75,-857.91,-12.70,-42.04,-19.87,60.44,-5.25,-25.20,67.65,28.9
2026/04/13 15:06:59.30,IMU,-598.14,-763.67,-49.32,-61.73,-5.40,40.30,-3.60,-25.35,72.45,29.0
2026/04/13 15:06:59.40,IMU,-706.54,-695.80,-155.76,-69.79,28.53,42.40,-0.60,-22.65,68.10,28.6
2026/04/13 15:06:59.50,IMU,-695.31,-625.49,-234.86,-89.28,32.00,69.20,4.20,-21.00,62.85,29.1
2026/04/13 15:06:59.60,IMU,-801.27,-332.03,-292.97,-118.92,-13.96,105.56,9.00,-16.80,55.65,28.7
2026/04/13 15:06:59.70,IMU,-900.88,-177.73,-500.00,-126.28,-4.12,71.50,15.45,-6.45,44.25,29.1
2026/04/13 15:06:59.80,IMU,-940.43,28.32,-583.50,-125.55,13.17,71.11,21.60,0.30,27.30,28.7
2026/04/13 15:06:59.90,IMU,-961.91,134.28,-516.60,-91.82,-1.66,29.20,22.80,7.20,23.70,28.7
2026/04/13 15:07:00.00,IMU,-899.90,232.91,-494.63,-55.47,17.50,-0.20,22.95,11.10,21.75,28.8
2026/04/13 15:07:00.10,IMU,-870.12,307.13,-449.22,-49.33,12.95,-3.40,22.50,11.10,18.45,28.8
2026/04/13 15:07:00.20,IMU,-881.35,309.57,-429.20,-56.59,28.08,-9.11,22.80,13.20,19.35,28.9
2026/04/13 15:07:00.30,IMU,-918.46,338.87,-426.27,-65.69,33.33,-29.94,23.25,12.60,16.35,28.9
2026/04/13 15:07:00.40,IMU,-888.18,369.14,-377.93,-76.79,-2.40,-18.76,20.10,14.70,14.40,29.0
2026/04/13 15:07:00.50,IMU,-938.96,302.73,-309.08,-66.38,18.76,-34.14,19.95,14.85,14.85,29.1
2026/04/13 15:07:00.60,IMU,-809.08,351.56,-472.17,-49.46,46.17,-46.52,20.40,12.60,11.70,29.0
2026/04/13 15:07:00.70,IMU,-868.16,287.60,-561.04,-37.14,72.52,-61.18,15.15,11.10,6.90,28.7
2026/04/13 15:07:00.81,IMU,-818.36,198.73,-582.03,-3.92,112.93,-68.63,9.15,5.25,-0.30,28.9
2026/04/13 15:07:00.91,IMU,-660.16,112.30,-758.79,19.57,119.47,-64.67,-0.90,2.70,-6.90,29.0
2026/04/13 15:07:01.01,IMU,-574.22,8.79,-841.31,40.05,111.78,-62.56,-11.55,-4.65,-9.90,29.1
2026/04/13 15:07:01.11,IMU,-435.06,-121.09,-983.89,81.47,183.47,-51.44,-26.25,-8.40,-11.25,28.9
2026/04/13 15:07:01.21,IMU,-179.69,-336.43,-961.91,107.70,106.63,-28.70,-38.55,-16.95,-6.75,28.9
2026/04/13 15:07:01.31,IMU,93.75,-432.13,-889.16,76.06,46.10,10.10,-46.65,-23.40,-0.30,28.9
2026/04/13 15:07:01.41,IMU,90.82,-551.27,-934.08,57.60,67.66,5.90,-48.30,-25.95,5.85,28.9
2026/04/13 15:07:01.51,IMU,259.28,-621.58,-548.34,68.00,64.67,13.50,-49.65,-27.60,11.85,28.9
2026/04/13 15:07:01.61,IMU,319.34,-729.00,-559.57,66.69,77.23,28.83,-52.35,-30.45,19.65,28.9
2026/04/13 15:07:01.71,IMU,274.41,-787.11,-572.75,82.53,16.16,39.08,-48.30,-33.15,25.80,28.7
2026/04/13 15:07:01.81,IMU,254.39,-871.09,-386.72,87.92,42.63,40.52,-45.60,-34.80,32.40,29.0
2026/04/13 15:07:01.91,IMU,213.38,-953.13,-103.52,62.91,47.00,43.26,-44.85,-36.45,43.65,28.9
2026/04/13 15:07:02.01,IMU,158.20,-989.26,-70.80,40.68,8.69,64.95,-36.00,-34.05,43.95,29.1
2026/04/13 15:07:02.11,IMU,-17.58,-983.89,-29.79,15.72,10.41,98.83,-27.75,-33.60,48.15,29.1
2026/04/13 15:07:02.21,IMU,-289.06,-995.61,-15.14,-15.58,-10.63,92.40,-19.65,-35.10,47.40,28.9
2026/04/13 15:07:02.31,IMU,-393.55,-932.13,-117.68,-35.17,-22.34,74.06,-12.45,-31.80,48.30,29.1
2026/04/13 15:07:02.41,IMU,-445.80,-864.26,-134.28,-22.79,-42.06,72.31,-7.65,-31.80,46.50,29.0
2026/04/13 15:07:02.51,IMU,-544.43,-781.25,-112.30,-4.25,-35.79,84.11,-2.25,-28.20,47.70,28.8
2026/04/13 15:07:02.61,IMU,-702.64,-756.35,-1.46,-14.40,-33.96,79.19,3.90,-23.85,46.80,28.7
2026/04/13 15:07:02.71,IMU,-780.27,-643.55,-123.05,-40.63,-18.02,45.82,7.80,-21.00,47.10,29.0
2026/04/13 15:07:02.81,IMU,-602.05,96.68,-84.96,-62.22,14.46,52.05,9.75,-20.55,45.90,28.7
2026/04/13 15:07:02.91,IMU,-953.61,-544.92,-308.11,-54.97,-6.60,44.21,10.80,-19.50,44.55,28.9
2026/04/13 15:07:03.01,IMU,-853.52,-378.42,-242.19,-48.60,-43.91,62.77,16.65,-13.80,41.25,28.9
2026/04/13 15:07:03.11,IMU,-993.16,-254.39,-162.11,-47.34,-21.23,67.62,19.95,-10.05,38.70,28.9
2026/04/13 15:07:03.21,IMU,-1004.88,-142.58,-132.81,-41.75,-16.92,70.64,23.70,-5.10,39.75,28.6
2026/04/13 15:07:03.32,IMU,-1078.13,-0.98,-204.59,-72.02,-1.84,62.67,25.35,0.00,38.55,28.9
2026/04/13 15:07:03.42,IMU,-1051.27,127.44,-195.80,-89.27,9.71,42.91,26.85,4.05,37.50,28.9
2026/04/13 15:07:03.52,IMU,-933.59,237.30,-161.62,-109.75,8.63,5.05,26.40,6.00,33.45,29.0
2026/04/13 15:07:03.62,IMU,-1017.58,148.44,-214.84,-105.26,27.50,-19.83,26.85,5.55,30.90,28.7
2026/04/13 15:07:03.72,IMU,-1143.55,102.05,-290.53,-103.27,114.08,-64.27,25.20,2.70,27.60,28.9
2026/04/13 15:07:03.82,IMU,-901.37,98.63,-456.54,-69.03,100.93,-89.08,16.50,-2.25,13.65,29.0
2026/04/13 15:07:03.92,IMU,-781.74,40.04,-457.03,-50.27,16.43,-52.42,7.95,-7.20,10.35,28.9
2026/04/13 15:07:04.02,IMU,-832.52,-15.63,-609.86,-43.73,102.75,-47.06,5.10,-5.25,1.05,29.1
2026/04/13 15:07:04.12,IMU,-779.79,-40.04,-674.32,-17.81,163.42,-66.05,-6.30,-6.60,2.70,29.0
2026/04/13 15:07:04.22,IMU,-562.50,-116.21,-798.83,8.74,118.70,-73.34,-20.10,-7.95,4.20,29.1
2026/04/13 15:07:04.32,IMU,-361.82,-138.18,-895.02,-3.63,46.25,-41.08,-30.90,-10.20,5.70,28.7
2026/04/13 15:07:04.42,IMU,-251.95,-155.27,-980.47,-28.35,66.79,-16.15,-35.10,-10.35,5.55,29.0
2026/04/13 15:07:04.52,IMU,-101.07,-172.36,-1190.92,7.95,84.86,-19.89,-43.05,-8.25,7.20,28.9
2026/04/13 15:07:04.62,IMU,102.05,-231.45,-1046.88,57.55,81.48,-10.24,-52.20,-9.45,9.60,29.0
2026/04/13 15:07:04.72,IMU,224.61,-313.48,-902.34,67.33,86.88,-2.53,-60.15,-14.55,17.10,29.1
2026/04/13 15:07:04.82,IMU,313.96,-399.41,-769.04,77.75,97.73,8.62,-65.10,-18.15,22.35,28.8
2026/04/13 15:07:04.92,IMU,477.54,-492.68,-729.00,71.44,88.62,12.02,-68.55,-20.55,30.00,29.1
2026/04/13 15:07:05.02,IMU,562.50,-614.26,-531.25,106.98,122.19,43.05,-65.10,-23.10,31.65,28.7
2026/04/13 15:07:05.12,IMU,633.79,-805.18,-347.66,118.85,22.08,106.36,-57.90,-28.20,31.50,28.9
2026/04/13 15:07:05.22,IMU,347.66,-868.16,-79.10,87.01,-23.17,101.18,-50.10,-30.45,37.35,29.0
2026/04/13 15:07:05.32,IMU,192.38,-917.97,10.74,90.70,7.47,109.21,-41.10,-31.80,43.95,29.0
2026/04/13 15:07:05.42,IMU,1.95,-965.82,75.20,69.98,-0.98,111.11,-33.60,-31.65,51.30,29.0
2026/04/13 15:07:05.52,IMU,-273.44,-964.84,205.57,62.09,-1.59,126.40,-22.35,-30.30,56.25,29.0
2026/04/13 15:07:05.62,IMU,-531.74,-851.07,269.53,39.10,14.28,122.74,-14.10,-25.20,62.55,28.8
2026/04/13 15:07:05.72,IMU,-635.25,-837.40,330.08,-9.56,16.86,88.56,-5.40,-20.40,64.20,29.0
2026/04/13 15:07:05.82,IMU,-769.53,-667.48,200.20,-23.50,-40.47,77.44,1.05,-16.95,63.45,29.0
2026/04/13 15:07:05.92,IMU,-823.73,-601.07,331.54,-49.66,10.43,63.26,4.95,-15.75,64.35,29.0
2026/04/13 15:07:06.03,IMU,-886.72,-588.38,270.02,-39.87,-15.68,60.71,6.75,-14.55,60.75,29.0
2026/04/13 15:07:06.13,IMU,-893.07,-476.56,199.71,-42.53,3.31,67.39,9.30,-13.35,59.25,28.8
2026/04/13 15:07:06.23,IMU,-973.14,-431.64,122.07,-35.56,-0.88,49.95,12.30,-12.60,57.90,29.0
2026/04/13 15:07:06.33,IMU,-975.59,-323.73,85.94,-24.65,5.64,55.69,15.75,-10.20,55.50,28.7
2026/04/13 15:07:06.43,IMU,-961.91,-244.14,46.88,-34.32,23.93,72.31,19.20,-7.65,53.55,29.0
2026/04/13 15:07:06.53,IMU,-1014.65,-83.01,-1.95,-53.24,31.08,71.16,22.80,-1.80,50.85,29.0
2026/04/13 15:07:06.63,IMU,-1151.37,2.93,-45.41,-62.53,42.65,54.24,25.35,1.05,46.80,29.0
2026/04/13 15:07:06.73,IMU,-1076.17,93.26,-185.06,-70.29,45.89,31.45,27.30,5.85,40.95,28.7
2026/04/13 15:07:06.83,IMU,-1014.65,117.19,-239.75,-67.51,53.01,9.90,28.20,7.20,34.65,28.9
2026/04/13 15:07:06.93,IMU,-925.78,192.38,-200.20,-45.41,15.05,19.18,26.55,6.90,31.20,28.8
2026/04/13 15:07:07.03,IMU,-951.17,219.24,-278.32,-32.39,11.37,29.02,26.55,9.60,28.65,28.8
2026/04/13 15:07:07.13,IMU,-940.43,256.35,-277.83,-29.10,28.85,11.48,26.85,12.45,27.30,28.9
2026/04/13 15:07:07.23,IMU,-919.92,264.16,-305.18,-24.79,27.91,3.13,26.10,13.65,26.70,28.8
2026/04/13 15:07:07.33,IMU,-897.46,280.27,-346.19,-21.43,12.52,1.04,25.65,13.65,22.65,29.0
2026/04/13 15:07:07.43,IMU,-938.96,339.84,-355.47,-11.34,9.99,0.05,23.70,15.30,22.05,28.9
2026/04/13 15:07:07.53,IMU,-914.06,336.91,-342.29,-2.43,9.27,-10.36,24.60,13.95,21.15,29.0
2026/04/13 15:07:07.63,IMU,-832.52,308.59,-343.75,-15.22,9.47,3.87,24.60,14.70,21.90,29.0
2026/04/13 15:07:07.73,IMU,-938.48,326.66,-385.25,-31.06,58.61,-21.67,23.55,15.90,18.75,28.9
2026/04/13 15:07:07.83,IMU,-896.48,321.78,-499.51,-27.71,66.40,-23.15,21.30,13.65,15.15,28.9
2026/04/13 15:07:07.93,IMU,-797.36,291.02,-495.12,-23.40,39.98,-2.11,18.00,13.65,10.35,28.7
2026/04/13 15:07:08.03,IMU,-747.56,344.73,-617.68,-23.35,51.65,1.66,15.90,13.05,6.90,29.0
2026/04/13 15:07:08.13,IMU,-826.17,330.57,-693.85,-20.46,175.19,-33.11,9.00,13.80,2.25,28.9
2026/04/13 15:07:08.23,IMU,-345.70,353.03,-776.37,-9.77,152.34,-17.33,-8.70,11.70,-7.50,28.9
2026/04/13 15:07:08.33,IMU,-162.60,338.38,-790.53,-22.96,82.06,-16.73,-21.45,8.40,-12.45,28.7
2026/04/13 15:07:08.43,IMU,-172.85,358.40,-791.50,-55.33,20.75,-28.66,-25.50,13.80,-14.25,29.0
2026/04/13 15:07:08.53,IMU,-196.29,469.24,-902.83,-57.41,14.06,-33.63,-25.65,16.95,-13.35,28.7
2026/04/13 15:07:08.64,IMU,-151.37,583.01,-864.75,-34.89,12.21,-28.06,-26.25,22.50,-12.00,29.1
2026/04/13 15:07:08.74,IMU,-145.02,606.93,-941.41,0.40,36.79,-10.60,-26.25,24.45,-11.70,28.9
2026/04/13 15:07:08.84,IMU,-137.70,552.25,-1053.22,67.79,111.35,-0.31,-31.50,20.85,-12.90,28.9
2026/04/13 15:07:08.94,IMU,49.80,403.32,-974.12,115.53,140.84,8.13,-42.45,11.10,-14.25,29.0
2026/04/13 15:07:09.04,IMU,157.23,242.68,-878.91,104.37,49.50,19.38,-51.30,-0.15,-10.50,28.6
2026/04/13 15:07:09.14,IMU,375.49,12.21,-916.50,63.85,70.69,1.49,-57.00,-4.80,-5.40,29.1
2026/04/13 15:07:09.24,IMU,524.90,-14.65,-856.93,67.41,66.75,13.37,-59.55,-9.00,-1.80,28.9
2026/04/13 15:07:09.34,IMU,577.64,-180.66,-793.95,72.00,62.53,29.98,-63.15,-13.65,4.95,28.6
2026/04/13 15:07:09.44,IMU,643.55,-270.02,-643.07,80.66,20.09,30.32,-63.60,-16.95,10.35,28.7
2026/04/13 15:07:09.54,IMU,609.38,-457.52,-621.58,69.85,-9.01,41.74,-61.80,-22.35,13.65,28.9
2026/04/13 15:07:09.64,IMU,581.54,-553.71,-550.29,74.04,-17.18,47.11,-59.55,-26.85,17.25,29.1
2026/04/13 15:07:09.74,IMU,419.43,-713.38,-538.57,72.34,-31.96,44.71,-53.70,-29.85,19.35,28.8
2026/04/13 15:07:09.84,IMU,373.05,-759.28,-495.12,79.09,-85.29,78.77,-50.10,-31.95,22.50,29.0
2026/04/13 15:07:09.94,IMU,225.59,-856.45,-366.21,89.40,-90.72,87.29,-42.60,-36.00,25.95,28.9
2026/04/13 15:07:10.04,IMU,-29.79,-925.29,-296.88,74.57,-57.10,73.01,-35.55,-36.00,31.65,28.8
2026/04/13 15:07:10.14,IMU,-85.45,-955.57,-166.99,67.27,-35.88,53.63,-28.50,-36.60,37.65,29.1
2026/04/13 15:07:10.24,IMU,-240.72,-952.64,119.14,63.56,-52.92,68.74,-22.80,-34.80,44.25,29.0
2026/04/13 15:07:10.34,IMU,-333.01,-944.34,103.03,27.46,-26.50,56.66,-20.40,-34.35,49.50,28.6
2026/04/13 15:07:10.44,IMU,-475.10,-959.96,208.98,23.85,17.71,70.31,-14.85,-31.20,52.80,28.8
2026/04/13 15:07:10.54,IMU,-545.90,-803.22,111.33,17.66,3.90,78.75,-10.35,-28.20,54.90,28.9
2026/04/13 15:07:10.64,IMU,-682.62,-693.36,174.80,27.79,-17.73,98.05,-3.30,-22.65,57.75,28.9
2026/04/13 15:07:10.74,IMU,-841.80,-600.10,265.14,18.71,7.52,73.42,3.00,-19.05,60.00,28.9
2026/04/13 15:07:10.84,IMU,-887.21,-554.69,279.30,-0.05,-6.62,60.54,6.90,-14.40,62.70,28.9
2026/04/13 15:07:10.94,IMU,-683.11,-428.22,315.43,-26.49,21.09,48.86,10.80,-12.30,59.25,28.8
2026/04/13 15:07:11.05,IMU,-883.30,-382.81,228.03,-27.40,8.73,58.20,10.95,-10.20,63.45,28.7
2026/04/13 15:07:11.15,IMU,-948.73,-311.04,135.74,-28.52,4.02,54.17,17.10,-6.90,56.40,28.7
2026/04/13 15:07:11.25,IMU,-1026.86,-258.30,149.41,-31.28,-0.06,40.53,19.95,-5.10,55.65,29.1
2026/04/13 15:07:11.35,IMU,-1026.37,-174.32,150.39,-34.60,24.31,17.03,20.40,-4.35,54.60,29.1
2026/04/13 15:07:11.45,IMU,-947.75,-115.72,46.88,-36.39,35.01,33.76,21.15,-3.90,52.05,28.9
2026/04/13 15:07:11.55,IMU,-1100.59,-96.19,43.46,-50.27,42.53,55.96,23.70,-0.45,49.20,28.7
2026/04/13 15:07:11.65,IMU,-1062.01,7.81,-93.75,-48.45,31.38,41.05,26.85,1.80,43.20,29.0
2026/04/13 15:07:11.75,IMU,-1163.57,37.60,-184.57,-45.21,49.89,18.62,27.15,3.30,40.35,28.8
2026/04/13 15:07:11.85,IMU,-956.05,95.21,-342.29,-58.86,58.89,21.66,30.30,4.65,31.50,28.9
2026/04/13 15:07:11.95,IMU,-935.06,123.54,-365.23,-65.68,68.92,-1.18,26.55,7.35,25.35,28.7
2026/04/13 15:07:12.05,IMU,-903.32,284.18,-575.68,-55.73,66.82,-0.13,22.35,6.45,22.65,28.8
2026/04/13 15:07:12.15,IMU,-819.34,259.77,-548.83,-45.22,68.02,-13.82,21.60,8.25,11.55,29.0
2026/04/13 15:07:12.25,IMU,-744.14,250.00,-588.38,-33.02,40.19,-10.84,17.55,8.70,7.20,29.0
2026/04/13 15:07:12.35,IMU,-752.93,276.37,-607.91,-32.67,49.13,-16.40,16.05,10.50,4.65,28.8
2026/04/13 15:07:12.45,IMU,-584.47,296.39,-805.18,-33.29,102.99,-21.21,10.05,10.05,-0.45,28.7
2026/04/13 15:07:12.55,IMU,-569.82,287.60,-812.01,18.59,90.05,-19.99,4.65,7.50,-5.40,28.8
2026/04/13 15:07:12.65,IMU,-441.89,214.84,-908.20,9.30,48.40,7.18,-4.65,7.20,-11.55,28.6
2026/04/13 15:07:12.75,IMU,-379.88,220.70,-939.94,18.46,70.96,-3.76,-10.05,5.10,-13.05,29.1
2026/04/13 15:07:12.85,IMU,-222.66,227.05,-908.69,14.19,95.03,-17.39,-17.70,2.70,-16.35,28.9
2026/04/13 15:07:12.95,IMU,-77.15,178.22,-932.13,2.51,68.69,-16.56,-25.20,1.20,-16.35,29.0
2026/04/13 15:07:13.06,IMU,62.01,203.13,-979.49,-7.76,70.79,-15.92,-32.10,-0.45,-15.30,28.9
2026/04/13 15:07:13.16,IMU,166.99,233.40,-984.38,-9.82,52.98,-8.34,-39.00,2.55,-16.50,29.0
2026/04/13 15:07:13.26,IMU,254.39,233.89,-979.98,-18.71,48.56,-10.81,-42.45,1.65,-16.35,29.0
2026/04/13 15:07:13.36,IMU,334.96,271.97,-981.93,13.66,53.29,-5.18,-46.80,4.35,-14.55,28.8
2026/04/13 15:07:13.46,IMU,415.53,193.85,-937.99,63.78,77.47,10.57,-52.20,0.75,-12.60,28.8
2026/04/13 15:07:13.56,IMU,517.58,73.24,-929.20,94.13,55.08,30.65,-56.25,-5.55,-10.35,29.0
2026/04/13 15:07:13.66,IMU,635.25,-97.66,-670.90,94.15,50.14,40.15,-59.55,-13.95,-2.40,28.7
2026/04/13 15:07:13.76,IMU,676.27,-253.42,-575.68,67.11,55.87,35.96,-61.95,-21.00,4.80,28.8
2026/04/13 15:07:13.86,IMU,686.04,-399.90,-666.50,57.57,-20.35,33.75,-58.05,-23.40,9.30,29.0
2026/04/13 15:07:13.96,IMU,619.14,-450.68,-591.80,55.39,-12.15,44.28,-56.40,-28.65,12.00,28.9
2026/04/13 15:07:14.06,IMU,601.56,-579.10,-565.43,70.73,-9.31,46.39,-52.35,-31.95,14.55,28.7
2026/04/13 15:07:14.16,IMU,507.81,-712.40,-458.98,77.18,-25.48,59.30,-48.15,-33.30,21.15,28.9
2026/04/13 15:07:14.26,IMU,361.33,-808.11,-458.50,85.25,-13.46,59.39,-45.30,-35.85,26.85,28.9
2026/04/13 15:07:14.36,IMU,311.52,-906.25,-267.58,73.45,-16.29,64.55,-37.95,-36.90,34.35,28.9
2026/04/13 15:07:14.46,IMU,313.48,-949.22,-94.24,46.24,-2.66,63.35,-33.75,-36.00,40.05,28.7
2026/04/13 15:07:14.56,IMU,165.53,-987.79,-78.12,22.81,-1.20,51.19,-28.50,-35.10,42.30,28.8
2026/04/13 15:07:14.66,IMU,-83.50,-1029.30,-132.32,10.51,0.05,39.86,-23.70,-33.90,44.55,28.8
2026/04/13 15:07:14.76,IMU,-27.34,-1025.39,-69.34,8.04,-2.63,35.66,-22.05,-34.80,43.95,28.9
2026/04/13 15:07:14.86,IMU,-121.58,-981.45,-47.85,2.34,-19.80,50.66,-18.75,-32.55,46.20,28.8
2026/04/13 15:07:14.96,IMU,-248.54,-956.05,-71.29,-15.24,-21.81,76.26,-13.20,-31.80,46.80,29.1
2026/04/13 15:07:15.06,IMU,-341.80,-948.24,-99.61,-14.75,-21.66,55.78,-7.35,-30.75,45.45,29.1
2026/04/13 15:07:15.16,IMU,-439.45,-938.96,-167.97,-6.08,-3.01,47.74,-2.55,-26.85,45.45,28.7
2026/04/13 15:07:15.27,IMU,-475.10,-875.98,-101.07,-0.70,-12.95,32.08,-0.30,-26.85,44.25,29.0
2026/04/13 15:07:15.37,IMU,-543.46,-878.42,-40.04,-24.50,-16.59,30.37,1.20,-25.20,44.55,29.0
2026/04/13 15:07:15.47,IMU,-607.91,-836.43,-137.21,-29.99,-14.43,31.36,3.90,-24.30,44.25,29.0
2026/04/13 15:07:15.57,IMU,-614.75,-750.00,-154.30,-17.17,-18.56,41.74,4.95,-22.50,43.35,28.7
2026/04/13 15:07:15.67,IMU,-621.09,-650.39,-94.24,-4.15,-31.10,48.98,7.95,-20.85,44.70,29.0
2026/04/13 15:07:15.77,IMU,-826.17,-607.91,-111.33,6.95,-65.07,85.30,11.70,-14.70,46.20,29.0
2026/04/13 15:07:15.87,IMU,-938.48,-594.24,29.79,-18.87,-26.28,51.02,12.75,-9.45,50.40,29.0
2026/04/13 15:07:15.97,IMU,-880.86,-458.98,11.72,-48.52,-15.05,33.97,16.80,-7.20,48.00,29.0
2026/04/13 15:07:16.07,IMU,-955.08,-409.67,-31.74,-45.34,-1.24,21.60,14.85,-4.65,47.10,28.7
2026/04/13 15:07:16.17,IMU,-850.59,-380.37,-15.63,-56.85,16.76,8.53,16.05,-4.80,46.50,29.1
2026/04/13 15:07:16.27,IMU,-930.66,-368.16,-125.98,-58.35,30.68,-6.01,16.65,-6.90,42.00,28.8
2026/04/13 15:07:16.37,IMU,-892.58,-363.28,-186.04,-73.93,-8.89,16.90,18.15,-6.90,38.70,28.8
2026/04/13 15:07:16.47,IMU,-967.77,-260.74,-306.64,-84.51,4.53,49.15,20.40,-4.65,37.35,28.9
2026/04/13 15:07:16.57,IMU,-959.96,-92.77,-283.20,-91.60,36.14,34.10,20.70,-2.70,31.80,29.0
2026/04/13 15:07:16.67,IMU,-885.25,-47.85,-304.20,-77.86,27.49,18.55,24.00,-1.20,26.85,29.0
2026/04/13 15:07:16.77,IMU,-853.03,-64.94,-535.16,-63.41,34.62,7.27,22.80,0.75,24.15,28.8
2026/04/13 15:07:16.87,IMU,-985.84,61.04,-521.00,-41.65,71.47,-4.25,22.35,1.50,16.95,28.9
2026/04/13 15:07:16.97,IMU,-728.03,68.36,-633.79,-30.40,97.47,-19.52,16.50,0.75,9.30,28.6
2026/04/13 15:07:17.07,IMU,-679.69,67.87,-848.63,-31.37,129.79,-5.28,11.40,3.00,1.80,29.0
2026/04/13 15:07:17.17,IMU,-451.66,154.30,-849.12,-53.52,111.34,-5.47,1.65,3.90,-6.60,29.0
2026/04/13 15:07:17.27,IMU,-359.86,245.61,-812.50,-44.47,115.13,-14.32,-7.50,4.65,-12.75,29.0
2026/04/13 15:07:17.37,IMU,-130.37,271.97,-1018.55,-51.21,70.18,-12.66,-13.95,9.45,-15.45,28.7
2026/04/13 15:07:17.47,IMU,-253.91,283.69,-1069.82,-15.31,46.15,-11.32,-21.30,12.15,-17.55,29.0
2026/04/13 15:07:17.57,IMU,22.95,374.02,-846.19,-16.26,69.51,-7.91,-28.05,12.30,-17.85,28.8
2026/04/13 15:07:17.67,IMU,144.53,390.63,-811.04,-16.55,70.58,-32.27,-34.65,14.10,-16.65,28.9
2026/04/13 15:07:17.77,IMU,253.42,441.41,-988.28,19.82,53.28,-16.98,-41.10,13.20,-16.20,28.9
2026/04/13 15:07:17.88,IMU,365.72,402.83,-1074.22,56.00,86.24,-1.05,-45.15,10.50,-14.40,29.1
2026/04/13 15:07:17.98,IMU,435.55,274.90,-956.05,108.85,94.55,17.82,-51.60,4.35,-13.80,28.8
2026/04/13 15:07:18.08,IMU,541.02,56.64,-825.20,119.82,50.66,33.44,-55.80,-6.75,-7.80,28.8
2026/04/13 15:07:18.18,IMU,516.11,-108.40,-834.47,96.88,74.52,18.06,-58.95,-17.25,-2.25,29.0
2026/04/13 15:07:18.28,IMU,756.35,-231.93,-480.47,82.66,39.91,14.27,-61.80,-18.90,8.55,29.1
2026/04/13 15:07:18.38,IMU,736.33,-409.67,-545.90,94.02,-12.47,25.87,-62.25,-22.50,14.25,29.1
2026/04/13 15:07:18.48,IMU,696.29,-517.09,-480.47,66.95,-24.66,27.59,-59.55,-25.35,19.80,28.6
2026/04/13 15:07:18.58,IMU,665.53,-604.00,-487.30,73.56,-34.34,40.28,-57.00,-29.10,20.85,28.7
2026/04/13 15:07:18.68,IMU,610.84,-695.80,-429.69,70.69,-41.39,43.44,-53.25,-29.55,24.15,28.8
2026/04/13 15:07:18.78,IMU,465.82,-762.70,-437.99,63.86,-42.53,55.64,-50.40,-32.25,27.00,28.8
2026/04/13 15:07:18.88,IMU,336.91,-879.88,-339.84,60.30,-28.82,57.89,-43.65,-34.50,30.90,29.1
2026/04/13 15:07:18.98,IMU,250.49,-926.27,-216.31,28.34,-37.16,73.45,-76.65,-36.15,33.00,28.9
2026/04/13 15:07:19.08,IMU,41.50,-982.91,-197.27,-22.53,-71.36,89.37,-33.60,-36.90,32.25,29.3
2026/04/13 15:07:19.18,IMU,-133.79,-875.98,-370.12,-52.34,-78.69,88.06,-25.20,-37.65,29.70,28.6
2026/04/13 15:07:19.28,IMU,-416.50,-851.56,-425.29,-20.02,-43.91,76.02,-16.50,-35.55,29.85,28.9
2026/04/13 15:07:19.38,IMU,-487.30,-858.40,-432.62,23.72,-48.93,47.59,-12.00,-34.05,29.10,29.0
2026/04/13 15:07:19.48,IMU,-517.58,-800.78,-304.69,66.96,-43.61,21.52,-7.95,-33.30,33.90,28.8
2026/04/13 15:07:19.58,IMU,-556.64,-861.82,-123.05,72.25,-22.50,15.75,-6.00,-30.90,40.20,28.8
2026/04/13 15:07:19.68,IMU,-498.05,-863.28,18.55,48.57,-10.35,7.73,-5.70,-29.70,47.10,28.9
2026/04/13 15:07:19.78,IMU,-519.53,-837.89,122.56,47.26,-11.36,18.60,-5.25,-26.70,51.00,28.8
2026/04/13 15:07:19.88,IMU,-644.04,-830.08,22.95,60.45,-9.34,16.25,-2.85,-23.10,55.20,28.8
2026/04/13 15:07:19.98,IMU,-604.98,-750.49,293.46,60.08,-1.10,14.79,-3.30,-20.40,59.10,29.0
2026/04/13 15:07:20.08,IMU,-597.66,-735.35,354.98,4.28,7.85,35.21,-1.65,-15.75,61.80,28.9
2026/04/13 15:07:20.18,IMU,-711.91,-685.55,266.11,-20.31,10.90,60.23,0.45,-14.10,64.65,28.9
2026/04/13 15:07:20.28,IMU,-780.76,-585.45,274.41,-41.92,17.24,58.37,5.25,-10.35,60.45,28.8
2026/04/13 15:07:20.38,IMU,-891.60,-556.15,149.41,-55.83,31.10,46.56,9.75,-7.65,58.95,28.7
2026/04/13 15:07:20.48,IMU,-870.61,-496.09,15.14,-66.33,31.88,39.52,12.60,-7.65,53.85,29.0
2026/04/13 15:07:20.59,IMU,-928.22,-440.92,-88.38,-80.02,41.15,40.89,14.10,-7.65,48.15,28.9
2026/04/13 15:07:20.69,IMU,-932.13,-336.43,-233.89,-93.19,61.53,12.38,18.00,-7.20,41.10,28.8
2026/04/13 15:07:20.79,IMU,-796.39,-272.46,-423.34,-103.05,80.54,15.17,17.55,-7.50,32.70,28.8
2026/04/13 15:07:20.89,IMU,-981.93,-231.45,-583.50,-85.47,78.85,-1.06,17.10,-5.40,23.55,28.7
2026/04/13 15:07:20.99,IMU,-808.11,-183.11,-731.45,-64.66,99.00,-21.69,11.85,-6.15,16.35,28.6
2026/04/13 15:07:21.09,IMU,-595.70,-96.68,-760.74,-40.07,149.90,-63.53,2.85,-5.55,6.45,28.9
2026/04/13 15:07:21.19,IMU,-277.83,-27.83,-812.50,-92.85,140.46,-27.18,-12.30,-9.60,1.50,28.9
2026/04/13 15:07:21.29,IMU,-166.50,180.18,-1062.50,-136.85,128.50,-46.34,-20.70,0.90,-10.50,29.0
2026/04/13 15:07:21.39,IMU,96.68,348.14,-1193.36,-65.77,53.48,-49.72,-31.05,8.10,-14.85,28.7
2026/04/13 15:07:21.49,IMU,134.77,447.27,-954.10,-23.15,30.05,-28.72,-33.60,13.35,-16.35,29.1
2026/04/13 15:07:21.59,IMU,187.01,417.97,-921.39,7.22,58.98,-8.50,-36.00,15.45,-15.45,28.8
2026/04/13 15:07:21.69,IMU,195.31,422.36,-873.54,-15.83,53.67,-3.79,-41.10,13.95,-15.15,28.9
2026/04/13 15:07:21.79,IMU,249.02,459.47,-782.23,-58.28,15.53,-6.47,-45.30,16.50,-15.30,28.8
2026/04/13 15:07:21.89,IMU,198.73,610.84,-830.08,-78.80,-39.86,-12.47,-45.30,21.45,-14.85,28.8
2026/04/13 15:07:21.99,IMU,166.02,671.39,-846.19,-56.97,-61.28,-30.23,-39.30,26.85,-12.90,29.0
2026/04/13 15:07:22.09,IMU,35.16,673.34,-785.16,-5.11,-114.17,-52.44,-28.80,29.40,-14.85,28.7
2026/04/13 15:07:22.20,IMU,-116.21,686.52,-748.54,23.33,-74.06,-58.69,-21.60,27.60,-8.55,28.6
2026/04/13 15:07:22.30,IMU,-348.14,603.03,-624.02,38.44,-91.52,-45.14,-12.30,27.45,-13.05,28.9
2026/04/13 15:07:22.40,IMU,-364.26,599.61,-649.90,28.08,-20.96,-23.36,-6.90,23.40,-11.85,29.1
2026/04/13 15:07:22.50,IMU,-535.64,512.21,-720.70,40.69,-72.30,-25.69,-4.20,20.25,-13.80,29.0
2026/04/13 15:07:22.60,IMU,-604.49,430.66,-699.71,44.57,-53.35,-30.31,0.90,15.30,-9.90,28.7
2026/04/13 15:07:22.70,IMU,-843.75,289.55,-713.87,58.02,-71.90,-46.07,7.65,12.15,-4.20,28.8
2026/04/13 15:07:22.80,IMU,-794.92,139.65,-666.02,63.16,-47.33,-39.52,11.70,4.05,-0.60,29.0
2026/04/13 15:07:22.90,IMU,-723.63,108.40,-521.97,66.00,-33.61,-11.18,12.75,-0.75,0.60,28.9
2026/04/13 15:07:23.00,IMU,-924.80,16.60,-463.87,73.46,-76.60,5.46,18.00,-5.25,7.50,28.8
2026/04/13 15:07:23.10,IMU,-1031.74,-35.16,-371.58,69.09,-61.45,4.89,20.40,-5.10,16.05,28.7
2026/04/13 15:07:23.20,IMU,-1028.32,-59.08,-331.05,78.43,-48.95,3.60,22.50,-5.85,21.75,29.1
2026/04/13 15:07:23.30,IMU,-1052.73,-60.55,-250.00,78.79,-27.21,-13.75,23.25,-8.40,29.40,28.7
2026/04/13 15:07:23.40,IMU,-1024.90,-125.49,-127.44,78.09,-23.16,-14.66,22.95,-9.30,33.30,29.0
2026/04/13 15:07:23.50,IMU,-1046.39,-197.27,-159.18,80.82,6.01,-29.44,20.85,-9.00,38.25,29.0
2026/04/13 15:07:23.60,IMU,-1040.53,-273.93,-82.52,66.86,27.76,-50.58,21.15,-9.60,40.50,29.1
2026/04/13 15:07:23.70,IMU,-947.27,-322.27,-149.90,56.07,31.30,-76.69,17.10,-14.55,38.70,28.8
2026/04/13 15:07:23.80,IMU,-819.82,-489.75,-97.66,68.48,6.41,-60.31,13.05,-17.55,41.25,28.8
2026/04/13 15:07:23.90,IMU,-755.37,-541.50,-44.92,73.03,11.02,-22.34,9.90,-20.40,45.00,29.1
2026/04/13 15:07:24.01,IMU,-861.33,-648.44,-5.86,76.69,1.34,-13.16,9.45,-18.60,49.80,28.8
2026/04/13 15:07:24.11,IMU,-894.04,-712.40,120.12,38.75,-5.80,-53.61,7.50,-17.55,52.80,28.9
2026/04/13 15:07:24.21,IMU,-695.80,-724.61,169.92,13.04,7.98,-73.02,2.10,-20.85,54.00,28.8
2026/04/13 15:07:24.31,IMU,-423.34,-749.02,145.51,23.60,27.74,-95.73,-5.25,-24.75,54.60,28.6
2026/04/13 15:07:24.41,IMU,-437.01,-919.43,201.17,23.60,8.17,-86.94,-9.75,-26.70,55.65,28.8
2026/04/13 15:07:24.51,IMU,-368.65,-937.99,199.71,15.80,2.79,-66.84,-14.70,-28.35,56.25,28.6
2026/04/13 15:07:24.61,IMU,-261.72,-995.61,162.60,-25.42,22.94,-81.53,-21.15,-29.70,55.65,28.9
2026/04/13 15:07:24.71,IMU,-155.76,-1012.70,84.96,-46.85,44.15,-81.90,-26.25,-30.15,52.05,28.7
2026/04/13 15:07:24.81,IMU,34.67,-941.89,-2.44,-65.78,84.34,-93.63,-32.25,-34.05,49.80,29.1
2026/04/13 15:07:24.91,IMU,173.83,-934.08,-105.96,-64.21,78.12,-98.53,-37.50,-34.05,44.70,28.8
2026/04/13 15:07:25.01,IMU,352.05,-892.09,-195.80,-58.52,40.76,-88.74,-45.00,-32.70,40.95,29.0
2026/04/13 15:07:25.11,IMU,544.92,-813.96,-244.14,-61.28,-5.44,-74.27,-49.95,-30.75,36.00,28.8
2026/04/13 15:07:25.21,IMU,613.77,-674.80,-362.30,-79.41,0.86,-64.54,-55.65,-28.95,30.75,28.7
2026/04/13 15:07:25.31,IMU,655.27,-587.40,-451.17,-82.16,25.90,-53.21,-58.80,-25.80,25.95,28.7
2026/04/13 15:07:25.41,IMU,734.38,-442.38,-484.38,-67.34,18.61,-52.05,-63.60,-23.85,21.15,28.8
2026/04/13 15:07:25.51,IMU,838.38,-358.89,-478.52,-59.08,15.44,-45.37,-65.10,-20.85,20.10,28.9
2026/04/13 15:07:25.61,IMU,801.27,-304.20,-608.89,-47.55,-21.80,-13.68,-66.75,-15.75,15.30,28.7
2026/04/13 15:07:25.71,IMU,772.46,-200.68,-554.69,-49.03,-39.47,-9.50,-67.50,-15.30,12.00,28.9
2026/04/13 15:07:25.81,IMU,729.00,-130.37,-621.58,-55.60,-27.72,-15.21,-67.95,-13.95,7.20,28.8
2026/04/13 15:07:25.91,IMU,677.25,-49.80,-685.55,-58.36,-44.37,-10.31,-66.60,-10.20,2.40,29.0
2026/04/13 15:07:26.01,IMU,612.79,43.46,-772.46,-53.11,-59.21,-17.88,-65.85,-7.20,-2.40,28.9
2026/04/13 15:07:26.11,IMU,584.96,144.04,-824.22,-58.25,-40.11,-4.82,-62.25,-5.10,-6.90,28.7
2026/04/13 15:07:26.21,IMU,458.98,216.31,-881.35,-51.14,-41.52,-2.56,-59.70,-0.45,-8.70,28.8
2026/04/13 15:07:26.31,IMU,416.02,270.02,-859.38,-39.38,-49.91,-2.42,-56.10,3.15,-13.50,29.0
2026/04/13 15:07:26.41,IMU,340.82,320.31,-902.83,-32.98,-63.63,-3.78,-51.75,6.00,-15.45,28.7
2026/04/13 15:07:26.52,IMU,228.52,380.86,-916.50,-31.98,-68.74,1.12,-46.05,10.80,-17.85,28.7
2026/04/13 15:07:26.62,IMU,123.05,430.66,-894.53,-39.42,-43.89,-0.27,-41.70,10.80,-19.20,28.8
2026/04/13 15:07:26.72,IMU,67.38,517.58,-884.28,-49.28,-45.73,-8.24,-37.65,14.85,-18.15,29.0
2026/04/13 15:07:26.82,IMU,12.21,578.13,-845.21,-36.48,-31.83,-6.65,-32.55,20.55,-17.85,28.8
2026/04/13 15:07:26.92,IMU,-76.17,610.35,-803.71,-30.86,-20.47,-2.27,-30.45,24.30,-16.50,29.1
2026/04/13 15:07:27.02,IMU,-73.24,641.60,-737.79,-13.83,-35.41,-1.78,-28.05,26.70,-14.55,28.7
2026/04/13 15:07:27.12,IMU,-128.91,656.25,-706.54,-3.71,-52.47,-5.47,-24.00,27.90,-14.25,28.9
2026/04/13 15:07:27.22,IMU,-221.68,676.27,-734.86,-7.06,-43.90,-8.38,-20.40,29.70,-13.80,28.7
2026/04/13 15:07:27.32,IMU,-258.79,675.78,-731.45,15.68,-48.33,-2.64,-16.50,29.10,-12.60,28.9
2026/04/13 15:07:27.42,IMU,-230.96,645.51,-698.24,27.65,-38.53,-0.79,-12.00,26.85,-12.15,28.9
2026/04/13 15:07:27.52,IMU,-451.17,582.52,-657.71,23.37,-49.09,-0.33,-7.35,25.80,-10.35,29.0
2026/04/13 15:07:27.62,IMU,-471.19,543.95,-571.78,22.15,-60.02,4.05,-3.45,23.70,-9.90,28.9
2026/04/13 15:07:27.72,IMU,-516.11,579.59,-660.64,16.28,-40.99,-1.78,0.30,23.85,-7.80,28.9
2026/04/13 15:07:27.82,IMU,-553.71,536.62,-691.41,26.40,-32.82,4.10,2.55,23.10,-6.00,29.0
2026/04/13 15:07:27.92,IMU,-579.10,482.91,-655.76,43.90,-47.18,11.06,5.40,21.15,-4.20,28.7
2026/04/13 15:07:28.02,IMU,-682.13,464.84,-723.14,67.89,-51.50,14.16,9.45,21.15,-2.10,29.0
2026/04/13 15:07:28.12,IMU,-723.14,381.84,-671.88,73.43,-48.24,2.99,12.60,17.25,0.90,28.6
2026/04/13 15:07:28.22,IMU,-764.16,301.27,-712.89,82.83,-26.92,-21.02,15.75,12.45,6.45,28.8
2026/04/13 15:07:28.32,IMU,-792.97,187.99,-614.26,114.70,-34.16,-44.15,17.70,4.35,7.35,29.0
2026/04/13 15:07:28.42,IMU,-688.48,-33.20,-539.06,96.20,-24.61,-25.60,16.65,-3.60,10.95,28.7
2026/04/13 15:07:28.52,IMU,-696.29,-118.65,-468.26,60.14,-36.78,-22.05,15.90,-8.10,14.55,28.9
2026/04/13 15:07:28.62,IMU,-1001.95,-247.56,-610.35,59.11,-30.82,-50.41,15.60,-12.60,19.65,29.0
2026/04/13 15:07:28.72,IMU,-863.28,-422.36,-479.49,58.31,15.02,-81.93,12.75,-18.90,23.40,28.9
2026/04/13 15:07:28.82,IMU,-686.52,-520.51,-402.83,56.53,7.66,-80.69,8.55,-22.20,25.35,28.7
2026/04/13 15:07:28.92,IMU,-613.77,-667.97,-379.88,62.18,10.24,-63.64,3.30,-28.80,30.60,29.0
2026/04/13 15:07:29.03,IMU,-568.85,-765.63,-292.48,64.08,-14.09,-23.18,-1.20,-30.15,33.30,28.7
2026/04/13 15:07:29.13,IMU,-616.21,-800.78,-172.36,70.32,-14.92,-22.53,-0.90,-29.70,40.95,28.9
2026/04/13 15:07:29.23,IMU,-607.42,-878.42,-43.46,59.24,9.73,-42.35,-4.65,-28.05,44.70,28.7
2026/04/13 15:07:29.33,IMU,-488.77,-915.04,-36.62,52.22,30.41,-67.85,-10.20,-31.05,51.90,28.9
2026/04/13 15:07:29.43,IMU,-359.86,-942.38,54.69,58.35,25.85,-71.84,-12.75,-29.85,51.60,28.9
2026/04/13 15:07:29.53,IMU,-269.53,-980.96,189.94,36.51,3.12,-85.21,-18.75,-29.85,54.45,28.9
2026/04/13 15:07:29.63,IMU,-108.89,-1034.67,257.81,-15.22,-2.01,-71.32,-26.25,-28.65,54.90,28.8
2026/04/13 15:07:29.73,IMU,-9.77,-985.84,145.02,-28.42,21.15,-74.85,-30.30,-28.95,54.60,28.8
2026/04/13 15:07:29.83,IMU,104.98,-972.66,63.48,-13.08,53.61,-85.27,-36.90,-29.70,53.55,28.9
2026/04/13 15:07:29.93,IMU,357.91,-912.11,170.41,-12.79,63.24,-91.18,-39.90,-27.90,54.90,29.0
2026/04/13 15:07:30.03,IMU,530.76,-889.65,180.18,-48.60,7.98,-67.53,-44.25,-27.45,54.60,28.9
2026/04/13 15:07:30.13,IMU,470.21,-768.07,-53.71,-84.60,30.95,-63.93,-47.40,-28.05,49.80,29.0
2026/04/13 15:07:30.23,IMU,680.66,-708.98,-148.44,-70.47,41.28,-69.52,-50.70,-27.60,44.70,29.0
2026/04/13 15:07:30.33,IMU,753.42,-672.85,-100.59,-49.47,11.21,-61.22,-57.15,-28.95,46.35,29.0
2026/04/13 15:07:30.43,IMU,835.94,-582.03,-193.36,-61.90,-4.77,-47.38,-59.40,-24.45,39.45,28.7
2026/04/13 15:07:30.53,IMU,850.59,-418.46,-154.30,-63.79,-10.84,-57.75,-61.20,-22.95,33.60,28.8
2026/04/13 15:07:30.63,IMU,874.51,-375.98,-597.17,-85.14,-16.85,-45.63,-63.45,-21.45,28.65,28.7
2026/04/13 15:07:30.73,IMU,852.54,-299.80,-449.71,-71.89,-8.18,-36.71,-64.65,-17.70,21.90,29.0
2026/04/13 15:07:30.83,IMU,874.51,-150.88,-451.66,-88.15,14.47,-55.63,-69.30,-14.10,18.90,28.8
2026/04/13 15:07:30.93,IMU,860.84,29.79,-535.16,-65.33,-64.53,-50.20,-71.55,-9.30,12.45,28.9
2026/04/13 15:07:31.03,IMU,871.58,110.35,-523.93,-55.48,-16.90,-26.92,-69.60,-4.35,6.60,28.8
2026/04/13 15:07:31.13,IMU,802.25,215.33,-535.16,-70.39,-41.35,-17.80,-70.80,-0.90,5.85,28.9
2026/04/13 15:07:31.23,IMU,763.18,298.83,-548.83,-66.65,-65.46,-10.85,-67.95,1.50,0.30,28.9
2026/04/13 15:07:31.34,IMU,549.80,363.77,-799.32,-33.92,-122.10,-5.63,-65.85,5.55,-3.60,28.6
2026/04/13 15:07:31.44,IMU,464.36,411.62,-817.38,-33.70,-51.69,-8.02,-54.15,11.55,-12.75,29.0
2026/04/13 15:07:31.54,IMU,360.35,450.20,-801.27,-42.50,-34.05,-5.85,-53.40,13.80,-13.80,29.1
2026/04/13 15:07:31.64,IMU,416.99,520.02,-807.13,-50.30,-9.77,0.60,-52.20,18.90,-13.65,28.6
2026/04/13 15:07:31.74,IMU,369.63,636.72,-762.21,-52.67,-25.44,7.78,-52.05,21.00,-12.45,28.9
2026/04/13 15:07:31.84,IMU,322.27,658.20,-669.92,-44.86,-37.50,8.56,-48.90,25.80,-12.90,28.9
2026/04/13 15:07:31.94,IMU,226.07,763.67,-711.91,-20.27,-76.53,-4.27,-45.15,31.05,-11.10,28.9
2026/04/13 15:07:32.04,IMU,166.02,714.84,-726.56,18.72,-63.02,9.64,-39.45,32.40,-13.50,28.9
2026/04/13 15:07:32.15,IMU,55.18,634.77,-753.42,34.30,-76.04,10.73,-33.45,29.10,-15.45,28.9
2026/04/13 15:07:32.25,IMU,-137.70,593.26,-1003.91,43.99,-95.47,1.63,-22.20,27.45,-16.65,29.0
2026/04/13 15:07:32.35,IMU,-150.88,546.88,-812.50,51.60,-81.19,14.05,-15.00,23.10,-16.50,28.9
2026/04/13 15:07:32.45,IMU,-485.84,497.56,-1041.02,74.18,-91.63,7.15,-7.80,20.55,-14.85,28.8
2026/04/13 15:07:32.55,IMU,-445.80,392.58,-907.71,48.79,-1.16,-22.21,-2.70,15.75,-12.45,29.0
2026/04/13 15:07:32.65,IMU,-448.73,326.17,-870.12,61.86,-9.63,-17.45,-2.70,9.30,-10.95,29.0
2026/04/13 15:07:32.75,IMU,-456.05,193.36,-903.32,63.19,-6.50,-23.50,-38.10,5.85,-9.90,28.9
2026/04/13 15:07:32.85,IMU,-476.07,59.57,-893.07,78.37,5.56,-34.60,-0.15,-0.45,-8.40,28.7
2026/04/13 15:07:32.95,IMU,-512.21,-66.41,-950.20,75.02,2.73,-11.74,0.60,-7.50,-5.40,29.1
2026/04/13 15:07:33.05,IMU,-492.68,-176.76,-810.06,70.37,-70.39,28.15,2.25,-11.85,-2.70,28.8
2026/04/13 15:07:33.15,IMU,-618.65,-186.04,-852.05,79.08,5.23,28.11,5.10,-12.90,3.15,29.0
2026/04/13 15:07:33.25,IMU,-633.30,-325.20,-825.68,79.56,27.31,-19.77,6.60,-16.20,5.40,28.9
2026/04/13 15:07:33.35,IMU,-538.57,-468.75,-774.41,99.04,13.18,-78.95,0.90,-22.95,10.50,29.0
2026/04/13 15:07:33.45,IMU,-384.28,-669.92,-600.10,101.24,12.18,-74.05,-2.85,-28.80,15.45,29.0
2026/04/13 15:07:33.55,IMU,-292.48,-804.69,-476.56,92.97,4.35,-64.30,-9.75,-32.70,23.25,29.1
2026/04/13 15:07:33.65,IMU,-189.45,-873.54,-416.02,75.01,11.29,-46.45,-15.15,-35.85,29.40,28.9
2026/04/13 15:07:33.75,IMU,-86.91,-952.15,-267.09,72.91,7.61,-53.11,-19.50,-37.20,35.25,28.8
2026/04/13 15:07:33.85,IMU,-11.23,-1002.93,-241.70,51.02,49.62,-64.89,-23.55,-36.75,40.35,28.7
2026/04/13 15:07:33.95,IMU,111.82,-1035.64,-104.98,22.18,21.03,-85.36,-33.30,-33.90,54.60,28.9
2026/04/13 15:07:34.05,IMU,245.12,-945.31,39.55,10.20,62.11,-80.09,-38.55,-33.00,57.00,28.7
2026/04/13 15:07:34.15,IMU,387.70,-909.67,124.51,-0.67,67.09,-63.76,-42.60,-29.85,60.15,28.8
2026/04/13 15:07:34.25,IMU,590.33,-757.81,156.25,-22.32,63.88,-54.31,-46.80,-29.70,59.25,29.0
2026/04/13 15:07:34.35,IMU,553.22,-826.66,2.93,-73.22,-4.04,-57.41,-47.55,-31.20,47.10,29.0
2026/04/13 15:07:34.45,IMU,643.55,-686.52,-87.40,-105.87,-15.01,-60.21,-49.05,-29.40,41.55,28.7
2026/04/13 15:07:34.55,IMU,681.15,-557.13,-322.75,-120.95,22.82,-83.94,-57.15,-28.20,30.00,29.0
2026/04/13 15:07:34.65,IMU,818.85,-390.14,-409.18,-89.82,71.43,-103.27,-64.20,-24.00,24.30,28.9
2026/04/13 15:07:34.76,IMU,1005.86,-232.42,-264.65,-51.63,84.77,-75.88,-68.40,-17.40,25.95,28.9
2026/04/13 15:07:34.86,IMU,969.24,-123.54,-111.82,-46.89,-7.94,-38.68,-69.60,-13.05,27.15,28.9
2026/04/13 15:07:34.96,IMU,984.86,-35.16,-195.80,-76.66,-26.88,-36.69,-72.90,-10.05,25.05,29.2
2026/04/13 15:07:35.06,IMU,1052.25,130.86,-205.08,-100.44,27.05,-45.58,-73.20,-6.45,19.80,29.0
2026/04/13 15:07:35.16,IMU,971.19,219.73,-175.78,-80.44,-39.06,-61.33,-74.85,-1.65,18.15,28.8
2026/04/13 15:07:35.26,IMU,880.86,334.47,-208.50,-52.73,-63.95,-35.84,-75.60,2.70,15.30,28.9
2026/04/13 15:07:35.36,IMU,889.16,355.47,-273.93,-27.86,-96.92,-17.31,-72.75,8.25,10.05,28.9
2026/04/13 15:07:35.46,IMU,735.84,395.51,-403.32,-30.15,-87.94,-17.56,-70.65,8.25,2.10,29.0
2026/04/13 15:07:35.56,IMU,673.34,492.68,-484.38,-42.26,-70.30,-30.16,-66.00,13.80,-2.25,29.0
2026/04/13 15:07:35.66,IMU,591.80,569.34,-608.40,-46.41,-113.69,-36.17,-61.05,18.15,-7.20,29.0
2026/04/13 15:07:35.76,IMU,516.60,612.79,-670.41,-20.90,-77.70,-16.92,-54.90,21.75,-10.20,28.7
2026/04/13 15:07:35.86,IMU,346.19,625.49,-742.19,-3.35,-89.44,-14.53,-48.15,25.05,-12.60,28.8
2026/04/13 15:07:35.96,IMU,200.68,615.23,-699.71,-21.27,-50.19,-13.87,-42.00,27.00,-13.80,28.7
2026/04/13 15:07:36.06,IMU,160.16,642.58,-799.80,8.60,-68.59,-10.20,-37.20,29.40,-15.60,29.1
2026/04/13 15:07:36.16,IMU,48.34,649.90,-717.77,19.32,-107.90,-2.89,-32.55,28.95,-16.65,29.0
2026/04/13 15:07:36.26,IMU,-141.60,627.44,-728.52,18.75,-86.96,-9.76,-22.35,27.60,-15.75,28.8
2026/04/13 15:07:36.36,IMU,-278.81,619.63,-802.73,11.24,-76.43,-9.93,-14.25,27.60,-15.75,28.9
2026/04/13 15:07:36.46,IMU,-346.68,577.15,-836.43,33.48,-51.22,-26.46,-7.50,27.90,-15.60,28.8
2026/04/13 15:07:36.56,IMU,-496.09,504.39,-734.38,45.73,-79.83,-38.28,0.30,22.35,-12.60,29.0
2026/04/13 15:07:36.66,IMU,-571.29,414.55,-755.86,34.73,-44.63,-20.73,5.70,18.75,-10.20,28.9
2026/04/13 15:07:36.76,IMU,-625.98,373.54,-706.54,44.15,-21.70,-18.02,8.40,16.65,-8.55,28.9
2026/04/13 15:07:36.86,IMU,-677.73,258.30,-723.63,56.18,-13.47,-29.23,10.35,10.80,-6.30,28.8
2026/04/13 15:07:36.96,IMU,-710.94,135.25,-797.85,65.58,-2.61,-34.50,11.85,5.40,-3.30,29.0
2026/04/13 15:07:37.06,IMU,-716.31,42.48,-765.63,80.11,-30.09,-55.78,9.30,-3.90,-1.20,28.8
2026/04/13 15:07:37.16,IMU,-696.29,-109.86,-603.52,80.05,-44.54,-24.21,10.65,-9.00,3.90,28.6
2026/04/13 15:07:37.26,IMU,-896.48,-154.79,-715.82,87.86,-15.04,-28.09,13.20,-14.70,10.35,29.0
2026/04/13 15:07:37.37,IMU,-817.38,-298.83,-642.09,89.73,31.31,-34.91,10.05,-17.25,14.55,28.6
2026/04/13 15:07:37.47,IMU,-696.78,-566.41,-837.89,87.05,51.74,-58.79,5.40,-21.15,17.55,29.0
2026/04/13 15:07:37.57,IMU,-592.29,-634.77,-410.64,77.88,82.18,-65.30,1.05,-28.35,20.85,28.9
2026/04/13 15:07:37.67,IMU,-446.78,-781.25,-506.84,58.10,51.06,-60.11,-6.30,-31.20,21.75,29.0
2026/04/13 15:07:37.77,IMU,-224.61,-837.40,-436.04,34.90,50.50,-55.49,-12.30,-34.35,24.00,29.0
2026/04/13 15:07:37.87,IMU,-196.29,-903.81,-604.98,8.79,87.60,-58.24,-17.55,-37.50,25.50,28.8
2026/04/13 15:07:37.97,IMU,27.83,-871.58,-437.01,17.87,43.41,-58.24,-25.50,-36.90,25.05,28.8
2026/04/13 15:07:38.07,IMU,197.27,-912.11,-364.26,-13.49,50.98,-69.93,-30.60,-37.65,25.35,28.9
2026/04/13 15:07:38.17,IMU,383.30,-786.62,-413.57,-67.15,32.59,-75.52,-37.20,-37.65,22.50,29.0
2026/04/13 15:07:38.27,IMU,421.88,-653.81,-637.21,-84.50,75.15,-74.58,-43.65,-35.25,15.75,28.9
2026/04/13 15:07:38.37,IMU,664.06,-535.16,-532.71,-56.40,70.48,-75.63,-50.55,-31.65,13.05,28.8
2026/04/13 15:07:38.47,IMU,765.63,-526.37,-554.20,-61.05,33.74,-57.97,-60.60,-26.85,14.40,28.8
2026/04/13 15:07:38.57,IMU,740.23,-299.32,-503.91,-90.21,-13.56,-38.49,-62.55,-22.65,7.50,28.8
2026/04/13 15:07:38.67,IMU,635.74,-104.98,-689.94,-105.18,-41.42,-18.54,-60.75,-16.80,1.20,28.9
2026/04/13 15:07:38.77,IMU,709.47,49.32,-670.41,-110.41,35.30,-31.34,-64.65,-9.00,-2.85,29.1
2026/04/13 15:07:38.87,IMU,808.11,193.36,-792.48,-86.10,-68.99,-31.05,-64.20,-2.70,-4.80,28.9
2026/04/13 15:07:38.97,IMU,652.83,297.85,-731.93,-62.93,-85.57,-11.05,-61.20,3.60,-9.45,28.5
2026/04/13 15:07:39.07,IMU,652.83,545.90,-653.32,-53.24,-91.12,-1.19,-55.50,8.70,-13.95,28.9
2026/04/13 15:07:39.17,IMU,454.59,436.52,-845.21,-27.88,-104.45,15.08,-48.45,11.70,-16.50,28.8
2026/04/13 15:07:39.27,IMU,249.51,431.64,-883.79,2.59,-169.79,21.55,-39.60,13.95,-19.05,29.0
2026/04/13 15:07:39.37,IMU,46.39,362.30,-881.35,35.70,-131.37,23.18,-25.65,12.45,-20.55,28.9
2026/04/13 15:07:39.47,IMU,-237.30,295.90,-1049.80,83.15,-108.89,5.20,-17.40,7.35,-13.80,28.7
2026/04/13 15:07:39.57,IMU,-389.65,156.74,-1036.62,87.34,-88.34,2.94,-4.50,1.65,-14.55,28.8
2026/04/13 15:07:39.67,IMU,-319.34,0.98,-814.94,86.69,-102.94,7.88,-0.15,-5.40,-8.40,28.9
2026/04/13 15:07:39.77,IMU,-406.74,-68.85,-789.55,79.87,-32.89,18.49,7.65,-7.95,-1.80,28.9
2026/04/13 15:07:39.88,IMU,-686.52,-139.65,-864.75,56.81,-0.24,5.73,10.20,-8.70,4.20,29.0
2026/04/13 15:07:39.98,IMU,-694.82,-208.98,-879.88,87.59,37.04,-52.08,9.30,-12.60,4.50,29.0
2026/04/13 15:07:40.08,IMU,-579.10,-375.49,-765.14,107.14,56.09,-92.69,3.30,-19.65,8.25,28.8
2026/04/13 15:07:40.18,IMU,-392.58,-630.86,-663.09,96.15,51.01,-81.82,-4.20,-28.95,12.45,29.0
2026/04/13 15:07:40.28,IMU,-206.54,-786.62,-666.50,71.83,49.24,-73.97,-11.40,-34.80,18.30,28.9
2026/04/13 15:07:40.38,IMU,21.00,-849.12,-482.91,54.44,30.52,-85.15,-21.45,-38.10,21.75,29.2
2026/04/13 15:07:40.48,IMU,142.09,-910.64,-390.14,30.06,42.61,-65.78,-26.85,-37.95,25.50,29.0
2026/04/13 15:07:40.59,IMU,279.79,-874.51,-361.33,5.19,32.31,-61.41,-32.70,-39.00,27.75,28.9
2026/04/13 15:07:40.69,IMU,391.11,-849.61,-305.18,-26.47,31.53,-49.94,-38.40,-38.10,28.95,28.9
2026/04/13 15:07:40.79,IMU,424.32,-791.50,-429.69,-48.56,29.56,-64.11,-43.95,-35.85,24.00,28.9
2026/04/13 15:07:40.89,IMU,562.50,-686.04,-428.71,-32.82,44.44,-73.40,-48.45,-33.75,21.60,29.1
2026/04/13 15:07:40.99,IMU,718.26,-608.40,-384.28,-31.26,19.89,-69.63,-55.50,-30.75,20.10,28.8
2026/04/13 15:07:41.09,IMU,732.42,-486.33,-436.04,-52.49,19.64,-66.35,-58.20,-26.70,18.15,29.0
2026/04/13 15:07:41.19,IMU,862.30,-290.53,-425.78,-80.46,18.44,-75.76,-64.65,-21.90,16.50,28.8
2026/04/13 15:07:41.29,IMU,930.66,-120.12,-351.56,-100.73,-19.11,-63.30,-67.65,-16.20,12.60,29.1
2026/04/13 15:07:41.39,IMU,824.71,99.12,-607.42,-128.70,-45.53,-48.65,-68.85,-7.65,3.75,28.9
2026/04/13 15:07:41.49,IMU,708.50,297.85,-724.61,-109.02,-56.82,-31.52,-69.60,-0.15,-0.45,28.9
2026/04/13 15:07:41.59,IMU,625.00,389.16,-726.07,-77.79,-92.26,-10.61,-64.50,7.35,-5.10,29.0
2026/04/13 15:07:41.69,IMU,490.23,458.98,-766.11,-51.66,-247.85,7.61,-56.10,11.85,-13.05,28.8
2026/04/13 15:07:41.79,IMU,194.34,485.35,-1016.60,5.21,-194.02,15.84,-40.20,15.30,-20.70,28.9
2026/04/13 15:07:41.89,IMU,-22.46,363.28,-1069.34,54.27,-133.89,9.56,-25.80,13.05,-21.45,28.9
2026/04/13 15:07:41.99,IMU,-103.03,347.17,-958.98,42.16,-86.76,34.56,-18.75,8.70,-18.75,29.1
2026/04/13 15:07:42.09,IMU,-242.68,285.16,-947.75,60.30,-82.89,26.05,-10.95,7.20,-15.45,28.9
2026/04/13 15:07:42.19,IMU,-346.68,165.53,-960.45,77.83,-88.89,5.66,-3.45,3.90,-13.05,29.0
2026/04/13 15:07:42.29,IMU,-583.50,50.29,-905.76,107.98,-61.33,-28.34,2.85,-1.05,-9.30,28.9
2026/04/13 15:07:42.39,IMU,-584.96,-111.82,-924.32,103.79,-3.85,-89.56,3.60,-11.70,0.00,28.9
2026/04/13 15:07:42.49,IMU,-481.93,-346.68,-767.58,103.29,-8.82,-86.60,0.15,-21.00,2.25,29.0
2026/04/13 15:07:42.59,IMU,-372.56,-608.40,-612.79,87.20,25.30,-109.21,-7.95,-30.30,10.05,28.8
2026/04/13 15:07:42.69,IMU,-144.53,-692.87,-549.32,-0.79,74.30,-78.36,-16.80,-34.80,11.85,29.0
2026/04/13 15:07:42.79,IMU,-29.79,-761.23,-715.82,1.03,86.15,-77.53,-27.15,-35.25,11.10,28.7
2026/04/13 15:07:42.89,IMU,134.28,-769.53,-683.11,26.40,83.40,-72.24,-35.25,-35.55,11.85,29.0
2026/04/13 15:07:42.99,IMU,385.74,-688.48,-570.31,9.69,104.62,-74.12,-45.60,-34.50,16.20,28.9
2026/04/13 15:07:43.09,IMU,540.04,-694.34,-418.46,-2.23,82.50,-68.73,-51.00,-32.25,20.10,29.0
2026/04/13 15:07:43.19,IMU,657.23,-530.76,-328.13,-29.99,36.76,-68.52,-58.80,-28.05,20.55,29.0
2026/04/13 15:07:43.30,IMU,801.76,-395.02,-393.07,-65.08,18.52,-51.34,-61.50,-24.45,20.25,29.0
2026/04/13 15:07:43.40,IMU,918.46,-437.01,-268.55,-83.63,131.67,-40.37,-66.00,-20.25,19.65,28.9
2026/04/13 15:07:43.50,IMU,895.51,-160.16,-538.09,-93.85,-8.68,-49.60,-68.55,-17.55,17.40,29.0
2026/04/13 15:07:43.60,IMU,890.63,-85.45,-267.09,-78.43,55.82,-28.36,-69.60,-13.80,14.55,28.9
2026/04/13 15:07:43.70,IMU,928.71,71.29,-340.33,-91.56,6.60,-40.31,-72.45,-7.50,15.15,28.9
2026/04/13 15:07:43.80,IMU,750.98,78.12,-380.37,-74.44,-86.77,-14.69,-70.80,-5.10,8.40,29.1
2026/04/13 15:07:43.90,IMU,725.59,246.58,-712.40,-84.27,-80.66,7.28,-67.50,-0.45,0.15,28.9
2026/04/13 15:07:44.00,IMU,732.42,244.14,-430.66,-111.49,-114.21,6.48,-64.65,3.30,-5.40,29.2
2026/04/13 15:07:44.10,IMU,900.88,408.69,-726.56,-8.72,-60.09,38.10,-62.55,6.00,-9.60,29.1
2026/04/13 15:07:44.20,IMU,556.15,241.70,-857.91,55.06,-101.80,57.22,-53.85,1.65,-14.85,29.0
2026/04/13 15:07:44.30,IMU,539.06,68.36,-736.33,28.05,-102.08,49.35,-46.05,-4.35,-17.40,29.1
2026/04/13 15:07:44.40,IMU,358.89,38.57,-1000.00,15.96,-153.73,74.31,-36.15,-6.60,-19.65,29.0
2026/04/13 15:07:44.50,IMU,18.07,28.32,-1105.47,15.79,-81.96,76.44,-21.30,-4.50,-19.05,28.8
2026/04/13 15:07:44.60,IMU,-55.66,-48.83,-972.66,77.50,-91.23,25.92,-14.25,-7.95,-16.20,28.9
2026/04/13 15:07:44.70,IMU,-136.23,-216.31,-925.78,93.31,-35.82,-49.76,-8.70,-13.95,-10.80,28.9
2026/04/13 15:07:44.80,IMU,-241.70,-334.96,-920.90,101.32,-23.12,-78.15,-10.20,-21.15,-4.95,29.1
2026/04/13 15:07:44.90,IMU,-187.99,-498.54,-754.39,92.85,-35.02,-94.59,-13.05,-28.95,0.15,28.9
2026/04/13 15:07:45.00,IMU,-13.18,-734.38,-677.25,55.50,19.13,-92.02,-22.20,-34.65,8.10,28.9
2026/04/13 15:07:45.10,IMU,50.29,-743.16,-719.24,12.48,-5.15,-91.33,-28.95,-34.50,9.30,28.9
2026/04/13 15:07:45.20,IMU,210.94,-771.00,-731.45,-1.66,56.18,-101.31,-37.80,-35.25,12.60,29.0
2026/04/13 15:07:45.30,IMU,458.50,-708.01,-568.36,-34.61,112.18,-74.85,-47.25,-34.65,11.70,29.1
2026/04/13 15:07:45.40,IMU,659.18,-580.57,-574.22,-18.24,77.49,-64.89,-54.75,-28.35,14.40,29.1
2026/04/13 15:07:45.50,IMU,680.66,-493.16,-540.53,-9.52,85.15,-52.49,-58.05,-26.55,17.25,28.8
2026/04/13 15:07:45.60,IMU,778.32,-361.82,-307.62,-44.39,26.48,-45.15,-62.70,-23.70,19.65,29.1
2026/04/13 15:07:45.70,IMU,757.81,-242.68,-486.33,-109.26,0.14,-59.11,-66.60,-19.35,15.45,28.9
2026/04/13 15:07:45.80,IMU,846.68,-100.10,-546.88,-128.37,-53.87,-34.58,-68.40,-12.45,7.20,28.8
2026/04/13 15:07:45.91,IMU,829.59,57.13,-507.32,-104.18,-6.01,-3.48,-66.60,-7.95,2.85,29.0
2026/04/13 15:07:46.01,IMU,892.09,178.22,-444.82,-86.55,35.54,12.49,-67.95,-3.30,-1.35,29.1
2026/04/13 15:07:46.11,IMU,878.42,254.39,-624.51,-64.71,1.38,45.90,-67.50,-0.90,-1.95,29.0
2026/04/13 15:07:46.21,IMU,896.97,171.39,-424.80,-1.07,-31.75,70.56,-65.55,-1.95,-0.45,29.1
2026/04/13 15:07:46.31,IMU,802.73,57.62,-575.20,57.03,-34.40,67.93,-63.00,-9.30,-4.50,29.0
2026/04/13 15:07:46.41,IMU,665.53,-141.11,-634.77,66.73,-151.12,63.90,-54.90,-17.25,-8.10,29.1
2026/04/13 15:07:46.51,IMU,501.46,-356.45,-703.61,77.92,-141.53,54.79,-44.10,-23.10,-7.80,29.1
2026/04/13 15:07:46.61,IMU,192.87,-430.66,-852.05,69.50,-130.21,45.23,-32.85,-27.45,-7.35,28.8
2026/04/13 15:07:46.71,IMU,0.00,-572.27,-943.85,82.11,-65.85,39.97,-22.80,-31.80,-1.35,28.9
2026/04/13 15:07:46.81,IMU,46.39,-735.84,-596.68,62.24,-71.44,77.98,-18.30,-33.75,7.20,28.8
2026/04/13 15:07:46.91,IMU,-362.30,-651.86,-707.03,8.27,-40.13,104.80,-6.15,-30.75,12.15,29.0
2026/04/13 15:07:47.01,IMU,-467.29,-647.95,-683.59,-11.97,-12.38,65.34,0.15,-27.45,13.50,28.9
2026/04/13 15:07:47.11,IMU,-452.64,-592.77,-664.55,-30.70,11.84,47.92,5.25,-23.25,11.70,29.0
2026/04/13 15:07:47.21,IMU,-522.95,-489.75,-718.26,-47.47,20.63,21.61,6.60,-18.90,10.35,29.0
2026/04/13 15:07:47.31,IMU,-479.98,-384.77,-551.76,-34.91,5.70,14.51,7.50,-17.25,7.35,29.0
2026/04/13 15:07:47.41,IMU,-496.58,-380.37,-822.75,-24.85,0.44,33.66,7.50,-12.60,4.50,29.0
2026/04/13 15:07:47.51,IMU,-521.97,-312.50,-853.52,-22.89,5.55,3.11,9.00,-10.35,3.30,29.0
2026/04/13 15:07:47.61,IMU,-503.91,-276.86,-845.70,-22.14,6.15,13.12,5.85,-9.75,6.45,28.7
2026/04/13 15:07:47.71,IMU,-479.98,-236.33,-819.34,-25.51,1.49,9.78,7.50,-6.90,2.70,29.0
2026/04/13 15:07:47.81,IMU,-504.88,-187.99,-867.68,-27.34,6.65,-11.37,7.80,-6.15,1.50,29.0
2026/04/13 15:07:47.91,IMU,-504.88,-173.83,-898.93,-24.72,6.37,-10.79,6.15,-3.75,0.00,29.1
2026/04/13 15:07:48.01,IMU,-463.38,-139.65,-892.58,-23.50,-2.17,-15.63,5.40,-4.80,-0.30,29.0
2026/04/13 15:07:48.11,IMU,-472.66,-89.36,-911.13,-43.08,21.18,-17.32,4.50,-3.15,-1.95,28.8
2026/04/13 15:07:48.21,IMU,-420.41,0.49,-894.04,-73.34,28.02,-18.65,2.70,-1.65,-5.55,28.8
2026/04/13 15:07:48.31,IMU,-377.93,116.70,-941.89,-76.20,45.13,-40.91,-0.15,3.15,-8.10,29.0
2026/04/13 15:07:48.42,IMU,-269.04,263.67,-1000.49,-58.05,58.57,-47.17,-4.20,5.40,-13.50,28.7
2026/04/13 15:07:48.52,IMU,-213.87,224.61,-1025.39,-35.37,56.02,-50.62,-9.75,6.90,-16.05,29.1
2026/04/13 15:07:48.62,IMU,-136.23,274.90,-958.50,-35.03,47.53,-50.11,-17.10,5.85,-12.00,28.9
2026/04/13 15:07:48.72,IMU,-81.54,326.66,-959.96,-27.15,44.74,-54.05,-19.05,9.45,-19.05,29.0
2026/04/13 15:07:48.82,IMU,-11.23,323.73,-1030.27,14.27,72.27,-63.26,-22.95,9.60,-19.20,29.0
2026/04/13 15:07:48.92,IMU,-47.36,315.92,-1197.75,58.63,99.63,-62.44,-28.65,6.00,-19.80,29.1
2026/04/13 15:07:49.02,IMU,205.08,183.59,-914.55,81.52,96.73,-45.41,-40.20,-1.65,-17.85,29.1
2026/04/13 15:07:49.12,IMU,429.20,84.96,-831.05,97.67,70.23,-48.56,-47.10,-6.45,-15.45,28.9
2026/04/13 15:07:49.22,IMU,372.56,-70.31,-908.69,83.44,25.42,-26.80,-51.45,-12.45,-10.05,28.8
2026/04/13 15:07:49.32,IMU,445.31,-135.25,-881.35,65.50,33.24,-17.27,-53.85,-15.30,-6.60,28.7
2026/04/13 15:07:49.42,IMU,502.44,-281.74,-857.42,86.43,17.82,0.03,-55.80,-18.60,-1.80,28.9
2026/04/13 15:07:49.52,IMU,514.65,-394.53,-793.46,108.56,4.64,15.98,-56.10,-22.95,3.30,29.1
2026/04/13 15:07:49.62,IMU,489.75,-586.91,-642.58,89.71,-8.50,41.91,-53.85,-27.90,10.50,28.9
2026/04/13 15:07:49.72,IMU,403.32,-632.32,-609.38,79.08,-17.37,59.73,-51.60,-30.90,14.25,29.1
2026/04/13 15:07:49.82,IMU,312.01,-810.06,-447.75,49.02,-12.69,71.60,-44.70,-35.40,19.95,28.9
2026/04/13 15:07:49.92,IMU,153.81,-886.72,-460.94,31.46,-35.18,80.95,-38.55,-35.55,22.35,28.9
2026/04/13 15:07:50.02,IMU,-14.16,-933.59,-440.92,16.72,-34.40,81.33,-32.10,-38.40,24.60,29.1
2026/04/13 15:07:50.12,IMU,-119.63,-868.16,-399.41,-0.33,-27.54,92.01,-24.60,-36.00,25.95,28.9
2026/04/13 15:07:50.22,IMU,-312.01,-784.67,-450.68,-24.80,-2.87,106.32,-15.60,-36.60,25.35,28.9
2026/04/13 15:07:50.32,IMU,-511.23,-756.84,-505.37,-48.54,6.63,86.25,-6.15,-33.00,24.15,29.1
2026/04/13 15:07:50.42,IMU,-492.19,-643.55,-554.69,-70.29,19.37,47.94,-0.30,-29.85,20.10,28.6
2026/04/13 15:07:50.52,IMU,-641.11,-493.16,-607.91,-77.41,-37.76,43.31,3.45,-25.20,15.30,29.0
2026/04/13 15:07:50.62,IMU,-765.14,-370.61,-661.13,-71.24,-10.08,34.13,6.30,-20.25,11.70,28.8
2026/04/13 15:07:50.72,IMU,-689.94,-267.09,-645.02,-73.60,27.34,3.29,7.05,-14.85,6.60,28.8
2026/04/13 15:07:50.82,IMU,-620.61,-161.13,-778.32,-87.05,25.75,-8.18,5.70,-12.60,2.25,29.0
2026/04/13 15:07:50.92,IMU,-603.03,-68.36,-798.83,-89.99,-6.32,-18.57,3.30,-9.45,-3.15,29.1
2026/04/13 15:07:51.03,IMU,-672.85,18.07,-921.88,-77.81,30.31,-33.24,3.00,-5.85,-4.05,28.8
2026/04/13 15:07:51.13,IMU,-605.96,3.42,-893.55,-49.24,45.68,-70.14,0.00,-3.75,-8.55,28.9
2026/04/13 15:07:51.23,IMU,-424.80,39.55,-906.25,-11.69,81.11,-90.06,-6.75,-6.15,-11.70,29.0
2026/04/13 15:07:51.33,IMU,-266.11,-12.70,-930.66,32.05,117.05,-90.66,-16.35,-7.65,-16.05,28.7
2026/04/13 15:07:51.43,IMU,-173.34,-115.72,-999.51,46.75,81.47,-66.36,-30.30,-11.85,-15.60,28.8
2026/04/13 15:07:51.53,IMU,39.55,-202.15,-974.12,65.45,69.08,-48.81,-38.70,-17.55,-13.80,29.0
2026/04/13 15:07:51.63,IMU,149.41,-312.99,-986.33,76.34,54.60,-35.98,-44.10,-20.85,-7.80,29.0
2026/04/13 15:07:51.73,IMU,263.67,-430.18,-908.69,82.79,62.05,-15.85,-46.65,-23.10,-3.90,28.8
2026/04/13 15:07:51.83,IMU,349.12,-588.38,-736.33,73.80,52.16,14.33,-50.70,-26.10,5.40,28.8
2026/04/13 15:07:51.93,IMU,372.56,-629.88,-662.60,45.70,66.07,31.62,-52.20,-29.55,11.10,29.1
2026/04/13 15:07:52.03,IMU,470.21,-694.34,-490.23,26.21,40.71,60.82,-49.80,-32.70,16.65,29.0
2026/04/13 15:07:52.13,IMU,290.53,-810.55,-440.43,18.76,-32.87,104.82,-44.70,-35.10,20.70,29.2
2026/04/13 15:07:52.23,IMU,-25.88,-827.64,-483.89,9.85,-84.68,115.80,-33.45,-36.45,19.05,29.1
2026/04/13 15:07:52.33,IMU,-217.77,-865.23,-501.46,-33.08,-77.69,93.50,-23.55,-36.75,20.55,28.7
2026/04/13 15:07:52.43,IMU,-400.39,-694.34,-589.84,-50.53,-46.76,76.25,-12.75,-34.80,18.30,29.1
2026/04/13 15:07:52.53,IMU,-589.84,-678.71,-738.77,-35.27,-47.57,43.15,-5.10,-30.75,15.15,29.1
2026/04/13 15:07:52.63,IMU,-581.05,-582.03,-605.96,-45.40,-12.44,20.40,-1.80,-28.05,13.95,28.9
2026/04/13 15:07:52.73,IMU,-586.43,-567.87,-656.74,-42.45,-10.24,-1.96,-1.20,-27.45,12.75,29.2
2026/04/13 15:07:52.83,IMU,-597.66,-459.47,-687.01,-28.11,-11.59,-7.93,-1.20,-25.95,10.95,29.0
2026/04/13 15:07:52.93,IMU,-580.08,-530.27,-715.33,-25.89,-1.95,-12.65,-2.10,-26.55,8.25,29.0
2026/04/13 15:07:53.03,IMU,-647.46,-475.10,-717.29,-27.93,0.82,-2.81,-0.90,-24.45,8.10,29.0
2026/04/13 15:07:53.13,IMU,-554.69,-447.27,-675.29,-42.74,-36.27,27.53,-1.20,-22.95,4.05,29.0
2026/04/13 15:07:53.23,IMU,-685.06,-286.13,-705.08,-44.87,17.82,13.53,0.90,-18.00,4.05,28.9
2026/04/13 15:07:53.33,IMU,-669.43,-298.34,-805.18,-44.68,-57.79,-1.14,1.05,-16.65,0.30,28.9
2026/04/13 15:07:53.43,IMU,-781.25,-233.40,-788.09,-28.89,30.91,-17.45,2.55,-16.20,0.30,28.7
2026/04/13 15:07:53.53,IMU,-649.90,-211.91,-843.75,-37.20,93.82,-48.56,-1.05,-15.45,-2.85,28.9
2026/04/13 15:07:53.63,IMU,-363.28,-237.79,-956.05,-5.40,146.23,-74.73,-11.70,-17.40,-7.80,29.0
2026/04/13 15:07:53.74,IMU,-118.16,-229.98,-830.08,4.03,113.40,-73.89,-29.85,-19.05,-10.50,28.9
2026/04/13 15:07:53.84,IMU,102.05,-205.57,-1007.81,-30.54,56.17,-33.37,-37.20,-17.55,-11.25,28.9
2026/04/13 15:07:53.94,IMU,94.24,-143.07,-1031.74,-18.84,44.56,-14.25,-42.60,-16.95,-12.15,29.1
2026/04/13 15:07:54.04,IMU,226.56,-152.34,-924.32,-10.20,28.57,-11.53,-44.10,-14.70,-12.15,29.0
2026/04/13 15:07:54.14,IMU,214.36,-140.14,-973.63,-4.37,-5.83,1.09,-45.30,-14.10,-12.00,29.1
2026/04/13 15:07:54.24,IMU,201.66,-150.39,-955.57,7.42,-5.15,3.70,-44.70,-13.80,-12.45,28.8
2026/04/13 15:07:54.34,IMU,163.09,-170.90,-985.84,5.69,1.46,-4.23,-44.25,-15.30,-12.00,28.9
2026/04/13 15:07:54.44,IMU,160.64,-171.88,-967.77,-3.69,-6.66,-1.68,-42.60,-14.70,-13.35,28.6
2026/04/13 15:07:54.54,IMU,156.74,-150.39,-1015.63,-3.85,-14.05,-1.52,-43.95,-13.35,-12.45,28.9
2026/04/13 15:07:54.64,IMU,152.34,-130.37,-986.82,-5.64,-4.26,1.31,-42.60,-14.40,-12.60,29.4
2026/04/13 15:07:54.74,IMU,152.34,-150.39,-1013.18,4.21,22.12,-0.79,-42.60,-12.45,-12.15,28.8
2026/04/13 15:07:54.84,IMU,196.29,-163.57,-975.10,10.79,20.79,-9.83,-44.70,-14.10,-12.00,29.1
2026/04/13 15:07:54.94,IMU,199.71,-152.34,-1011.72,-7.56,16.05,-6.35,-46.65,-15.45,-11.85,29.0
2026/04/13 15:07:55.04,IMU,241.21,-141.11,-990.23,5.89,21.96,-7.69,-48.00,-14.10,-10.95,29.0
2026/04/13 15:07:55.14,IMU,325.20,-153.81,-928.71,40.37,50.72,20.06,-50.55,-16.05,-9.45,29.1
2026/04/13 15:07:55.24,IMU,333.50,-192.87,-879.39,65.59,-40.95,52.73,-49.05,-19.50,-5.85,29.0
2026/04/13 15:07:55.34,IMU,242.19,-487.79,-872.56,81.02,-35.25,44.52,-45.60,-23.85,-3.15,28.9
2026/04/13 15:07:55.44,IMU,79.59,-588.87,-924.80,9.50,5.37,29.86,-40.20,-28.20,-0.45,29.0
2026/04/13 15:07:55.54,IMU,200.68,-508.79,-856.93,-3.63,37.46,2.66,-41.55,-28.05,-1.05,29.0
2026/04/13 15:07:55.64,IMU,226.07,-488.77,-837.40,-10.49,13.52,18.89,-43.20,-29.40,-0.45,28.9
2026/04/13 15:07:55.74,IMU,236.82,-485.35,-829.59,-24.48,-0.33,24.41,-44.10,-30.30,1.80,29.1
2026/04/13 15:07:55.84,IMU,257.81,-440.92,-807.13,-47.91,-3.35,33.63,-40.35,-26.55,-2.85,29.1
2026/04/13 15:07:55.94,IMU,108.40,-342.29,-917.48,-76.23,-82.09,85.05,-33.45,-24.30,-8.25,28.9
2026/04/13 15:07:56.04,IMU,-33.69,-250.49,-981.93,-20.95,-101.63,46.34,-22.80,-22.65,-10.80,29.1
2026/04/13 15:07:56.14,IMU,-233.89,-251.46,-816.89,19.55,-122.67,37.25,-13.65,-19.80,-9.15,28.8
2026/04/13 15:07:56.25,IMU,-467.77,-261.23,-562.50,53.76,-114.08,-31.64,-4.65,-19.65,-2.40,29.1
2026/04/13 15:07:56.35,IMU,-584.47,-447.27,-708.01,31.29,-49.57,-42.72,-1.95,-24.45,3.75,29.2
2026/04/13 15:07:56.45,IMU,-609.86,-418.95,-731.93,-33.14,-1.80,45.18,-1.20,-25.50,5.85,28.9
2026/04/13 15:07:56.55,IMU,-809.08,-350.59,-928.22,-69.73,37.88,22.63,0.60,-18.60,1.35,29.2
2026/04/13 15:07:56.65,IMU,-404.30,-286.62,-837.89,-15.81,120.97,-42.73,-5.25,-18.75,-5.85,29.1
2026/04/13 15:07:56.75,IMU,-395.02,-204.59,-970.70,-43.96,70.31,13.99,-15.15,-21.00,-4.05,28.8
2026/04/13 15:07:56.85,IMU,-254.88,-133.79,-1013.18,-30.64,98.15,10.40,-18.00,-13.95,-12.15,29.0
2026/04/13 15:07:56.95,IMU,41.02,-177.73,-992.19,50.60,126.48,-42.68,-26.25,-14.55,-15.30,29.1
2026/04/13 15:07:57.05,IMU,140.14,-262.70,-1033.69,62.49,78.05,-25.21,-35.10,-20.55,-10.95,28.9
2026/04/13 15:07:57.15,IMU,296.88,-353.03,-797.85,49.89,40.18,-4.95,-42.45,-25.20,-4.80,28.9
2026/04/13 15:07:57.25,IMU,355.47,-368.65,-756.35,-1.09,5.89,9.35,-42.45,-27.00,-2.70,28.7
2026/04/13 15:07:57.35,IMU,333.50,-388.67,-876.46,11.46,5.18,0.18,-42.30,-25.05,-2.40,29.1
2026/04/13 15:07:57.45,IMU,352.05,-480.96,-807.62,33.77,9.52,-6.11,-43.35,-27.60,-0.60,29.0
2026/04/13 15:07:57.55,IMU,308.59,-458.01,-836.91,28.13,-8.73,15.59,-43.20,-28.65,-0.45,29.0
2026/04/13 15:07:57.65,IMU,298.83,-510.74,-811.04,44.39,-3.05,4.53,-40.80,-29.55,2.10,28.8
2026/04/13 15:07:57.76,IMU,330.08,-593.26,-678.71,39.50,-22.21,23.53,-40.95,-32.40,5.10,28.9
2026/04/13 15:07:57.86,IMU,145.02,-639.16,-721.68,37.60,-56.34,46.37,-37.95,-33.90,8.40,29.1
2026/04/13 15:07:57.96,IMU,106.45,-755.37,-628.42,20.12,-59.98,18.17,-30.90,-33.75,8.55,28.8
2026/04/13 15:07:58.06,IMU,37.60,-781.25,-562.99,-7.79,-78.63,5.98,-27.45,-34.50,8.25,29.1
2026/04/13 15:07:58.16,IMU,-194.34,-675.29,-632.32,-62.04,-122.97,32.58,-21.60,-33.75,7.20,29.1
2026/04/13 15:07:58.26,IMU,-398.93,-543.46,-723.63,-53.51,-90.18,14.76,-15.90,-31.65,4.80,28.8
2026/04/13 15:07:58.36,IMU,-532.71,-472.66,-768.55,-47.81,-49.15,23.50,-9.75,-28.20,4.50,29.0
2026/04/13 15:07:58.46,IMU,-555.18,-400.39,-773.93,-64.37,18.99,22.50,-4.95,-25.20,1.50,28.8
2026/04/13 15:07:58.56,IMU,-664.06,-292.97,-951.66,-88.75,41.05,1.24,-5.40,-18.15,-4.20,28.9
2026/04/13 15:07:58.66,IMU,-581.05,-185.06,-1019.53,-109.61,57.14,3.23,-7.05,-14.10,-10.50,28.9
2026/04/13 15:07:58.76,IMU,-359.86,-2.44,-1032.71,-77.32,48.92,-23.16,-11.85,-7.35,-16.65,29.1
2026/04/13 15:07:58.86,IMU,-319.82,57.13,-1080.57,13.69,75.20,-104.62,-19.50,-4.80,-17.55,28.8
2026/04/13 15:07:58.96,IMU,-82.03,-60.55,-973.14,49.13,114.79,-82.27,-29.55,-8.40,-16.35,29.1
2026/04/13 15:07:59.07,IMU,88.38,-140.63,-1023.93,86.50,130.53,-60.24,-42.60,-11.25,-14.40,28.9
2026/04/13 15:07:59.17,IMU,234.38,-174.80,-940.43,63.81,94.93,-14.16,-51.75,-15.90,-7.50,29.1
2026/04/13 15:07:59.27,IMU,371.09,-319.82,-868.65,91.12,98.79,-10.41,-57.00,-17.70,0.60,29.0
2026/04/13 15:07:59.37,IMU,528.32,-467.29,-758.79,76.44,43.79,22.24,-62.10,-21.60,10.05,29.0
2026/04/13 15:07:59.47,IMU,708.98,-530.76,-587.40,86.68,44.11,35.35,-61.50,-22.95,17.85,29.1
2026/04/13 15:07:59.57,IMU,670.41,-740.72,-303.22,92.95,19.37,49.28,-59.85,-25.05,24.15,28.9
2026/04/13 15:07:59.67,IMU,518.07,-821.29,-411.62,46.82,-18.79,59.63,-56.25,-28.80,28.50,28.9
2026/04/13 15:07:59.77,IMU,431.15,-828.61,-306.15,36.10,-41.36,54.44,-51.60,-30.45,29.70,29.1
2026/04/13 15:07:59.87,IMU,230.96,-837.89,-334.47,16.34,-41.57,48.66,-46.80,-32.70,31.20,28.6
2026/04/13 15:07:59.97,IMU,227.05,-920.41,-199.22,16.06,-21.66,63.89,-42.75,-33.90,31.50,28.9
2026/04/13 15:08:00.07,IMU,10.25,-909.18,-305.18,25.79,-15.53,77.99,-35.25,-37.20,32.10,29.0
2026/04/13 15:08:00.17,IMU,-165.53,-998.54,-220.21,37.01,-0.86,83.42,-28.05,-36.15,34.35,29.0
2026/04/13 15:08:00.27,IMU,-313.48,-958.01,-160.16,6.44,-10.83,74.34,-18.45,-38.10,37.65,29.0
2026/04/13 15:08:00.37,IMU,-351.07,-984.86,-106.93,22.00,-6.13,4.29,-15.90,-36.15,37.95,29.0
2026/04/13 15:08:00.47,IMU,-375.00,-974.12,-124.02,-13.72,-1.97,5.63,-14.85,-35.40,39.15,28.8
2026/04/13 15:08:00.57,IMU,-386.23,-984.86,-185.06,-27.82,19.56,-7.06,-14.25,-34.50,39.30,28.9
2026/04/13 15:08:00.67,IMU,-346.68,-941.41,-290.53,-49.05,30.76,-25.94,-16.35,-36.15,34.80,28.8
2026/04/13 15:08:00.77,IMU,-299.80,-928.71,-350.10,-48.98,33.33,-4.61,-18.75,-36.75,30.90,29.1
2026/04/13 15:08:00.87,IMU,-211.43,-868.65,-421.88,-56.37,21.61,18.21,-19.50,-36.75,25.50,28.8
2026/04/13 15:08:00.97,IMU,-219.24,-826.17,-568.85,-62.49,47.31,49.24,-18.00,-36.45,22.35,29.0
2026/04/13 15:08:01.07,IMU,-391.60,-747.56,-766.11,-57.46,43.77,12.12,-14.40,-33.15,16.05,28.9
2026/04/13 15:08:01.17,IMU,-187.99,-721.19,-722.66,-27.02,45.11,-17.88,-19.05,-33.00,10.05,29.0
2026/04/13 15:08:01.27,IMU,-58.59,-689.45,-777.83,-48.05,29.57,-26.79,-20.85,-33.30,7.80,29.0
2026/04/13 15:08:01.37,IMU,-35.64,-635.25,-803.22,-51.21,20.53,-13.53,-23.10,-31.50,1.05,29.0
2026/04/13 15:08:01.47,IMU,-26.37,-529.79,-890.63,-43.33,16.54,-9.76,-28.20,-27.60,0.30,29.0
2026/04/13 15:08:01.57,IMU,18.07,-434.57,-900.88,-41.18,13.35,-6.89,-28.80,-28.65,-4.05,28.9
2026/04/13 15:08:01.68,IMU,39.06,-389.16,-922.85,-41.18,26.29,22.19,-28.20,-25.05,-7.20,29.0
2026/04/13 15:08:01.78,IMU,141.11,-293.95,-876.46,-61.63,13.21,12.13,-30.45,-21.15,-9.60,29.0
2026/04/13 15:08:01.88,IMU,-8.30,-249.02,-1043.46,-77.85,-8.05,21.67,-28.80,-18.30,-12.00,29.1
2026/04/13 15:08:01.98,IMU,-58.11,0.98,-989.75,-79.31,-77.43,-0.90,-25.80,-10.80,-15.60,28.9
2026/04/13 15:08:02.08,IMU,-182.62,86.43,-1167.48,-86.79,-94.37,0.32,-20.85,-3.30,-16.95,29.0
2026/04/13 15:08:02.18,IMU,-212.40,191.89,-937.50,-25.18,-34.17,-5.62,-15.60,-0.45,-17.85,28.9
2026/04/13 15:08:02.28,IMU,-333.98,253.42,-1021.00,-12.93,-32.59,-8.15,-11.70,0.75,-16.50,29.0
2026/04/13 15:08:02.38,IMU,-333.50,203.61,-972.17,19.15,10.59,-16.44,-11.10,2.70,-15.30,29.1
2026/04/13 15:08:02.48,IMU,-263.18,128.91,-942.87,50.32,37.89,-28.48,-13.95,-0.30,-16.95,29.1
2026/04/13 15:08:02.58,IMU,-257.32,48.34,-952.15,1.61,-62.07,-10.76,-14.70,-4.50,-16.20,28.7
2026/04/13 15:08:02.68,IMU,-426.76,33.20,-918.46,-4.87,-39.64,-25.70,-11.10,-3.60,-14.55,29.0
2026/04/13 15:08:02.78,IMU,-497.07,33.69,-901.86,-26.15,-42.50,-16.18,-6.00,-3.90,-13.80,29.0
2026/04/13 15:08:02.88,IMU,-544.43,124.02,-861.82,-45.08,-50.50,-9.28,-3.75,-2.40,-10.95,29.0
2026/04/13 15:08:02.98,IMU,-632.32,226.07,-789.55,-75.02,-59.88,24.04,0.00,0.75,-10.80,29.0
2026/04/13 15:08:03.08,IMU,-713.87,254.88,-765.63,-64.11,-38.08,7.74,6.75,8.10,-6.90,28.9
2026/04/13 15:08:03.18,IMU,-760.74,283.69,-807.62,10.21,49.62,-56.11,5.40,9.75,-7.20,29.0
2026/04/13 15:08:03.28,IMU,-757.32,213.87,-809.57,56.18,93.89,-120.55,-0.60,2.25,-12.15,29.0
2026/04/13 15:08:03.38,IMU,-437.50,-8.79,-907.71,107.44,127.21,-135.94,-16.05,-8.25,-15.15,29.1
2026/04/13 15:08:03.48,IMU,-252.93,-263.67,-993.16,88.27,68.47,-45.68,-27.90,-16.65,-12.90,28.9
2026/04/13 15:08:03.58,IMU,-86.43,-489.75,-962.40,86.45,77.05,-9.95,-35.25,-21.15,-10.80,29.1
2026/04/13 15:08:03.68,IMU,47.85,-564.94,-863.77,119.70,106.35,33.60,-39.30,-27.60,-2.40,28.8
2026/04/13 15:08:03.78,IMU,151.37,-633.79,-655.76,125.71,-4.90,66.05,-36.75,-34.50,10.35,29.0
2026/04/13 15:08:03.88,IMU,-113.77,-739.75,-499.51,108.45,-7.56,116.28,-29.25,-37.35,19.20,29.1
2026/04/13 15:08:03.98,IMU,-270.51,-948.24,-298.34,46.52,-13.17,132.05,-18.90,-36.15,26.10,28.8
2026/04/13 15:08:04.08,IMU,-569.82,-823.73,-401.86,-23.38,-12.74,99.32,-6.90,-34.80,27.75,29.0
2026/04/13 15:08:04.19,IMU,-742.68,-719.24,-366.21,-61.78,13.95,69.01,1.35,-29.10,26.70,28.7
2026/04/13 15:08:04.29,IMU,-544.92,-633.79,-660.64,-84.93,12.57,44.55,3.60,-25.35,19.80,29.0
2026/04/13 15:08:04.39,IMU,-765.14,-455.57,-601.56,-96.89,-7.54,32.50,5.70,-22.95,16.05,29.1
2026/04/13 15:08:04.49,IMU,-776.37,-307.13,-674.80,-114.61,18.95,3.11,7.35,-16.20,7.80,29.0
2026/04/13 15:08:04.59,IMU,-645.51,-127.44,-834.96,-82.14,50.35,-45.54,3.60,-14.40,1.80,29.1
2026/04/13 15:08:04.69,IMU,-541.02,-177.73,-851.07,-68.55,52.74,-38.10,-2.25,-12.30,-4.05,29.1
2026/04/13 15:08:04.79,IMU,-550.29,-83.50,-1011.72,-24.60,116.05,-70.15,-8.55,-12.30,-10.20,29.1
2026/04/13 15:08:04.89,IMU,-309.57,-53.71,-1006.35,-75.65,66.50,-44.74,-20.85,-10.20,-12.60,29.1
2026/04/13 15:08:04.99,IMU,-175.78,-24.41,-992.68,-36.53,41.38,-43.04,-23.10,-6.75,-17.25,28.9
2026/04/13 15:08:05.09,IMU,-198.24,19.53,-1010.25,-17.05,-69.43,-31.14,-24.90,-6.45,-18.75,28.8
2026/04/13 15:08:05.19,IMU,-301.76,116.21,-807.13,-25.85,-95.34,-1.38,-17.25,-2.55,-17.55,28.9
2026/04/13 15:08:05.29,IMU,-583.98,187.01,-794.92,-23.31,-159.98,30.59,-6.60,-0.30,-15.15,29.1
2026/04/13 15:08:05.39,IMU,-684.08,159.18,-770.51,6.02,-98.40,-9.40,7.05,-0.15,-6.60,29.1
2026/04/13 15:08:05.49,IMU,-923.83,97.17,-678.22,56.42,-58.76,-32.07,12.00,-1.05,-1.35,29.0
2026/04/13 15:08:05.59,IMU,-845.70,11.23,-573.24,83.23,-25.15,-15.29,13.05,-6.60,3.75,29.1
2026/04/13 15:08:05.69,IMU,-1069.34,-117.68,-634.28,116.35,22.39,-52.35,12.75,-10.95,7.20,29.1
2026/04/13 15:08:05.79,IMU,-929.20,-225.10,-618.16,99.41,83.79,-78.52,5.10,-20.85,10.05,28.9
2026/04/13 15:08:05.89,IMU,-632.32,-504.88,-567.38,110.75,68.26,-76.40,-4.35,-28.80,16.50,29.1
2026/04/13 15:08:05.99,IMU,-562.99,-579.10,-493.65,108.40,112.26,-48.60,-7.05,-31.20,15.30,28.8
2026/04/13 15:08:06.09,IMU,-508.30,-772.95,-463.38,90.62,83.65,-35.22,-15.00,-35.55,19.05,29.1
2026/04/13 15:08:06.19,IMU,-396.00,-824.71,-438.96,53.22,117.46,-36.71,-20.40,-37.65,24.60,29.0
2026/04/13 15:08:06.29,IMU,-41.99,-1019.04,-286.13,12.68,132.49,-60.98,-22.50,-36.60,26.40,28.7
2026/04/13 15:08:06.39,IMU,66.41,-949.22,-262.21,-57.34,110.37,-34.88,-28.50,-37.65,27.90,29.0
2026/04/13 15:08:06.49,IMU,184.08,-829.59,-445.31,-103.18,85.69,-45.13,-32.70,-37.50,19.05,29.1
2026/04/13 15:08:06.59,IMU,270.51,-666.50,-737.30,-149.89,131.36,-56.29,-39.45,-33.90,10.20,29.1
2026/04/13 15:08:06.69,IMU,449.22,-489.75,-658.20,-121.50,51.28,-61.69,-47.40,-27.90,3.00,29.0
2026/04/13 15:08:06.80,IMU,616.21,-256.84,-563.96,-131.90,43.86,-15.52,-52.80,-22.50,-3.30,29.1
2026/04/13 15:08:06.90,IMU,701.66,71.29,-678.71,-98.99,-3.27,-49.26,-56.40,-14.85,-6.30,29.0
2026/04/13 15:08:07.00,IMU,483.40,145.02,-888.18,-72.40,-152.03,-38.51,-53.25,-5.55,-13.95,28.8
2026/04/13 15:08:07.10,IMU,208.01,232.42,-796.39,-59.69,-208.08,-39.40,-41.85,0.75,-20.10,29.1
2026/04/13 15:08:07.20,IMU,60.55,338.87,-834.96,-54.99,-101.01,-52.29,-26.40,5.25,-22.35,28.9
2026/04/13 15:08:07.30,IMU,-190.43,379.88,-889.16,-46.59,-92.24,-39.75,-19.05,12.15,-20.10,29.1
2026/04/13 15:08:07.40,IMU,-309.08,407.23,-932.62,14.50,-64.38,-66.79,-11.55,14.55,-18.90,28.7
2026/04/13 15:08:07.51,IMU,-541.99,337.89,-891.60,75.14,-23.32,-94.90,-3.45,9.60,-14.25,29.1
2026/04/13 15:08:07.61,IMU,-639.65,166.99,-869.63,58.19,-55.34,-75.89,-1.35,0.30,-13.35,29.1
2026/04/13 15:08:07.71,IMU,-552.25,27.34,-876.46,61.88,56.40,-51.53,-0.15,-6.15,-11.25,28.8
2026/04/13 15:08:07.81,IMU,-480.47,-83.50,-742.19,73.53,113.14,-33.51,-8.40,-13.65,-11.10,29.1
2026/04/13 15:08:07.91,IMU,-386.72,-169.92,-986.33,0.63,53.48,-4.34,-16.65,-18.30,-7.65,29.1
2026/04/13 15:08:08.01,IMU,-367.19,-247.07,-1085.94,8.98,33.35,-19.60,-20.40,-19.50,-8.10,29.1
2026/04/13 15:08:08.11,IMU,-273.44,-257.32,-1049.32,1.34,20.01,-12.95,-23.55,-18.90,-9.30,28.8
2026/04/13 15:08:08.21,IMU,-86.43,-210.45,-979.49,8.29,44.32,5.65,-28.65,-20.85,-8.55,29.1
2026/04/13 15:08:08.31,IMU,-144.53,-250.00,-1035.64,-7.27,8.42,16.02,-27.45,-20.85,-7.80,28.9
2026/04/13 15:08:08.41,IMU,-107.42,-300.29,-1022.46,-26.92,24.85,11.97,-28.95,-18.60,-14.70,29.3
2026/04/13 15:08:08.51,IMU,-28.32,-185.55,-913.57,-8.73,22.93,-20.53,-29.25,-18.00,-17.85,29.0
2026/04/13 15:08:08.61,IMU,-3.42,-135.74,-992.19,4.02,-1.56,2.93,-31.95,-16.65,-18.75,28.9
2026/04/13 15:08:08.71,IMU,-15.63,-134.28,-862.30,-14.80,17.55,10.21,-33.00,-17.40,-19.80,29.1
2026/04/13 15:08:08.81,IMU,74.71,-93.75,-750.98,-54.84,15.63,4.40,-34.95,-12.90,-22.35,29.0
2026/04/13 15:08:08.91,IMU,28.32,-67.87,-917.48,-2.91,14.96,13.80,-37.05,-9.00,-20.55,29.0
2026/04/13 15:08:09.01,IMU,89.36,-64.45,-995.12,-1.52,27.88,6.21,-39.15,-8.85,-17.85,28.9
2026/04/13 15:08:09.11,IMU,109.37,-30.27,-982.42,-13.56,-14.48,8.37,-40.05,-9.75,-16.20,29.0
2026/04/13 15:08:09.21,IMU,78.61,-44.92,-965.33,-9.33,-5.42,7.17,-40.65,-9.60,-14.55,28.8
2026/04/13 15:08:09.31,IMU,77.64,-16.60,-988.28,-0.47,3.60,-7.98,-39.00,-6.75,-17.55,29.0
2026/04/13 15:08:09.41,IMU,105.47,-12.70,-939.45,-4.89,-2.75,-2.12,-40.65,-7.65,-17.40,28.9
2026/04/13 15:08:09.51,IMU,64.94,14.16,-1022.95,0.49,-1.44,0.96,-41.25,-6.15,-13.50,29.1
2026/04/13 15:08:09.61,IMU,53.22,9.28,-1018.07,1.57,0.75,-0.50,-41.25,-6.90,-14.85,29.1
2026/04/13 15:08:09.71,IMU,72.27,11.23,-1010.74,0.85,2.91,-0.31,-40.95,-5.85,-14.55,29.1
2026/04/13 15:08:09.81,IMU,67.38,15.63,-1015.14,0.18,2.88,-0.50,-42.30,-5.25,-14.40,29.1
2026/04/13 15:08:09.91,IMU,55.66,5.86,-1016.60,1.88,0.95,2.21,-39.60,-6.45,-14.40,28.8
2026/04/13 15:08:10.02,IMU,63.48,-13.67,-1002.93,-0.93,-0.91,-2.41,-41.55,-6.00,-13.65,29.1
2026/04/13 15:08:10.12,IMU,72.75,15.14,-1007.81,-0.44,0.18,-0.21,-39.60,-6.75,-13.65,28.9
2026/04/13 15:08:10.22,IMU,68.85,1.95,-1013.18,-1.52,-0.28,0.33,-39.45,-6.15,-13.80,29.0
2026/04/13 15:08:10.32,IMU,70.80,-2.44,-1007.32,-1.29,0.15,-0.06,-39.30,-6.75,-12.90,29.0
2026/04/13 15:08:10.42,IMU,81.05,4.39,-1000.49,0.12,0.28,-1.64,-39.45,-6.90,-13.50,28.8
2026/04/13 15:08:10.52,IMU,75.20,12.70,-1008.79,1.69,0.43,1.27,-40.65,-6.60,-13.05,29.1
2026/04/13 15:08:10.62,IMU,74.22,14.16,-1011.23,-0.53,0.63,1.39,-39.45,-6.15,-14.55,28.8
2026/04/13 15:08:10.72,IMU,76.17,6.35,-1017.09,-1.79,-0.42,-0.56,-40.35,-5.25,-13.95,28.9
2026/04/13 15:08:10.82,IMU,71.29,16.11,-1000.00,-2.85,1.06,-1.65,-40.20,-6.60,-12.75,28.7
2026/04/13 15:08:10.92,IMU,58.59,0.98,-1021.48,0.20,1.31,2.29,-40.05,-6.45,-15.15,28.8
2026/04/13 15:08:11.02,IMU,75.20,-5.86,-1013.67,0.85,0.82,0.17,-40.35,-7.20,-13.65,29.1
2026/04/13 15:08:11.12,IMU,69.82,15.63,-1011.72,0.68,-0.07,0.56,-39.90,-4.65,-13.80,28.9
2026/04/13 15:08:11.22,IMU,66.89,14.65,-1008.79,-0.66,1.20,-2.18,-41.70,-6.90,-14.85,29.0
2026/04/13 15:08:11.32,IMU,72.27,-1.46,-1009.28,0.03,3.66,1.07,-39.90,-5.40,-14.25,28.9
2026/04/13 15:08:11.42,IMU,76.17,13.18,-1014.65,0.89,-0.17,-1.21,-40.95,-6.15,-13.80,29.1
2026/04/13 15:08:11.52,IMU,60.55,7.81,-1009.77,-0.64,-0.21,-1.44,-39.90,-6.90,-15.30,29.1
2026/04/13 15:08:11.62,IMU,67.38,13.18,-1011.23,1.78,-0.88,0.91,-39.60,-5.55,-13.35,29.0
2026/04/13 15:08:11.72,IMU,68.36,8.30,-1011.23,-0.84,-1.31,1.11,-40.05,-6.45,-13.65,29.0
2026/04/13 15:08:11.82,IMU,76.17,-5.86,-1008.79,1.92,1.25,-0.47,-41.85,-7.50,-12.90,28.9
2026/04/13 15:08:11.92,IMU,75.20,10.25,-1008.79,-0.21,-0.79,0.37,-39.90,-5.40,-14.25,29.1
2026/04/13 15:08:12.02,IMU,66.89,-0.49,-1013.67,-1.31,1.05,-1.03,-39.00,-5.25,-14.40,28.9
2026/04/13 15:08:12.12,IMU,53.71,6.84,-1013.67,0.26,0.62,1.58,-40.80,-6.00,-12.60,28.8
2026/04/13 15:08:12.22,IMU,67.87,0.98,-1009.77,-1.45,-1.44,-2.50,-41.10,-5.25,-14.40,29.1
2026/04/13 15:08:12.32,IMU,63.48,6.35,-1014.16,-1.51,-1.91,1.82,-38.70,-5.85,-14.25,29.3
2026/04/13 15:08:12.42,IMU,62.50,13.67,-1013.67,-1.17,0.69,-0.53,-39.60,-6.45,-14.40,28.9
2026/04/13 15:08:12.53,IMU,71.78,0.00,-1010.74,0.50,0.24,2.95,-40.95,-5.10,-14.25,29.1
2026/04/13 15:08:12.63,IMU,68.85,-3.91,-1009.28,0.11,-1.07,-1.69,-41.25,-6.90,-13.80,28.9
2026/04/13 15:08:12.73,IMU,67.87,10.25,-1001.95,-2.15,1.89,0.00,-40.20,-6.90,-14.55,28.9
2026/04/13 15:08:12.83,IMU,62.01,-2.93,-1007.81,0.25,2.53,-1.71,-39.90,-5.85,-14.25,29.0
2026/04/13 15:08:12.93,IMU,73.24,-4.88,-1024.41,0.01,0.90,-0.58,-40.65,-5.10,-12.75,29.1
2026/04/13 15:08:13.03,IMU,63.48,4.88,-1018.07,1.31,1.42,-1.80,-40.95,-9.30,-10.95,29.1
2026/04/13 15:08:13.13,IMU,70.31,13.67,-1019.53,1.50,0.84,-3.28,-41.55,-5.55,-13.35,29.2
2026/04/13 15:08:13.23,IMU,60.55,4.88,-1012.70,0.25,0.62,-1.10,-40.05,-6.75,-13.95,29.0
2026/04/13 15:08:13.33,IMU,59.08,2.93,-1019.04,0.82,-0.05,-1.15,-40.05,-5.25,-14.40,28.9
2026/04/13 15:08:13.43,IMU,64.45,8.79,-1018.07,-1.53,-2.42,1.66,-40.80,-6.45,-13.35,29.1
2026/04/13 15:08:13.53,IMU,76.17,6.84,-990.23,0.73,-1.08,-0.79,-39.45,-7.65,-14.55,29.1
2026/04/13 15:08:13.63,IMU,73.73,-7.32,-1021.00,-0.12,1.44,-0.66,-39.60,-5.25,-13.35,29.1
2026/04/13 15:08:13.73,IMU,85.45,6.84,-1013.18,0.70,1.59,0.47,-38.55,-6.75,-14.70,29.1
2026/04/13 15:08:13.83,IMU,66.41,15.14,-1009.77,0.48,1.77,-0.95,-39.90,-6.90,-14.25,28.9
2026/04/13 15:08:13.93,IMU,77.64,10.74,-1011.72,1.40,0.21,-0.68,-39.15,-6.60,-13.05,29.1
2026/04/13 15:08:14.03,IMU,65.43,7.32,-1008.30,-0.18,-0.02,0.15,-40.20,-5.10,-13.80,29.0
2026/04/13 15:08:14.13,IMU,68.36,11.23,-1003.91,0.66,1.34,-1.32,-40.65,-6.90,-13.80,29.2
2026/04/13 15:08:14.23,IMU,74.22,7.32,-1001.95,0.20,1.69,2.37,-40.05,-7.20,-13.95,28.9
2026/04/13 15:08:14.33,IMU,65.92,3.91,-1012.21,-0.30,0.58,3.27,-41.25,-6.90,-14.25,29.1
2026/04/13 15:08:14.43,IMU,71.78,6.35,-995.12,0.66,-0.69,-2.12,-39.90,-5.40,-14.25,29.1
2026/04/13 15:08:14.53,IMU,62.99,0.00,-1007.81,-2.05,-0.65,0.79,-40.05,-5.55,-13.65,28.9
2026/04/13 15:08:14.63,IMU,79.59,12.21,-1026.86,0.11,-0.82,-0.05,-40.95,-5.10,-14.85,29.0
2026/04/13 15:08:14.73,IMU,79.59,6.35,-1008.79,-1.65,-1.18,-0.58,-41.10,-5.55,-14.40,28.8
2026/04/13 15:08:14.83,IMU,68.85,0.98,-1019.53,-0.63,1.24,0.64,-39.90,-7.65,-13.80,29.0
2026/04/13 15:08:14.93,IMU,71.29,1.95,-1009.77,-0.16,-0.31,-1.28,-41.10,-6.75,-12.90,29.0
2026/04/13 15:08:15.04,IMU,65.43,4.88,-1011.23,0.77,-1.08,1.00,-39.60,-6.45,-13.35,28.9
2026/04/13 15:08:15.14,IMU,73.24,4.88,-1001.46,-2.45,2.60,2.47,-40.20,-6.15,-14.55,28.6
2026/04/13 15:08:15.24,IMU,62.99,-2.44,-1019.04,0.53,2.17,-0.92,-39.90,-5.85,-13.80,29.1
2026/04/13 15:08:15.34,IMU,68.36,16.11,-1001.95,0.27,-0.81,-0.60,-40.95,-6.15,-13.80,28.8
2026/04/13 15:08:15.44,IMU,58.11,5.37,-1011.72,-0.09,3.08,0.88,-40.05,-6.00,-14.70,29.0
2026/04/13 15:08:15.54,IMU,72.75,10.25,-1010.74,-0.20,-1.78,-1.97,-39.90,-6.00,-13.65,29.0
2026/04/13 15:08:15.64,IMU,65.43,8.30,-1003.42,-1.70,-0.62,-0.76,-40.35,-5.25,-13.65,29.1
2026/04/13 15:08:15.74,IMU,62.99,11.23,-1013.18,0.00,1.56,0.01,-40.80,-6.75,-13.95,29.1
2026/04/13 15:08:15.84,IMU,70.31,9.28,-998.54,-1.27,-0.44,-0.89,-39.60,-7.20,-12.90,28.8
2026/04/13 15:08:15.94,IMU,61.52,11.72,-1009.28,-1.55,0.69,0.48,-42.60,-7.20,-13.65,29.3
2026/04/13 15:08:16.04,IMU,68.36,10.74,-1018.07,-0.95,1.54,0.60,-40.05,-6.75,-12.60,28.8
