Timestamp,Sensor,AccX,AccY,AccZ,GyrX,GyrY,GyrZ,MagX,MagY,MagZ,Temp
2026/04/20 22:43:23.03,IMU,-180.18,-166.50,-994.14,-1.49,0.27,3.01,-5.85,-0.75,-63.75,34.3
2026/04/20 22:43:23.13,IMU,-188.48,-172.85,-995.12,-0.16,0.51,2.18,-2.25,1.20,-66.15,34.3
2026/04/20 22:43:23.23,IMU,-185.55,-169.43,-1001.46,0.62,-0.04,1.15,-2.70,0.15,-67.20,34.2
2026/04/20 22:43:23.33,IMU,-182.62,-153.81,-983.40,0.40,0.60,1.50,-2.55,1.05,-67.35,34.3
2026/04/20 22:43:23.43,IMU,-174.80,-162.11,-989.26,-0.26,1.28,1.23,-2.55,1.80,-66.30,34.3
2026/04/20 22:43:23.53,IMU,-191.41,-163.57,-1001.46,0.31,0.21,0.29,-4.20,1.65,-67.95,34.1
2026/04/20 22:43:23.63,IMU,-188.96,-169.92,-985.84,-1.31,0.38,-1.13,-2.85,2.25,-66.30,34.3
2026/04/20 22:43:23.73,IMU,-177.25,-156.74,-990.72,-0.89,1.18,1.55,-2.70,1.20,-66.45,34.5
2026/04/20 22:43:23.83,IMU,-195.31,-166.99,-998.54,1.66,-1.07,-1.93,-0.30,1.80,-70.35,34.3
2026/04/20 22:43:23.93,IMU,-162.11,-164.06,-1005.37,0.41,-0.15,2.43,-1.95,1.65,-65.85,34.4
2026/04/20 22:43:24.01,IMU,-186.04,-161.13,-999.02,-1.08,0.53,3.49,-3.45,0.45,-67.20,34.3
2026/04/20 22:43:24.11,IMU,-185.06,-166.02,-999.02,1.21,-1.31,-0.41,-2.10,1.50,-67.05,34.4
2026/04/20 22:43:24.21,IMU,-200.20,-172.36,-981.45,1.12,1.27,1.84,-2.70,0.90,-67.95,34.2
2026/04/20 22:43:24.31,IMU,-182.13,-167.97,-999.51,-1.90,1.50,-0.27,-1.95,0.90,-67.65,34.4
2026/04/20 22:43:24.41,IMU,-188.96,-172.36,-986.82,-0.66,1.53,-0.51,-1.95,1.65,-67.20,34.5
2026/04/20 22:43:24.51,IMU,-192.38,-166.99,-996.58,1.41,0.98,2.43,-1.80,1.05,-67.05,34.4
2026/04/20 22:43:24.61,IMU,-192.38,-173.83,-979.00,-1.05,0.80,0.55,-3.30,1.05,-66.75,34.5
2026/04/20 22:43:24.71,IMU,-189.94,-170.90,-995.61,1.26,1.07,-1.14,-1.65,2.40,-67.65,34.5
2026/04/20 22:43:24.81,IMU,-187.50,-168.46,-994.14,-2.17,1.49,-0.88,-1.95,1.20,-66.45,34.6
2026/04/20 22:43:24.91,IMU,-179.20,-160.16,-994.14,1.68,-0.17,0.24,-2.85,1.05,-67.35,34.6
2026/04/20 22:43:25.02,IMU,-169.92,-159.67,-997.07,-0.35,-0.01,1.40,-1.95,1.20,-66.90,34.5
2026/04/20 22:43:25.12,IMU,-198.73,-154.30,-985.84,-0.35,0.50,-3.29,-1.80,1.05,-66.30,34.5
2026/04/20 22:43:25.22,IMU,-196.78,-168.46,-993.16,1.62,0.40,-1.39,-0.60,2.25,-66.75,34.5
2026/04/20 22:43:25.32,IMU,-187.01,-167.48,-999.51,-0.89,-2.73,-0.35,-3.90,2.55,-66.30,34.7
2026/04/20 22:43:25.42,IMU,-179.69,-143.55,-999.02,-0.26,0.15,3.45,-3.45,1.20,-66.15,34.6
2026/04/20 22:43:25.52,IMU,-183.11,-163.57,-992.19,-0.62,0.64,1.35,-2.70,3.15,-67.20,34.4
2026/04/20 22:43:25.62,IMU,-191.89,-172.36,-1004.88,0.85,-0.98,-0.45,-3.30,1.80,-66.75,34.2
2026/04/20 22:43:25.72,IMU,-193.85,-173.34,-996.58,-0.55,-0.19,-1.76,-2.10,1.80,-66.75,34.5
2026/04/20 22:43:25.83,IMU,-176.27,-169.92,-1002.44,0.68,1.65,0.71,-3.00,0.90,-66.45,34.5
2026/04/20 22:43:25.93,IMU,-192.38,-171.39,-997.56,-0.10,0.29,-0.44,-1.35,2.55,-66.00,34.5
2026/04/20 22:43:26.03,IMU,-195.80,-156.74,-996.58,-0.56,0.14,1.38,-1.95,2.70,-67.20,34.3
2026/04/20 22:43:26.13,IMU,-179.69,-160.16,-1003.91,1.31,1.66,0.53,-2.10,2.25,-67.35,34.7
2026/04/20 22:43:26.23,IMU,-188.48,-177.25,-1004.88,-0.36,-0.52,-0.09,-2.55,2.25,-67.80,34.6
2026/04/20 22:43:26.33,IMU,-186.52,-164.55,-994.63,-0.30,2.92,-0.07,-1.35,1.05,-68.55,34.6
2026/04/20 22:43:26.43,IMU,-179.20,-164.06,-1000.49,0.32,0.69,0.12,-3.00,0.90,-68.25,34.5
2026/04/20 22:43:26.53,IMU,-191.41,-168.95,-1005.86,0.80,0.83,-2.50,-2.10,0.75,-67.05,34.7
2026/04/20 22:43:26.63,IMU,-190.43,-167.97,-1001.46,0.94,0.29,-1.34,-3.60,0.30,-66.00,34.5
2026/04/20 22:43:26.73,IMU,-188.96,-161.13,-1000.49,0.09,-1.18,1.48,-3.30,1.50,-67.35,34.6
2026/04/20 22:43:26.83,IMU,-177.73,-172.85,-989.75,-2.53,0.63,1.40,-2.25,-0.45,-66.45,34.3
2026/04/20 22:43:26.93,IMU,-187.01,-165.04,-994.14,1.79,-1.49,-1.97,-3.00,1.20,-67.20,34.7
2026/04/20 22:43:27.03,IMU,-192.38,-155.76,-993.16,-1.47,0.47,-0.54,-3.75,0.90,-66.45,34.6
2026/04/20 22:43:27.13,IMU,-183.11,-169.92,-992.68,-0.23,1.32,-3.28,-2.55,1.50,-67.80,34.7
2026/04/20 22:43:27.23,IMU,-183.11,-175.29,-988.28,-2.02,-0.09,-1.02,-2.70,0.90,-66.45,34.5
2026/04/20 22:43:27.34,IMU,-194.82,-173.83,-1005.37,1.45,-0.25,-2.52,-4.35,2.25,-66.75,34.7
2026/04/20 22:43:27.44,IMU,-184.57,-161.13,-1005.86,-0.04,0.08,0.14,-2.85,2.25,-67.80,34.9
2026/04/20 22:43:27.54,IMU,-183.59,-168.46,-993.65,2.15,1.38,-0.08,-2.70,0.45,-65.85,34.6
2026/04/20 22:43:27.64,IMU,-192.38,-171.88,-992.19,1.11,0.85,-0.26,-2.10,0.30,-66.00,34.7
2026/04/20 22:43:27.74,IMU,-177.73,-160.16,-1006.35,0.45,-0.40,0.02,-4.35,1.05,-67.35,34.9
2026/04/20 22:43:27.84,IMU,-178.22,-169.43,-1001.46,-0.34,0.09,-0.80,-3.00,0.15,-66.90,34.9
2026/04/20 22:43:27.94,IMU,-189.94,-157.23,-994.63,0.36,1.34,0.27,-1.20,1.95,-67.95,34.6
2026/04/20 22:43:28.04,IMU,-188.48,-164.06,-990.72,1.15,0.19,-1.33,-3.00,0.90,-66.45,34.6
2026/04/20 22:43:28.14,IMU,-193.36,-166.50,-992.68,1.16,0.40,-0.05,-5.70,0.45,-64.05,34.7
2026/04/20 22:43:28.24,IMU,-187.50,-157.23,-1003.42,-0.58,-0.69,-0.79,-1.80,1.80,-66.75,35.0
2026/04/20 22:43:28.34,IMU,-178.71,-165.04,-1002.93,-1.79,2.12,2.05,-1.95,0.90,-67.20,34.9
2026/04/20 22:43:28.44,IMU,-183.59,-154.30,-990.72,-0.10,-0.49,-2.26,-1.35,1.05,-64.95,34.7
2026/04/20 22:43:28.54,IMU,-186.52,-170.41,-1009.77,1.29,-0.51,1.12,-2.70,2.70,-66.90,34.9
2026/04/20 22:43:28.64,IMU,-185.55,-148.93,-1003.91,-0.60,0.03,-0.15,-1.65,1.65,-66.15,34.7
2026/04/20 22:43:28.74,IMU,-189.94,-166.99,-1009.28,-0.04,-1.15,-0.45,-1.95,0.90,-66.45,34.7
2026/04/20 22:43:28.84,IMU,-186.52,-161.13,-1000.49,1.90,0.25,1.05,-1.95,1.65,-66.90,34.6
2026/04/20 22:43:28.95,IMU,-175.78,-151.37,-1005.86,1.73,-1.27,0.98,-1.35,1.80,-67.80,34.7
2026/04/20 22:43:29.05,IMU,-182.62,-170.41,-1010.74,1.02,0.41,-1.31,-2.10,0.00,-67.05,34.8
2026/04/20 22:43:29.15,IMU,-186.04,-164.06,-995.61,1.08,-0.50,-0.10,-4.50,-1.95,-62.85,34.7
2026/04/20 22:43:29.25,IMU,-179.69,-160.16,-1004.88,0.88,-0.42,2.67,-3.60,2.25,-67.80,35.0
2026/04/20 22:43:29.35,IMU,-182.13,-169.43,-1003.42,-1.11,-0.25,0.43,-2.25,1.20,-68.25,34.7
2026/04/20 22:43:29.45,IMU,-196.78,-159.18,-997.56,-0.83,2.33,-0.89,-2.55,1.80,-67.05,34.7
2026/04/20 22:43:29.55,IMU,-192.87,-162.60,-996.58,0.32,-0.73,0.11,-3.45,2.70,-67.20,34.6
2026/04/20 22:43:29.65,IMU,-180.66,-167.48,-990.23,-0.65,0.08,1.52,-2.85,2.55,-67.05,34.9
2026/04/20 22:43:29.75,IMU,-196.78,-171.39,-1002.44,0.22,0.75,-0.79,-2.55,2.25,-66.75,34.7
2026/04/20 22:43:29.85,IMU,-188.48,-177.25,-988.28,-1.16,-0.68,-0.17,-2.85,2.25,-67.80,34.7
2026/04/20 22:43:29.95,IMU,-198.24,-156.25,-990.23,1.00,0.42,0.08,-3.75,1.20,-68.25,35.0
2026/04/20 22:43:30.05,IMU,-177.25,-153.81,-992.19,0.26,0.02,0.34,-1.35,0.00,-66.75,34.8
2026/04/20 22:43:30.16,IMU,-190.92,-152.34,-989.75,-0.27,-1.29,-0.20,-6.00,-0.45,-63.30,35.0
2026/04/20 22:43:30.26,IMU,-191.89,-166.02,-998.54,0.31,0.15,-1.54,-3.30,0.00,-66.75,34.9
2026/04/20 22:43:30.36,IMU,-186.52,-164.06,-1002.93,-0.18,0.25,-0.39,-2.85,1.05,-67.05,35.1
2026/04/20 22:43:30.46,IMU,-193.36,-165.53,-985.35,-1.01,0.43,-0.26,-3.30,1.80,-66.75,35.1
2026/04/20 22:43:30.56,IMU,-183.11,-164.55,-1005.86,1.85,-0.74,-2.96,-1.20,1.20,-67.65,35.0
2026/04/20 22:43:30.66,IMU,-185.06,-165.53,-1006.84,-0.05,-1.53,1.07,-1.80,1.50,-67.05,35.1
2026/04/20 22:43:30.76,IMU,-182.62,-165.04,-994.63,-0.05,0.10,-2.08,-1.65,2.70,-66.45,34.9
2026/04/20 22:43:30.86,IMU,-187.01,-165.04,-997.07,-1.61,0.29,0.02,-3.60,1.80,-66.75,34.7
2026/04/20 22:43:30.96,IMU,-187.01,-151.37,-992.68,-1.19,-1.09,1.12,-1.05,1.50,-66.30,34.9
2026/04/20 22:43:31.06,IMU,-192.87,-160.64,-999.51,0.26,-1.15,0.18,-3.30,1.05,-67.05,35.1
2026/04/20 22:43:31.17,IMU,-184.08,-173.34,-993.16,1.51,0.21,-1.15,-1.95,1.95,-67.65,35.0
2026/04/20 22:43:31.27,IMU,-181.64,-166.02,-1002.93,-0.40,1.00,2.21,-2.25,1.65,-67.65,35.1
2026/04/20 22:43:31.37,IMU,-177.25,-157.71,-1006.84,0.66,2.23,1.01,-2.25,1.95,-66.15,35.1
2026/04/20 22:43:31.47,IMU,-190.92,-166.02,-995.61,-0.25,0.57,1.23,-2.25,-0.45,-68.25,35.4
2026/04/20 22:43:31.57,IMU,-180.18,-175.78,-989.75,0.53,-0.08,1.08,-1.95,0.90,-66.15,35.2
2026/04/20 22:43:31.67,IMU,-187.50,-163.57,-993.65,-0.79,0.64,0.42,-2.70,1.95,-66.90,34.9
2026/04/20 22:43:31.77,IMU,-181.64,-165.53,-1006.35,1.63,-0.54,-1.00,-3.45,0.90,-66.15,34.9
2026/04/20 22:43:31.87,IMU,-171.39,-157.71,-998.54,-0.67,0.51,-0.95,-3.30,1.05,-66.30,34.9
2026/04/20 22:43:31.97,IMU,-186.52,-168.95,-1013.67,0.54,2.82,-0.56,-1.05,1.50,-66.75,35.1
2026/04/20 22:43:32.07,IMU,-193.36,-169.43,-997.07,0.30,0.25,0.44,-2.10,2.55,-67.35,35.5
2026/04/20 22:43:32.17,IMU,-182.13,-161.62,-996.09,-1.42,0.24,-2.94,-2.25,1.65,-67.65,35.5
2026/04/20 22:43:32.28,IMU,-189.45,-167.97,-996.09,0.89,-1.60,0.89,-2.10,0.75,-66.00,35.3
2026/04/20 22:43:32.38,IMU,-184.57,-158.20,-996.58,-0.02,1.52,0.10,-3.00,1.65,-66.90,35.2
2026/04/20 22:43:32.48,IMU,-187.99,-167.97,-1007.32,1.28,-0.23,-0.92,-1.65,1.20,-67.95,35.4
2026/04/20 22:43:32.58,IMU,-186.52,-170.41,-999.51,-0.89,0.34,2.11,-2.85,0.30,-67.80,34.9
2026/04/20 22:43:32.68,IMU,-184.57,-156.25,-1003.42,0.87,-0.06,-2.18,-3.60,0.30,-68.55,35.4
2026/04/20 22:43:32.78,IMU,-180.18,-161.13,-1002.93,0.34,1.30,0.17,-2.70,1.95,-67.65,35.5
2026/04/20 22:43:32.88,IMU,-198.73,-161.13,-993.65,-0.85,-0.85,-2.04,-2.10,1.80,-67.35,35.4
2026/04/20 22:43:32.99,IMU,-199.71,-169.43,-1004.88,-1.50,0.02,0.77,-1.95,0.90,-66.45,35.2
2026/04/20 22:43:33.09,IMU,-191.41,-167.97,-1009.28,-0.33,0.63,-0.29,-3.75,1.20,-66.15,35.2
2026/04/20 22:43:33.19,IMU,-177.25,-175.29,-998.54,0.92,3.22,-0.31,-2.10,0.30,-68.55,35.2
2026/04/20 22:43:33.29,IMU,-190.92,-167.97,-1004.39,-0.19,0.53,-0.03,-1.80,1.05,-67.05,35.1
2026/04/20 22:43:33.39,IMU,-193.36,-166.99,-1000.00,1.15,-0.48,-1.57,-1.80,1.80,-66.75,34.9
2026/04/20 22:43:33.49,IMU,-189.94,-169.92,-985.84,-1.31,2.14,-1.24,-2.25,1.20,-67.20,35.4
2026/04/20 22:43:33.59,IMU,-197.27,-176.76,-999.02,0.36,0.36,-2.43,-1.20,1.95,-67.20,35.1
2026/04/20 22:43:33.69,IMU,-180.66,-166.99,-1000.98,1.54,-0.15,-2.27,-3.30,1.80,-68.55,35.1
2026/04/20 22:43:33.79,IMU,-172.85,-167.48,-999.51,1.81,-1.05,-1.18,-2.85,1.50,-66.75,35.2
2026/04/20 22:43:33.89,IMU,-178.71,-162.60,-1005.86,0.80,1.82,-1.17,-1.95,0.15,-66.15,35.2
2026/04/20 22:43:33.99,IMU,-191.41,-170.41,-1001.95,1.78,3.04,0.44,-2.10,2.25,-67.35,35.1
2026/04/20 22:43:34.10,IMU,-199.71,-162.60,-991.21,-0.95,-2.24,0.60,-3.75,1.20,-68.25,35.1
2026/04/20 22:43:34.20,IMU,-188.96,-161.13,-990.23,-2.40,0.79,1.96,-2.85,2.25,-67.35,35.2
2026/04/20 22:43:34.30,IMU,-184.57,-185.55,-993.16,0.63,0.95,1.18,-2.25,1.95,-67.65,35.6
2026/04/20 22:43:34.40,IMU,-179.69,-173.34,-1007.32,-1.05,1.35,-2.02,-2.85,2.25,-67.35,35.6
2026/04/20 22:43:34.50,IMU,-175.29,-166.99,-985.84,-1.92,-1.27,-2.18,-2.25,0.90,-67.95,35.2
2026/04/20 22:43:34.60,IMU,-200.20,-151.37,-993.16,-0.34,-1.84,0.92,-1.65,1.65,-67.20,35.6
2026/04/20 22:43:34.70,IMU,-189.94,-167.48,-993.16,-1.98,1.09,0.90,-2.70,0.90,-66.45,35.5
2026/04/20 22:43:34.80,IMU,-182.13,-166.50,-1007.81,-0.50,-0.89,-1.54,-1.95,1.20,-66.45,35.6
2026/04/20 22:43:34.90,IMU,-186.52,-163.09,-999.02,-0.89,3.07,-0.95,-2.55,1.05,-67.05,35.6
2026/04/20 22:43:35.00,IMU,-184.08,-172.36,-1004.88,-0.85,0.74,1.60,-3.00,1.95,-66.15,35.6
2026/04/20 22:43:35.10,IMU,-185.55,-169.92,-1001.46,1.91,1.69,-0.29,-2.10,0.30,-66.75,35.2
2026/04/20 22:43:35.20,IMU,-183.11,-171.39,-1003.91,0.80,-1.40,-2.24,-2.55,2.25,-67.35,35.5
2026/04/20 22:43:35.30,IMU,-200.68,-167.48,-998.05,-0.18,-1.29,-0.56,-2.85,1.50,-66.30,35.3
2026/04/20 22:43:35.40,IMU,-188.48,-173.83,-1004.88,-0.02,-0.15,-1.34,-2.10,1.80,-67.05,35.2
2026/04/20 22:43:35.51,IMU,-192.38,-159.67,-995.12,0.62,0.75,-0.74,-2.10,1.80,-66.30,35.6
2026/04/20 22:43:35.61,IMU,-184.08,-166.50,-1018.55,-0.37,-0.01,-1.04,-1.65,1.95,-67.95,35.5
2026/04/20 22:43:35.71,IMU,-175.29,-157.23,-992.68,1.15,-0.15,0.15,-2.25,1.20,-66.15,35.6
2026/04/20 22:43:35.81,IMU,-194.82,-161.13,-1001.46,-1.30,-0.18,-2.21,-2.85,0.00,-66.75,35.6
2026/04/20 22:43:35.91,IMU,-185.06,-161.13,-1000.49,-0.88,2.11,0.41,-3.30,1.50,-67.05,35.5
2026/04/20 22:43:36.01,IMU,-185.06,-161.13,-1012.70,0.95,-1.85,1.73,-3.45,0.90,-66.15,35.5
2026/04/20 22:43:36.11,IMU,-183.59,-166.99,-1006.84,-0.69,1.37,-0.75,-3.30,2.25,-66.75,35.6
2026/04/20 22:43:36.21,IMU,-200.20,-172.85,-1015.63,1.07,-2.06,1.44,-1.80,2.25,-67.05,35.6
2026/04/20 22:43:36.31,IMU,-180.18,-163.09,-1005.37,1.02,0.08,2.03,-3.30,2.25,-67.35,35.7
2026/04/20 22:43:36.41,IMU,-197.75,-157.23,-1015.14,-1.73,0.66,-2.66,-2.10,1.50,-67.05,35.6
2026/04/20 22:43:36.51,IMU,-203.13,-168.46,-1003.42,-1.03,1.78,0.82,-2.85,1.50,-66.75,35.2
2026/04/20 22:43:36.61,IMU,-185.55,-162.60,-996.09,-1.42,2.12,0.99,-2.85,1.05,-66.30,35.6
2026/04/20 22:43:36.71,IMU,-200.20,-165.04,-1001.95,1.00,-1.77,-1.26,-3.60,0.00,-66.30,35.6
2026/04/20 22:43:36.81,IMU,-190.43,-161.13,-1010.25,-0.96,1.61,-0.46,-2.55,1.80,-67.35,35.6
2026/04/20 22:43:36.91,IMU,-187.01,-167.48,-1002.93,-0.54,0.25,-1.78,-2.25,0.45,-67.65,35.6
2026/04/20 22:43:37.02,IMU,-176.76,-177.25,-1006.35,2.00,2.12,-1.22,-1.95,1.20,-66.90,35.7
2026/04/20 22:43:37.12,IMU,-195.31,-164.55,-994.14,0.76,1.59,1.79,-3.45,1.95,-67.95,35.4
2026/04/20 22:43:37.22,IMU,-188.96,-167.97,-1005.86,-0.11,-0.96,-1.17,-1.80,1.05,-67.35,35.6
2026/04/20 22:43:37.32,IMU,-187.50,-170.41,-998.05,-0.50,-1.44,1.98,-4.50,-1.95,-63.60,35.7
2026/04/20 22:43:37.42,IMU,-182.13,-164.55,-1001.46,1.40,-0.08,-2.09,-1.35,1.80,-65.55,35.7
2026/04/20 22:43:37.52,IMU,-187.01,-166.02,-1007.32,-0.15,0.40,-1.76,-2.25,0.90,-67.65,35.6
2026/04/20 22:43:37.62,IMU,-185.06,-166.99,-993.65,-0.05,1.37,-1.41,-3.45,1.65,-67.20,35.8
2026/04/20 22:43:37.72,IMU,-186.52,-161.62,-1012.21,-0.95,1.26,-0.82,-3.00,0.90,-66.15,35.9
2026/04/20 22:43:37.82,IMU,-196.78,-163.57,-1009.28,-0.62,-0.02,-1.20,-3.00,0.45,-66.90,35.6
2026/04/20 22:43:37.92,IMU,-188.48,-166.50,-995.61,0.76,0.20,-1.07,-0.90,1.65,-66.90,35.7
2026/04/20 22:43:38.02,IMU,-181.15,-162.60,-1004.88,1.96,-1.68,0.02,-2.70,3.15,-67.65,35.6
2026/04/20 22:43:38.12,IMU,-173.34,-170.90,-991.21,-0.69,0.75,-2.79,-3.00,0.45,-67.65,35.6
2026/04/20 22:43:38.22,IMU,-190.92,-164.06,-1005.37,1.36,0.62,2.10,-2.70,0.45,-66.15,35.5
2026/04/20 22:43:38.32,IMU,-187.99,-171.39,-998.05,1.40,0.23,0.06,-1.35,1.05,-67.05,35.6
2026/04/20 22:43:38.42,IMU,-184.57,-163.09,-993.65,-1.29,-0.52,-0.39,-1.95,1.65,-66.45,35.6
2026/04/20 22:43:38.53,IMU,-192.87,-170.41,-989.75,-0.81,1.44,-0.99,-3.00,1.20,-67.95,35.7
2026/04/20 22:43:38.63,IMU,-184.08,-164.06,-995.12,2.55,-0.02,-0.65,-2.55,0.30,-66.30,35.9
2026/04/20 22:43:38.73,IMU,-178.22,-158.69,-1010.74,0.81,-2.60,2.50,-1.35,1.50,-67.05,35.7
2026/04/20 22:43:38.83,IMU,-189.94,-168.46,-993.65,1.23,0.79,0.36,-1.35,0.75,-67.80,35.7
2026/04/20 22:43:38.93,IMU,-189.45,-173.83,-1002.93,-1.59,3.02,1.22,-2.25,1.20,-66.45,35.9
2026/04/20 22:43:39.03,IMU,-195.31,-173.83,-986.82,-0.05,1.08,0.58,-3.60,1.80,-67.80,35.6
2026/04/20 22:43:39.13,IMU,-181.15,-168.95,-1000.98,-0.05,0.33,-0.22,-3.30,2.25,-67.05,35.9
2026/04/20 22:43:39.23,IMU,-191.89,-171.88,-998.05,-0.26,-1.06,-0.03,-4.20,-0.15,-66.90,35.8
2026/04/20 22:43:39.33,IMU,-193.36,-176.76,-1007.32,-0.66,-1.13,3.04,-3.45,2.40,-65.40,35.8
2026/04/20 22:43:39.43,IMU,-177.73,-176.27,-1003.91,1.03,-0.56,-1.24,-3.60,0.75,-66.30,35.2
2026/04/20 22:43:39.53,IMU,-185.55,-177.73,-1010.74,-1.35,-1.79,2.13,-3.90,2.55,-65.55,35.7
2026/04/20 22:43:39.63,IMU,-187.01,-168.46,-1003.91,1.08,0.84,-1.48,-1.95,1.20,-66.15,35.8
2026/04/20 22:43:39.73,IMU,-205.57,-164.55,-1014.16,-0.55,1.17,-2.65,-1.20,0.45,-67.20,35.4
2026/04/20 22:43:39.83,IMU,-195.31,-162.11,-1010.74,0.11,1.59,0.73,-2.70,1.95,-66.15,35.8
2026/04/20 22:43:39.93,IMU,-193.85,-172.85,-1002.44,0.59,0.05,-0.96,-1.20,1.95,-66.45,35.6
2026/04/20 22:43:40.04,IMU,-195.80,-168.46,-993.16,0.82,1.46,1.03,-3.00,2.40,-67.95,35.6
2026/04/20 22:43:40.14,IMU,-187.99,-175.78,-1004.39,0.69,-0.60,0.33,-1.95,-0.15,-66.15,35.9
2026/04/20 22:43:40.24,IMU,-182.13,-153.81,-1003.91,2.23,-1.08,-1.11,-2.10,2.25,-67.35,35.8
2026/04/20 22:43:40.34,IMU,-193.85,-154.79,-999.51,-0.16,1.86,-2.33,-1.65,0.45,-67.20,35.9
2026/04/20 22:43:40.44,IMU,-188.96,-159.18,-995.12,1.56,0.80,2.98,-2.10,1.80,-68.10,35.9
2026/04/20 22:43:40.54,IMU,-181.64,-171.88,-1004.39,-0.62,-1.10,0.15,-1.95,1.65,-67.20,35.9
2026/04/20 22:43:40.64,IMU,-186.52,-167.48,-1012.21,0.39,2.56,0.96,-2.55,0.75,-67.05,36.1
2026/04/20 22:43:40.74,IMU,-193.85,-170.41,-1008.30,-1.17,-1.02,0.87,-2.70,2.70,-67.20,35.9
2026/04/20 22:43:40.84,IMU,-171.39,-156.25,-1006.84,-0.85,-0.74,-0.47,-2.10,1.05,-66.30,36.1
2026/04/20 22:43:40.96,IMU,-188.48,-172.36,-1007.81,-0.94,0.15,-0.48,-1.35,1.50,-66.75,35.9
2026/04/20 22:43:41.06,IMU,-193.85,-164.06,-997.56,-0.47,1.56,0.36,-2.25,1.65,-66.45,35.9
2026/04/20 22:43:41.16,IMU,-174.80,-174.32,-996.58,0.85,-0.64,-2.26,-2.25,1.20,-66.90,36.1
2026/04/20 22:43:41.26,IMU,-179.69,-166.02,-1020.02,0.84,-1.32,-0.85,-2.85,1.80,-66.00,35.8
2026/04/20 22:43:41.36,IMU,-194.82,-162.11,-1011.72,0.57,-0.15,0.02,-1.95,0.90,-66.90,35.4
2026/04/20 22:43:41.46,IMU,-171.39,-173.83,-1025.39,-0.39,0.15,0.98,-3.00,1.65,-66.90,35.8
2026/04/20 22:43:41.56,IMU,-182.62,-170.90,-1009.77,-0.07,0.85,-1.03,-3.30,1.50,-67.35,35.6
2026/04/20 22:43:41.66,IMU,-178.22,-163.09,-999.02,-0.36,1.01,-2.04,-2.85,1.80,-66.75,35.6
2026/04/20 22:43:41.76,IMU,-183.11,-171.39,-980.96,0.07,-1.72,0.10,-1.20,0.90,-66.45,35.7
2026/04/20 22:43:41.86,IMU,-185.55,-161.62,-1010.25,0.31,1.13,-3.05,-1.95,0.90,-66.90,35.7
2026/04/20 22:43:41.96,IMU,-195.31,-149.90,-1011.72,1.05,-1.34,2.22,-2.55,3.00,-65.55,35.5
2026/04/20 22:43:42.06,IMU,-179.20,-164.06,-1005.86,0.29,1.27,0.63,-2.70,1.20,-67.65,35.7
2026/04/20 22:43:42.16,IMU,-184.57,-170.41,-1004.88,-0.92,2.17,0.64,-3.45,1.95,-67.65,35.6
2026/04/20 22:43:42.26,IMU,-177.73,-171.88,-1019.04,0.56,-1.11,1.38,-2.85,2.55,-67.05,35.7
2026/04/20 22:43:42.36,IMU,-182.13,-171.39,-1007.32,0.21,-0.55,-1.32,-1.80,1.05,-68.10,35.4
2026/04/20 22:43:42.47,IMU,-198.24,-161.62,-1000.49,-0.56,-1.44,-1.97,-2.55,0.75,-67.05,35.3
2026/04/20 22:43:42.57,IMU,-184.57,-172.36,-1012.21,-1.13,1.24,0.76,-1.80,0.75,-66.30,35.2
2026/04/20 22:43:42.67,IMU,-193.36,-171.88,-1007.32,0.43,0.83,3.64,-2.55,1.80,-66.00,35.8
2026/04/20 22:43:42.77,IMU,-191.41,-159.67,-1001.46,-0.01,0.54,2.03,-2.70,2.40,-67.20,35.7
2026/04/20 22:43:42.87,IMU,-195.80,-148.93,-986.82,-0.24,-1.53,0.80,-1.65,0.45,-66.90,35.3
2026/04/20 22:43:42.97,IMU,-190.92,-164.55,-1000.98,-1.56,-0.41,-1.27,-1.95,0.90,-66.15,35.6
2026/04/20 22:43:43.07,IMU,-182.62,-160.64,-1014.65,0.61,-0.85,0.87,-1.65,0.15,-66.45,35.6
2026/04/20 22:43:43.17,IMU,-197.27,-180.18,-999.02,-0.72,0.40,-1.08,-3.00,0.15,-65.10,35.8
2026/04/20 22:43:43.27,IMU,-183.59,-161.13,-1007.81,0.18,-1.84,1.02,-1.95,2.40,-66.90,35.8
2026/04/20 22:43:43.37,IMU,-179.69,-187.99,-993.65,1.77,-1.20,-1.63,-3.30,1.80,-67.05,35.7
2026/04/20 22:43:43.47,IMU,-172.36,-187.50,-982.91,1.08,-0.37,1.37,-5.40,-0.30,-65.25,35.7
2026/04/20 22:43:43.57,IMU,-187.50,-173.34,-998.54,1.78,0.61,-0.97,-2.25,0.45,-66.45,35.7
2026/04/20 22:43:43.67,IMU,-189.94,-168.95,-1010.74,-0.56,-1.24,1.54,-2.70,0.90,-66.90,35.9
2026/04/20 22:43:43.78,IMU,-186.04,-167.97,-1012.70,-0.31,0.79,-0.35,-2.55,0.75,-67.80,35.9
2026/04/20 22:43:43.87,IMU,-179.69,-173.34,-1001.46,-0.15,1.31,-0.42,-2.55,1.80,-67.80,35.9
2026/04/20 22:43:43.98,IMU,-174.32,-171.39,-1014.65,0.71,0.56,-1.53,-2.25,0.15,-66.45,35.9
2026/04/20 22:43:44.08,IMU,-186.52,-165.04,-1013.18,-1.49,-0.54,-0.58,-3.30,1.50,-67.35,35.9
2026/04/20 22:43:44.18,IMU,-172.85,-163.57,-994.63,-1.41,-1.32,2.11,-1.80,3.30,-67.05,35.6
2026/04/20 22:43:44.28,IMU,-166.50,-164.55,-1002.93,0.60,0.66,0.21,-1.95,1.20,-67.65,35.8
2026/04/20 22:43:44.38,IMU,-202.15,-169.92,-1019.04,0.90,-0.65,-1.85,-1.95,1.95,-66.90,35.7
2026/04/20 22:43:44.48,IMU,-187.99,-157.23,-1024.41,0.08,-0.15,0.19,-5.25,0.15,-62.85,35.6
2026/04/20 22:43:44.58,IMU,-193.36,-169.43,-1005.37,-0.30,-0.06,0.81,-2.25,0.15,-66.90,35.7
2026/04/20 22:43:44.68,IMU,-192.38,-166.50,-1008.79,1.02,0.61,2.30,-2.55,3.30,-67.05,35.4
2026/04/20 22:43:44.78,IMU,-186.04,-169.92,-1009.28,-0.23,0.15,-0.38,-2.55,0.30,-65.55,35.8
2026/04/20 22:43:44.88,IMU,-186.52,-176.76,-1003.42,0.02,1.30,-0.80,-2.70,1.65,-68.70,35.9
2026/04/20 22:43:44.98,IMU,-195.80,-165.04,-1005.86,-0.51,0.44,0.81,-2.10,0.00,-67.05,35.7
2026/04/20 22:43:45.08,IMU,-177.25,-166.02,-1005.86,0.27,0.44,0.40,-1.65,0.90,-65.10,35.7
2026/04/20 22:43:45.18,IMU,-177.25,-170.90,-1001.46,1.36,-1.39,0.93,-2.70,0.15,-66.45,35.7
2026/04/20 22:43:45.28,IMU,-192.38,-158.69,-1013.67,0.28,0.16,1.95,-1.35,1.80,-67.05,35.8
2026/04/20 22:43:45.39,IMU,-188.96,-159.18,-993.65,0.28,0.66,0.34,-2.70,1.65,-65.40,35.7
2026/04/20 22:43:45.50,IMU,-165.04,-170.41,-1000.49,0.47,2.53,1.12,-6.75,-1.20,-62.55,35.7
2026/04/20 22:43:45.60,IMU,-198.24,-161.62,-1003.91,0.47,-0.84,-1.11,-3.45,0.45,-67.20,35.8
2026/04/20 22:43:45.70,IMU,-190.43,-163.09,-1003.42,-1.58,0.69,-0.37,-3.45,0.90,-66.90,35.6
2026/04/20 22:43:45.80,IMU,-186.52,-166.02,-1004.39,-1.01,0.78,-2.84,-2.70,1.95,-66.90,35.9
2026/04/20 22:43:45.90,IMU,-184.08,-170.90,-996.58,-0.46,0.26,1.27,-2.55,2.25,-66.00,36.0
2026/04/20 22:43:46.00,IMU,-197.27,-152.83,-1007.32,-0.99,0.68,0.37,-1.80,2.25,-66.30,35.9
2026/04/20 22:43:46.10,IMU,-192.38,-161.62,-1001.46,1.97,1.65,-0.58,-3.45,1.65,-67.65,35.9
2026/04/20 22:43:46.20,IMU,-187.99,-166.50,-1000.00,1.52,-1.00,1.24,-2.85,1.80,-66.75,35.9
2026/04/20 22:43:46.30,IMU,-189.45,-173.83,-1009.77,1.62,0.92,1.78,-2.85,2.55,-66.30,35.7
2026/04/20 22:43:46.40,IMU,-187.01,-154.30,-997.07,-0.23,2.57,0.17,-2.55,1.80,-67.80,35.9
2026/04/20 22:43:46.51,IMU,-190.92,-177.25,-1005.37,-1.34,2.21,-0.49,-3.00,1.20,-68.70,35.8
2026/04/20 22:43:46.61,IMU,-187.50,-163.57,-996.58,-0.71,-0.46,0.21,-3.75,1.95,-65.85,35.7
2026/04/20 22:43:46.71,IMU,-200.20,-178.71,-997.07,-1.69,-0.45,-0.85,-2.70,1.65,-67.20,35.6
2026/04/20 22:43:46.81,IMU,-194.34,-166.02,-1011.72,-0.08,0.76,-1.36,-2.10,2.55,-66.30,35.9
2026/04/20 22:43:46.91,IMU,-189.94,-164.55,-1008.79,1.12,-1.11,-1.18,-2.10,0.75,-66.00,35.9
2026/04/20 22:43:47.01,IMU,-186.52,-167.97,-995.12,0.22,0.28,0.37,-3.00,1.65,-65.85,35.8
2026/04/20 22:43:47.11,IMU,-191.41,-159.67,-1008.79,-0.20,1.40,2.51,-3.00,1.65,-66.90,36.0
2026/04/20 22:43:47.21,IMU,-191.41,-185.55,-1008.79,-1.00,0.60,-0.88,-4.35,1.50,-67.35,35.9
2026/04/20 22:43:47.31,IMU,-192.87,-167.97,-994.14,0.70,-0.10,-0.95,-3.60,2.25,-67.05,36.0
2026/04/20 22:43:47.41,IMU,-172.36,-154.79,-990.72,0.79,0.92,-2.60,-2.25,1.20,-65.85,35.8
2026/04/20 22:43:47.51,IMU,-197.27,-160.16,-1001.46,-0.60,0.72,-0.54,-0.90,0.90,-66.45,35.9
2026/04/20 22:43:47.61,IMU,-180.66,-170.90,-1007.81,0.36,-2.99,1.21,-2.10,1.05,-66.75,36.2
2026/04/20 22:43:47.71,IMU,-191.89,-182.62,-1001.46,0.73,1.28,0.60,-1.80,2.25,-67.05,36.1
2026/04/20 22:43:47.81,IMU,-179.69,-157.71,-1000.00,-0.27,0.50,-1.82,-2.25,-0.90,-66.90,36.0
2026/04/20 22:43:47.91,IMU,-206.05,-157.23,-1000.00,-1.31,-0.47,-0.39,-1.80,3.00,-66.00,36.2
2026/04/20 22:43:48.02,IMU,-178.22,-151.86,-994.14,0.53,0.52,-0.50,-3.90,3.00,-66.00,36.0
2026/04/20 22:43:48.12,IMU,-181.15,-161.62,-1004.88,-1.20,-0.15,-0.88,-2.55,2.25,-67.05,36.0
2026/04/20 22:43:48.22,IMU,-195.31,-165.04,-995.12,-1.49,0.63,-2.53,-1.80,0.00,-65.55,35.9
2026/04/20 22:43:48.32,IMU,-187.99,-164.55,-989.75,0.12,1.66,-0.23,-2.25,3.15,-67.95,35.9
2026/04/20 22:43:48.42,IMU,-196.78,-169.92,-1006.35,-2.24,1.79,-1.15,-2.10,1.05,-67.05,36.2
2026/04/20 22:43:48.52,IMU,-173.83,-166.02,-989.75,-1.76,-0.12,1.30,-3.00,1.65,-66.15,35.9
2026/04/20 22:43:48.62,IMU,-182.62,-160.16,-1001.46,1.02,2.22,-1.44,-3.45,0.45,-66.90,36.3
2026/04/20 22:43:48.72,IMU,-188.48,-175.29,-1002.44,0.57,2.15,-2.26,-4.20,2.40,-67.20,36.1
2026/04/20 22:43:48.82,IMU,-184.57,-173.83,-1003.91,0.14,2.62,0.32,-1.95,0.45,-65.85,36.1
2026/04/20 22:43:48.92,IMU,-186.04,-161.62,-997.56,1.22,-0.84,2.63,-3.45,-0.15,-67.65,36.2
2026/04/20 22:43:49.02,IMU,-181.15,-154.79,-1001.46,0.16,-1.73,-1.34,-1.20,0.90,-65.85,36.1
2026/04/20 22:43:49.12,IMU,-186.04,-166.50,-996.58,0.71,1.27,-3.95,-1.80,0.75,-66.75,36.2
2026/04/20 22:43:49.22,IMU,-194.82,-164.55,-999.51,1.44,1.54,0.07,-3.30,2.25,-67.05,36.2
2026/04/20 22:43:49.32,IMU,-192.87,-159.18,-1007.32,-0.01,-0.76,-0.40,-2.55,1.50,-67.05,35.9
2026/04/20 22:43:49.42,IMU,-191.89,-166.99,-995.12,-1.69,3.11,2.14,-1.20,3.15,-66.90,36.2
2026/04/20 22:43:49.53,IMU,-195.31,-154.30,-991.21,0.39,-1.34,0.07,-2.55,2.25,-66.30,35.9
2026/04/20 22:43:49.63,IMU,-187.99,-171.39,-999.02,1.67,0.76,-0.38,-3.00,1.65,-67.65,36.2
2026/04/20 22:43:49.73,IMU,-186.04,-170.41,-996.09,-0.92,2.02,0.12,-2.55,-0.75,-66.00,36.0
2026/04/20 22:43:49.83,IMU,-195.31,-147.46,-990.23,0.42,1.02,-0.64,-2.55,1.05,-66.30,36.1
2026/04/20 22:43:49.93,IMU,-184.57,-178.22,-996.58,1.57,0.90,-0.89,-0.90,1.95,-67.95,36.2
2026/04/20 22:43:50.03,IMU,-196.29,-164.55,-1005.37,-0.55,-0.51,1.44,-1.95,1.20,-67.20,36.3
2026/04/20 22:43:50.13,IMU,-187.99,-155.27,-984.38,0.29,0.74,0.82,-2.70,2.70,-66.90,36.0
2026/04/20 22:43:50.23,IMU,-182.62,-163.09,-1001.46,-0.42,-1.66,1.59,-2.10,0.75,-66.75,36.0
2026/04/20 22:43:50.33,IMU,-187.99,-164.06,-998.05,-0.96,-0.61,0.48,-3.30,0.30,-67.05,36.1
2026/04/20 22:43:50.43,IMU,-194.34,-171.39,-1000.49,-0.53,-1.43,0.64,-4.50,0.90,-65.85,35.9
2026/04/20 22:43:50.53,IMU,-173.83,-179.20,-999.51,0.08,0.39,-0.77,-3.45,0.45,-66.45,36.1
2026/04/20 22:43:50.63,IMU,-185.06,-168.46,-999.51,-1.21,-0.03,0.79,-1.95,1.20,-66.90,36.1
2026/04/20 22:43:50.73,IMU,-187.01,-170.90,-987.79,-0.12,1.13,-0.24,-2.10,0.75,-66.75,36.1
2026/04/20 22:43:50.83,IMU,-192.38,-174.80,-1001.46,1.06,-1.54,-1.15,-1.65,1.95,-66.45,36.0
2026/04/20 22:43:50.94,IMU,-183.59,-166.02,-1013.18,0.59,0.24,0.85,-2.25,1.95,-66.45,36.0
2026/04/20 22:43:51.04,IMU,-199.71,-170.90,-998.54,1.27,2.28,-1.00,-3.00,1.95,-66.15,36.1
2026/04/20 22:43:51.14,IMU,-183.59,-172.36,-993.16,1.08,-1.22,0.42,-2.55,0.75,-66.30,35.9
2026/04/20 22:43:51.24,IMU,-200.20,-164.55,-997.56,0.50,-0.66,-0.18,-2.70,1.65,-66.90,36.2
2026/04/20 22:43:51.34,IMU,-186.52,-161.62,-1000.49,-1.25,1.44,2.57,-1.35,1.80,-66.00,36.0
2026/04/20 22:43:51.44,IMU,-191.41,-162.60,-1001.46,-1.04,0.65,1.02,-3.60,1.80,-65.55,36.1
2026/04/20 22:43:51.54,IMU,-191.41,-176.27,-990.23,0.33,1.62,-0.18,-3.00,0.90,-67.20,35.9
2026/04/20 22:43:51.64,IMU,-203.61,-161.13,-990.23,2.30,1.86,0.25,-5.70,-0.90,-61.50,35.9
2026/04/20 22:43:51.74,IMU,-199.71,-168.95,-1006.84,-0.79,2.05,0.18,-1.80,2.25,-66.00,35.9
2026/04/20 22:43:51.84,IMU,-196.29,-164.06,-1008.30,-0.51,-1.63,1.90,-1.20,0.90,-66.45,36.1
2026/04/20 22:43:51.94,IMU,-188.48,-167.97,-1006.35,-1.02,3.35,0.05,-2.25,1.65,-65.40,35.9
2026/04/20 22:43:52.04,IMU,-188.48,-167.48,-1000.00,-0.62,0.50,-0.47,-4.20,-0.15,-65.85,35.7
2026/04/20 22:43:52.14,IMU,-188.48,-169.43,-1004.88,-0.40,-0.27,-1.47,-1.35,1.05,-66.30,36.2
2026/04/20 22:43:52.24,IMU,-198.73,-175.29,-999.51,-0.37,0.85,-0.47,-2.70,1.65,-66.15,35.9
2026/04/20 22:43:52.35,IMU,-192.38,-179.20,-1009.77,-1.37,1.38,0.85,-2.25,0.45,-66.15,36.1
2026/04/20 22:43:52.45,IMU,-188.48,-170.90,-997.07,0.19,1.45,-0.79,-3.00,1.95,-66.90,36.1
2026/04/20 22:43:52.55,IMU,-188.48,-172.36,-986.82,-0.07,1.37,1.27,-3.60,1.05,-67.05,36.2
2026/04/20 22:43:52.66,IMU,-198.24,-166.99,-999.51,0.60,-2.64,0.47,-6.60,0.00,-63.15,35.9
2026/04/20 22:43:52.76,IMU,-194.34,-170.90,-994.63,-0.54,-0.29,0.51,-0.90,1.65,-66.15,36.0
2026/04/20 22:43:52.86,IMU,-179.69,-185.55,-998.54,0.84,0.66,-2.64,-3.45,1.65,-65.40,36.4
2026/04/20 22:43:52.96,IMU,-190.92,-160.16,-988.77,0.20,1.56,-0.33,-1.80,1.05,-65.55,36.1
2026/04/20 22:43:53.06,IMU,-180.18,-175.29,-996.58,0.25,0.60,1.78,-1.65,1.65,-66.45,35.8
2026/04/20 22:43:53.16,IMU,-189.45,-169.92,-984.38,-0.41,-0.50,-0.34,-1.20,1.65,-65.85,36.0
2026/04/20 22:43:53.26,IMU,-190.43,-169.43,-1001.46,0.20,0.34,0.79,-3.45,0.90,-66.90,36.1
2026/04/20 22:43:53.36,IMU,-190.92,-164.06,-1004.39,0.21,0.37,-1.64,-2.55,2.25,-66.75,36.1
2026/04/20 22:43:53.46,IMU,-173.83,-156.25,-990.23,-0.29,-0.98,-2.63,-3.45,0.45,-66.45,36.1
2026/04/20 22:43:53.57,IMU,-179.20,-164.06,-1002.93,0.95,-1.54,2.51,-2.70,-0.15,-67.95,36.3
2026/04/20 22:43:53.67,IMU,-187.50,-163.57,-994.14,-0.51,1.35,2.18,-1.95,0.45,-66.15,36.0
2026/04/20 22:43:53.77,IMU,-186.04,-172.85,-1001.46,-1.65,0.25,-1.40,-2.25,1.95,-67.95,36.1
2026/04/20 22:43:53.87,IMU,-190.92,-163.57,-1000.98,0.01,1.07,-1.15,-2.25,0.45,-67.95,36.1
2026/04/20 22:43:53.97,IMU,-201.66,-168.46,-991.21,0.11,0.15,-1.59,-2.55,1.05,-66.75,36.1
2026/04/20 22:43:54.07,IMU,-187.99,-164.06,-1011.23,0.46,-0.53,1.92,-2.70,0.45,-66.45,36.1
2026/04/20 22:43:54.17,IMU,-195.80,-181.64,-999.51,2.34,1.70,1.60,-3.75,1.65,-66.90,36.1
2026/04/20 22:43:54.27,IMU,-185.55,-166.02,-993.16,-0.89,-0.53,0.41,-3.30,1.80,-67.05,35.9
2026/04/20 22:43:54.37,IMU,-197.27,-155.76,-1011.72,1.21,0.74,-0.27,-3.00,1.65,-66.90,36.0
2026/04/20 22:43:54.47,IMU,-189.94,-160.64,-999.51,-1.09,0.11,1.58,-3.45,3.15,-66.15,36.3
2026/04/20 22:43:54.57,IMU,-201.17,-166.50,-996.09,-1.02,1.68,2.10,-2.10,1.50,-66.75,36.3
2026/04/20 22:43:54.67,IMU,-181.15,-179.20,-994.63,-1.75,-0.58,0.82,-3.00,2.40,-66.90,36.3
2026/04/20 22:43:54.77,IMU,-186.04,-166.02,-1002.44,-0.11,0.39,-0.49,-3.00,0.45,-67.20,36.1
2026/04/20 22:43:54.88,IMU,-186.52,-171.39,-986.33,0.46,-1.24,0.66,-2.25,0.90,-67.65,36.2
2026/04/20 22:43:54.98,IMU,-183.11,-166.50,-990.23,-0.76,0.45,-0.63,-2.55,3.00,-66.30,35.8
2026/04/20 22:43:55.08,IMU,-195.80,-157.23,-1008.30,0.16,-0.05,-2.57,-2.55,0.30,-66.00,36.3
2026/04/20 22:43:55.18,IMU,-195.80,-186.52,-1003.42,0.93,0.50,-3.16,-0.60,0.30,-67.80,36.0
2026/04/20 22:43:55.28,IMU,-183.11,-170.41,-982.42,-0.58,0.03,0.51,-2.55,0.30,-67.05,35.9
2026/04/20 22:43:55.38,IMU,-190.92,-174.32,-1008.79,-0.72,-0.42,0.47,-2.55,3.30,-68.10,35.8
2026/04/20 22:43:55.48,IMU,-185.06,-167.48,-1004.88,-0.27,0.71,0.39,-2.55,0.75,-67.05,35.8
2026/04/20 22:43:55.58,IMU,-188.96,-175.29,-1010.25,-0.95,0.11,-3.56,-3.00,0.45,-66.45,36.0
2026/04/20 22:43:55.68,IMU,-183.59,-168.46,-997.56,0.37,0.33,0.39,-3.90,1.05,-68.10,36.1
2026/04/20 22:43:55.78,IMU,-196.29,-161.62,-990.23,1.34,1.45,1.33,-1.80,2.25,-66.75,35.9
2026/04/20 22:43:55.88,IMU,-191.41,-165.53,-988.77,-1.04,0.34,-2.40,-2.10,2.55,-67.05,36.0
2026/04/20 22:43:55.98,IMU,-187.01,-166.99,-1012.70,1.15,2.96,0.92,-1.95,1.65,-67.65,36.1
2026/04/20 22:43:56.10,IMU,-184.08,-164.55,-1006.84,-0.04,-1.37,1.05,-3.45,0.90,-66.45,35.9
2026/04/20 22:43:56.20,IMU,-192.87,-169.43,-991.70,0.19,-1.60,-0.64,-2.25,1.65,-65.40,35.9
2026/04/20 22:43:56.30,IMU,-187.99,-159.67,-1002.93,-1.13,-0.60,-0.86,-1.65,-0.15,-66.15,36.0
2026/04/20 22:43:56.40,IMU,-197.27,-158.20,-993.65,0.30,0.02,-0.72,-2.70,0.90,-66.90,35.9
2026/04/20 22:43:56.50,IMU,-190.92,-159.67,-994.63,-1.08,1.16,-0.94,-2.70,2.40,-67.20,35.9
2026/04/20 22:43:56.60,IMU,-203.61,-162.60,-1002.93,-0.26,0.92,3.39,-1.95,1.65,-67.20,35.7
2026/04/20 22:43:56.70,IMU,-174.80,-159.67,-1000.98,-1.05,0.79,4.15,-3.60,1.05,-67.80,36.1
2026/04/20 22:43:56.80,IMU,-200.20,-160.64,-981.93,-1.08,-0.87,-0.72,-2.25,3.15,-66.45,36.1
2026/04/20 22:43:56.90,IMU,-196.78,-159.67,-1000.00,-2.09,0.27,0.31,-5.85,-0.75,-63.15,36.2
2026/04/20 22:43:57.00,IMU,-181.15,-163.09,-994.14,0.44,0.98,0.92,-2.85,2.25,-66.75,36.3
2026/04/20 22:43:57.10,IMU,-199.71,-177.25,-989.75,-0.42,-1.34,-1.12,-2.55,2.25,-67.05,36.1
2026/04/20 22:43:57.21,IMU,-204.59,-166.50,-995.61,-1.12,-1.39,0.02,-1.65,1.65,-67.65,36.2
2026/04/20 22:43:57.31,IMU,-194.82,-151.86,-1000.98,-0.32,2.63,1.24,-1.95,0.90,-68.70,36.0
2026/04/20 22:43:57.41,IMU,-193.36,-160.16,-995.12,1.32,0.70,1.07,-2.70,1.65,-66.15,36.1
2026/04/20 22:43:57.51,IMU,-182.62,-170.41,-995.12,-0.60,-2.66,1.63,-1.20,0.45,-67.20,36.1
2026/04/20 22:43:57.61,IMU,-197.27,-156.25,-994.63,-0.54,0.11,-1.78,-1.80,1.50,-67.05,35.6
2026/04/20 22:43:57.71,IMU,-188.48,-169.43,-999.51,-0.64,2.64,1.40,-2.55,0.75,-66.00,35.9
2026/04/20 22:43:57.81,IMU,-192.87,-163.57,-993.65,0.55,2.92,1.66,-2.10,0.30,-65.55,36.1
2026/04/20 22:43:57.91,IMU,-189.45,-169.43,-1000.98,0.54,-1.21,-1.53,-1.80,1.80,-65.25,36.1
2026/04/20 22:43:58.01,IMU,-179.69,-181.15,-993.16,3.13,1.53,-1.29,-2.55,0.75,-66.00,36.3
2026/04/20 22:43:58.11,IMU,-190.43,-174.80,-1000.98,0.06,-0.89,-1.05,-3.30,1.50,-66.30,36.2
2026/04/20 22:43:58.21,IMU,-189.45,-168.46,-1000.00,0.06,2.84,-2.26,-2.25,1.65,-65.85,36.1
2026/04/20 22:43:58.31,IMU,-189.45,-159.67,-1002.93,-0.19,-1.24,1.83,-3.60,1.05,-67.35,35.9
2026/04/20 22:43:58.41,IMU,-177.25,-169.43,-994.14,0.11,-1.00,2.71,-3.30,1.80,-66.00,36.2
2026/04/20 22:43:58.51,IMU,-176.27,-173.83,-999.51,-1.38,0.99,-1.02,-1.80,1.50,-66.75,35.9
2026/04/20 22:43:58.62,IMU,-183.59,-168.95,-997.07,0.47,-1.69,-0.66,-1.95,1.95,-67.20,36.1
2026/04/20 22:43:58.72,IMU,-194.34,-169.92,-992.68,-0.28,1.24,0.03,-2.70,0.45,-66.90,36.2
2026/04/20 22:43:58.82,IMU,-185.55,-164.06,-998.54,1.16,-0.26,0.27,-3.45,2.40,-66.45,36.3
2026/04/20 22:43:58.92,IMU,-201.66,-170.90,-1008.30,-0.24,0.55,1.46,-2.55,1.80,-67.80,36.2
2026/04/20 22:43:59.02,IMU,-178.22,-166.99,-989.75,-0.52,2.95,1.37,-1.65,0.90,-66.15,36.1
2026/04/20 22:43:59.12,IMU,-192.87,-158.20,-1000.49,-1.45,-0.23,0.44,-2.25,1.65,-66.45,36.2
2026/04/20 22:43:59.22,IMU,-180.18,-163.57,-994.63,-0.81,1.37,-0.15,-2.70,1.20,-67.65,36.2
2026/04/20 22:43:59.32,IMU,-178.71,-166.99,-997.56,-2.44,-0.10,0.79,-2.25,0.45,-67.20,36.1
2026/04/20 22:43:59.42,IMU,-189.45,-167.48,-989.26,0.68,-0.34,-0.04,-2.85,0.00,-66.30,35.9
2026/04/20 22:43:59.52,IMU,-184.08,-162.11,-996.58,0.34,-1.00,-0.73,-2.10,1.05,-67.80,36.2
2026/04/20 22:43:59.62,IMU,-191.89,-182.62,-1013.18,0.11,0.16,0.11,-1.95,1.20,-65.85,36.1
2026/04/20 22:43:59.72,IMU,-196.29,-166.02,-997.07,0.17,2.00,-2.89,-4.20,0.90,-65.40,36.1
2026/04/20 22:43:59.82,IMU,-200.68,-181.64,-992.19,1.25,0.92,2.37,-6.60,-1.50,-61.95,36.0
2026/04/20 22:43:59.92,IMU,-182.62,-178.22,-1004.88,-1.10,0.05,-0.11,-2.70,1.65,-66.15,36.3
2026/04/20 22:44:00.03,IMU,-195.31,-164.55,-992.68,0.05,-0.40,1.02,-3.00,0.90,-66.15,36.4
2026/04/20 22:44:00.13,IMU,-183.59,-153.32,-1004.39,1.66,-0.17,-2.12,-1.65,2.70,-66.45,36.2
2026/04/20 22:44:00.23,IMU,-199.22,-164.55,-1000.98,1.44,0.43,0.21,-1.65,1.20,-68.25,35.9
2026/04/20 22:44:00.33,IMU,-186.04,-168.95,-1005.86,0.34,0.84,-0.26,-3.90,1.05,-67.35,35.9
2026/04/20 22:44:00.43,IMU,-188.96,-167.97,-999.51,1.12,1.22,-0.52,-1.35,1.05,-66.75,36.1
2026/04/20 22:44:00.53,IMU,-179.69,-168.95,-986.33,1.21,-2.01,-0.53,-1.95,1.65,-66.45,36.1
2026/04/20 22:44:00.63,IMU,-201.66,-173.83,-1005.86,-0.77,-1.67,-1.28,-2.70,1.65,-66.15,36.3
2026/04/20 22:44:00.73,IMU,-192.87,-163.09,-995.12,0.46,0.86,-0.08,-2.70,1.65,-66.90,36.2
2026/04/20 22:44:00.84,IMU,-184.57,-160.64,-982.91,-0.37,0.44,0.68,-4.50,0.45,-61.80,36.1
2026/04/20 22:44:00.94,IMU,-188.96,-170.90,-1007.32,0.21,0.85,-1.27,-0.90,0.15,-65.85,36.1
2026/04/20 22:44:01.05,IMU,-210.94,-156.25,-1007.81,-0.07,-0.11,0.76,-2.55,1.50,-66.75,36.0
2026/04/20 22:44:01.15,IMU,-184.08,-175.29,-1005.37,-0.95,0.78,-0.63,-4.20,1.20,-65.40,36.2
2026/04/20 22:44:01.25,IMU,-196.29,-159.67,-993.16,0.90,-0.42,-0.30,-1.65,1.95,-67.65,36.0
2026/04/20 22:44:01.35,IMU,-187.01,-165.04,-1000.49,-0.82,0.24,-0.08,-1.95,1.20,-66.45,35.9
2026/04/20 22:44:01.45,IMU,-186.52,-157.71,-997.07,-1.70,0.74,-1.26,-1.35,0.00,-66.30,36.1
2026/04/20 22:44:01.55,IMU,-185.06,-168.95,-1000.49,0.50,-0.65,0.79,-1.35,1.80,-66.75,36.0
2026/04/20 22:44:01.65,IMU,-184.57,-173.83,-995.61,0.43,0.70,0.65,-3.90,1.80,-65.55,36.2
2026/04/20 22:44:01.75,IMU,-186.52,-168.95,-1003.42,1.64,0.74,0.77,-1.80,1.05,-65.25,36.1
2026/04/20 22:44:01.85,IMU,-181.64,-156.25,-995.61,-1.23,0.15,2.33,-2.55,1.05,-67.35,36.2
2026/04/20 22:44:01.95,IMU,-200.20,-175.78,-986.82,-1.33,-0.77,0.09,-2.85,1.50,-67.05,35.9
2026/04/20 22:44:02.05,IMU,-186.04,-158.20,-987.79,-1.47,-1.49,-0.60,-1.35,0.75,-67.05,36.0
2026/04/20 22:44:02.15,IMU,-194.82,-172.36,-1001.95,-0.95,-0.73,0.60,-3.30,0.75,-66.75,36.0
2026/04/20 22:44:02.25,IMU,-205.57,-171.88,-990.23,-0.46,0.47,1.82,-2.85,0.75,-67.05,36.3
2026/04/20 22:44:02.35,IMU,-181.64,-153.81,-999.02,0.39,0.27,-0.49,-1.05,1.05,-66.00,35.9
2026/04/20 22:44:02.46,IMU,-187.01,-170.41,-1001.46,-0.22,-2.04,0.28,-1.80,2.25,-67.35,36.2
2026/04/20 22:44:02.56,IMU,-186.04,-169.43,-996.58,-0.93,-1.31,0.73,-3.30,2.25,-67.05,36.3
2026/04/20 22:44:02.66,IMU,-208.50,-164.55,-990.23,2.45,-0.03,1.11,-2.85,2.55,-67.05,36.3
2026/04/20 22:44:02.76,IMU,-174.32,-166.50,-995.12,0.08,-0.47,0.83,-2.55,0.75,-66.30,36.2
2026/04/20 22:44:02.86,IMU,-203.13,-175.29,-997.07,0.92,0.50,2.17,-3.30,1.50,-66.75,36.0
2026/04/20 22:44:02.96,IMU,-195.80,-173.34,-991.70,2.80,-0.60,0.49,-1.65,1.20,-66.45,36.3
2026/04/20 22:44:03.06,IMU,-188.96,-160.64,-975.59,0.33,0.72,0.28,-4.65,-1.50,-61.95,36.3
2026/04/20 22:44:03.16,IMU,-190.92,-160.64,-1004.88,-1.35,-1.06,0.68,-2.70,1.65,-66.45,36.1
2026/04/20 22:44:03.26,IMU,-196.78,-162.60,-999.02,-0.93,3.18,1.63,-2.25,2.40,-65.10,36.0
2026/04/20 22:44:03.36,IMU,-179.69,-156.25,-1001.46,-0.57,0.14,0.17,-2.70,1.95,-66.90,36.2
2026/04/20 22:44:03.46,IMU,-190.43,-160.64,-993.65,-1.27,1.16,0.59,-2.70,1.95,-65.85,36.2
2026/04/20 22:44:03.56,IMU,-182.62,-156.74,-979.49,0.79,1.16,-2.50,-1.35,1.80,-66.75,36.2
2026/04/20 22:44:03.66,IMU,-194.82,-169.43,-989.26,1.66,-0.42,-0.30,-2.85,1.80,-68.55,36.3
2026/04/20 22:44:03.76,IMU,-187.50,-158.20,-986.82,-0.69,1.42,0.43,-1.20,1.65,-67.20,36.2
2026/04/20 22:44:03.87,IMU,-199.71,-159.18,-988.77,1.32,-0.69,1.25,-3.60,2.55,-66.30,36.2
2026/04/20 22:44:03.97,IMU,-182.13,-159.18,-1005.37,1.34,-0.90,-0.54,-3.60,1.05,-67.35,36.2
2026/04/20 22:44:04.07,IMU,-187.99,-175.78,-1000.49,2.11,3.95,0.59,-2.55,0.30,-66.30,36.1
2026/04/20 22:44:04.17,IMU,-178.71,-163.57,-997.56,0.72,0.73,1.02,-3.90,1.50,-67.35,36.2
2026/04/20 22:44:04.27,IMU,-195.31,-168.46,-998.05,1.16,0.60,-0.80,-2.70,0.45,-67.20,36.0
2026/04/20 22:44:04.37,IMU,-188.48,-171.39,-1004.39,0.15,0.91,2.53,-1.80,0.75,-66.75,36.2
2026/04/20 22:44:04.47,IMU,-187.99,-167.97,-988.77,1.08,-1.63,0.16,-1.80,1.05,-65.55,36.2
2026/04/20 22:44:04.57,IMU,-182.13,-164.55,-993.16,0.83,0.67,-0.83,-2.55,1.05,-68.10,36.1
2026/04/20 22:44:04.67,IMU,-202.15,-178.71,-1000.49,-0.45,0.05,0.13,-1.80,0.75,-67.35,36.4
2026/04/20 22:44:04.77,IMU,-185.06,-177.25,-992.19,0.58,-0.11,-1.43,-2.70,1.20,-67.65,35.9
2026/04/20 22:44:04.87,IMU,-201.66,-174.32,-1001.46,1.24,1.43,2.03,-2.25,0.90,-66.90,36.1
2026/04/20 22:44:04.97,IMU,-183.11,-165.04,-1000.49,0.89,-2.38,0.44,-3.75,2.70,-67.65,36.0
2026/04/20 22:44:05.09,IMU,-193.85,-156.74,-998.05,1.20,1.66,-0.09,-2.10,1.50,-66.00,36.0
2026/04/20 22:44:05.19,IMU,-186.04,-175.29,-996.58,-2.94,1.16,0.21,-3.30,1.05,-67.35,36.0
2026/04/20 22:44:05.29,IMU,-190.92,-177.73,-989.26,-1.24,0.24,-2.50,-1.95,0.15,-67.65,36.1
2026/04/20 22:44:05.39,IMU,-195.80,-167.97,-1010.25,-0.26,-0.57,0.80,-2.10,1.05,-67.05,36.1
2026/04/20 22:44:05.49,IMU,-209.47,-174.80,-995.61,-0.43,-2.66,0.15,-3.45,0.90,-65.85,35.9
2026/04/20 22:44:05.59,IMU,-187.01,-166.50,-1001.46,-0.08,-0.16,-2.23,-2.85,1.80,-67.35,36.2
2026/04/20 22:44:05.69,IMU,-200.68,-173.34,-1009.28,0.37,-0.08,1.82,-2.10,2.25,-66.75,36.1
2026/04/20 22:44:05.79,IMU,-183.11,-165.53,-1009.77,1.72,2.41,0.09,-2.25,1.65,-65.40,36.0
2026/04/20 22:44:05.89,IMU,-188.48,-162.11,-998.54,-1.38,-1.04,-0.63,-0.60,1.50,-66.75,35.7
2026/04/20 22:44:05.99,IMU,-186.52,-163.09,-1012.21,-0.98,0.63,-0.36,-2.10,-0.30,-66.30,35.8
2026/04/20 22:44:06.09,IMU,-200.20,-165.04,-988.77,1.66,0.55,-0.55,-1.35,0.30,-67.80,35.6
2026/04/20 22:44:06.19,IMU,-178.71,-183.59,-990.72,0.69,1.72,-0.90,-1.80,1.50,-66.00,36.3
2026/04/20 22:44:06.29,IMU,-187.50,-177.25,-995.12,-1.39,-0.23,0.76,-2.70,0.90,-66.15,36.1
2026/04/20 22:44:06.39,IMU,-172.36,-172.36,-1000.49,-2.13,-1.53,-1.01,-1.65,0.90,-67.65,35.9
2026/04/20 22:44:06.50,IMU,-188.48,-169.92,-987.30,-0.41,0.28,2.27,-2.85,3.00,-67.05,35.9
2026/04/20 22:44:06.60,IMU,-196.29,-173.34,-992.19,1.43,-2.82,-1.50,-2.85,1.80,-66.30,36.1
2026/04/20 22:44:06.70,IMU,-193.85,-160.64,-990.23,1.32,1.26,0.24,-1.95,1.20,-67.20,35.9
2026/04/20 22:44:06.80,IMU,-193.36,-170.90,-987.30,0.67,0.30,0.34,-1.80,1.50,-66.75,36.1
2026/04/20 22:44:06.90,IMU,-196.78,-168.95,-995.61,0.33,2.23,-1.81,-1.65,2.40,-67.20,36.1
2026/04/20 22:44:07.00,IMU,-187.99,-166.99,-999.02,-0.73,1.78,-2.40,-3.30,1.80,-65.25,35.9
2026/04/20 22:44:07.10,IMU,-196.78,-161.13,-996.09,0.80,-0.34,-0.11,-3.45,0.90,-66.15,36.1
2026/04/20 22:44:07.20,IMU,-194.34,-169.92,-997.07,0.08,1.98,1.07,-1.05,1.05,-67.05,35.7
2026/04/20 22:44:07.30,IMU,-198.73,-159.67,-995.61,0.54,-0.69,-2.18,-1.20,1.65,-66.45,35.9
2026/04/20 22:44:07.40,IMU,-181.64,-163.57,-1010.74,-0.21,-0.41,2.38,-2.85,2.55,-64.95,36.1
2026/04/20 22:44:07.50,IMU,-192.38,-166.02,-994.63,0.01,0.37,-2.72,-1.80,0.30,-66.75,36.0
2026/04/20 22:44:07.60,IMU,-188.96,-167.48,-1013.18,-0.42,0.34,0.97,-1.80,1.50,-66.75,35.9
2026/04/20 22:44:07.70,IMU,-202.64,-168.46,-1002.93,-1.19,-1.40,3.94,-2.25,1.65,-67.65,36.1
2026/04/20 22:44:07.80,IMU,-172.36,-169.43,-990.72,-0.03,-1.61,-1.47,-1.95,2.70,-65.85,35.9
2026/04/20 22:44:07.92,IMU,694.82,-181.15,-1385.25,27.26,7.63,22.40,-9.15,-4.50,-69.30,35.9
2026/04/20 22:44:08.02,IMU,61.52,-222.17,-807.62,-34.11,4.77,-32.36,-1.05,0.30,-62.70,36.0
2026/04/20 22:44:08.12,IMU,-471.19,-208.50,-812.01,-18.67,60.63,27.84,-1.35,2.55,-64.50,35.9
2026/04/20 22:44:08.22,IMU,56.64,-108.40,-784.18,0.26,-45.40,-26.97,-6.30,1.95,-64.65,35.7
2026/04/20 22:44:08.32,IMU,55.66,-71.78,-1125.49,7.88,-15.24,3.10,-3.45,1.20,-65.40,35.8
2026/04/20 22:44:08.42,IMU,-218.75,-140.63,-991.70,4.61,4.11,0.19,-2.85,1.50,-64.95,36.1
2026/04/20 22:44:08.52,IMU,-147.95,-199.22,-971.68,-6.85,-9.88,-12.83,-3.45,0.90,-65.85,35.9
2026/04/20 22:44:08.62,IMU,-250.00,-165.04,-916.50,-2.38,-9.34,-3.18,-1.95,0.90,-65.85,35.7
2026/04/20 22:44:08.72,IMU,-109.86,-83.50,-735.35,-12.50,-5.53,-12.75,-0.15,-0.15,-65.85,35.7
2026/04/20 22:44:08.83,IMU,-210.94,-169.43,-1145.02,12.74,-31.89,-0.27,-0.60,0.00,-64.20,35.9
2026/04/20 22:44:08.93,IMU,-275.88,-201.66,-1026.86,3.44,-0.25,-5.37,2.25,-0.45,-62.85,35.7
2026/04/20 22:44:09.03,IMU,-176.76,-208.01,-1229.00,-2.15,7.85,2.06,-1.20,-3.60,-57.45,35.7
2026/04/20 22:44:09.13,IMU,-214.84,-237.79,-872.56,-4.99,7.77,-82.74,2.85,-2.25,-60.15,35.9
2026/04/20 22:44:09.23,IMU,-63.48,-219.73,-803.71,-16.41,36.98,14.27,-0.15,-1.95,-61.80,35.7
2026/04/20 22:44:09.33,IMU,-66.41,-175.78,-1083.01,18.21,26.15,-47.90,-1.95,-0.15,-59.25,35.7
2026/04/20 22:44:09.43,IMU,-14.65,-238.28,-1119.63,12.55,11.54,-26.81,-6.30,-2.70,-61.50,35.9
2026/04/20 22:44:09.53,IMU,-319.82,-361.33,-1007.81,37.43,26.52,17.74,-7.80,-3.60,-60.75,35.6
2026/04/20 22:44:09.63,IMU,-199.71,-390.14,-1134.77,18.50,24.53,-15.95,-11.10,-6.60,-60.45,35.8
2026/04/20 22:44:09.73,IMU,111.82,-328.61,-879.88,-25.24,29.34,-0.85,-12.00,-6.75,-61.65,36.0
2026/04/20 22:44:09.83,IMU,16.11,-316.89,-1093.26,8.47,21.40,-8.96,-14.40,-5.85,-61.05,35.9
2026/04/20 22:44:09.93,IMU,45.90,-410.16,-930.66,1.60,3.94,-6.27,-16.35,-5.85,-61.50,35.6
2026/04/20 22:44:10.03,IMU,89.84,-366.70,-943.85,-1.70,9.78,-1.92,-17.40,-6.90,-61.80,35.4
2026/04/20 22:44:10.13,IMU,144.53,-354.49,-907.23,12.31,2.95,-3.14,-17.10,-7.65,-61.50,35.9
2026/04/20 22:44:10.24,IMU,184.08,-371.09,-983.40,-0.38,8.69,14.64,-18.45,-8.40,-61.50,35.9
2026/04/20 22:44:10.34,IMU,104.98,-391.11,-879.88,11.18,-6.91,-4.24,-16.80,-10.20,-62.40,36.1
2026/04/20 22:44:10.44,IMU,250.98,-387.70,-954.10,6.68,10.52,-2.19,-18.90,-10.35,-61.80,35.9
2026/04/20 22:44:10.54,IMU,204.10,-396.97,-945.80,-8.75,2.37,5.34,-20.55,-9.45,-61.95,35.9
2026/04/20 22:44:10.64,IMU,234.38,-418.46,-1093.75,13.31,15.70,1.95,-19.80,-9.75,-61.65,35.9
2026/04/20 22:44:10.74,IMU,192.87,-498.54,-721.68,36.39,13.69,0.79,-19.50,-12.15,-60.60,35.8
2026/04/20 22:44:10.84,IMU,146.97,-443.85,-978.52,7.10,-0.14,8.31,-21.45,-13.05,-60.00,35.6
2026/04/20 22:44:10.94,IMU,189.45,-428.71,-976.07,-2.20,11.86,17.96,-20.85,-14.70,-59.85,35.8
2026/04/20 22:44:11.04,IMU,125.49,-499.51,-894.04,4.53,7.94,9.98,-20.40,-14.10,-59.25,35.9
2026/04/20 22:44:11.14,IMU,209.96,-493.65,-818.36,-13.32,15.91,11.10,-20.10,-16.20,-59.10,35.9
2026/04/20 22:44:11.24,IMU,223.14,-473.63,-825.20,-2.01,4.73,6.07,-20.10,-14.40,-59.55,36.0
2026/04/20 22:44:11.34,IMU,256.35,-480.47,-798.83,2.55,-3.60,-1.97,-19.05,-16.95,-59.85,35.8
2026/04/20 22:44:11.44,IMU,166.99,-515.14,-794.43,-3.05,2.51,-5.72,-20.70,-15.75,-60.45,36.1
2026/04/20 22:44:11.55,IMU,164.55,-499.02,-932.62,0.27,2.15,4.89,-21.15,-16.50,-59.25,35.7
2026/04/20 22:44:11.65,IMU,131.35,-506.35,-895.02,10.69,-3.86,7.89,-19.95,-15.30,-58.95,35.7
2026/04/20 22:44:11.75,IMU,216.80,-611.33,-233.40,48.05,30.82,-24.69,-13.20,-19.65,-58.35,35.7
2026/04/20 22:44:11.85,IMU,-74.22,-414.06,-747.07,-57.56,-18.64,3.09,-10.65,-18.90,-56.25,36.0
2026/04/20 22:44:11.95,IMU,20.02,-607.42,-1120.61,-60.15,-70.81,6.41,-10.20,-17.70,-57.75,35.8
2026/04/20 22:44:12.05,IMU,37.11,-349.12,-843.75,-43.05,-33.11,-12.92,-8.55,-12.30,-60.45,35.9
2026/04/20 22:44:12.15,IMU,17.58,-354.98,-1000.00,-90.96,15.40,30.85,-5.10,-9.00,-59.55,35.9
2026/04/20 22:44:12.25,IMU,-132.32,-158.69,-884.28,-72.63,-47.11,17.50,-4.35,-0.30,-60.90,35.6
2026/04/20 22:44:12.35,IMU,-176.76,18.55,-1247.56,-66.66,7.76,5.95,0.00,6.45,-63.75,35.8
2026/04/20 22:44:12.45,IMU,-165.04,-77.15,-1209.47,-33.31,17.67,-12.27,-1.95,6.90,-64.05,36.1
2026/04/20 22:44:12.55,IMU,-129.88,-23.44,-1123.05,-1.14,7.13,11.55,-2.25,8.85,-61.80,35.6
2026/04/20 22:44:12.65,IMU,-152.83,-27.34,-1067.38,0.16,-7.83,9.36,-2.55,8.25,-63.15,36.1
2026/04/20 22:44:12.75,IMU,-126.46,-75.20,-1028.81,11.15,-16.67,0.91,-0.45,8.40,-62.85,35.9
2026/04/20 22:44:12.85,IMU,-242.19,-64.94,-959.96,5.11,-7.51,-1.82,1.65,7.65,-61.05,36.1
2026/04/20 22:44:12.96,IMU,-252.93,-47.85,-957.03,-1.89,-5.75,-2.06,3.00,7.65,-62.25,35.9
2026/04/20 22:44:13.06,IMU,-73.73,-3.42,-1053.71,1.32,-5.07,2.15,-1.20,7.65,-62.55,36.3
2026/04/20 22:44:13.16,IMU,-120.61,-17.58,-1029.79,0.22,5.14,4.98,0.30,7.95,-63.45,35.9
2026/04/20 22:44:13.26,IMU,-138.18,-4.39,-1009.28,1.30,-2.11,-2.96,-1.35,7.50,-63.75,35.9
2026/04/20 22:44:13.36,IMU,-148.93,-16.60,-1026.37,-0.76,0.69,-0.62,0.45,7.35,-64.35,35.9
2026/04/20 22:44:13.46,IMU,-161.13,-15.63,-1013.67,-1.11,1.67,0.57,-1.65,6.60,-62.55,36.0
2026/04/20 22:44:13.57,IMU,-161.13,-24.90,-1008.30,1.18,1.89,0.78,-0.15,8.40,-62.85,36.3
2026/04/20 22:44:13.67,IMU,-147.46,-20.51,-1023.93,1.77,2.15,-1.66,-0.60,7.20,-63.45,36.2
2026/04/20 22:44:13.77,IMU,-162.60,-23.93,-1016.60,0.15,-2.33,-0.22,-0.90,9.60,-62.25,36.2
2026/04/20 22:44:13.87,IMU,-161.62,-26.37,-1022.95,0.21,-1.68,-0.18,-0.45,7.35,-62.85,36.2
2026/04/20 22:44:13.97,IMU,-163.09,-20.02,-1025.39,0.78,2.56,0.02,-0.30,7.95,-63.45,36.1
2026/04/20 22:44:14.07,IMU,-160.64,-32.71,-1015.14,-0.63,-1.44,0.20,-1.20,7.65,-63.60,36.1
2026/04/20 22:44:14.17,IMU,-161.62,-27.83,-1009.77,1.83,-0.66,-1.65,-4.50,6.15,-58.95,36.3
2026/04/20 22:44:14.28,IMU,-165.04,-17.09,-1021.00,1.06,0.14,-1.63,-1.05,7.95,-63.75,36.1
2026/04/20 22:44:14.38,IMU,-165.53,-24.41,-1014.65,-0.95,0.28,-1.05,-0.45,8.10,-64.05,36.1
2026/04/20 22:44:14.48,IMU,-151.37,-7.81,-1010.25,-1.93,1.66,0.27,-0.45,8.85,-62.85,36.3
2026/04/20 22:44:14.58,IMU,-173.83,-25.39,-1012.70,0.50,-1.92,0.17,0.30,6.45,-63.15,36.1
2026/04/20 22:44:14.68,IMU,-175.78,-39.55,-1004.39,-0.90,0.31,-0.57,0.15,8.85,-62.55,36.1
2026/04/20 22:44:14.78,IMU,-167.97,-47.36,-1008.30,-1.95,3.61,-0.60,0.00,6.75,-62.70,36.4
2026/04/20 22:44:14.88,IMU,-166.50,-29.79,-1014.65,-1.13,0.98,-0.70,-0.45,8.10,-63.60,36.2
2026/04/20 22:44:14.98,IMU,-173.34,-39.06,-1018.07,-1.29,2.11,-0.40,0.60,8.70,-63.15,35.8
2026/04/20 22:44:15.08,IMU,-155.76,-42.97,-1021.97,3.50,-3.52,3.60,0.30,7.95,-62.70,36.3
2026/04/20 22:44:15.19,IMU,-166.99,-12.70,-1014.65,1.12,-4.52,2.81,0.15,7.35,-62.85,36.1
2026/04/20 22:44:15.29,IMU,-161.62,-28.32,-1016.60,-0.27,-1.15,3.01,-0.30,7.50,-63.75,36.2
2026/04/20 22:44:15.39,IMU,-158.69,-14.16,-1023.44,2.05,-0.83,3.25,-0.45,8.40,-62.85,36.5
2026/04/20 22:44:15.49,IMU,-204.10,-65.43,-1018.55,-0.05,1.87,-1.60,-0.15,8.85,-64.05,36.1
2026/04/20 22:44:15.59,IMU,-148.93,-85.94,-1025.88,0.15,-0.65,0.04,-0.45,7.35,-62.55,36.0
2026/04/20 22:44:15.69,IMU,-171.88,-32.71,-1027.83,3.01,-3.24,4.63,-0.60,9.00,-62.70,36.1
2026/04/20 22:44:15.79,IMU,-179.20,-5.86,-1007.81,-1.43,1.53,1.23,0.15,8.40,-64.35,36.0
2026/04/20 22:44:15.89,IMU,-159.18,-39.06,-1019.04,0.37,-1.68,1.03,0.30,7.95,-63.75,36.2
2026/04/20 22:44:15.99,IMU,-167.97,-26.86,-1010.74,-0.73,1.27,-0.02,0.15,7.65,-62.55,36.2
2026/04/20 22:44:16.10,IMU,-179.69,-26.86,-1025.88,1.21,0.03,0.59,-0.90,8.10,-63.30,36.0
2026/04/20 22:44:16.20,IMU,-157.23,-20.02,-1022.95,-0.56,-1.96,1.35,-0.90,8.10,-64.05,35.9
2026/04/20 22:44:16.30,IMU,-171.88,-23.44,-1002.93,0.08,-1.44,-0.79,-0.45,9.30,-63.60,35.8
2026/04/20 22:44:16.40,IMU,-178.22,-26.37,-1000.49,1.13,-0.80,-2.83,-0.30,7.50,-64.20,35.9
2026/04/20 22:44:16.50,IMU,-161.62,-30.27,-1022.95,-1.52,2.31,-0.85,-0.45,7.35,-63.30,36.0
2026/04/20 22:44:16.60,IMU,-177.73,-31.25,-1019.53,0.15,0.36,-0.74,0.30,7.50,-63.45,35.7
2026/04/20 22:44:16.70,IMU,-166.99,-23.93,-1030.76,0.29,-0.73,-2.32,0.60,7.50,-64.20,36.0
2026/04/20 22:44:16.80,IMU,-170.41,-22.95,-1015.63,-1.11,1.83,-0.06,0.30,7.95,-62.70,35.9
2026/04/20 22:44:16.91,IMU,-155.27,-18.55,-1025.39,-1.01,0.76,0.20,-0.30,8.70,-64.20,36.1
2026/04/20 22:44:17.01,IMU,-172.85,-25.39,-1022.95,-1.40,-3.21,1.15,0.45,7.65,-62.85,35.8
2026/04/20 22:44:17.11,IMU,-174.80,-21.00,-1011.72,1.98,-0.91,-0.44,0.30,6.75,-63.15,36.1
2026/04/20 22:44:17.21,IMU,-170.41,-28.81,-1018.07,0.73,-1.76,1.23,-0.45,6.90,-61.05,35.9
2026/04/20 22:44:17.31,IMU,-166.50,-35.16,-1012.21,-0.25,1.27,0.51,0.45,7.65,-62.55,35.8
2026/04/20 22:44:17.41,IMU,-167.48,-24.90,-1013.67,1.51,-0.36,1.03,1.05,8.25,-64.95,35.7
2026/04/20 22:44:17.51,IMU,-168.46,-21.97,-1022.95,-0.86,-2.36,-3.20,0.00,7.50,-63.15,36.1
2026/04/20 22:44:17.61,IMU,-162.11,-32.23,-1016.60,1.57,1.56,-0.35,0.15,9.30,-62.85,36.0
2026/04/20 22:44:17.71,IMU,-170.90,-25.39,-1023.44,-1.50,-2.11,1.68,-1.05,9.00,-62.70,36.2
2026/04/20 22:44:17.82,IMU,-158.69,-33.69,-1008.79,-1.00,1.84,-1.22,-0.15,8.10,-62.55,36.0
2026/04/20 22:44:17.92,IMU,-177.25,-22.95,-1027.83,2.07,0.89,0.56,0.45,6.90,-62.55,35.9
2026/04/20 22:44:18.02,IMU,-168.95,-49.80,-1015.63,-0.57,-0.46,-0.64,0.30,7.50,-63.45,35.9
2026/04/20 22:44:18.12,IMU,-164.55,-32.23,-1039.06,-0.28,0.21,3.23,-0.45,9.30,-64.05,35.9
2026/04/20 22:44:18.22,IMU,-164.55,-22.46,-1012.70,-0.27,0.10,0.29,0.00,7.95,-63.45,35.7
2026/04/20 22:44:18.32,IMU,-179.20,-20.02,-1038.57,0.95,0.59,-0.29,0.45,6.60,-64.35,35.9
2026/04/20 22:44:18.42,IMU,-164.06,-31.74,-1015.63,0.79,-0.32,3.07,-0.45,7.35,-62.85,35.9
2026/04/20 22:44:18.52,IMU,-171.88,-11.23,-1025.88,0.23,1.71,1.53,-1.35,7.95,-63.45,35.7
2026/04/20 22:44:18.62,IMU,-182.13,-30.27,-1015.63,2.13,-1.08,-2.02,-1.65,8.40,-64.65,35.4
2026/04/20 22:44:18.72,IMU,-163.57,-42.48,-1022.95,0.34,-1.72,-2.68,0.90,8.85,-62.85,35.3
2026/04/20 22:44:18.82,IMU,-176.76,-28.81,-1021.48,1.78,0.23,-1.61,-0.60,7.20,-64.20,35.7
2026/04/20 22:44:18.92,IMU,-159.67,-23.93,-1020.02,1.11,-2.23,1.59,-0.15,6.90,-63.30,35.6
2026/04/20 22:44:19.02,IMU,-166.99,-33.69,-1007.32,0.50,1.21,-0.12,-0.60,8.25,-63.75,35.6
2026/04/20 22:44:19.13,IMU,-179.69,-28.32,-1034.18,0.85,1.34,0.26,-0.15,8.10,-62.55,35.1
2026/04/20 22:44:19.23,IMU,-163.09,-24.41,-1016.11,-0.67,1.18,-1.64,-0.90,9.30,-64.35,35.7
2026/04/20 22:44:19.33,IMU,-167.97,-27.34,-1021.48,-0.43,-0.73,-0.24,-0.45,7.65,-64.05,35.2
2026/04/20 22:44:19.43,IMU,-181.64,-23.44,-1048.83,-0.19,3.72,-0.38,-0.90,7.35,-62.85,35.6
2026/04/20 22:44:19.53,IMU,-154.79,-34.67,-1037.11,1.44,-0.08,-0.11,0.90,7.35,-62.85,35.4
2026/04/20 22:44:19.63,IMU,-169.43,-22.46,-1030.76,-1.00,0.14,-1.53,-0.30,6.75,-62.40,35.5
2026/04/20 22:44:19.73,IMU,-165.04,-35.16,-1013.18,-1.80,-0.58,-1.88,0.45,7.35,-63.60,35.6
2026/04/20 22:44:19.83,IMU,-154.30,-23.93,-980.47,1.05,-0.10,-0.97,-1.20,6.60,-63.30,35.6
2026/04/20 22:44:19.93,IMU,-167.48,-27.83,-1040.53,-3.63,0.73,0.82,-0.15,8.40,-64.05,35.4
2026/04/20 22:44:20.03,IMU,-158.20,-25.39,-1025.88,-0.37,1.19,2.56,-0.60,7.95,-63.15,35.6
2026/04/20 22:44:20.13,IMU,-158.69,-29.30,-1014.65,1.08,-0.86,2.18,-0.30,7.50,-65.25,35.6
2026/04/20 22:44:20.23,IMU,-163.57,-32.71,-1020.02,-0.13,1.27,1.29,-1.05,7.50,-64.20,35.2
2026/04/20 22:44:20.33,IMU,-147.46,-33.69,-1016.11,1.30,0.98,-0.82,-2.25,6.15,-60.75,35.2
2026/04/20 22:44:20.43,IMU,-182.13,-23.93,-1016.60,-0.50,-1.74,-0.44,-0.30,7.95,-63.45,35.2
2026/04/20 22:44:20.54,IMU,-207.52,-38.57,-1017.09,0.78,1.92,1.85,0.15,8.40,-64.65,35.0
2026/04/20 22:44:20.64,IMU,-171.88,-28.32,-991.70,0.23,0.89,0.04,-0.30,8.25,-62.40,34.9
2026/04/20 22:44:20.74,IMU,-176.76,-25.88,-1010.25,0.14,0.80,0.62,0.15,8.85,-63.60,34.9
2026/04/20 22:44:20.84,IMU,-155.76,-36.13,-1017.58,-0.52,1.99,-2.00,0.15,8.40,-63.60,35.5
2026/04/20 22:44:20.94,IMU,-144.04,-20.51,-1010.25,1.07,-3.34,-2.64,0.60,9.00,-63.45,35.2
2026/04/20 22:44:21.04,IMU,-182.62,-21.48,-1015.63,-1.92,0.30,0.28,0.00,7.95,-63.15,35.2
2026/04/20 22:44:21.14,IMU,-166.50,-26.86,-1014.16,0.47,0.79,0.73,-1.65,6.15,-64.35,35.2
2026/04/20 22:44:21.24,IMU,-175.78,-22.95,-1027.34,0.64,0.77,-2.36,-0.30,7.50,-63.15,35.3
2026/04/20 22:44:21.34,IMU,-140.14,-28.81,-1007.32,0.14,-2.02,0.95,-3.30,7.95,-57.75,35.0
2026/04/20 22:44:21.44,IMU,-175.29,-28.81,-1019.53,0.90,1.57,1.99,-0.30,8.70,-63.15,34.7
2026/04/20 22:44:21.54,IMU,-171.39,-25.39,-1004.88,2.46,-2.60,0.24,-0.60,8.70,-64.20,35.1
2026/04/20 22:44:21.64,IMU,-163.09,-25.88,-1013.18,1.19,-1.21,1.41,0.15,7.65,-63.30,34.6
2026/04/20 22:44:21.74,IMU,-161.13,-28.81,-1024.41,2.22,-2.19,1.82,-0.90,8.10,-62.55,35.1
2026/04/20 22:44:21.84,IMU,-173.83,-26.37,-1019.53,0.69,-1.28,-0.52,0.00,7.20,-63.15,35.0
2026/04/20 22:44:21.94,IMU,-170.41,-18.55,-1015.14,0.23,1.71,3.13,1.05,7.50,-63.45,34.9
2026/04/20 22:44:22.05,IMU,-164.55,-27.83,-1013.18,1.92,-0.47,2.07,-0.45,8.85,-64.35,35.2
2026/04/20 22:44:22.15,IMU,-175.29,-21.97,-1012.21,-0.27,1.37,2.09,0.15,8.10,-63.30,35.0
2026/04/20 22:44:22.25,IMU,-164.55,-29.30,-1023.93,0.08,2.40,-2.83,-0.30,8.25,-63.75,34.9
2026/04/20 22:44:22.35,IMU,-148.93,-30.27,-1020.02,-0.82,-0.89,0.83,-3.60,5.25,-58.35,34.7
2026/04/20 22:44:22.45,IMU,-168.95,-27.83,-1015.63,0.19,1.29,3.37,-1.35,7.20,-63.45,34.7
2026/04/20 22:44:22.55,IMU,-168.46,-34.67,-1010.74,0.47,-0.08,-2.58,0.45,7.65,-64.35,34.7
2026/04/20 22:44:22.65,IMU,-165.04,-35.64,-1032.71,1.37,-0.85,0.95,0.45,7.65,-62.85,34.9
2026/04/20 22:44:22.75,IMU,-156.74,-37.60,-1010.25,-1.24,-0.50,1.35,-0.30,8.70,-61.65,34.9
2026/04/20 22:44:22.85,IMU,-154.30,-14.65,-1016.11,1.90,-0.77,-2.11,0.45,8.40,-64.65,34.9
2026/04/20 22:44:22.96,IMU,-161.13,-13.67,-1014.65,-0.05,1.34,-1.44,0.45,8.10,-64.35,34.7
2026/04/20 22:44:23.07,IMU,-158.69,-36.13,-1030.76,0.99,-0.98,-2.51,-0.45,7.35,-63.30,34.7
2026/04/20 22:44:23.17,IMU,-153.81,-26.86,-1014.65,-0.39,-1.26,2.01,-1.05,8.70,-63.15,34.7
2026/04/20 22:44:23.27,IMU,-163.57,-13.67,-1019.53,2.55,0.17,-1.93,0.60,8.25,-61.95,34.7
2026/04/20 22:44:23.37,IMU,-160.64,-16.60,-1022.95,0.53,-1.43,-0.57,0.45,6.15,-62.85,34.9
2026/04/20 22:44:23.47,IMU,-157.71,-22.95,-1016.60,0.53,-0.27,2.00,0.15,8.40,-62.55,34.6
2026/04/20 22:44:23.57,IMU,-159.67,-25.88,-1003.42,-1.09,-1.20,0.58,-0.30,6.75,-63.75,34.5
2026/04/20 22:44:23.67,IMU,-168.46,-18.07,-1026.37,-0.06,-0.85,-1.24,0.15,8.10,-65.10,34.7
2026/04/20 22:44:23.78,IMU,-157.23,-24.90,-1014.16,3.27,-0.19,-1.44,1.35,8.25,-62.70,34.6
2026/04/20 22:44:23.88,IMU,-168.46,-20.02,-1017.58,0.14,0.18,0.38,-0.90,6.60,-63.60,34.7
2026/04/20 22:44:23.98,IMU,-175.29,-16.60,-1010.25,0.01,-0.10,0.53,0.00,8.70,-62.70,34.6
2026/04/20 22:44:24.08,IMU,-166.02,-10.74,-1017.58,-0.70,0.04,1.99,-0.90,7.65,-63.30,34.6
2026/04/20 22:44:24.18,IMU,-168.95,-32.71,-1019.53,-0.02,-1.39,-3.90,1.35,6.75,-63.75,34.6
2026/04/20 22:44:24.28,IMU,-161.62,-27.83,-1028.81,0.13,2.63,-0.04,0.15,9.30,-64.05,34.7
2026/04/20 22:44:24.38,IMU,-157.71,-30.27,-1026.86,-1.31,-0.02,0.99,0.00,7.95,-62.70,34.4
2026/04/20 22:44:24.48,IMU,-166.50,-29.79,-1008.79,1.30,1.44,1.03,1.05,7.50,-64.20,34.6
2026/04/20 22:44:24.58,IMU,-171.39,-23.44,-1019.04,1.11,0.02,-0.62,-1.65,6.90,-65.40,34.9
2026/04/20 22:44:24.68,IMU,-161.62,-14.16,-1014.16,-1.13,-2.63,2.54,0.60,7.95,-63.45,34.7
2026/04/20 22:44:24.78,IMU,-166.50,-27.34,-1029.79,1.19,1.57,1.44,0.30,7.20,-64.50,34.7
2026/04/20 22:44:24.88,IMU,-174.80,-26.37,-1013.67,-0.30,-0.27,-2.53,-1.05,6.00,-64.20,34.9
2026/04/20 22:44:24.98,IMU,-122.56,-64.94,-1033.69,7.04,2.11,2.06,0.90,8.10,-64.35,34.7
2026/04/20 22:44:25.08,IMU,-179.69,-28.81,-1003.91,1.42,-3.11,2.95,-0.90,6.90,-62.85,34.7
2026/04/20 22:44:25.18,IMU,-180.18,-48.34,-1026.86,-3.15,0.34,-1.99,-0.30,7.95,-63.45,34.6
2026/04/20 22:44:25.29,IMU,-158.20,-27.34,-1018.55,-0.01,0.82,0.26,0.60,8.70,-62.70,34.7
2026/04/20 22:44:25.39,IMU,-180.66,-5.37,-1009.28,0.76,-0.86,2.33,-0.45,7.35,-63.30,34.6
2026/04/20 22:44:25.49,IMU,-197.75,71.29,-1000.98,-1.95,5.41,-6.73,-1.80,7.50,-63.45,34.7
2026/04/20 22:44:25.59,IMU,-232.42,-223.14,-1103.52,-2.10,6.62,-6.23,-0.15,8.10,-61.80,34.6
2026/04/20 22:44:25.69,IMU,5.86,-75.68,-1044.43,-0.42,-2.56,4.46,0.30,6.00,-64.20,34.7
2026/04/20 22:44:25.79,IMU,-18.07,-28.81,-1032.71,3.06,-4.38,3.75,-0.15,9.30,-64.05,34.6
2026/04/20 22:44:25.90,IMU,-134.77,-17.58,-1036.13,1.54,-6.96,2.41,0.00,8.25,-62.70,34.6
2026/04/20 22:44:26.00,IMU,-126.46,-22.46,-1013.18,0.97,-2.79,-0.04,-0.15,7.65,-64.65,34.5
2026/04/20 22:44:26.10,IMU,-145.02,-38.57,-1039.55,1.00,-2.98,0.56,0.60,8.70,-63.75,34.9
2026/04/20 22:44:26.20,IMU,-164.55,-37.60,-1021.97,-1.02,1.02,-0.45,0.00,7.50,-63.45,34.7
2026/04/20 22:44:26.30,IMU,-163.57,-32.71,-1003.91,-0.86,-1.72,-2.88,-0.45,6.60,-63.30,34.5
2026/04/20 22:44:26.40,IMU,-176.27,-45.90,-1016.60,1.47,0.76,-0.82,-0.30,7.50,-62.40,34.5
2026/04/20 22:44:26.51,IMU,-199.22,-21.48,-1016.11,0.98,0.31,-0.89,-0.15,8.85,-64.05,34.6
2026/04/20 22:44:26.61,IMU,-173.83,-37.11,-1021.48,1.84,-0.91,1.02,0.00,6.45,-64.50,34.6
2026/04/20 22:44:26.71,IMU,-166.99,-29.30,-1020.02,-1.62,1.50,0.18,0.45,7.65,-64.05,34.6
2026/04/20 22:44:26.81,IMU,-168.46,-25.39,-1017.09,-0.08,-0.91,0.07,-0.45,7.35,-63.30,34.5
2026/04/20 22:44:26.91,IMU,-170.90,-28.81,-1019.04,-0.08,-0.08,-1.47,0.00,8.25,-62.70,34.7
2026/04/20 22:44:27.01,IMU,-165.53,-32.23,-1021.00,1.06,0.94,-1.80,0.00,7.20,-63.45,34.5
2026/04/20 22:44:27.11,IMU,-167.97,-20.51,-1012.70,-0.85,-1.14,-1.33,-1.20,6.60,-64.65,34.6
2026/04/20 22:44:27.21,IMU,-156.25,-31.74,-1011.72,-3.01,1.97,-0.93,-0.30,7.50,-63.45,34.5
2026/04/20 22:44:27.31,IMU,-189.94,27.34,-1013.18,-1.27,4.05,0.44,0.60,7.95,-63.75,34.5
2026/04/20 22:44:27.41,IMU,-123.05,-81.05,-1021.00,-1.37,3.70,-4.35,-0.90,8.40,-63.30,34.6
2026/04/20 22:44:27.51,IMU,-142.58,-43.46,-1008.30,0.50,0.05,2.91,0.60,8.70,-64.50,34.5
2026/04/20 22:44:27.61,IMU,-35.64,28.32,-1065.92,-5.98,11.11,-5.57,-0.60,7.95,-62.70,34.7
2026/04/20 22:44:27.71,IMU,-75.68,-51.27,-1040.53,-5.57,7.21,-8.22,0.30,7.95,-63.45,34.6
2026/04/20 22:44:27.81,IMU,-133.30,-50.78,-1034.18,-1.47,7.53,-1.21,-0.45,7.65,-64.35,34.3
2026/04/20 22:44:27.91,IMU,-102.54,-18.07,-1030.76,-2.23,5.21,-3.43,-1.35,10.20,-64.50,34.5
2026/04/20 22:44:28.02,IMU,-114.26,-46.88,-1017.09,-0.23,3.21,-0.58,-0.45,6.60,-64.05,34.5
2026/04/20 22:44:28.12,IMU,-91.80,-58.59,-1049.32,1.91,-2.21,2.60,-0.15,7.65,-61.80,34.5
2026/04/20 22:44:28.22,IMU,-129.39,1.95,-1019.04,1.75,1.79,2.37,0.00,7.20,-64.20,34.6
2026/04/20 22:44:28.32,IMU,-167.97,-22.46,-1001.46,-0.75,2.38,-2.20,-0.45,7.35,-62.25,34.5
2026/04/20 22:44:28.42,IMU,-179.20,-40.04,-1007.32,-3.33,3.27,-2.63,-2.10,7.20,-63.75,34.6
2026/04/20 22:44:28.52,IMU,-174.32,-39.06,-1011.23,0.35,1.79,1.18,-0.60,7.95,-64.95,34.4
2026/04/20 22:44:28.62,IMU,-166.99,-38.09,-1007.32,-1.24,3.40,-0.77,-0.45,8.10,-62.55,34.7
2026/04/20 22:44:28.72,IMU,-164.06,-9.28,-1015.14,0.03,0.70,-0.21,-1.05,8.70,-64.20,34.5
2026/04/20 22:44:28.82,IMU,-155.76,-27.34,-1010.74,0.06,-0.05,0.25,-0.45,6.90,-63.60,34.6
2026/04/20 22:44:28.92,IMU,-161.13,-13.67,-1009.77,0.19,-0.91,-1.56,0.15,8.85,-63.30,34.4
2026/04/20 22:44:29.02,IMU,-164.55,-27.34,-998.54,0.30,1.41,1.99,1.65,7.35,-63.30,34.6
2026/04/20 22:44:29.12,IMU,-160.16,-27.34,-1022.95,0.80,1.60,0.63,0.45,5.85,-63.60,34.6
2026/04/20 22:44:29.22,IMU,-159.67,-11.23,-1017.09,1.16,0.27,1.03,-1.05,7.95,-64.50,34.6
2026/04/20 22:44:29.32,IMU,-157.23,-39.55,-1025.39,0.44,-1.27,-2.78,-0.30,8.70,-62.70,34.5
2026/04/20 22:44:29.42,IMU,-169.92,-40.53,-1019.04,-1.04,1.21,0.71,-0.45,7.35,-64.05,34.5
2026/04/20 22:44:29.53,IMU,-150.88,-34.67,-1003.91,1.26,1.28,1.32,-1.80,8.25,-62.40,34.5
2026/04/20 22:44:29.63,IMU,-161.62,-20.51,-1013.67,0.45,1.02,0.36,1.05,6.45,-63.15,34.7
2026/04/20 22:44:29.73,IMU,-150.39,-26.86,-1012.21,-0.78,1.67,1.46,-1.05,7.20,-63.45,34.7
2026/04/20 22:44:29.83,IMU,-173.34,-16.60,-998.05,0.92,-1.62,-2.18,0.15,8.40,-62.85,34.4
2026/04/20 22:44:29.93,IMU,-153.81,-22.46,-1013.67,1.03,0.51,0.11,0.60,7.95,-62.70,34.7
2026/04/20 22:44:30.03,IMU,-161.62,-25.88,-1015.63,-0.69,-0.54,1.08,0.15,7.65,-64.05,34.5
2026/04/20 22:44:30.13,IMU,-164.06,-23.93,-1032.71,1.06,0.30,-0.03,-1.20,6.90,-63.60,34.6
2026/04/20 22:44:30.23,IMU,-174.32,-27.34,-1018.07,0.08,1.79,2.18,-0.60,8.25,-63.15,34.5
2026/04/20 22:44:30.33,IMU,-174.80,-30.27,-1020.51,-0.05,0.96,-0.61,-0.90,8.10,-62.55,34.2
2026/04/20 22:44:30.43,IMU,-173.34,-21.00,-1024.90,-1.77,-0.40,0.73,-0.60,8.70,-63.75,34.2
2026/04/20 22:44:30.53,IMU,-159.67,-14.65,-1026.37,0.72,-0.31,-0.23,-4.20,5.10,-58.95,34.3
2026/04/20 22:44:30.63,IMU,-160.64,-21.00,-1005.37,-1.48,-0.47,-1.12,-0.30,7.20,-63.45,34.4
2026/04/20 22:44:30.73,IMU,-150.88,-25.39,-1031.25,-1.60,-2.42,-2.11,0.15,7.35,-64.35,34.2
2026/04/20 22:44:30.84,IMU,-181.15,-20.02,-1024.90,-0.33,1.41,-1.34,-0.30,6.00,-62.40,34.2
2026/04/20 22:44:30.94,IMU,-146.48,-18.55,-1023.93,0.64,1.70,1.41,-0.90,9.30,-63.30,34.5
2026/04/20 22:44:31.04,IMU,-169.43,-14.16,-1021.97,-0.56,1.41,-0.67,-1.65,8.85,-63.60,34.5
2026/04/20 22:44:31.14,IMU,-159.18,-24.90,-1019.53,-0.42,1.28,-1.37,-0.90,7.35,-63.30,34.5
2026/04/20 22:44:31.24,IMU,-166.99,-28.32,-1007.81,2.08,-3.26,0.36,0.60,8.70,-63.75,34.4
2026/04/20 22:44:31.34,IMU,-163.09,-33.20,-1011.23,-1.06,1.37,-1.62,-0.90,7.35,-64.35,34.4
2026/04/20 22:44:31.44,IMU,-167.48,-23.93,-1013.18,-2.21,-0.97,1.49,-0.30,7.20,-63.15,34.4
2026/04/20 22:44:31.55,IMU,-160.16,-31.74,-1017.09,0.75,1.24,-0.24,-4.50,5.40,-57.90,34.4
2026/04/20 22:44:31.65,IMU,-160.64,-26.37,-1005.37,-0.64,-0.75,-1.15,-1.20,8.85,-64.05,34.2
2026/04/20 22:44:31.76,IMU,-166.50,-19.04,-1008.30,1.04,0.85,2.64,-1.35,7.50,-63.45,34.2
2026/04/20 22:44:31.86,IMU,-160.16,-33.20,-1023.44,1.53,-1.32,-0.62,-1.20,8.10,-63.60,34.4
2026/04/20 22:44:31.96,IMU,-166.50,-33.20,-1019.53,-0.49,1.50,1.60,0.15,7.35,-64.05,34.4
2026/04/20 22:44:32.06,IMU,-165.04,-25.88,-1005.86,-0.50,-1.18,1.78,-0.60,7.50,-63.75,34.1
2026/04/20 22:44:32.16,IMU,-156.25,-26.37,-1015.63,0.15,0.85,-1.79,-0.60,8.25,-63.15,34.3
2026/04/20 22:44:32.26,IMU,-159.67,-32.71,-999.02,2.11,2.34,-3.04,-0.15,8.10,-64.35,34.5
2026/04/20 22:44:32.36,IMU,-157.23,-29.79,-1020.51,1.18,0.14,0.17,-2.25,7.65,-63.30,34.4
2026/04/20 22:44:32.46,IMU,-164.06,-29.30,-1023.44,1.61,-1.15,-0.26,0.15,7.35,-64.35,34.3
2026/04/20 22:44:32.56,IMU,-164.55,-23.44,-1012.70,-0.26,0.30,1.87,0.30,9.75,-63.45,34.4
2026/04/20 22:44:32.66,IMU,-159.67,-30.76,-1009.77,-0.05,-0.90,-3.17,-0.30,8.70,-63.75,34.3
2026/04/20 22:44:32.76,IMU,-170.90,-22.95,-1011.23,0.63,0.05,-2.15,0.15,6.90,-63.60,34.3
2026/04/20 22:44:32.86,IMU,-158.20,-25.39,-1011.23,1.53,0.66,0.41,-1.05,8.70,-63.45,34.0
2026/04/20 22:44:32.96,IMU,-158.69,-32.23,-1021.00,-0.75,-0.89,-2.38,-0.60,7.50,-64.50,34.1
2026/04/20 22:44:33.06,IMU,-182.13,-18.55,-1015.14,0.27,-2.25,-0.56,-1.20,8.40,-64.65,34.4
2026/04/20 22:44:33.16,IMU,-176.27,-20.51,-1015.63,0.51,2.36,-0.84,-0.15,8.10,-64.05,34.2
2026/04/20 22:44:33.27,IMU,-170.41,-30.76,-1003.91,0.94,0.14,-0.64,-0.15,7.35,-62.85,34.4
2026/04/20 22:44:33.37,IMU,-169.92,-26.37,-1011.72,1.47,3.27,0.75,-0.30,8.25,-64.20,34.2
2026/04/20 22:44:33.47,IMU,-159.67,-18.55,-1018.55,0.23,1.05,1.15,-0.45,6.90,-64.65,34.0
2026/04/20 22:44:33.57,IMU,-162.11,-28.81,-997.56,0.21,0.42,-0.95,-0.60,7.50,-63.45,34.3
2026/04/20 22:44:33.67,IMU,-143.07,-32.23,-1019.04,0.54,-0.11,-1.13,-0.90,8.85,-64.35,34.3
2026/04/20 22:44:33.77,IMU,-152.83,-24.90,-1002.44,-0.32,0.61,2.08,-0.15,7.65,-61.80,34.3
2026/04/20 22:44:33.87,IMU,-153.81,-21.97,-1011.72,0.45,0.53,-0.67,-0.90,8.40,-62.55,34.3
2026/04/20 22:44:33.97,IMU,-161.62,-34.18,-1017.58,0.31,-0.63,1.48,-0.15,7.65,-62.85,34.6
2026/04/20 22:44:34.07,IMU,-157.23,-13.67,-1027.34,1.69,0.79,-0.08,-1.65,9.30,-64.35,34.2
2026/04/20 22:44:34.17,IMU,-161.62,-28.32,-1008.79,-1.81,-0.37,0.80,0.60,9.00,-62.70,34.4
2026/04/20 22:44:34.27,IMU,-175.29,-30.76,-1033.20,0.34,-0.51,-0.34,0.45,8.85,-63.60,34.3
2026/04/20 22:44:34.37,IMU,-138.18,-24.90,-1027.34,-1.34,-0.32,1.21,-1.65,9.30,-64.35,34.4
2026/04/20 22:44:34.47,IMU,-161.13,-25.39,-1008.30,0.47,1.30,0.26,-1.80,7.50,-64.20,34.3
2026/04/20 22:44:34.57,IMU,-164.06,-34.67,-1029.30,-0.24,0.07,-0.44,0.00,7.50,-63.15,34.2
2026/04/20 22:44:34.67,IMU,-167.48,-26.37,-1027.83,1.60,1.87,3.47,-0.30,7.95,-63.15,34.0
2026/04/20 22:44:34.78,IMU,-164.06,-30.76,-1014.16,1.08,1.05,-3.96,0.00,7.50,-63.45,34.2
2026/04/20 22:44:34.88,IMU,-172.85,-19.04,-1023.93,1.05,0.83,2.84,0.45,7.65,-63.30,34.2
2026/04/20 22:44:34.98,IMU,-163.09,-24.41,-1006.84,-0.37,-0.84,0.91,1.35,8.25,-63.75,34.0
2026/04/20 22:44:35.08,IMU,-158.20,-22.46,-1010.74,-0.74,0.66,-0.31,-0.45,7.35,-63.60,34.2
2026/04/20 22:44:35.18,IMU,-158.20,-30.27,-1024.90,1.07,1.08,3.13,0.90,7.65,-62.85,34.5
2026/04/20 22:44:35.28,IMU,-174.80,-15.63,-1011.23,-0.01,-0.72,0.82,-0.45,7.65,-64.35,34.2
2026/04/20 22:44:35.38,IMU,-157.71,-29.79,-1019.04,-0.34,-0.87,-1.34,-1.05,7.20,-63.45,34.3
2026/04/20 22:44:35.48,IMU,-167.97,-11.23,-1031.25,-0.71,0.01,0.73,0.15,6.60,-65.10,34.4
2026/04/20 22:44:35.58,IMU,-164.55,-29.79,-1023.44,-1.57,0.98,0.29,-0.45,8.40,-63.30,34.4
2026/04/20 22:44:35.68,IMU,-167.97,-22.46,-1012.70,-1.04,2.36,-0.19,0.00,7.50,-64.50,34.4
2026/04/20 22:44:35.78,IMU,-170.90,-28.32,-1015.14,-1.06,0.83,-0.44,1.05,8.25,-63.45,34.3
2026/04/20 22:44:35.88,IMU,-159.67,-19.04,-1028.81,-1.15,-0.96,0.68,0.60,6.75,-64.20,34.5
2026/04/20 22:44:35.98,IMU,-160.64,-28.32,-1017.58,-1.10,2.03,0.88,-0.30,7.50,-64.20,34.4
2026/04/20 22:44:36.08,IMU,-170.90,-13.67,-1009.77,-0.54,-0.98,0.04,0.15,8.40,-64.65,34.2
2026/04/20 22:44:36.18,IMU,-165.53,-23.93,-1016.11,0.34,-2.56,-1.84,-1.05,7.20,-64.20,34.5
2026/04/20 22:44:36.29,IMU,-165.04,-42.48,-1014.16,-0.76,-1.16,-2.82,0.30,5.55,-63.45,34.2
2026/04/20 22:44:36.39,IMU,-167.97,-12.21,-1017.58,-1.35,1.65,-0.17,0.00,7.50,-61.65,34.3
2026/04/20 22:44:36.49,IMU,-154.79,-26.37,-1015.63,-0.62,-1.27,0.17,0.30,7.20,-64.20,34.4
2026/04/20 22:44:36.59,IMU,-150.39,-21.48,-1021.97,-0.50,-1.02,1.27,0.15,7.35,-63.60,34.0
2026/04/20 22:44:36.69,IMU,-164.06,-24.90,-1003.42,0.32,1.65,-1.19,-2.55,6.45,-60.60,34.4
2026/04/20 22:44:36.79,IMU,-161.13,-24.90,-1016.60,1.21,3.57,0.55,0.15,7.65,-63.60,34.4
2026/04/20 22:44:36.89,IMU,-168.46,-23.44,-1010.25,1.53,0.35,-1.03,-0.15,6.60,-64.35,34.2
2026/04/20 22:44:36.99,IMU,-158.69,-36.13,-1021.97,1.47,-0.03,-1.66,-1.05,8.25,-61.95,34.4
2026/04/20 22:44:37.09,IMU,-166.99,-25.88,-1005.86,0.88,1.51,1.24,-0.90,7.35,-65.10,34.4
2026/04/20 22:44:37.19,IMU,-162.60,-26.86,-1016.11,0.33,-1.59,-1.48,0.15,8.10,-63.60,34.4
2026/04/20 22:44:37.29,IMU,-170.41,-24.41,-1011.23,1.34,1.75,-1.53,-0.60,6.75,-63.45,34.4
2026/04/20 22:44:37.39,IMU,-168.46,-38.09,-1012.21,1.02,-0.63,-0.63,0.30,8.70,-63.45,34.5
2026/04/20 22:44:37.49,IMU,-162.60,-29.79,-1021.00,0.33,0.72,2.24,0.15,8.85,-64.35,34.4
2026/04/20 22:44:37.59,IMU,-163.57,-10.25,-1009.28,0.46,1.86,1.54,1.05,8.25,-64.20,34.5
2026/04/20 22:44:37.70,IMU,-169.43,-26.86,-1019.53,0.08,0.24,1.19,-2.10,6.45,-59.10,34.4
2026/04/20 22:44:37.80,IMU,-154.30,-32.23,-1020.51,1.84,-2.63,-3.24,-1.20,7.65,-64.05,34.4
2026/04/20 22:44:37.90,IMU,-161.13,-16.60,-1021.97,-1.61,0.19,1.05,0.30,7.95,-63.75,34.4
2026/04/20 22:44:38.00,IMU,-162.60,-22.95,-1004.88,0.34,0.18,1.31,-0.15,8.85,-62.85,34.5
2026/04/20 22:44:38.10,IMU,-161.13,-31.25,-1013.18,2.21,-2.32,-1.72,-0.15,6.60,-64.05,34.7
2026/04/20 22:44:38.20,IMU,-165.04,-27.83,-1013.18,2.14,-1.36,-1.02,0.15,7.65,-64.65,34.4
2026/04/20 22:44:38.30,IMU,-166.02,-19.53,-1011.72,-0.47,0.94,-0.68,-0.30,9.45,-63.75,34.5
2026/04/20 22:44:38.40,IMU,-172.85,-23.93,-1018.55,-0.59,-0.58,-0.47,0.15,8.10,-62.55,34.6
2026/04/20 22:44:38.50,IMU,-166.50,-25.39,-989.26,0.12,-0.26,0.67,-0.15,7.65,-62.55,34.5
2026/04/20 22:44:38.60,IMU,-158.20,-21.48,-1013.18,0.40,1.22,0.72,-0.30,7.50,-63.75,34.6
2026/04/20 22:44:38.70,IMU,-157.23,-24.41,-1018.07,-1.44,1.72,0.29,0.90,8.10,-65.10,34.3
2026/04/20 22:44:38.80,IMU,-165.04,-25.88,-1017.58,-0.02,-1.39,-0.86,0.45,8.85,-63.30,34.6
2026/04/20 22:44:38.90,IMU,-175.78,-21.97,-1016.11,-2.11,-0.71,1.95,0.15,7.35,-63.60,34.9
2026/04/20 22:44:39.02,IMU,-152.83,-33.20,-1003.42,-0.69,0.01,0.09,0.00,8.70,-61.95,34.4
2026/04/20 22:44:39.12,IMU,-157.23,-17.58,-1031.74,0.20,-0.80,-0.50,0.15,8.40,-63.60,34.6
2026/04/20 22:44:39.22,IMU,-165.53,-46.39,-1005.37,-0.35,-1.71,0.24,0.45,8.40,-63.30,34.5
2026/04/20 22:44:39.32,IMU,-168.46,-26.86,-1008.30,-0.73,1.98,-1.18,-0.15,8.85,-62.85,34.6
2026/04/20 22:44:39.42,IMU,-165.53,-27.83,-1013.67,-1.27,0.92,-0.83,-2.10,7.95,-63.75,34.5
2026/04/20 22:44:39.52,IMU,-164.06,-21.97,-1028.81,-0.76,0.93,-1.81,0.15,5.40,-64.35,34.9
2026/04/20 22:44:39.62,IMU,-158.20,-23.44,-1002.93,0.76,0.77,1.22,-0.30,8.25,-64.20,34.9
2026/04/20 22:44:39.72,IMU,-160.16,-33.20,-1022.46,1.55,0.47,2.98,0.30,9.00,-63.15,34.7
2026/04/20 22:44:39.82,IMU,-162.60,-32.71,-1022.46,0.44,2.49,0.25,-0.60,9.00,-63.15,34.6
2026/04/20 22:44:39.93,IMU,-158.20,-30.76,-1015.63,0.27,0.77,-2.66,-0.45,6.90,-62.55,34.9
2026/04/20 22:44:40.03,IMU,-165.04,-27.34,-1017.58,0.67,-0.69,1.85,-0.30,7.50,-64.95,34.4
2026/04/20 22:44:40.13,IMU,-164.06,-19.53,-1006.35,0.01,-0.45,-0.12,-0.45,7.65,-63.60,34.4
2026/04/20 22:44:40.23,IMU,-167.97,-28.32,-1017.09,0.34,1.44,-0.31,0.15,7.35,-64.05,34.7
2026/04/20 22:44:40.33,IMU,-159.67,-20.02,-1016.11,-0.69,-0.57,0.61,0.30,7.50,-63.45,34.7
2026/04/20 22:44:40.43,IMU,-154.79,-23.44,-1014.16,2.24,0.08,0.76,-1.20,7.65,-63.30,34.6
2026/04/20 22:44:40.53,IMU,-165.04,-32.23,-1015.14,1.94,-0.79,-0.98,-0.30,7.95,-63.45,34.5
2026/04/20 22:44:40.63,IMU,-153.81,-17.58,-1003.42,-1.49,1.85,0.88,0.30,7.50,-62.40,34.5
2026/04/20 22:44:40.73,IMU,-175.78,-25.88,-1004.39,-1.63,2.50,-1.74,-1.65,7.35,-63.60,34.6
2026/04/20 22:44:40.83,IMU,-171.88,-21.00,-1013.67,0.21,-1.92,-0.11,-1.05,6.45,-63.75,34.7
2026/04/20 22:44:40.93,IMU,-155.27,-33.20,-1020.51,-2.27,-0.40,-0.50,0.60,7.50,-61.95,34.9
2026/04/20 22:44:41.03,IMU,-164.06,-23.44,-1003.91,-1.77,-0.02,0.22,0.60,8.25,-63.15,34.7
2026/04/20 22:44:41.13,IMU,-157.71,-23.93,-1013.18,0.31,0.67,-1.42,0.00,8.70,-63.45,34.9
2026/04/20 22:44:41.23,IMU,-164.06,-26.86,-1006.84,0.77,-0.39,-0.02,-0.90,6.60,-63.60,34.7
2026/04/20 22:44:41.33,IMU,-166.99,-33.20,-1008.79,1.12,0.62,0.00,0.30,7.95,-63.45,34.9
2026/04/20 22:44:41.44,IMU,-159.18,-27.83,-1003.42,0.18,-1.46,0.76,0.30,7.95,-63.75,34.6
2026/04/20 22:44:41.54,IMU,-159.67,-19.04,-1005.86,-0.08,0.88,-0.17,-0.45,7.35,-63.30,35.1
2026/04/20 22:44:41.64,IMU,-165.04,-30.76,-1028.32,0.21,-0.74,0.25,-1.20,8.85,-63.60,34.7
2026/04/20 22:44:41.74,IMU,-144.53,-37.60,-1008.30,1.70,-1.06,-2.48,-0.30,7.50,-63.45,34.7
2026/04/20 22:44:41.84,IMU,-177.25,-21.00,-1019.04,0.13,0.79,0.87,0.45,6.90,-64.05,34.5
2026/04/20 22:44:41.94,IMU,-154.30,-25.39,-1016.60,0.08,0.92,-2.08,1.35,7.20,-63.75,34.9
2026/04/20 22:44:42.04,IMU,-168.95,-35.64,-1024.41,1.08,0.53,0.73,-1.05,7.20,-63.45,34.7
2026/04/20 22:44:42.14,IMU,-172.85,-28.81,-1016.60,0.60,-0.98,-3.16,0.30,7.50,-61.95,34.7
2026/04/20 22:44:42.24,IMU,-169.92,-29.30,-1012.21,-0.05,-0.60,-1.73,-0.90,8.40,-64.05,34.9
2026/04/20 22:44:42.34,IMU,-151.37,-23.44,-1013.18,0.60,0.38,-0.82,-1.05,6.45,-63.45,34.7
2026/04/20 22:44:42.44,IMU,-166.50,-29.30,-1017.09,0.61,-1.47,-0.94,-0.30,8.70,-64.20,34.7
2026/04/20 22:44:42.54,IMU,-166.02,-31.25,-1014.65,1.59,1.40,1.91,-0.30,9.45,-64.95,34.7
2026/04/20 22:44:42.64,IMU,-160.64,-20.51,-1018.55,0.45,0.86,-0.56,-0.90,8.40,-63.30,34.9
2026/04/20 22:44:42.74,IMU,-170.90,-13.67,-1019.04,0.55,0.79,-0.67,-0.15,8.10,-64.05,34.9
2026/04/20 22:44:42.85,IMU,-148.44,-25.88,-1028.32,0.89,-0.57,-1.78,0.15,7.35,-62.85,34.6
2026/04/20 22:44:42.95,IMU,-161.13,-25.39,-1013.67,0.04,-0.73,2.76,-0.15,6.15,-62.85,34.6
2026/04/20 22:44:43.05,IMU,-161.13,-26.86,-1011.23,-0.66,2.70,1.56,-2.10,7.50,-63.15,34.6
2026/04/20 22:44:43.15,IMU,-154.30,-26.86,-1020.02,-0.62,-0.85,-0.76,-0.15,8.85,-62.25,34.7
2026/04/20 22:44:43.25,IMU,-158.20,-24.90,-1016.60,-0.97,-2.01,0.48,0.90,6.90,-63.60,34.7
2026/04/20 22:44:43.35,IMU,-176.27,-23.44,-1020.51,-1.57,0.38,-1.33,-1.20,7.65,-63.30,34.5
2026/04/20 22:44:43.45,IMU,-164.06,-24.41,-1023.44,0.09,0.11,0.07,-0.30,7.50,-63.75,34.6
2026/04/20 22:44:43.55,IMU,-164.55,-31.74,-1004.39,-0.81,-1.92,1.48,-0.30,8.25,-63.45,34.9
2026/04/20 22:44:43.65,IMU,-147.95,-29.79,-1007.32,-1.16,1.31,-1.78,-1.95,5.85,-62.55,34.9
2026/04/20 22:44:43.75,IMU,-159.18,-24.90,-1012.21,0.50,0.73,1.43,0.45,8.85,-62.55,34.9
2026/04/20 22:44:43.85,IMU,-171.88,-24.41,-1022.46,1.94,0.01,0.30,-1.80,7.50,-61.65,34.9
2026/04/20 22:44:43.95,IMU,-168.95,-19.04,-1002.93,-1.38,1.53,-0.16,0.00,8.25,-64.20,34.9
2026/04/20 22:44:44.05,IMU,-159.67,-27.34,-1027.34,0.18,0.30,-1.01,-0.15,8.85,-63.30,34.9
2026/04/20 22:44:44.15,IMU,-166.50,-14.65,-1026.37,2.10,-1.93,0.20,-1.95,8.10,-62.55,34.7
2026/04/20 22:44:44.25,IMU,-171.39,-31.25,-1007.32,-1.56,-2.28,0.44,0.15,8.85,-63.60,34.9
2026/04/20 22:44:44.36,IMU,-162.60,-24.90,-1015.63,0.86,-1.04,-0.37,0.15,8.10,-64.65,34.7
2026/04/20 22:44:44.46,IMU,-154.79,-29.30,-1017.58,-2.07,-0.40,1.98,1.05,8.70,-63.15,35.1
2026/04/20 22:44:44.56,IMU,-172.85,-36.13,-1016.11,-0.85,-2.63,-0.11,-0.30,7.20,-63.15,34.6
2026/04/20 22:44:44.66,IMU,-160.16,-34.67,-1017.58,0.31,0.11,-1.50,-0.90,7.65,-64.05,34.9
2026/04/20 22:44:44.76,IMU,-181.15,-24.90,-1006.35,1.19,0.11,-0.25,-1.20,8.10,-63.30,35.2
2026/04/20 22:44:44.86,IMU,-166.02,-31.25,-1008.79,0.98,0.06,1.82,-4.20,6.15,-59.70,35.1
2026/04/20 22:44:44.96,IMU,-157.23,-23.93,-1006.35,-0.40,0.91,0.89,-0.60,8.70,-62.70,35.1
2026/04/20 22:44:45.06,IMU,-167.97,-26.37,-1012.21,-0.36,-0.72,-1.28,0.15,8.85,-64.65,34.9
2026/04/20 22:44:45.16,IMU,-173.34,-24.41,-1005.37,0.24,-2.56,-1.82,-0.45,6.60,-63.30,35.2
2026/04/20 22:44:45.26,IMU,-160.16,-30.27,-1023.93,1.56,2.27,-0.70,-0.15,7.65,-62.85,35.1
2026/04/20 22:44:45.36,IMU,-160.64,-25.88,-1025.39,0.42,0.31,-0.23,-0.90,8.10,-63.60,35.2
2026/04/20 22:44:45.46,IMU,-154.30,-33.69,-1012.70,1.17,0.61,-0.08,-1.20,8.40,-63.30,35.1
2026/04/20 22:44:45.56,IMU,-165.04,-20.51,-1014.65,-0.37,-2.10,-1.22,-0.15,9.30,-64.05,35.0
2026/04/20 22:44:45.66,IMU,-164.06,-24.41,-1000.98,-0.19,-0.54,1.34,0.00,9.00,-63.75,34.9
2026/04/20 22:44:45.77,IMU,-164.06,-27.83,-1005.37,0.12,0.47,-1.75,0.00,7.50,-63.15,35.1
2026/04/20 22:44:45.88,IMU,-167.48,-20.51,-1014.16,0.99,1.80,0.36,-1.65,5.40,-57.15,35.1
2026/04/20 22:44:45.98,IMU,-169.92,-30.27,-994.63,0.96,-0.19,-1.64,-0.30,7.50,-63.75,35.5
2026/04/20 22:44:46.08,IMU,-167.97,-23.44,-1004.39,0.15,0.02,1.12,-0.45,6.15,-63.30,35.2
2026/04/20 22:44:46.18,IMU,-157.71,-32.23,-1014.65,1.37,1.01,-0.72,0.60,7.50,-62.70,35.2
2026/04/20 22:44:46.28,IMU,-168.95,-24.90,-998.54,-1.42,0.60,1.50,-0.90,8.40,-62.85,35.2
2026/04/20 22:44:46.38,IMU,-163.57,-30.27,-1017.09,-0.34,1.85,-1.41,-0.15,9.30,-63.30,35.0
2026/04/20 22:44:46.48,IMU,-166.02,-26.86,-1017.58,-0.11,-0.77,1.64,0.60,7.95,-63.75,35.1
2026/04/20 22:44:46.58,IMU,-164.06,-28.81,-1020.51,-0.74,0.31,-1.66,-0.60,7.20,-63.75,35.2
2026/04/20 22:44:46.68,IMU,-166.50,-11.72,-1009.28,-0.65,-1.55,3.40,0.00,6.00,-63.45,35.2
2026/04/20 22:44:46.79,IMU,-170.41,-30.76,-1014.16,-1.52,-0.40,0.89,0.30,7.20,-63.15,35.6
2026/04/20 22:44:46.89,IMU,-168.46,-32.23,-1001.46,0.40,1.92,0.46,-0.45,7.65,-64.05,35.2
2026/04/20 22:44:47.00,IMU,-163.09,-30.27,-1004.39,0.72,0.75,-1.59,-1.20,6.60,-62.85,35.3
2026/04/20 22:44:47.10,IMU,-165.53,-10.25,-1016.11,0.29,-0.26,1.64,0.60,7.50,-64.20,35.1
2026/04/20 22:44:47.20,IMU,-146.97,-28.81,-1011.23,1.02,1.65,1.31,0.15,8.10,-65.10,35.2
2026/04/20 22:44:47.30,IMU,-172.36,-41.50,-1010.25,1.16,0.50,2.11,0.30,7.50,-63.15,35.2
2026/04/20 22:44:47.40,IMU,-175.29,-27.83,-1015.14,-0.02,1.36,0.56,-0.30,7.95,-64.50,35.0
2026/04/20 22:44:47.50,IMU,-166.99,-31.25,-1018.07,-0.34,1.00,-1.50,-0.60,7.95,-64.20,35.2
2026/04/20 22:44:47.60,IMU,-176.76,-17.58,-1011.23,-0.05,2.11,-1.31,-0.45,7.35,-62.85,35.4
2026/04/20 22:44:47.70,IMU,-158.69,-28.81,-1017.58,-0.84,-0.21,0.37,-0.90,8.10,-64.65,35.3
2026/04/20 22:44:47.80,IMU,-152.83,-28.32,-1006.35,1.60,0.37,0.17,-0.15,6.90,-63.30,35.8
2026/04/20 22:44:47.90,IMU,-163.09,-32.23,-1000.49,0.79,-1.15,-1.22,0.45,7.65,-63.30,35.6
2026/04/20 22:44:48.00,IMU,-164.06,-29.79,-1011.72,1.86,2.34,-0.25,0.00,8.70,-64.95,35.6
2026/04/20 22:44:48.10,IMU,-166.99,-29.79,-1000.98,-0.76,0.53,0.10,-0.15,7.65,-64.05,35.5
2026/04/20 22:44:48.20,IMU,-182.13,-36.62,-998.05,0.35,0.30,-1.89,-0.90,7.65,-63.60,34.9
2026/04/20 22:44:48.30,IMU,-171.88,-30.76,-1017.09,-2.43,0.72,-0.29,-0.60,7.95,-63.15,35.5
2026/04/20 22:44:48.40,IMU,-173.83,-22.46,-1007.81,0.51,2.63,0.29,-0.60,7.95,-63.45,35.2
2026/04/20 22:44:48.51,IMU,-159.18,-25.39,-1010.25,1.30,1.01,-2.36,-0.15,6.60,-63.60,35.2
2026/04/20 22:44:48.61,IMU,-159.18,-25.88,-1001.46,0.76,-0.90,0.40,-0.30,6.45,-61.95,35.5
2026/04/20 22:44:48.71,IMU,-164.55,-26.86,-1005.37,0.56,1.92,-0.31,-0.90,7.65,-63.60,35.6
2026/04/20 22:44:48.81,IMU,-156.74,-30.76,-997.07,-0.04,-1.27,-2.02,-0.30,8.25,-63.75,35.6
2026/04/20 22:44:48.91,IMU,-160.64,-40.04,-1005.86,0.09,0.14,2.92,-0.60,7.50,-63.15,35.6
2026/04/20 22:44:49.01,IMU,-173.34,-26.37,-998.05,1.00,-1.06,1.58,-0.45,6.90,-64.05,35.7
2026/04/20 22:44:49.11,IMU,-168.46,-30.76,-1017.58,-1.79,-0.19,1.89,-0.30,8.25,-63.15,35.6
2026/04/20 22:44:49.21,IMU,-169.92,-25.88,-1006.84,-1.10,1.47,0.20,-0.30,10.20,-63.75,35.6
2026/04/20 22:44:49.31,IMU,-172.36,-27.34,-1001.95,-0.35,-0.99,1.72,-1.35,6.00,-64.95,35.6
2026/04/20 22:44:49.41,IMU,-163.09,-26.37,-1005.86,0.45,-1.30,0.63,1.20,7.65,-62.85,35.9
2026/04/20 22:44:49.51,IMU,-160.16,-42.97,-1015.63,-0.26,-1.21,2.42,-0.60,6.75,-63.75,35.6
2026/04/20 22:44:49.61,IMU,-155.27,-21.97,-1012.21,0.69,2.59,-1.60,-0.30,7.20,-62.70,35.6
2026/04/20 22:44:49.71,IMU,-164.06,-31.25,-1006.84,-0.48,0.72,1.27,-0.60,8.70,-63.15,35.6
2026/04/20 22:44:49.81,IMU,-161.13,-18.55,-1022.46,-0.17,1.71,-2.23,0.00,9.00,-62.70,35.9
2026/04/20 22:44:49.92,IMU,-163.57,-10.74,-1004.39,0.45,0.61,1.46,-1.20,6.90,-63.30,35.7
2026/04/20 22:44:50.02,IMU,-169.92,-36.13,-1006.84,-0.57,2.25,-1.78,0.45,8.85,-64.35,35.9
2026/04/20 22:44:50.12,IMU,-171.39,-28.81,-1010.74,-0.91,2.14,0.66,0.30,7.50,-63.15,35.6
2026/04/20 22:44:50.22,IMU,-170.90,-29.79,-995.12,1.15,0.79,0.05,-0.90,8.40,-63.60,35.8
2026/04/20 22:44:50.32,IMU,-169.43,-27.34,-1025.39,1.98,-1.97,-0.03,-1.05,7.95,-61.65,35.8
2026/04/20 22:44:50.42,IMU,-140.63,-24.90,-1005.86,0.40,2.24,1.76,0.15,7.65,-64.05,35.9
2026/04/20 22:44:50.52,IMU,-164.55,-15.14,-1019.53,-1.01,-0.25,-0.89,0.15,7.65,-65.10,35.7
2026/04/20 22:44:50.62,IMU,-158.20,-32.71,-1010.74,-2.41,-0.38,-0.06,-0.90,6.90,-62.85,35.6
2026/04/20 22:44:50.72,IMU,-156.25,-35.16,-1012.21,0.21,-2.40,-0.47,0.00,7.20,-63.45,35.6
2026/04/20 22:44:50.82,IMU,-166.50,-25.88,-1014.16,2.00,-1.02,-0.27,-1.05,6.75,-63.75,36.0
2026/04/20 22:44:50.92,IMU,-166.02,-26.86,-1018.55,-0.08,-0.24,1.56,-1.35,7.95,-64.20,35.9
2026/04/20 22:44:51.02,IMU,-166.50,-27.83,-1012.70,0.08,-0.95,1.02,0.00,8.70,-63.45,36.0
2026/04/20 22:44:51.12,IMU,-173.83,-13.18,-1000.98,-0.61,-0.27,-0.61,-0.90,6.90,-63.60,35.9
2026/04/20 22:44:51.22,IMU,-168.95,-14.65,-1011.23,-0.42,0.73,0.66,-0.15,7.65,-63.60,35.9
2026/04/20 22:44:51.32,IMU,-176.27,-23.93,-1016.60,0.69,0.18,1.53,0.00,7.50,-63.75,36.1
2026/04/20 22:44:51.43,IMU,-172.85,-27.34,-1010.25,0.89,-1.74,-0.06,-1.65,8.10,-63.60,35.8
2026/04/20 22:44:51.53,IMU,-171.39,-25.39,-1006.84,-0.08,1.85,-0.54,-1.20,7.35,-62.55,35.7
2026/04/20 22:44:51.63,IMU,-167.97,-24.41,-1008.79,1.66,-2.10,-0.89,-0.15,8.40,-64.35,35.9
2026/04/20 22:44:51.73,IMU,-172.36,-22.46,-1015.63,0.11,1.44,2.00,-0.45,7.65,-64.05,36.2
2026/04/20 22:44:51.83,IMU,-158.69,-25.39,-1008.30,0.62,1.32,0.44,-0.30,8.25,-63.45,35.9
2026/04/20 22:44:51.93,IMU,-170.90,-26.37,-1008.79,0.04,0.54,-1.87,0.15,8.10,-61.80,35.9
2026/04/20 22:44:52.03,IMU,-171.39,-30.27,-1017.09,-0.18,-0.05,-1.00,-2.25,5.85,-60.00,36.0
2026/04/20 22:44:52.13,IMU,-168.46,-14.65,-1005.37,-0.80,-1.73,-0.47,0.30,8.25,-63.15,36.0
2026/04/20 22:44:52.23,IMU,-176.27,-30.76,-1001.95,0.70,-0.82,-1.12,2.55,7.20,-63.75,36.2
2026/04/20 22:44:52.33,IMU,-168.95,-33.20,-1018.07,0.82,0.65,2.87,-0.15,6.60,-62.25,36.1
2026/04/20 22:44:52.43,IMU,-150.88,-26.86,-1010.25,-0.54,2.34,-0.47,-1.05,8.70,-61.65,35.9
2026/04/20 22:44:52.53,IMU,-157.71,-20.02,-998.05,-1.46,0.69,-2.26,-1.05,7.20,-61.95,35.9
2026/04/20 22:44:52.63,IMU,-162.60,-21.48,-1009.77,-0.59,0.09,1.43,-0.90,7.65,-62.25,36.1
2026/04/20 22:44:52.73,IMU,-154.79,-29.79,-1017.09,1.82,0.15,0.05,0.90,6.60,-62.25,36.3
2026/04/20 22:44:52.84,IMU,-167.97,-28.32,-1000.00,0.11,-2.26,-0.89,0.00,7.50,-64.20,36.1
2026/04/20 22:44:52.94,IMU,-176.27,-23.44,-1024.41,0.82,0.48,-0.84,-0.15,7.35,-63.30,36.3
2026/04/20 22:44:53.04,IMU,-160.16,-16.11,-1010.25,0.76,1.19,0.51,-0.90,6.90,-62.85,35.9
2026/04/20 22:44:53.14,IMU,-173.83,-34.18,-1015.14,-0.89,-0.08,2.57,0.15,6.90,-63.30,36.0
2026/04/20 22:44:53.24,IMU,-168.95,-24.41,-1014.65,-1.24,-1.24,0.37,-0.15,7.65,-63.30,36.1
2026/04/20 22:44:53.34,IMU,-172.36,-35.64,-1008.79,1.24,-1.12,-1.95,-0.60,7.95,-63.45,36.1
2026/04/20 22:44:53.44,IMU,-163.09,-25.88,-1002.44,-1.99,-0.21,0.01,0.60,7.95,-63.45,36.1
2026/04/20 22:44:53.54,IMU,-170.41,-12.70,-1003.91,-0.73,1.54,-0.01,0.30,9.45,-62.70,36.3
2026/04/20 22:44:53.64,IMU,-167.48,-27.34,-1010.74,-0.50,-1.52,-1.93,0.15,6.90,-64.05,36.2
2026/04/20 22:44:53.74,IMU,-167.48,-22.95,-1000.98,-1.54,1.30,-0.35,2.10,7.95,-63.75,36.1
2026/04/20 22:44:53.85,IMU,-166.50,-36.62,-1009.77,-0.85,-1.03,-0.64,-1.05,8.25,-63.15,36.1
2026/04/20 22:44:53.95,IMU,-159.67,-15.14,-1021.97,-0.03,-0.74,1.47,-0.45,6.90,-64.05,36.1
2026/04/20 22:44:54.05,IMU,-178.71,-19.04,-1010.74,1.47,-0.24,1.56,-1.20,7.35,-63.30,36.1
2026/04/20 22:44:54.15,IMU,-172.36,-21.00,-1026.37,-0.29,0.47,0.98,0.45,8.10,-61.80,36.3
2026/04/20 22:44:54.25,IMU,-156.74,-32.23,-1003.91,-0.09,0.63,-1.75,-0.60,7.95,-63.15,36.3
2026/04/20 22:44:54.35,IMU,-164.55,-16.11,-1012.70,-0.84,0.84,-0.95,-0.45,6.90,-62.25,36.2
2026/04/20 22:44:54.45,IMU,-167.97,-27.83,-1011.23,3.50,-0.50,1.04,-1.35,7.20,-63.45,36.3
2026/04/20 22:44:54.55,IMU,-170.90,-21.00,-1007.81,-0.88,-1.34,0.11,-1.05,7.95,-61.95,35.9
2026/04/20 22:44:54.65,IMU,-168.46,-37.11,-997.56,-0.12,1.55,-0.69,-0.30,8.70,-63.15,36.3
2026/04/20 22:44:54.75,IMU,-161.13,-30.76,-1024.90,-0.77,0.64,1.22,0.90,7.35,-64.05,36.5
2026/04/20 22:44:54.85,IMU,-174.32,-26.86,-999.51,0.83,1.00,0.31,-1.35,7.20,-63.45,36.4
2026/04/20 22:44:54.97,IMU,-163.09,-25.39,-1020.51,-0.05,2.00,0.68,-0.45,9.60,-62.55,36.3
2026/04/20 22:44:55.07,IMU,-151.37,-25.39,-1004.88,0.30,0.83,1.09,0.15,6.90,-62.25,36.1
2026/04/20 22:44:55.17,IMU,-168.46,-17.09,-1014.65,-0.45,0.62,0.27,-1.05,7.95,-61.65,36.2
2026/04/20 22:44:55.27,IMU,-156.25,-37.11,-1013.67,1.47,-1.82,1.64,0.00,7.20,-64.50,36.2
2026/04/20 22:44:55.37,IMU,-171.88,-7.81,-1018.07,-2.08,-1.61,-1.33,-0.60,8.25,-62.70,36.5
2026/04/20 22:44:55.47,IMU,-159.67,-31.25,-1009.77,0.01,-2.47,0.24,-0.45,6.90,-62.25,36.2
2026/04/20 22:44:55.57,IMU,-152.34,-35.16,-1012.21,1.05,0.68,-0.44,-0.15,8.85,-61.80,36.2
2026/04/20 22:44:55.67,IMU,-169.43,-19.04,-1019.53,-0.02,0.92,0.58,0.15,6.60,-62.85,36.3
2026/04/20 22:44:55.77,IMU,-163.09,-24.90,-996.09,-1.69,-0.04,0.44,-0.90,8.10,-62.85,36.3
2026/04/20 22:44:55.87,IMU,-150.39,-27.83,-1003.42,-1.05,1.50,-1.99,-0.60,7.50,-62.70,36.3
2026/04/20 22:44:55.97,IMU,-163.57,-14.16,-1010.74,0.80,2.23,2.04,-0.60,8.25,-63.15,36.2
2026/04/20 22:44:56.07,IMU,-168.95,-36.13,-1017.09,-0.99,1.15,-0.85,0.15,9.60,-63.60,36.3
2026/04/20 22:44:56.17,IMU,-177.25,-27.83,-1026.37,-0.48,0.04,-1.86,0.30,8.70,-61.95,36.2
2026/04/20 22:44:56.27,IMU,-160.64,-23.93,-1009.77,0.71,-0.80,-0.11,-0.30,7.20,-63.75,36.1
2026/04/20 22:44:56.38,IMU,-166.99,-24.90,-1011.72,0.38,2.74,1.07,-0.45,8.40,-64.35,36.4
2026/04/20 22:44:56.48,IMU,-163.09,-32.71,-1016.11,1.41,-0.10,-2.44,0.15,8.10,-62.85,36.3
2026/04/20 22:44:56.58,IMU,-174.80,-27.83,-1013.67,0.07,1.38,-2.67,0.15,6.60,-62.85,36.2
2026/04/20 22:44:56.68,IMU,-157.23,-24.41,-996.58,-0.34,0.27,-1.66,-1.80,6.45,-63.15,36.5
2026/04/20 22:44:56.78,IMU,-175.29,-13.18,-1006.84,-0.51,-0.12,1.37,-0.45,6.15,-64.05,36.3
2026/04/20 22:44:56.88,IMU,-179.20,-38.57,-1028.32,-1.38,1.70,-2.49,0.30,8.25,-62.40,36.4
2026/04/20 22:44:56.98,IMU,-169.92,-17.09,-1025.39,-0.84,-0.14,-2.13,-0.45,7.35,-62.85,36.2
2026/04/20 22:44:57.08,IMU,-167.48,-25.39,-1013.67,-0.29,-0.39,0.02,0.15,8.10,-62.85,36.5
2026/04/20 22:44:57.18,IMU,-169.92,-26.37,-1007.81,-0.92,0.07,-0.66,0.15,5.85,-62.25,36.1
2026/04/20 22:44:57.28,IMU,-168.95,-24.41,-1009.77,0.59,1.08,3.92,0.30,6.75,-63.45,36.5
2026/04/20 22:44:57.38,IMU,-160.64,-33.20,-1008.79,-0.94,-2.21,0.22,1.35,6.75,-63.15,36.2
2026/04/20 22:44:57.48,IMU,-164.55,-21.97,-1005.86,0.78,-2.22,-1.77,0.00,7.50,-63.75,36.3
2026/04/20 22:44:57.58,IMU,-169.92,-13.67,-1021.97,2.05,-0.34,-3.49,-1.20,8.85,-62.85,36.5
2026/04/20 22:44:57.68,IMU,-159.18,-24.90,-1006.35,0.63,-1.16,0.59,-0.30,8.25,-63.45,36.5
2026/04/20 22:44:57.79,IMU,-162.11,-39.06,-1006.35,-0.24,-2.73,-0.74,0.45,6.90,-62.25,36.3
2026/04/20 22:44:57.89,IMU,-164.55,-35.64,-1012.21,-1.56,0.95,0.67,-0.60,7.95,-63.15,36.5
2026/04/20 22:44:57.99,IMU,-163.09,-25.88,-1024.41,0.83,0.63,2.18,0.30,7.95,-64.95,36.1
2026/04/20 22:44:58.09,IMU,-162.60,-21.00,-1023.44,-1.04,1.92,-1.52,-0.60,6.00,-63.75,36.5
2026/04/20 22:44:58.19,IMU,-166.02,-25.39,-1012.70,0.82,-1.10,-1.33,-0.15,7.65,-62.55,36.3
2026/04/20 22:44:58.29,IMU,-177.25,-28.32,-1006.84,-2.60,0.78,-0.87,-0.60,7.95,-64.20,36.2
2026/04/20 22:44:58.39,IMU,-169.43,-27.83,-1012.70,0.88,0.40,0.11,-0.90,8.10,-63.60,36.2
2026/04/20 22:44:58.49,IMU,-166.99,-29.79,-1009.77,-0.65,-1.02,-0.54,-1.80,8.25,-63.15,36.5
2026/04/20 22:44:58.59,IMU,-156.25,-21.00,-1017.09,-0.04,1.67,0.61,-1.80,8.25,-63.45,36.3
2026/04/20 22:44:58.69,IMU,-162.60,-26.86,-998.54,0.47,-0.07,-0.78,-0.30,7.50,-64.20,36.3
2026/04/20 22:44:58.79,IMU,-173.83,-40.53,-999.51,-0.68,-0.37,0.72,-0.30,7.50,-63.75,36.2
2026/04/20 22:44:58.89,IMU,-159.67,-12.70,-1010.74,-0.11,-0.52,0.96,-0.15,9.30,-62.85,36.2
2026/04/20 22:44:58.99,IMU,-163.09,-25.39,-1015.63,0.10,-1.34,1.15,-0.15,7.35,-62.55,36.5
2026/04/20 22:44:59.09,IMU,-157.23,-27.83,-996.58,1.17,0.44,3.54,-1.80,7.95,-63.45,36.3
2026/04/20 22:44:59.20,IMU,-165.04,-16.60,-1017.58,0.01,0.80,-0.37,-3.90,7.20,-60.15,36.5
2026/04/20 22:44:59.30,IMU,-176.76,-24.90,-1003.42,0.05,1.16,0.10,-0.90,6.60,-61.80,36.4
2026/04/20 22:44:59.40,IMU,-165.04,-35.16,-1010.25,0.25,3.65,0.94,-0.90,7.35,-64.05,36.3
2026/04/20 22:44:59.50,IMU,-162.60,-35.64,-1003.42,-1.47,1.99,-2.20,-0.30,7.20,-62.40,36.5
2026/04/20 22:44:59.60,IMU,-158.20,-25.39,-1017.58,0.47,0.12,0.74,-1.95,6.90,-63.60,36.5
2026/04/20 22:44:59.70,IMU,-169.43,-27.34,-1015.63,0.04,-1.17,-0.66,-1.20,7.65,-62.55,36.5
2026/04/20 22:44:59.80,IMU,-168.46,-28.81,-1008.30,1.11,1.71,-0.08,0.90,7.65,-63.30,36.4
2026/04/20 22:44:59.90,IMU,-178.71,-22.46,-1003.42,0.12,-1.90,-0.13,-0.45,7.35,-62.85,36.2
2026/04/20 22:45:00.00,IMU,-165.53,-32.71,-1019.04,-0.25,-0.48,-0.24,-0.15,7.35,-62.85,36.3
2026/04/20 22:45:00.11,IMU,-167.48,-32.71,-1019.53,1.15,-2.63,2.47,0.15,8.85,-62.55,36.3
2026/04/20 22:45:00.21,IMU,-172.36,-29.30,-1011.23,1.17,-2.34,0.15,-4.20,5.10,-57.90,36.6
2026/04/20 22:45:00.31,IMU,-181.64,-26.37,-1007.81,-1.08,0.47,1.05,-0.45,7.65,-64.35,36.5
2026/04/20 22:45:00.41,IMU,-178.22,-29.30,-1023.44,0.90,0.91,-0.19,0.00,8.25,-63.15,36.4
2026/04/20 22:45:00.51,IMU,-165.04,-27.83,-1012.70,-0.31,1.42,-0.87,-0.30,7.95,-63.75,36.6
2026/04/20 22:45:00.61,IMU,-174.32,-25.88,-1008.30,0.25,-0.04,0.77,0.15,6.90,-62.55,36.4
2026/04/20 22:45:00.71,IMU,-159.67,-29.30,-1023.93,-0.17,-1.37,-1.00,-0.45,6.60,-64.35,36.6
2026/04/20 22:45:00.81,IMU,-180.18,-23.44,-1022.46,0.40,-1.29,1.60,-0.30,6.75,-62.70,36.5
2026/04/20 22:45:00.92,IMU,-169.43,-30.76,-1021.00,0.27,0.59,1.51,-0.15,4.35,-59.70,36.7
2026/04/20 22:45:01.02,IMU,-175.78,-32.23,-1018.07,-0.15,-2.31,0.03,-1.05,7.95,-63.15,36.7
2026/04/20 22:45:01.12,IMU,-157.23,-23.44,-1021.48,0.52,0.63,-1.65,0.45,7.65,-62.85,36.5
2026/04/20 22:45:01.23,IMU,-157.23,-21.97,-1018.55,-0.60,-0.21,0.40,-3.75,6.15,-58.65,36.5
2026/04/20 22:45:01.33,IMU,-168.95,-31.74,-1016.11,-0.42,-1.75,-0.61,0.45,8.10,-62.25,36.4
2026/04/20 22:45:01.43,IMU,-169.92,-20.02,-1013.18,0.10,-0.81,-2.85,1.20,7.35,-62.85,36.6
2026/04/20 22:45:01.53,IMU,-180.18,-34.18,-1010.25,-0.78,0.53,-3.10,-0.60,7.95,-63.45,36.5
2026/04/20 22:45:01.63,IMU,-179.20,-25.39,-1015.63,-0.48,0.64,-0.96,0.90,6.60,-62.55,36.6
2026/04/20 22:45:01.73,IMU,-159.67,-31.25,-1019.04,0.32,-0.89,1.82,-0.45,7.65,-63.60,36.7
2026/04/20 22:45:01.83,IMU,-161.13,-16.11,-1024.41,1.72,-0.45,-0.72,-0.15,6.90,-63.30,36.5
2026/04/20 22:45:01.93,IMU,-153.32,-25.39,-1025.88,0.33,-0.55,-1.52,-1.35,7.50,-62.70,36.5
2026/04/20 22:45:02.03,IMU,-179.20,-24.41,-1017.58,-1.47,0.66,-1.92,-0.90,7.35,-63.60,36.5
2026/04/20 22:45:02.13,IMU,-162.11,-31.74,-1013.18,0.20,0.05,0.02,-1.05,7.95,-63.45,36.5
2026/04/20 22:45:02.23,IMU,-173.34,-22.95,-1012.21,0.56,0.02,-0.79,-0.60,7.95,-61.95,36.7
2026/04/20 22:45:02.34,IMU,-173.83,-31.74,-1015.63,0.60,1.98,-1.18,-0.60,7.95,-63.45,36.5
2026/04/20 22:45:02.44,IMU,-179.69,-37.11,-1019.53,0.37,1.72,-0.50,-0.45,8.85,-62.85,36.5
2026/04/20 22:45:02.54,IMU,-164.06,-41.50,-1021.00,0.05,-0.01,-0.05,-0.90,6.90,-61.50,36.6
2026/04/20 22:45:02.64,IMU,-168.46,-27.34,-1018.07,1.84,-0.52,0.45,0.15,6.90,-63.60,36.2
2026/04/20 22:45:02.74,IMU,-172.36,-29.79,-1011.72,0.56,-2.58,-2.04,-0.45,8.40,-63.30,36.7
2026/04/20 22:45:02.84,IMU,-170.41,-24.90,-997.07,0.58,1.68,-0.08,0.45,9.60,-63.30,36.7
2026/04/20 22:45:02.94,IMU,-166.02,-35.64,-1002.93,1.37,-1.32,1.92,0.90,6.15,-63.30,36.6
2026/04/20 22:45:03.04,IMU,-165.53,-18.55,-1014.65,-0.53,-1.65,-0.02,-0.90,7.35,-64.05,36.3
2026/04/20 22:45:03.14,IMU,-163.57,-29.30,-1014.65,1.91,-1.69,1.18,-0.15,9.60,-64.65,36.7
2026/04/20 22:45:03.25,IMU,-174.80,-24.90,-1021.48,-0.47,2.31,-2.04,-1.05,6.45,-62.40,36.8
2026/04/20 22:45:03.35,IMU,-160.64,-25.39,-1022.46,-1.57,0.44,-2.73,0.00,6.45,-63.75,36.7
2026/04/20 22:45:03.45,IMU,-185.55,-22.95,-1014.16,-0.89,0.27,2.11,0.00,7.50,-62.70,36.4
2026/04/20 22:45:03.55,IMU,-161.62,-26.37,-1004.88,-1.24,1.05,-1.73,-0.45,7.65,-62.25,36.8
2026/04/20 22:45:03.65,IMU,-174.80,-28.32,-1017.09,1.00,2.95,-0.24,-0.15,6.60,-62.25,36.8
2026/04/20 22:45:03.75,IMU,-153.32,-37.11,-1016.60,0.36,2.88,-0.56,-1.20,7.65,-63.30,36.6
2026/04/20 22:45:03.85,IMU,-168.46,-22.95,-1015.14,-1.64,-1.48,0.84,-0.30,7.95,-63.15,36.8
2026/04/20 22:45:03.95,IMU,-166.50,-36.13,-1015.63,0.41,2.15,-1.34,0.30,7.50,-62.70,36.8
2026/04/20 22:45:04.05,IMU,-174.80,-22.95,-1022.46,-1.82,0.10,-1.43,-0.15,8.10,-63.30,36.8
2026/04/20 22:45:04.15,IMU,-160.64,-19.53,-1009.77,0.20,2.16,2.05,0.30,7.20,-63.75,36.5
2026/04/20 22:45:04.25,IMU,-173.83,-18.07,-1007.81,-0.30,1.55,-2.18,-3.00,7.65,-62.25,36.7
2026/04/20 22:45:04.35,IMU,-170.41,-27.34,-1011.72,-0.05,-1.67,0.70,-1.20,7.35,-63.60,36.8
2026/04/20 22:45:04.45,IMU,-158.20,-24.41,-1019.53,0.48,-0.28,0.96,1.20,8.10,-64.35,36.8
2026/04/20 22:45:04.56,IMU,-169.92,-25.39,-1011.72,1.22,1.66,-0.48,0.60,7.50,-63.45,36.8
2026/04/20 22:45:04.66,IMU,-163.09,-28.81,-1012.70,0.70,1.15,0.75,0.45,7.35,-62.25,36.8
2026/04/20 22:45:04.76,IMU,-163.57,-21.00,-1017.09,-1.86,-0.82,-1.27,0.45,8.85,-63.60,36.7
2026/04/20 22:45:04.86,IMU,-177.25,-30.27,-1016.60,0.44,-0.76,-2.07,0.15,9.30,-63.30,36.8
2026/04/20 22:45:04.96,IMU,-163.57,-35.64,-996.58,1.58,1.51,1.60,-0.15,6.90,-64.35,36.8
2026/04/20 22:45:05.06,IMU,-170.41,-33.20,-1016.60,0.76,-0.45,-1.21,-1.65,7.65,-63.60,36.8
2026/04/20 22:45:05.16,IMU,-169.92,-37.11,-1018.55,0.37,0.77,0.33,-0.45,9.30,-62.55,36.8
2026/04/20 22:45:05.26,IMU,-174.80,-21.00,-1019.53,1.76,0.04,-2.08,-0.45,8.10,-60.45,36.9
2026/04/20 22:45:05.36,IMU,-170.41,-29.30,-1008.30,-0.60,-0.38,-2.67,1.05,6.75,-62.70,37.0
2026/04/20 22:45:05.46,IMU,-159.18,-8.79,-1000.98,0.14,1.43,1.27,-1.65,6.90,-63.60,36.9
2026/04/20 22:45:05.56,IMU,-158.20,-22.95,-1006.35,0.21,-1.92,0.24,-1.05,8.25,-63.75,36.9
2026/04/20 22:45:05.66,IMU,-170.90,-23.93,-1017.09,-0.02,1.37,1.18,-0.15,8.10,-63.30,36.8
2026/04/20 22:45:05.76,IMU,-154.79,-27.83,-1010.25,-2.22,1.47,1.08,0.60,7.95,-62.70,37.0
2026/04/20 22:45:05.87,IMU,-166.02,-26.86,-1023.93,0.11,-0.37,-0.23,0.45,6.90,-63.60,37.3
2026/04/20 22:45:05.97,IMU,-177.25,-36.62,-1019.53,0.18,-0.44,-1.56,-0.30,8.25,-63.45,37.1
2026/04/20 22:45:06.07,IMU,-175.29,-24.41,-1023.93,0.53,0.02,1.30,-1.65,6.90,-63.60,36.9
2026/04/20 22:45:06.17,IMU,-183.59,-50.78,-1020.02,-0.51,0.60,-0.59,0.15,7.65,-62.85,36.8
2026/04/20 22:45:06.27,IMU,-180.18,-31.25,-1013.18,0.18,1.34,-0.76,-1.35,8.25,-63.45,36.8
2026/04/20 22:45:06.37,IMU,-172.36,-28.81,-1031.74,1.08,0.44,-1.87,0.30,8.70,-62.40,36.9
2026/04/20 22:45:06.47,IMU,-167.48,-34.67,-997.07,1.52,-0.11,-3.33,-1.05,8.25,-64.20,37.0
2026/04/20 22:45:06.57,IMU,-168.46,-46.88,-1016.60,-0.52,-1.15,-0.24,-0.15,6.90,-62.55,37.2
2026/04/20 22:45:06.67,IMU,-175.78,-20.51,-1023.44,-1.69,-0.53,0.85,0.15,6.90,-64.05,36.9
2026/04/20 22:45:06.77,IMU,-164.06,-24.90,-1012.21,-0.60,-0.32,-1.40,1.20,8.85,-62.25,36.9
2026/04/20 22:45:06.87,IMU,-173.34,-32.23,-1021.97,1.16,-0.15,-2.60,0.00,7.95,-62.70,37.4
2026/04/20 22:45:06.97,IMU,-160.16,-21.00,-1021.00,0.67,-0.68,-2.52,0.90,8.10,-63.30,37.1
2026/04/20 22:45:07.07,IMU,-169.92,-29.30,-1019.53,0.62,0.54,-0.08,-0.60,7.50,-63.15,36.8
2026/04/20 22:45:07.17,IMU,-171.39,-28.81,-1012.21,-1.86,0.97,0.65,-0.15,6.90,-63.30,36.8
2026/04/20 22:45:07.28,IMU,-162.11,-18.55,-1014.65,0.56,0.52,0.65,-0.45,8.85,-62.85,37.2
2026/04/20 22:45:07.38,IMU,-171.88,-38.09,-1017.58,0.03,0.18,0.35,-3.30,5.55,-58.80,37.2
2026/04/20 22:45:07.48,IMU,-173.83,-34.67,-1006.35,0.35,-0.59,-0.13,-0.30,8.70,-63.45,37.3
2026/04/20 22:45:07.58,IMU,-172.36,-23.93,-1008.30,2.59,-0.36,-0.53,0.00,6.45,-63.75,37.3
2026/04/20 22:45:07.68,IMU,-176.27,-34.67,-1012.21,0.16,-0.92,0.79,-1.05,7.95,-62.40,36.8
2026/04/20 22:45:07.78,IMU,-150.39,-28.32,-1004.88,1.56,-0.69,-0.63,0.60,6.75,-62.40,37.0
2026/04/20 22:45:07.88,IMU,-166.50,-20.51,-1013.67,0.41,1.94,-0.28,-1.65,7.65,-63.30,37.2
2026/04/20 22:45:07.98,IMU,-171.88,-32.23,-1015.14,0.55,-0.44,-0.25,0.30,8.25,-63.45,36.9
2026/04/20 22:45:08.08,IMU,-165.53,-21.00,-1005.37,0.36,1.67,-1.24,0.15,7.35,-61.80,37.0
2026/04/20 22:45:08.18,IMU,-159.67,-21.00,-997.56,1.96,0.89,-0.44,-0.30,7.20,-63.15,36.8
2026/04/20 22:45:08.28,IMU,-185.55,-22.95,-1008.30,-0.02,1.06,-0.61,-0.45,7.65,-61.80,36.9
2026/04/20 22:45:08.39,IMU,-168.46,-23.44,-1004.39,-1.22,3.41,1.37,-3.45,6.15,-60.45,37.0
2026/04/20 22:45:08.49,IMU,-172.85,-27.34,-1020.02,0.40,0.93,-0.85,-1.05,6.75,-60.90,37.3
2026/04/20 22:45:08.59,IMU,-165.04,-33.69,-998.54,-0.55,-0.15,2.29,-0.30,7.50,-63.15,37.3
2026/04/20 22:45:08.69,IMU,-167.48,-26.37,-1016.11,-2.54,0.87,-0.66,-0.45,6.90,-62.55,37.3
2026/04/20 22:45:08.79,IMU,-164.06,-22.95,-1002.44,1.37,0.45,1.48,0.00,8.25,-62.40,37.4
2026/04/20 22:45:08.90,IMU,-166.02,-18.55,-1005.86,-2.34,-0.04,0.01,0.30,7.50,-63.45,37.3
2026/04/20 22:45:09.00,IMU,-164.55,-23.93,-1016.60,0.72,1.46,0.87,-0.15,7.65,-62.55,37.4
2026/04/20 22:45:09.10,IMU,-160.64,-19.04,-1005.37,1.05,0.05,-0.21,-0.45,7.65,-62.85,37.4
2026/04/20 22:45:09.20,IMU,-159.18,-39.06,-1014.65,0.66,-0.63,-1.52,0.15,6.90,-61.05,37.3
2026/04/20 22:45:09.30,IMU,-172.85,-19.04,-1014.65,1.95,-0.49,0.87,-0.15,6.90,-62.25,37.2
2026/04/20 22:45:09.41,IMU,-170.41,-31.25,-1013.67,0.19,1.69,-0.92,-2.70,4.35,-57.45,37.2
2026/04/20 22:45:09.51,IMU,-163.57,-37.60,-1013.18,-0.98,-0.08,-2.63,-0.15,8.85,-63.30,37.3
2026/04/20 22:45:09.61,IMU,-167.97,-29.30,-1005.37,-0.64,-0.53,-1.10,-1.05,6.45,-63.15,37.4
2026/04/20 22:45:09.72,IMU,-170.41,-32.71,-1009.77,-0.38,2.54,0.78,-1.05,8.25,-62.70,37.1
2026/04/20 22:45:09.82,IMU,-167.48,-31.25,-1015.14,0.17,0.02,-0.47,-0.15,7.65,-63.30,37.4
2026/04/20 22:45:09.92,IMU,-165.53,-26.86,-1013.18,-1.84,-0.10,-1.52,1.20,7.35,-62.55,37.3
2026/04/20 22:45:10.02,IMU,-160.16,-28.81,-1016.11,-1.26,0.82,2.47,0.00,7.20,-61.95,37.4
2026/04/20 22:45:10.12,IMU,-170.41,-26.86,-1005.86,1.91,-1.06,-1.83,0.00,7.50,-61.65,37.3
2026/04/20 22:45:10.22,IMU,-179.20,-23.93,-1014.65,-1.98,2.00,0.29,-1.20,8.40,-63.30,37.3
2026/04/20 22:45:10.32,IMU,-160.64,-23.44,-1007.32,-1.39,-1.22,0.52,-0.15,7.65,-62.55,37.4
2026/04/20 22:45:10.42,IMU,-166.02,-25.88,-1019.53,1.56,0.90,-0.39,0.45,6.90,-62.55,37.3
2026/04/20 22:45:10.52,IMU,-166.99,-21.97,-1005.86,-0.87,1.04,2.66,-0.90,7.65,-62.55,37.3
2026/04/20 22:45:10.62,IMU,-168.95,-12.70,-1016.11,0.91,-0.73,-2.84,-1.95,8.85,-65.10,37.0
2026/04/20 22:45:10.72,IMU,-167.97,-32.23,-1021.48,-1.07,-0.81,0.68,1.20,8.10,-62.25,36.8
2026/04/20 22:45:10.82,IMU,-150.88,-18.55,-1013.67,-0.82,-0.85,0.79,0.15,8.40,-63.60,37.3
2026/04/20 22:45:10.92,IMU,-160.64,-16.60,-1014.65,0.77,2.99,-1.09,-3.60,7.20,-58.05,37.1
2026/04/20 22:45:11.03,IMU,-172.36,-14.65,-1008.79,0.40,2.40,0.30,0.30,7.95,-62.70,37.0
2026/04/20 22:45:11.13,IMU,-179.69,-23.93,-1013.18,1.47,1.80,1.75,-0.60,7.50,-61.35,37.2
2026/04/20 22:45:11.23,IMU,-174.32,-32.23,-1015.63,-0.53,0.01,-1.36,0.15,8.10,-63.60,37.3
2026/04/20 22:45:11.33,IMU,-176.27,-26.37,-995.61,-0.14,0.82,-2.53,0.45,6.60,-62.25,37.2
2026/04/20 22:45:11.43,IMU,-176.27,-32.71,-1019.04,-0.38,-0.53,-0.05,0.00,7.95,-63.15,37.3
2026/04/20 22:45:11.53,IMU,-160.16,-21.00,-1013.67,0.03,1.90,-0.63,-1.05,7.20,-63.15,37.0
2026/04/20 22:45:11.63,IMU,-163.09,-16.11,-1025.39,-0.53,0.16,-1.70,-0.90,6.90,-62.85,37.5
2026/04/20 22:45:11.73,IMU,-166.02,-7.32,-1011.72,0.60,-0.57,-1.20,0.15,6.90,-63.60,37.2
2026/04/20 22:45:11.83,IMU,-175.78,-26.37,-1016.60,-1.63,-1.31,-1.03,0.45,7.35,-64.05,37.5
2026/04/20 22:45:11.94,IMU,-155.27,-13.18,-1017.09,-0.79,-1.57,0.69,-0.15,7.65,-63.60,37.3
2026/04/20 22:45:12.04,IMU,-169.92,-28.32,-1011.23,0.80,-1.36,-0.26,-0.60,7.20,-63.45,37.2
2026/04/20 22:45:12.14,IMU,-167.97,-26.86,-1021.00,-0.12,-1.26,-0.05,-0.60,7.50,-62.40,37.2
2026/04/20 22:45:12.24,IMU,-169.92,-23.93,-1016.11,0.70,0.75,2.60,0.60,8.25,-63.75,37.3
2026/04/20 22:45:12.34,IMU,-169.92,-24.41,-1012.70,-0.37,0.85,0.21,-0.30,7.95,-64.95,37.2
2026/04/20 22:45:12.44,IMU,-175.29,-38.09,-1032.71,1.77,-1.21,0.96,0.60,8.70,-63.45,37.3
2026/04/20 22:45:12.54,IMU,-169.43,-14.16,-1023.44,2.73,2.34,0.17,-2.25,7.65,-62.25,37.0
2026/04/20 22:45:12.65,IMU,-161.62,-31.25,-1025.39,0.27,-1.38,-0.99,-0.15,7.35,-62.55,37.0
2026/04/20 22:45:12.75,IMU,-171.88,-27.83,-1031.25,0.15,-1.06,0.38,-0.15,6.60,-62.55,36.9
2026/04/20 22:45:12.85,IMU,-169.92,-33.20,-1020.51,-0.58,-1.28,1.92,0.30,7.50,-62.70,37.2
2026/04/20 22:45:12.95,IMU,-164.55,-30.27,-1022.46,1.11,-0.27,-0.02,0.30,8.70,-62.70,36.9
2026/04/20 22:45:13.05,IMU,-169.92,-25.39,-999.51,-0.56,0.55,-1.08,-1.20,7.35,-62.85,37.1
2026/04/20 22:45:13.15,IMU,-171.39,-27.83,-1017.58,-1.27,2.27,-2.15,0.60,6.75,-61.95,37.0
2026/04/20 22:45:13.25,IMU,-171.39,-30.27,-1017.09,-1.13,-0.11,0.60,-1.05,7.95,-63.15,37.2
2026/04/20 22:45:13.35,IMU,-177.25,-37.60,-1010.74,0.99,0.95,-1.34,1.05,8.25,-64.20,37.2
2026/04/20 22:45:13.45,IMU,-168.95,-22.95,-1024.90,0.76,0.50,0.72,-0.15,7.65,-62.85,36.9
2026/04/20 22:45:13.55,IMU,-175.29,-25.88,-1019.53,1.47,3.35,0.54,-0.30,7.20,-63.75,37.2
2026/04/20 22:45:13.65,IMU,-172.36,-29.79,-1031.25,0.98,1.92,0.84,-0.90,8.40,-62.55,37.3
2026/04/20 22:45:13.75,IMU,-166.02,-29.79,-999.02,-0.96,1.16,-2.07,0.00,9.75,-62.40,37.0
2026/04/20 22:45:13.85,IMU,-154.30,-23.93,-1015.63,0.63,1.90,-1.25,-1.05,7.95,-63.45,37.0
2026/04/20 22:45:13.96,IMU,-171.39,-28.32,-1007.81,1.27,-0.65,0.01,-0.90,7.65,-62.85,37.3
2026/04/20 22:45:14.06,IMU,-181.15,-41.99,-1016.60,-0.35,-2.61,-2.11,-0.15,6.90,-64.65,37.2
2026/04/20 22:45:14.16,IMU,-168.95,-29.30,-1000.49,-0.50,0.31,-2.18,0.15,8.40,-62.85,37.2
2026/04/20 22:45:14.26,IMU,-167.97,-22.46,-1021.48,-0.24,0.62,0.54,0.00,5.25,-62.70,36.8
2026/04/20 22:45:14.36,IMU,-167.97,-18.55,-1018.55,-1.37,-0.05,-0.86,0.60,7.20,-63.45,37.3
2026/04/20 22:45:14.46,IMU,-166.02,-23.44,-1017.09,-0.26,1.17,1.18,-1.20,8.10,-63.30,37.3
2026/04/20 22:45:14.56,IMU,-168.46,-34.18,-1013.18,-0.31,-0.08,0.02,0.15,7.35,-63.30,37.3
2026/04/20 22:45:14.66,IMU,-172.85,-32.23,-1017.09,0.85,-0.91,0.41,-0.15,7.65,-62.55,37.1
2026/04/20 22:45:14.76,IMU,-157.71,-32.23,-1009.28,0.67,1.85,-2.23,0.15,7.65,-62.85,36.9
2026/04/20 22:45:14.86,IMU,-179.20,-21.48,-1011.23,-1.88,2.06,0.21,-0.60,5.55,-62.70,37.0
2026/04/20 22:45:14.96,IMU,-170.41,-24.90,-1007.32,1.93,-0.45,0.21,-0.30,8.70,-62.70,37.0
2026/04/20 22:45:15.06,IMU,-166.50,-32.71,-1021.48,0.13,-0.09,1.56,0.15,7.65,-62.85,37.3
2026/04/20 22:45:15.16,IMU,-160.64,-18.07,-1015.14,-1.40,2.95,2.83,0.60,7.50,-61.95,36.9
2026/04/20 22:45:15.27,IMU,-177.25,-30.27,-1007.81,0.37,0.18,-0.68,-0.30,7.95,-63.15,37.3
2026/04/20 22:45:15.37,IMU,-175.78,-28.32,-1014.16,0.67,-2.43,1.60,-0.60,7.20,-61.95,37.3
2026/04/20 22:45:15.47,IMU,-166.99,-18.55,-1013.67,-0.77,0.06,-0.39,0.00,9.00,-62.70,36.9
2026/04/20 22:45:15.57,IMU,-184.08,-31.25,-1017.58,-0.15,3.56,2.10,-3.00,6.15,-60.75,36.9
2026/04/20 22:45:15.67,IMU,-165.53,-21.48,-1019.04,-0.56,1.14,-1.08,-0.30,7.50,-63.75,37.3
2026/04/20 22:45:15.77,IMU,-166.02,-25.39,-1012.21,0.04,-0.32,0.76,0.30,7.20,-62.70,37.2
2026/04/20 22:45:15.87,IMU,-163.09,-29.30,-1014.65,1.50,-0.20,1.50,0.45,7.35,-64.35,37.1
2026/04/20 22:45:15.97,IMU,-174.80,-31.74,-1011.23,-0.62,-0.49,-1.49,-0.90,7.65,-62.25,37.1
2026/04/20 22:45:16.08,IMU,-164.55,-17.58,-1021.48,1.75,0.47,1.24,0.15,7.35,-64.35,37.3
2026/04/20 22:45:16.18,IMU,-148.44,-31.25,-1021.97,-0.47,0.65,-0.44,-0.15,8.10,-62.55,37.4
2026/04/20 22:45:16.28,IMU,-154.30,-27.83,-1004.88,-0.76,-1.63,-0.08,0.60,7.50,-63.15,37.3
2026/04/20 22:45:16.38,IMU,-167.97,-25.88,-1026.86,-0.14,-1.65,-1.69,0.00,7.50,-63.45,37.1
2026/04/20 22:45:16.49,IMU,-156.25,-27.34,-1027.34,-1.38,-0.61,1.75,-1.65,8.10,-63.30,37.2
2026/04/20 22:45:16.59,IMU,-163.09,-39.06,-1021.00,-1.29,1.32,-1.01,-0.15,8.10,-63.60,37.3
2026/04/20 22:45:16.69,IMU,-176.76,-28.81,-1028.32,-0.22,0.02,-2.71,0.45,8.85,-61.50,37.3
2026/04/20 22:45:16.79,IMU,-154.79,-23.44,-1009.28,0.18,1.16,1.32,0.45,7.65,-63.60,37.0
2026/04/20 22:45:16.89,IMU,-166.99,-23.93,-1013.18,1.69,2.02,0.24,-0.15,8.10,-64.05,37.2
2026/04/20 22:45:16.99,IMU,-166.50,-14.16,-1013.18,-2.69,-0.73,0.52,-1.20,8.40,-62.85,37.2
2026/04/20 22:45:17.09,IMU,-169.92,-33.69,-1005.37,-0.91,-1.47,-0.45,0.00,7.50,-62.40,37.4
2026/04/20 22:45:17.19,IMU,-174.32,-44.43,-1005.86,-0.04,0.94,-1.82,-1.05,7.50,-63.45,37.2
2026/04/20 22:45:17.29,IMU,-160.16,-11.72,-1002.44,0.30,1.15,-0.68,0.15,6.90,-62.25,37.4
2026/04/20 22:45:17.39,IMU,-170.41,-31.25,-1016.60,0.89,-0.11,1.05,-1.05,6.45,-63.45,37.4
2026/04/20 22:45:17.49,IMU,-164.06,-25.39,-1016.11,0.23,-0.84,0.92,-1.65,7.65,-63.30,37.4
2026/04/20 22:45:17.59,IMU,-172.36,-13.18,-1022.46,-0.50,0.21,0.02,0.60,7.20,-63.45,37.3
2026/04/20 22:45:17.70,IMU,-171.39,-25.88,-1015.14,-0.99,0.25,-0.53,-0.90,6.60,-62.55,37.2
2026/04/20 22:45:17.80,IMU,-182.62,-28.32,-999.02,0.39,0.31,-0.69,-0.60,7.95,-62.40,37.4
2026/04/20 22:45:17.90,IMU,-163.09,-43.46,-1012.70,1.59,-1.54,-0.44,0.45,7.35,-61.80,37.2
2026/04/20 22:45:18.00,IMU,-153.32,-27.34,-1012.70,-0.31,1.63,-0.56,-0.30,7.95,-63.75,37.3
2026/04/20 22:45:18.10,IMU,-169.92,-29.30,-1008.30,-1.15,-0.16,0.07,1.05,7.20,-63.15,37.2
2026/04/20 22:45:18.20,IMU,-162.60,-29.79,-1010.25,-0.73,1.05,1.25,-0.90,8.40,-62.55,37.5
2026/04/20 22:45:18.30,IMU,-171.39,-30.76,-1019.04,0.76,-0.53,0.63,0.30,7.20,-61.35,37.3
2026/04/20 22:45:18.40,IMU,-169.43,-24.90,-1016.60,2.02,-1.11,1.87,0.00,8.70,-61.95,37.3
2026/04/20 22:45:18.50,IMU,-171.88,-26.86,-1013.18,-1.10,1.43,-0.29,0.00,7.95,-61.65,37.4
2026/04/20 22:45:18.60,IMU,-166.50,-39.55,-1012.21,0.16,0.14,0.47,-0.60,6.45,-63.15,37.5
2026/04/20 22:45:18.70,IMU,-162.60,-16.11,-1024.41,-0.15,-0.18,0.51,0.15,6.90,-62.25,37.3
2026/04/20 22:45:18.80,IMU,-158.20,-30.76,-1011.23,-1.24,1.76,0.40,0.15,7.35,-63.60,37.3
2026/04/20 22:45:18.91,IMU,-175.29,-16.11,-1015.14,0.15,-1.49,-0.15,-0.30,6.75,-62.40,37.3
2026/04/20 22:45:19.01,IMU,-159.18,-22.46,-1015.14,-0.21,-2.09,-1.31,-0.60,7.20,-62.40,37.3
2026/04/20 22:45:19.12,IMU,-177.25,-27.83,-1009.28,0.22,1.14,1.21,0.00,7.95,-64.20,37.5
2026/04/20 22:45:19.22,IMU,-159.67,-10.25,-1023.44,2.11,-0.39,-2.43,0.00,8.70,-63.45,37.3
2026/04/20 22:45:19.32,IMU,-188.96,-27.34,-1020.51,0.02,1.27,0.73,2.25,8.40,-63.30,37.3
2026/04/20 22:45:19.42,IMU,-172.85,-34.67,-1030.27,-0.10,0.70,-0.81,-0.60,7.50,-63.15,37.2
2026/04/20 22:45:19.52,IMU,-171.88,-22.46,-1015.14,0.70,0.93,-0.75,0.30,7.95,-63.15,37.3
2026/04/20 22:45:19.62,IMU,-169.43,-23.44,-1014.65,0.20,0.51,1.11,-0.60,6.45,-63.15,37.3
2026/04/20 22:45:19.72,IMU,-171.88,-21.97,-1009.77,-0.29,0.05,-0.21,0.30,6.00,-62.40,37.3
2026/04/20 22:45:19.82,IMU,-161.13,-30.76,-1016.11,1.74,1.29,-2.41,0.60,7.20,-62.40,37.3
2026/04/20 22:45:19.92,IMU,-168.95,-22.95,-1019.04,0.77,-0.85,-1.61,-0.15,7.65,-62.55,37.3
2026/04/20 22:45:20.02,IMU,-166.02,-14.16,-1018.55,0.29,-0.79,0.56,-0.90,7.65,-62.85,37.2
2026/04/20 22:45:20.12,IMU,-169.92,-38.57,-1013.18,0.02,1.11,-1.14,-0.30,8.70,-61.95,37.3
2026/04/20 22:45:20.22,IMU,-173.83,-34.18,-1016.60,2.26,0.16,-0.09,0.30,7.95,-63.15,37.0
2026/04/20 22:45:20.32,IMU,-165.04,-19.04,-1004.88,-0.81,0.41,-0.45,0.15,5.85,-62.25,37.3
2026/04/20 22:45:20.43,IMU,-155.27,-18.07,-1017.58,-1.00,-2.02,-3.31,0.90,7.35,-62.55,37.3
2026/04/20 22:45:20.53,IMU,-169.43,-36.62,-1026.37,-1.76,2.67,2.00,-0.90,6.90,-62.85,37.2
2026/04/20 22:45:20.63,IMU,-169.43,-22.95,-1009.77,2.03,0.98,0.47,-0.60,7.95,-61.65,36.9
2026/04/20 22:45:20.73,IMU,-168.95,-19.04,-1044.92,-0.79,-1.79,-0.98,-0.60,7.50,-62.70,37.2
2026/04/20 22:45:20.83,IMU,-152.34,-36.62,-1023.44,-0.20,-1.53,0.60,-0.30,8.25,-63.75,37.1
2026/04/20 22:45:20.93,IMU,-158.69,-13.18,-1006.84,1.33,-3.30,-0.67,-0.30,5.55,-63.15,37.0
2026/04/20 22:45:21.03,IMU,-161.62,-30.76,-1023.93,-0.50,0.85,1.02,-0.45,6.90,-63.30,37.3
2026/04/20 22:45:21.13,IMU,-171.39,-21.97,-1019.04,0.25,-0.17,-0.63,0.00,7.50,-62.70,37.2
2026/04/20 22:45:21.23,IMU,-162.60,-26.86,-1016.11,-0.82,1.26,-0.01,-0.15,7.35,-62.55,37.2
2026/04/20 22:45:21.33,IMU,-173.34,-28.32,-1038.09,-0.19,0.12,2.11,0.45,8.10,-63.60,37.0
2026/04/20 22:45:21.43,IMU,-156.25,-21.00,-1024.41,1.31,-0.23,1.37,1.05,7.20,-64.20,36.8
2026/04/20 22:45:21.53,IMU,-178.71,-21.00,-1039.55,-0.09,0.23,1.19,-0.15,6.60,-63.30,37.3
2026/04/20 22:45:21.64,IMU,-176.76,-26.37,-1023.93,-1.05,3.07,1.90,0.90,6.15,-64.35,37.0
2026/04/20 22:45:21.74,IMU,-180.18,-28.32,-1004.39,1.91,-0.05,-1.34,0.45,7.35,-62.25,36.8
2026/04/20 22:45:21.84,IMU,-161.62,-36.13,-1009.77,1.09,1.82,-2.63,1.35,7.95,-62.70,37.0
2026/04/20 22:45:21.94,IMU,-177.73,-31.74,-1025.39,0.54,-1.36,-0.61,0.45,8.10,-63.30,37.0
2026/04/20 22:45:22.04,IMU,-166.50,-32.23,-1012.70,0.14,-0.40,0.02,-0.90,8.10,-62.85,36.9
2026/04/20 22:45:22.14,IMU,-186.52,-29.79,-1014.16,1.28,0.32,0.11,0.00,6.60,-63.60,36.8
2026/04/20 22:45:22.24,IMU,-174.32,-29.79,-1019.04,-0.47,1.02,-2.11,0.15,8.40,-63.60,36.9
2026/04/20 22:45:22.34,IMU,-176.76,-19.04,-1017.09,0.40,0.96,-0.71,0.15,6.60,-62.85,36.9
2026/04/20 22:45:22.44,IMU,-161.13,-19.53,-1013.67,-0.25,0.29,-0.84,-0.90,8.10,-62.55,36.9
2026/04/20 22:45:22.54,IMU,-160.64,-20.02,-1015.14,-0.51,-0.50,1.00,-0.90,7.35,-61.80,36.9
2026/04/20 22:45:22.64,IMU,-168.46,-36.13,-1021.00,-0.11,1.95,0.08,-0.30,6.45,-61.95,36.9
2026/04/20 22:45:22.74,IMU,-157.23,-16.11,-1006.84,2.40,-3.13,-0.12,-3.00,5.85,-59.25,36.9
2026/04/20 22:45:22.84,IMU,-183.59,-25.39,-1021.00,0.01,0.47,-1.55,-1.05,7.20,-63.75,36.9
2026/04/20 22:45:22.95,IMU,-164.55,-30.27,-1023.93,-0.91,0.56,-0.31,0.45,6.90,-62.85,36.8
2026/04/20 22:45:23.05,IMU,-164.06,-33.69,-1020.51,0.70,0.02,-1.37,1.05,7.95,-63.45,36.8
2026/04/20 22:45:23.15,IMU,-181.15,-21.97,-1023.93,-0.31,1.94,-1.12,-0.15,7.65,-63.30,37.0
2026/04/20 22:45:23.25,IMU,-183.11,-23.44,-1016.60,-0.17,1.23,-0.93,0.00,7.95,-63.15,36.9
2026/04/20 22:45:23.35,IMU,-166.02,-17.09,-1010.74,-0.48,1.67,-0.58,-1.20,8.40,-62.25,36.6
2026/04/20 22:45:23.45,IMU,-158.69,-17.09,-1014.16,0.18,0.31,-1.00,-0.60,9.45,-62.70,36.8
2026/04/20 22:45:23.55,IMU,-159.67,-36.13,-1010.25,-0.72,-0.67,0.56,0.15,8.10,-62.55,36.8
2026/04/20 22:45:23.65,IMU,-168.95,-29.79,-1015.63,-1.67,0.07,2.48,0.15,8.10,-64.35,36.8
2026/04/20 22:45:23.76,IMU,-156.25,-29.30,-1014.16,-0.38,-3.21,-1.66,0.30,6.75,-63.45,36.6
2026/04/20 22:45:23.86,IMU,-168.95,-26.37,-1017.09,-0.69,0.33,1.04,0.00,6.45,-63.45,36.8
2026/04/20 22:45:23.96,IMU,-176.27,-26.86,-1011.72,0.89,0.16,-0.79,1.35,6.75,-62.70,36.9
2026/04/20 22:45:24.06,IMU,-173.83,-38.09,-1012.70,0.62,0.68,-1.28,0.90,7.65,-63.30,36.8
2026/04/20 22:45:24.16,IMU,-166.50,-19.53,-1018.55,-2.30,-0.88,2.92,0.45,7.35,-62.55,36.7
2026/04/20 22:45:24.26,IMU,-162.60,-32.23,-1030.27,0.89,-0.14,2.78,-0.30,6.45,-62.70,36.8
2026/04/20 22:45:24.36,IMU,-165.53,-31.25,-1019.53,0.16,-0.50,-1.02,-0.90,8.40,-62.25,36.8
2026/04/20 22:45:24.46,IMU,-174.32,-25.39,-1011.23,-0.41,3.31,0.47,-1.65,7.65,-63.60,36.7
2026/04/20 22:45:24.56,IMU,-167.97,-33.20,-1021.48,1.47,2.37,2.68,0.00,7.20,-62.70,36.8
2026/04/20 22:45:24.66,IMU,-154.30,-30.76,-1025.88,-0.37,0.11,0.82,0.90,8.85,-63.30,36.7
2026/04/20 22:45:24.76,IMU,-172.36,-31.74,-1026.37,1.66,-0.85,1.45,0.30,7.95,-62.40,36.8
2026/04/20 22:45:24.86,IMU,-164.55,-36.13,-1025.39,-1.59,0.28,-1.69,-0.15,8.40,-62.55,36.8
2026/04/20 22:45:24.97,IMU,-158.69,-27.83,-1013.18,1.77,1.62,2.04,-0.90,8.10,-63.45,36.8
2026/04/20 22:45:25.08,IMU,-164.55,-16.60,-1015.14,0.38,0.98,-0.20,0.00,7.95,-62.70,36.9
2026/04/20 22:45:25.18,IMU,-164.06,-28.32,-1015.63,0.36,-0.22,-2.17,-1.05,7.50,-62.40,36.8
2026/04/20 22:45:25.28,IMU,-160.64,-26.86,-1025.88,0.48,-0.69,-0.38,-0.60,7.95,-63.75,36.7
2026/04/20 22:45:25.38,IMU,-169.92,-26.37,-1010.25,0.55,-2.49,-0.15,1.35,7.50,-63.15,36.8
2026/04/20 22:45:25.48,IMU,-178.22,-22.46,-1015.14,0.41,-2.33,-0.31,-0.30,8.25,-62.40,36.7
2026/04/20 22:45:25.58,IMU,-168.46,-23.93,-1012.70,1.65,0.21,0.49,-0.30,7.20,-63.15,36.5
2026/04/20 22:45:25.68,IMU,-164.06,-29.79,-1015.63,-2.05,-2.55,-2.40,0.30,8.25,-63.15,36.7
2026/04/20 22:45:25.78,IMU,-171.88,-23.93,-1010.74,1.16,2.71,-0.38,-1.95,5.85,-62.85,36.7
2026/04/20 22:45:25.88,IMU,-179.20,-33.20,-1009.28,1.04,-0.50,-1.97,-3.60,6.00,-58.80,36.8
2026/04/20 22:45:25.98,IMU,-166.99,-22.46,-1013.18,-1.14,1.92,1.14,-0.15,8.10,-62.25,36.5
2026/04/20 22:45:26.08,IMU,-164.06,-46.88,-1012.21,0.85,-0.97,0.60,0.90,8.40,-63.60,36.8
2026/04/20 22:45:26.18,IMU,-168.46,-23.93,-1007.32,-0.04,-0.27,0.63,1.05,5.55,-63.15,36.5
2026/04/20 22:45:26.29,IMU,-179.20,-29.30,-1022.46,0.60,1.36,1.06,-0.90,7.35,-63.60,36.8
2026/04/20 22:45:26.39,IMU,-169.92,-22.95,-1017.09,0.65,0.01,1.45,-0.30,6.45,-64.20,36.8
2026/04/20 22:45:26.49,IMU,-150.39,-33.69,-1024.90,0.98,0.96,-0.15,-0.30,6.45,-63.75,36.6
2026/04/20 22:45:26.59,IMU,-168.95,-29.30,-1014.65,-0.24,-0.53,-0.53,-1.35,7.20,-63.15,36.5
2026/04/20 22:45:26.69,IMU,-162.11,-36.62,-1020.51,0.54,0.23,-1.15,-0.30,6.00,-63.15,36.8
2026/04/20 22:45:26.79,IMU,-170.41,-30.27,-1010.74,-1.24,0.35,-0.49,0.30,7.20,-62.70,36.5
2026/04/20 22:45:26.89,IMU,-161.62,-28.81,-1013.67,-1.69,0.24,-1.20,0.60,7.50,-63.75,36.5
2026/04/20 22:45:26.99,IMU,-165.04,-24.41,-1019.53,-1.34,2.34,2.40,1.65,6.15,-62.85,36.6
2026/04/20 22:45:27.09,IMU,-167.97,-34.67,-1015.14,0.32,1.51,2.35,-0.45,8.10,-62.55,36.8
2026/04/20 22:45:27.19,IMU,-165.04,-27.34,-1015.63,0.51,-2.37,0.78,-1.05,8.25,-62.40,36.6
2026/04/20 22:45:27.29,IMU,-166.02,-29.79,-1019.53,-0.79,1.03,-1.65,-1.20,6.60,-63.30,36.7
2026/04/20 22:45:27.39,IMU,-185.06,-34.67,-1003.91,1.11,0.63,3.49,-0.30,7.50,-62.40,36.8
2026/04/20 22:45:27.49,IMU,-151.37,-28.81,-1021.00,1.44,0.18,-0.78,0.30,7.50,-63.45,36.7
2026/04/20 22:45:27.60,IMU,-177.25,-37.11,-1011.23,0.89,0.81,0.33,-0.45,8.40,-63.30,36.7
2026/04/20 22:45:27.70,IMU,-160.64,-42.48,-1021.97,-1.27,0.08,-0.81,0.30,7.95,-64.20,36.7
2026/04/20 22:45:27.80,IMU,-183.59,-17.09,-1018.07,-0.56,0.62,-1.22,-0.15,6.60,-62.55,36.7
2026/04/20 22:45:27.91,IMU,-182.13,-24.41,-1013.67,0.27,-4.14,1.15,0.60,6.45,-61.95,36.8
2026/04/20 22:45:28.01,IMU,-175.78,-24.90,-1016.11,-1.66,2.59,1.56,0.15,6.60,-64.05,36.5
2026/04/20 22:45:28.11,IMU,-162.11,-20.51,-1020.51,-0.34,-0.11,-0.31,-2.25,7.65,-63.30,36.8
2026/04/20 22:45:28.21,IMU,-154.30,-25.39,-1007.81,-0.98,-2.08,0.46,-1.05,7.95,-64.20,36.6
2026/04/20 22:45:28.31,IMU,-165.04,-19.04,-1016.11,0.40,-1.65,1.50,-0.60,7.50,-62.40,36.5
2026/04/20 22:45:28.41,IMU,-171.88,-26.37,-1017.58,1.54,0.73,-0.59,-1.05,6.45,-62.70,36.7
2026/04/20 22:45:28.51,IMU,-159.67,-34.67,-1008.79,-0.17,-1.55,-0.47,1.20,7.35,-64.35,36.8
2026/04/20 22:45:28.62,IMU,-153.81,-18.07,-1016.11,0.12,0.66,-2.88,0.45,6.90,-62.55,36.8
2026/04/20 22:45:28.72,IMU,-165.04,-27.34,-1029.79,-0.19,0.34,0.32,-0.15,7.35,-64.05,36.3
2026/04/20 22:45:28.82,IMU,-152.34,-30.27,-1025.39,0.08,-1.85,-2.20,0.00,8.25,-63.45,36.6
2026/04/20 22:45:28.92,IMU,-157.71,-24.90,-1006.35,0.21,-2.26,-0.88,-0.30,7.50,-61.95,36.7
2026/04/20 22:45:29.02,IMU,-165.53,-35.64,-1006.35,-2.08,-2.08,1.85,-0.60,7.95,-63.15,36.5
2026/04/20 22:45:29.12,IMU,-165.04,-29.30,-1030.76,0.66,-2.24,-0.80,-0.60,8.25,-62.40,36.5
2026/04/20 22:45:29.22,IMU,-161.13,-28.81,-1021.97,0.69,-0.54,-1.85,-0.15,6.60,-63.30,36.7
2026/04/20 22:45:29.32,IMU,-175.29,-24.41,-1024.41,0.71,-3.05,-2.11,-1.20,6.90,-63.60,36.7
2026/04/20 22:45:29.42,IMU,-165.04,-14.16,-1025.39,0.85,1.27,1.38,0.45,7.35,-62.85,36.7
2026/04/20 22:45:29.52,IMU,-169.92,-28.32,-1018.07,0.11,0.53,-1.26,-0.15,8.40,-62.85,36.5
2026/04/20 22:45:29.62,IMU,-177.25,-14.16,-1028.81,0.34,1.13,0.71,-0.15,8.10,-62.85,36.5
2026/04/20 22:45:29.72,IMU,-167.48,-21.97,-1030.27,-1.76,1.82,-1.40,0.45,7.65,-62.85,36.3
2026/04/20 22:45:29.82,IMU,-161.62,-22.95,-1030.76,-0.18,-1.68,-2.31,-1.35,5.55,-62.40,36.5
2026/04/20 22:45:29.93,IMU,-167.97,-28.32,-1023.44,0.43,0.93,0.17,-1.65,9.30,-63.60,36.5
2026/04/20 22:45:30.03,IMU,-166.99,-30.76,-1012.21,2.29,1.72,0.89,-0.45,7.35,-65.10,36.7
2026/04/20 22:45:30.13,IMU,-157.23,-27.83,-1015.63,-0.44,-0.38,-0.02,0.30,7.95,-64.50,36.5
2026/04/20 22:45:30.23,IMU,-159.67,-32.71,-1013.67,-1.53,0.26,-0.64,0.30,7.50,-62.70,36.6
2026/04/20 22:45:30.33,IMU,-177.25,-30.76,-1023.44,0.76,-2.35,1.50,-0.15,6.90,-62.55,36.6
2026/04/20 22:45:30.43,IMU,-172.36,-22.95,-1014.16,-0.10,-1.03,0.41,0.00,9.00,-62.70,36.4
2026/04/20 22:45:30.53,IMU,-152.34,-24.90,-1010.74,0.12,2.45,0.61,-0.15,8.40,-62.25,36.6
2026/04/20 22:45:30.63,IMU,-155.27,-25.39,-1023.44,0.27,-0.10,-0.94,-0.30,8.25,-61.95,36.5
2026/04/20 22:45:30.73,IMU,-169.92,-21.97,-1021.00,1.58,-1.34,3.02,0.30,8.25,-61.95,36.6
2026/04/20 22:45:30.83,IMU,-162.11,-34.67,-1021.48,-1.39,1.93,-2.12,-0.90,6.60,-62.55,36.4
2026/04/20 22:45:30.93,IMU,-153.81,-24.90,-1018.07,1.08,-1.04,2.95,-2.25,4.65,-59.25,36.7
2026/04/20 22:45:31.03,IMU,-168.95,-39.55,-1008.30,2.16,0.35,0.22,-0.60,7.95,-62.70,36.6
2026/04/20 22:45:31.13,IMU,-175.29,-31.25,-1031.74,1.21,0.79,-0.74,1.05,7.50,-63.15,36.7
2026/04/20 22:45:31.24,IMU,-168.95,-20.51,-1016.11,1.11,0.49,0.44,-1.35,7.20,-63.15,36.5
2026/04/20 22:45:31.34,IMU,-177.25,-22.95,-1027.34,1.56,2.21,-0.63,-0.45,8.10,-64.35,36.5
2026/04/20 22:45:31.44,IMU,-173.83,-23.44,-1003.91,-0.79,-1.37,2.07,-0.60,6.75,-62.70,36.6
2026/04/20 22:45:31.54,IMU,-161.13,-17.58,-1019.04,0.35,2.31,0.60,0.90,7.35,-63.60,36.8
2026/04/20 22:45:31.64,IMU,-172.85,-31.25,-1026.37,-1.02,0.73,1.53,-0.30,7.20,-61.95,36.5
2026/04/20 22:45:31.74,IMU,-165.04,-10.74,-1016.11,-0.63,-0.29,1.63,-0.45,7.65,-63.30,36.5
2026/04/20 22:45:31.84,IMU,-172.85,-27.34,-1034.67,-0.15,0.59,0.21,-1.05,7.50,-63.15,36.7
2026/04/20 22:45:31.94,IMU,-159.67,-41.99,-1023.44,1.30,0.56,-0.86,-5.10,5.55,-58.80,36.5
2026/04/20 22:45:32.05,IMU,-163.09,-31.74,-1009.28,2.33,0.56,1.21,-2.55,5.25,-61.35,36.8
2026/04/20 22:45:32.15,IMU,-177.73,-18.55,-1022.46,-0.63,-1.15,1.73,0.60,6.00,-63.15,36.4
2026/04/20 22:45:32.25,IMU,-176.76,-42.48,-1011.72,0.16,0.20,-1.55,-0.30,8.70,-63.75,36.5
2026/04/20 22:45:32.35,IMU,-163.57,-31.74,-1007.32,-0.38,-0.44,0.61,-0.90,7.35,-63.30,36.4
2026/04/20 22:45:32.45,IMU,-167.48,-27.83,-1011.23,0.89,-0.23,-3.24,-0.45,6.15,-63.60,36.3
2026/04/20 22:45:32.55,IMU,-170.41,-34.67,-1027.83,-1.21,-0.82,-0.11,-0.30,6.00,-62.70,36.6
2026/04/20 22:45:32.65,IMU,-167.48,-20.51,-1026.37,1.49,1.98,-3.05,-0.45,5.85,-63.60,36.5
2026/04/20 22:45:32.75,IMU,-168.95,-16.60,-1021.97,0.70,-0.02,0.61,1.35,7.20,-63.75,36.7
2026/04/20 22:45:32.85,IMU,-154.30,-28.81,-1024.41,2.15,1.64,-0.60,1.05,7.50,-63.15,36.4
2026/04/20 22:45:32.95,IMU,-167.48,-25.39,-1030.27,-0.93,0.25,-0.60,-1.20,6.60,-63.60,36.6
2026/04/20 22:45:33.05,IMU,-156.25,-26.37,-1030.76,1.44,-1.41,-2.60,-1.20,6.90,-62.55,36.4
2026/04/20 22:45:33.15,IMU,-164.06,-19.04,-1021.97,-1.23,1.60,-2.23,-0.15,7.35,-62.25,36.2
2026/04/20 22:45:33.25,IMU,-146.97,-32.71,-1012.21,0.79,1.75,-0.90,-1.35,8.70,-62.40,36.4
2026/04/20 22:45:33.36,IMU,-176.27,-28.81,-1010.74,-0.53,0.44,-1.35,1.05,8.25,-63.15,36.3
2026/04/20 22:45:33.46,IMU,-172.36,-46.39,-1017.58,-1.15,2.84,1.53,0.15,6.90,-64.35,36.5
2026/04/20 22:45:33.56,IMU,-167.97,-17.58,-1035.16,-0.37,-1.27,2.56,-0.60,7.50,-62.70,36.5
2026/04/20 22:45:33.66,IMU,-167.48,-25.88,-1021.00,-0.29,0.68,-1.96,-1.05,6.75,-62.40,36.3
2026/04/20 22:45:33.76,IMU,-160.16,-33.20,-1018.55,0.02,-2.23,-0.55,0.00,7.20,-64.20,36.2
2026/04/20 22:45:33.86,IMU,-165.04,-30.27,-1025.88,1.33,-0.03,1.64,-1.35,7.95,-63.45,36.2
2026/04/20 22:45:33.96,IMU,-155.76,-16.60,-1019.04,-1.78,0.12,0.31,-0.15,6.90,-62.55,36.4
2026/04/20 22:45:34.07,IMU,-156.25,-32.71,-996.09,1.44,-2.62,0.87,-1.05,7.50,-63.45,36.2
2026/04/20 22:45:34.17,IMU,-165.04,-18.07,-1019.04,0.46,-0.95,-2.18,-0.15,7.65,-63.30,36.5
2026/04/20 22:45:34.27,IMU,-163.09,-19.04,-1010.74,-0.60,2.82,0.72,-0.45,6.90,-63.30,36.2
2026/04/20 22:45:34.37,IMU,-166.02,-16.11,-1016.11,0.92,-3.43,-1.83,-1.20,7.65,-62.25,36.3
2026/04/20 22:45:34.47,IMU,-174.80,-31.74,-1013.67,-0.66,0.35,0.29,-1.05,8.70,-62.40,36.5
2026/04/20 22:45:34.57,IMU,-166.02,-26.86,-1008.79,0.32,-1.79,-0.17,-1.05,7.50,-64.50,36.5
2026/04/20 22:45:34.67,IMU,-168.95,-43.46,-1020.02,-0.19,0.88,1.00,-1.20,7.35,-62.55,36.7
2026/04/20 22:45:34.77,IMU,-162.11,-19.04,-1018.55,1.82,2.41,-0.08,0.00,7.20,-63.75,36.5
2026/04/20 22:45:34.88,IMU,-167.48,-33.20,-1015.14,0.03,1.63,-1.80,0.00,8.70,-64.20,36.2
2026/04/20 22:45:34.98,IMU,-169.92,-23.93,-1004.88,0.90,-0.38,-2.91,0.00,9.45,-61.95,36.5
2026/04/20 22:45:35.08,IMU,-167.97,-26.37,-1001.46,1.60,-0.21,-0.63,0.30,8.70,-63.45,36.2
2026/04/20 22:45:35.18,IMU,-166.99,-31.74,-1015.14,-0.65,3.19,-0.93,-1.05,6.45,-62.40,36.2
2026/04/20 22:45:35.28,IMU,-152.34,-35.16,-1006.84,0.46,3.51,-2.48,-0.45,7.35,-63.60,36.2
2026/04/20 22:45:35.38,IMU,-172.36,-29.79,-1004.39,0.82,0.64,0.43,1.05,7.20,-62.40,36.3
2026/04/20 22:45:35.48,IMU,-161.62,-24.90,-1023.93,0.38,2.82,0.47,0.90,6.90,-63.60,36.5
2026/04/20 22:45:35.58,IMU,-188.48,-37.11,-1019.04,2.05,-0.12,-1.22,-0.45,8.10,-62.55,36.5
2026/04/20 22:45:35.68,IMU,-152.83,-19.53,-1027.34,0.73,2.14,0.31,-1.05,6.45,-64.20,36.1
2026/04/20 22:45:35.78,IMU,-173.34,-21.97,-1007.81,-0.56,-0.74,-0.94,-1.65,6.60,-64.35,35.9
2026/04/20 22:45:35.88,IMU,-167.48,-20.51,-1018.55,-1.38,0.20,1.45,-1.05,7.20,-63.45,36.3
2026/04/20 22:45:35.98,IMU,-169.43,-33.69,-1010.25,-0.27,1.25,-1.07,0.45,8.85,-64.05,36.2
2026/04/20 22:45:36.08,IMU,-174.32,-27.34,-1022.46,2.30,0.11,1.24,-0.45,7.65,-62.55,36.1
2026/04/20 22:45:36.19,IMU,-160.64,-28.32,-1026.37,0.34,-1.66,0.25,-0.15,8.10,-63.60,36.2
2026/04/20 22:45:36.29,IMU,-163.09,-30.76,-1013.18,0.22,0.80,1.50,0.15,8.10,-63.60,36.1
2026/04/20 22:45:36.39,IMU,-169.43,-22.46,-1017.58,0.66,-0.79,-0.05,-0.15,7.35,-63.30,36.4
2026/04/20 22:45:36.49,IMU,-165.53,-17.58,-1019.53,0.66,0.54,2.60,1.05,7.95,-62.40,36.2
2026/04/20 22:45:36.59,IMU,-164.06,-14.16,-1022.46,-1.44,-2.92,-1.08,0.00,7.50,-61.95,36.2
2026/04/20 22:45:36.69,IMU,-158.69,-17.09,-1004.88,0.69,1.25,0.15,-1.65,5.85,-63.60,36.1
2026/04/20 22:45:36.79,IMU,-181.15,-17.58,-1007.32,-0.14,-0.46,-1.83,-0.60,8.25,-61.95,36.1
2026/04/20 22:45:36.90,IMU,-162.60,-25.39,-1014.16,1.18,0.97,0.47,-0.15,6.90,-63.60,36.0
2026/04/20 22:45:37.00,IMU,-160.64,-27.34,-1011.72,-0.45,0.75,-1.29,-1.80,8.70,-63.45,35.9
2026/04/20 22:45:37.10,IMU,-160.16,-38.09,-1022.46,0.63,-1.48,1.28,-0.45,8.85,-62.55,36.1
2026/04/20 22:45:37.20,IMU,-172.85,-27.83,-1016.60,1.40,1.52,-0.03,0.45,8.10,-62.85,35.9
2026/04/20 22:45:37.31,IMU,-166.50,-14.65,-1031.74,2.34,2.18,1.62,-0.15,8.10,-61.80,36.0
2026/04/20 22:45:37.41,IMU,-162.60,-28.32,-1014.65,0.30,-0.44,1.02,0.15,8.40,-63.30,36.0
2026/04/20 22:45:37.51,IMU,-167.48,-21.48,-1011.23,0.48,0.43,-1.97,-0.60,9.45,-63.75,36.1
2026/04/20 22:45:37.61,IMU,-190.43,-12.21,-1017.58,0.40,-1.59,0.95,0.45,5.85,-62.85,36.1
2026/04/20 22:45:37.71,IMU,-161.62,-37.60,-1008.79,-0.86,2.44,0.18,-0.15,7.35,-63.30,35.8
2026/04/20 22:45:37.81,IMU,-153.32,-31.25,-1005.37,-2.31,0.48,-0.95,-0.90,7.65,-62.85,35.9
2026/04/20 22:45:37.91,IMU,-165.53,-33.69,-1018.55,1.67,-1.34,3.83,-1.35,8.25,-62.40,35.9
2026/04/20 22:45:38.01,IMU,-162.11,-33.20,-1026.86,0.99,0.47,0.32,0.00,7.95,-62.70,35.8
2026/04/20 22:45:38.11,IMU,-162.11,-14.65,-1024.90,0.21,-0.24,-0.25,0.60,10.50,-63.45,35.9
2026/04/20 22:45:38.21,IMU,-156.25,-25.88,-1018.07,0.95,0.59,-1.57,-1.05,7.95,-63.45,36.1
2026/04/20 22:45:38.31,IMU,-158.69,-27.83,-1014.65,0.95,-1.22,-2.69,-1.35,7.95,-64.20,35.8
2026/04/20 22:45:38.41,IMU,-173.34,-30.76,-1004.88,-0.63,0.60,-2.39,-0.30,7.20,-61.65,35.6
2026/04/20 22:45:38.51,IMU,-175.78,-33.20,-1022.95,1.34,-0.56,0.10,-0.90,6.90,-64.65,35.6
2026/04/20 22:45:38.62,IMU,-177.25,-21.97,-1009.77,2.91,0.70,-0.16,-0.60,7.50,-62.40,35.2
2026/04/20 22:45:38.72,IMU,-176.76,-21.00,-1026.37,-0.68,-1.66,0.28,0.30,6.00,-62.70,35.9
2026/04/20 22:45:38.82,IMU,-169.43,-25.39,-1009.28,0.21,1.06,3.16,0.00,7.95,-63.15,35.8
2026/04/20 22:45:38.92,IMU,-173.83,-36.62,-1011.23,-1.20,1.71,-0.27,1.05,6.75,-62.70,35.8
2026/04/20 22:45:39.02,IMU,-164.55,-34.67,-1018.07,-0.81,1.04,-0.02,-0.15,7.65,-62.25,35.7
2026/04/20 22:45:39.12,IMU,-166.99,-17.58,-1010.25,0.05,0.76,0.05,-1.95,5.10,-58.20,35.8
2026/04/20 22:45:39.22,IMU,-159.67,-16.60,-1007.32,0.60,-0.25,1.04,-0.60,7.20,-65.25,35.8
2026/04/20 22:45:39.32,IMU,-172.36,-13.18,-1002.44,-2.36,1.27,0.39,0.90,8.40,-62.85,35.7
2026/04/20 22:45:39.42,IMU,-164.06,-35.16,-1010.25,1.57,0.34,-0.10,-0.15,6.60,-62.55,36.0
2026/04/20 22:45:39.52,IMU,-168.95,-22.46,-1015.14,-1.33,0.12,-2.02,0.30,7.20,-62.40,35.8
2026/04/20 22:45:39.62,IMU,-177.73,-30.27,-1000.98,-0.10,-1.40,-0.44,0.30,6.75,-63.45,35.6
2026/04/20 22:45:39.72,IMU,-167.97,-23.44,-1027.83,0.20,-0.92,1.04,-1.05,7.95,-63.15,35.7
2026/04/20 22:45:39.82,IMU,-176.76,-21.48,-1019.53,-1.43,-1.82,1.25,0.00,7.50,-63.45,35.6
2026/04/20 22:45:39.93,IMU,-165.53,-33.69,-1015.63,-0.97,0.89,0.13,-1.05,7.95,-61.95,35.9
2026/04/20 22:45:40.03,IMU,-169.92,-26.37,-1009.77,0.63,0.23,-0.49,0.45,6.90,-63.60,35.7
2026/04/20 22:45:40.13,IMU,-161.13,-23.44,-1007.32,0.20,-0.74,-2.05,-0.45,8.40,-62.85,35.6
2026/04/20 22:45:40.23,IMU,-166.50,-36.62,-1015.14,0.40,-1.98,2.57,0.30,7.95,-63.15,35.7
2026/04/20 22:45:40.34,IMU,-164.55,-17.09,-994.63,1.63,-2.92,-2.25,-0.90,8.10,-62.85,35.7
2026/04/20 22:45:40.44,IMU,-155.27,-20.51,-1003.42,-1.63,-1.51,0.01,-0.15,8.40,-62.25,35.8
2026/04/20 22:45:40.54,IMU,-165.04,-21.48,-1012.21,0.63,2.24,1.11,-0.90,8.85,-63.60,35.9
2026/04/20 22:45:40.64,IMU,-157.71,-22.95,-1012.21,0.86,-0.03,1.83,1.20,7.65,-62.85,35.7
2026/04/20 22:45:40.74,IMU,-162.11,-28.81,-1019.53,-0.12,0.23,-0.45,0.00,7.20,-63.15,36.0
2026/04/20 22:45:40.84,IMU,-163.57,-30.27,-1014.65,-1.38,0.15,0.52,-0.45,7.65,-62.85,35.7
2026/04/20 22:45:40.94,IMU,-166.50,-26.86,-1017.58,-0.69,2.47,-1.16,-1.65,7.65,-64.05,35.8
2026/04/20 22:45:41.04,IMU,-162.11,-28.32,-996.09,-0.48,-0.08,1.85,-0.30,7.50,-61.95,36.0
2026/04/20 22:45:41.14,IMU,-166.50,-35.16,-1008.30,-0.20,1.12,-1.05,0.00,7.95,-62.70,35.7
2026/04/20 22:45:41.24,IMU,-160.16,-28.32,-1004.39,1.15,1.92,-0.53,-1.05,8.25,-62.70,35.6
2026/04/20 22:45:41.34,IMU,-163.57,-22.95,-1007.81,0.47,1.76,1.02,0.30,7.50,-62.40,35.9
2026/04/20 22:45:41.44,IMU,-162.11,-23.44,-1004.88,-0.11,2.34,0.62,0.90,6.90,-62.25,35.7
2026/04/20 22:45:41.54,IMU,-169.92,-32.71,-1023.93,0.71,0.34,-0.15,-1.65,7.65,-61.80,35.8
2026/04/20 22:45:41.65,IMU,-164.55,-27.34,-1018.07,0.05,-0.30,-1.72,0.45,8.85,-63.60,35.6
2026/04/20 22:45:41.75,IMU,-174.80,-23.44,-1000.00,0.05,0.60,-1.26,-1.35,8.70,-63.75,35.8
2026/04/20 22:45:41.85,IMU,-177.73,-11.72,-1040.04,-0.15,2.63,-0.69,0.15,8.10,-62.25,35.6
2026/04/20 22:45:41.95,IMU,-161.13,-21.97,-1011.72,-2.94,1.10,0.53,-0.30,8.25,-63.45,35.8
2026/04/20 22:45:42.05,IMU,-154.79,-10.74,-1003.91,0.19,-0.06,1.24,-3.60,4.50,-59.10,35.6
2026/04/20 22:45:42.15,IMU,-167.97,-27.34,-1026.37,-0.88,-1.56,1.12,0.60,7.50,-62.70,35.9
2026/04/20 22:45:42.25,IMU,-154.30,-37.60,-1016.11,1.58,0.83,1.52,0.30,7.20,-63.45,35.6
2026/04/20 22:45:42.35,IMU,-175.29,-41.50,-1010.25,-0.28,-0.41,-2.66,0.45,8.10,-64.05,35.8
2026/04/20 22:45:42.45,IMU,-162.60,-25.88,-1023.93,1.40,-0.10,0.08,-0.15,7.65,-62.85,35.2
2026/04/20 22:45:42.55,IMU,-157.23,-22.95,-1020.02,1.39,-1.70,-2.18,0.45,8.85,-63.30,35.6
2026/04/20 22:45:42.65,IMU,-160.64,-14.16,-1023.93,-0.07,0.10,-0.85,-0.60,7.20,-62.70,35.6
2026/04/20 22:45:42.75,IMU,-151.37,-26.86,-1021.48,0.70,-0.01,2.31,-0.45,8.10,-63.30,35.6
2026/04/20 22:45:42.85,IMU,-158.69,-13.67,-1027.83,1.80,0.73,-0.48,-0.45,6.90,-63.30,35.7
2026/04/20 22:45:42.95,IMU,-152.83,-37.11,-1010.25,1.52,-2.67,3.99,-0.30,7.95,-64.50,35.6
2026/04/20 22:45:43.06,IMU,-175.29,-28.32,-1006.84,-1.06,4.22,-1.32,0.15,6.90,-64.05,35.4
2026/04/20 22:45:43.16,IMU,-178.71,-19.04,-1000.49,0.51,-1.15,0.05,-0.60,7.50,-62.40,35.7
2026/04/20 22:45:43.26,IMU,-181.15,-27.83,-1009.77,-0.36,0.68,0.26,-0.30,7.50,-63.15,35.6
2026/04/20 22:45:43.36,IMU,-169.43,-21.00,-1011.23,0.85,-1.72,-1.19,0.00,7.20,-64.95,35.3
2026/04/20 22:45:43.46,IMU,-171.39,-46.88,-1023.93,0.26,-0.76,-0.58,0.45,8.40,-63.30,35.6
2026/04/20 22:45:43.57,IMU,-171.88,-24.41,-1013.18,-0.08,0.15,0.60,-0.15,7.35,-65.10,35.1
2026/04/20 22:45:43.67,IMU,-172.36,-25.39,-1018.07,0.57,1.95,-0.92,0.15,7.35,-62.85,35.6
2026/04/20 22:45:43.77,IMU,-163.57,-16.60,-1016.11,0.20,0.81,2.00,-0.45,6.90,-62.55,35.7
2026/04/20 22:45:43.87,IMU,-169.92,-21.00,-1015.63,0.89,-1.10,-0.57,1.05,6.75,-62.40,35.4
2026/04/20 22:45:43.97,IMU,-158.69,-31.25,-1009.77,-2.37,-2.15,1.24,0.30,6.00,-63.75,35.7
2026/04/20 22:45:44.07,IMU,-171.88,-21.97,-1020.51,1.09,2.15,-0.02,-0.30,7.50,-63.45,35.6
2026/04/20 22:45:44.17,IMU,-161.62,-22.95,-1013.67,1.20,-2.45,-0.98,0.30,6.75,-62.70,35.3
2026/04/20 22:45:44.27,IMU,-175.29,-37.60,-1014.16,0.47,-1.28,1.73,0.60,9.00,-64.20,35.5
2026/04/20 22:45:44.37,IMU,-160.16,-29.30,-1022.95,0.66,0.28,1.24,-1.05,7.50,-62.40,35.4
2026/04/20 22:45:44.47,IMU,-176.76,-7.32,-1011.23,-1.34,1.28,-3.05,-0.60,6.75,-64.50,35.6
2026/04/20 22:45:44.57,IMU,-162.60,-15.63,-1014.16,3.83,-2.01,0.65,0.00,6.75,-64.95,35.6
2026/04/20 22:45:44.67,IMU,-332.52,-8.30,-936.52,3.37,4.80,5.22,1.35,7.95,-64.20,35.4
2026/04/20 22:45:44.77,IMU,-285.64,-11.72,-985.84,2.73,-9.76,4.23,-0.45,9.30,-63.60,35.1
2026/04/20 22:45:44.88,IMU,-131.35,15.14,-1006.35,1.32,-2.02,0.76,1.20,6.90,-63.30,35.4
2026/04/20 22:45:44.98,IMU,-201.17,-30.27,-997.07,1.84,-1.94,0.62,-0.45,8.10,-62.55,35.6
2026/04/20 22:45:45.08,IMU,-209.47,-45.90,-1007.81,0.23,0.79,0.82,-0.90,7.65,-64.65,35.5
2026/04/20 22:45:45.18,IMU,-200.20,-36.13,-1000.98,-0.10,-0.76,0.64,-1.35,7.20,-64.50,35.1
2026/04/20 22:45:45.28,IMU,-186.52,-40.53,-1016.60,-0.19,0.10,2.73,-1.80,9.00,-62.70,35.6
2026/04/20 22:45:45.38,IMU,-198.24,-39.55,-1010.74,0.01,0.21,-0.11,0.15,7.65,-62.55,35.6
2026/04/20 22:45:45.48,IMU,-179.69,-41.50,-998.54,1.45,-0.07,-2.94,0.00,8.25,-62.70,35.6
2026/04/20 22:45:45.58,IMU,-179.69,-42.97,-1001.46,-1.08,1.73,1.20,0.00,6.00,-62.70,35.3
2026/04/20 22:45:45.68,IMU,-170.90,-30.27,-1007.32,-1.89,-0.22,1.53,0.15,7.65,-62.85,35.6
2026/04/20 22:45:45.78,IMU,-177.73,-29.79,-1028.81,0.88,0.24,-1.49,1.05,7.50,-62.70,35.6
2026/04/20 22:45:45.89,IMU,-173.83,-21.97,-1011.23,0.78,0.79,-0.50,0.60,7.20,-63.45,35.5
2026/04/20 22:45:45.99,IMU,-145.02,7.81,-1028.81,-2.69,4.42,-1.95,-0.30,6.45,-63.15,35.6
2026/04/20 22:45:46.09,IMU,-155.27,-10.74,-1007.32,-0.69,3.16,-4.53,-0.60,6.75,-62.40,35.7
2026/04/20 22:45:46.19,IMU,-167.97,-23.44,-1018.55,-2.21,3.27,-3.02,-1.05,7.95,-63.15,35.6
2026/04/20 22:45:46.29,IMU,-166.50,-27.83,-1009.77,1.35,2.73,-1.53,-0.45,8.10,-63.30,35.6
2026/04/20 22:45:46.40,IMU,-146.97,-32.71,-1018.07,-1.11,3.60,-3.21,1.35,8.25,-63.15,35.6
2026/04/20 22:45:46.50,IMU,-145.02,-28.32,-1018.55,0.99,2.12,-1.14,0.90,6.90,-63.60,35.6
2026/04/20 22:45:46.60,IMU,-166.99,-22.46,-1016.11,0.04,-0.53,1.01,1.05,7.50,-63.15,35.6
2026/04/20 22:45:46.70,IMU,-157.71,-39.55,-1018.55,0.34,-1.96,-3.18,0.00,6.75,-62.70,35.6
2026/04/20 22:45:46.80,IMU,-147.95,-25.39,-1010.25,-0.58,2.65,-3.53,1.05,8.70,-62.70,35.6
2026/04/20 22:45:46.90,IMU,-146.00,-21.48,-1014.16,0.72,-0.83,0.31,0.15,7.35,-62.55,35.7
2026/04/20 22:45:47.00,IMU,-170.90,-46.88,-1011.23,-4.43,2.79,-0.88,-0.60,7.20,-61.35,35.8
2026/04/20 22:45:47.10,IMU,-23.93,-90.82,-1045.90,7.68,-12.21,9.84,-0.60,8.25,-63.75,35.7
2026/04/20 22:45:47.20,IMU,-80.08,-27.34,-1052.25,-1.53,1.36,0.66,0.60,7.95,-64.20,35.6
2026/04/20 22:45:47.30,IMU,-240.72,-129.39,-967.29,-3.42,-1.96,-2.36,-3.75,5.10,-58.65,35.6
2026/04/20 22:45:47.40,IMU,-183.59,143.07,-963.38,0.02,5.01,-2.89,-2.85,9.45,-64.20,35.8
2026/04/20 22:45:47.50,IMU,-216.80,-50.29,-1014.16,-0.68,1.82,-2.61,0.15,6.90,-63.30,35.4
2026/04/20 22:45:47.60,IMU,-292.97,-53.22,-938.48,-1.21,0.37,0.93,0.00,8.70,-63.15,35.6
2026/04/20 22:45:47.70,IMU,-225.59,-89.36,-1013.67,-3.14,3.47,1.74,1.20,7.65,-64.05,35.6
2026/04/20 22:45:47.81,IMU,-208.98,-36.62,-1005.37,0.02,-1.16,1.11,38.10,8.70,-61.95,35.7
2026/04/20 22:45:47.91,IMU,-190.92,-34.18,-1006.35,1.91,-2.15,1.08,-1.05,8.25,-63.45,35.3
2026/04/20 22:45:48.01,IMU,-181.64,-28.32,-1012.21,-1.00,-0.05,0.49,-1.35,8.25,-63.15,35.6
2026/04/20 22:45:48.11,IMU,-178.71,-36.13,-1019.53,-0.37,2.05,-0.68,0.15,8.10,-61.80,35.7
2026/04/20 22:45:48.21,IMU,-173.34,-17.09,-1004.39,-0.62,0.76,0.49,1.05,7.95,-63.75,35.8
2026/04/20 22:45:48.32,IMU,-160.16,-29.79,-1017.58,-0.21,0.89,-1.98,0.30,6.75,-61.95,35.4
2026/04/20 22:45:48.42,IMU,-163.57,-21.00,-1017.09,-0.68,-0.71,0.47,-1.05,7.50,-61.95,35.7
2026/04/20 22:45:48.53,IMU,-155.27,-35.64,-1000.98,-0.66,0.81,-1.45,-1.05,7.20,-63.45,35.6
2026/04/20 22:45:48.63,IMU,-152.83,-16.11,-1008.79,-1.01,0.79,-0.22,0.00,6.45,-62.40,35.9
2026/04/20 22:45:48.73,IMU,-166.50,-30.76,-1018.07,-0.33,0.92,1.40,-0.15,7.65,-63.60,35.9
2026/04/20 22:45:48.83,IMU,-164.06,-3.42,-1004.88,-0.14,-0.31,0.73,-0.30,8.25,-63.15,35.6
2026/04/20 22:45:48.93,IMU,-160.16,-25.88,-1003.91,-0.66,1.37,1.30,-0.15,7.35,-61.80,35.9
2026/04/20 22:45:49.03,IMU,-156.74,-35.64,-1021.00,-0.24,1.35,1.56,-0.60,7.20,-61.95,35.9
2026/04/20 22:45:49.13,IMU,-162.60,-32.71,-1001.46,0.44,0.19,0.58,-0.45,8.85,-62.85,35.7
2026/04/20 22:45:49.23,IMU,-170.41,-19.53,-1007.32,0.23,-0.98,-0.08,0.00,7.20,-63.15,35.7
2026/04/20 22:45:49.33,IMU,-167.48,-34.67,-1019.04,-0.04,1.27,-0.06,0.15,7.35,-62.25,35.8
2026/04/20 22:45:49.43,IMU,-161.13,-21.97,-1014.16,0.98,0.30,0.69,0.30,6.75,-63.15,36.1
2026/04/20 22:45:49.53,IMU,-182.13,-14.16,-999.02,-0.55,2.21,-2.31,0.30,6.00,-62.70,35.9
2026/04/20 22:45:49.63,IMU,-187.99,-25.39,-1003.91,-0.46,-1.21,-0.14,-0.15,8.40,-62.85,35.8
2026/04/20 22:45:49.73,IMU,-164.55,-29.79,-1012.21,0.79,0.58,0.41,-0.15,6.90,-64.35,35.9
2026/04/20 22:45:49.83,IMU,-165.53,-32.23,-993.16,-0.05,0.97,0.30,-1.20,7.35,-63.30,35.9
2026/04/20 22:45:49.94,IMU,-178.22,-26.86,-1006.35,-1.21,1.32,2.64,0.45,6.90,-62.85,35.9
2026/04/20 22:45:50.04,IMU,-176.27,-30.76,-1018.55,-1.11,3.53,2.92,0.60,8.70,-63.15,35.9
2026/04/20 22:45:50.14,IMU,-165.53,-23.44,-1013.67,-1.44,2.11,-1.35,0.15,6.60,-63.30,35.7
2026/04/20 22:45:50.24,IMU,-167.48,-28.81,-1021.97,0.98,1.18,-2.50,0.15,8.85,-64.65,36.0
2026/04/20 22:45:50.34,IMU,-162.60,-26.37,-1006.35,1.27,1.12,-3.85,0.30,6.45,-63.15,36.1
2026/04/20 22:45:50.44,IMU,-161.13,-21.00,-1002.44,0.49,1.74,1.36,-1.65,7.35,-62.85,35.9
2026/04/20 22:45:50.54,IMU,-162.11,-39.06,-1011.72,-1.05,-1.41,1.64,0.15,8.10,-63.30,35.9
2026/04/20 22:45:50.64,IMU,-156.25,-24.90,-1004.39,-0.59,-0.95,-0.60,-1.05,6.75,-63.15,35.7
2026/04/20 22:45:50.74,IMU,-156.74,-24.41,-1012.70,1.27,-1.31,-2.35,0.60,7.20,-64.20,36.2
2026/04/20 22:45:50.84,IMU,-162.60,-29.79,-1008.79,1.05,-1.28,1.80,0.30,6.45,-61.65,36.2
2026/04/20 22:45:50.94,IMU,-172.36,-23.93,-1005.37,0.39,1.51,-0.85,-0.90,7.65,-62.55,36.2
2026/04/20 22:45:51.04,IMU,-159.67,-31.74,-1007.32,1.05,-0.14,2.15,0.15,7.35,-64.35,35.9
2026/04/20 22:45:51.14,IMU,-167.48,-9.77,-1025.39,-0.57,2.67,-0.14,-0.60,6.75,-62.70,36.0
2026/04/20 22:45:51.24,IMU,-173.83,-27.34,-1014.65,1.18,-0.64,-2.69,-0.45,8.40,-62.55,35.7
2026/04/20 22:45:51.35,IMU,-181.64,-22.95,-996.09,0.17,0.32,0.53,-0.15,8.85,-63.30,36.4
2026/04/20 22:45:51.45,IMU,-166.99,-30.76,-1010.25,-1.76,1.66,0.48,-0.45,7.65,-62.55,36.1
2026/04/20 22:45:51.55,IMU,-166.99,-14.16,-1012.70,-1.05,2.30,0.61,-0.30,8.25,-63.15,36.1
2026/04/20 22:45:51.65,IMU,-172.36,-40.04,-1007.81,-0.50,2.68,-1.45,-1.65,7.35,-61.80,35.9
2026/04/20 22:45:51.75,IMU,-157.23,-41.50,-1012.21,0.92,-2.07,0.92,0.00,8.70,-64.20,36.0
2026/04/20 22:45:51.85,IMU,-159.67,-15.63,-1008.30,2.52,-1.34,1.47,-0.30,6.45,-61.35,35.9
2026/04/20 22:45:51.95,IMU,-168.46,-21.00,-1010.74,-0.08,1.11,0.82,-1.05,8.25,-61.65,36.1
2026/04/20 22:45:52.05,IMU,-185.06,-29.30,-1013.67,0.31,3.71,-1.27,-3.30,3.75,-57.75,36.1
2026/04/20 22:45:52.15,IMU,-158.69,-24.41,-1014.16,0.09,0.35,-0.38,-0.30,7.20,-64.20,35.9
2026/04/20 22:45:52.25,IMU,-162.60,-12.70,-996.09,-1.37,1.08,-0.27,-0.60,7.50,-62.70,36.1
2026/04/20 22:45:52.35,IMU,-161.62,-32.71,-1008.79,1.31,-0.94,-1.68,0.15,7.35,-62.55,36.0
2026/04/20 22:45:52.45,IMU,-157.71,-38.57,-1013.18,0.53,-0.47,-0.63,0.00,8.70,-62.70,35.9
2026/04/20 22:45:52.56,IMU,-174.80,-37.60,-1010.25,0.62,-0.49,-1.36,0.30,7.20,-64.20,36.0
2026/04/20 22:45:52.66,IMU,-178.22,-30.76,-988.28,-1.56,-0.82,1.01,0.15,7.35,-62.85,35.9
2026/04/20 22:45:52.76,IMU,-152.83,-26.37,-998.54,-0.42,-0.45,-3.08,0.30,9.00,-63.15,36.1
2026/04/20 22:45:52.86,IMU,-166.02,-39.55,-1010.25,0.24,2.24,-0.28,-1.05,8.25,-63.75,36.1
2026/04/20 22:45:52.96,IMU,-165.04,-31.25,-1021.97,-0.25,3.60,0.86,-0.30,6.75,-64.20,35.9
2026/04/20 22:45:53.07,IMU,-167.97,-25.88,-1009.77,1.38,-0.73,-0.89,0.00,6.75,-63.15,36.2
2026/04/20 22:45:53.17,IMU,-175.78,-19.04,-1009.77,1.56,-2.17,1.34,-0.45,6.90,-64.35,36.1
2026/04/20 22:45:53.27,IMU,-181.15,-21.48,-1011.23,0.37,0.68,-0.21,-0.60,7.50,-62.40,35.8
2026/04/20 22:45:53.37,IMU,-159.18,-37.11,-1017.58,-1.40,0.82,-2.56,-1.20,8.10,-64.35,36.2
2026/04/20 22:45:53.47,IMU,-192.87,-30.27,-1011.72,-0.32,-1.89,0.91,-1.80,7.95,-61.35,36.2
2026/04/20 22:45:53.57,IMU,-164.06,-31.74,-999.02,0.44,0.66,-2.39,0.15,6.90,-63.60,36.1
2026/04/20 22:45:53.67,IMU,-177.25,-20.51,-1007.32,0.21,1.08,-0.14,0.15,6.90,-63.30,35.9
2026/04/20 22:45:53.77,IMU,-172.85,-26.37,-1014.16,1.13,1.13,1.92,0.60,8.70,-62.70,35.9
2026/04/20 22:45:53.87,IMU,-163.09,-16.60,-1003.91,-1.30,1.32,0.61,1.20,8.40,-64.35,35.9
2026/04/20 22:45:53.97,IMU,-164.55,-33.69,-1018.07,1.20,0.80,-0.15,0.30,7.95,-64.20,36.1
2026/04/20 22:45:54.07,IMU,-179.20,-16.60,-1009.77,0.63,1.37,2.01,-0.30,6.75,-63.15,35.9
2026/04/20 22:45:54.17,IMU,-170.90,-17.09,-1015.14,-0.48,1.72,0.73,0.60,6.45,-64.50,36.0
2026/04/20 22:45:54.28,IMU,-173.34,-32.23,-1012.70,-0.37,-0.72,-0.64,-0.15,8.10,-63.60,36.0
2026/04/20 22:45:54.38,IMU,-173.34,-17.58,-1022.46,-1.04,2.01,-0.63,-0.30,8.70,-64.20,36.1
2026/04/20 22:45:54.48,IMU,-165.53,-31.25,-1012.70,-0.79,-0.79,3.91,-2.85,6.75,-61.35,36.0
2026/04/20 22:45:54.58,IMU,-172.36,-31.25,-1001.46,-0.43,0.36,-2.88,-0.15,8.40,-64.35,36.3
2026/04/20 22:45:54.68,IMU,-167.48,-41.02,-1015.63,-0.64,0.42,0.38,0.90,6.90,-63.30,36.3
2026/04/20 22:45:54.78,IMU,-170.90,-23.93,-1010.25,0.70,-1.87,-0.83,-0.15,8.40,-64.05,35.9
2026/04/20 22:45:54.88,IMU,-185.55,-28.81,-1012.70,-0.21,0.29,-0.17,-1.65,7.35,-63.60,35.9
2026/04/20 22:45:54.98,IMU,-175.78,-23.44,-1021.48,1.79,0.20,0.75,-0.15,8.40,-62.55,35.9
2026/04/20 22:45:55.08,IMU,-167.48,-23.93,-1005.37,0.00,1.69,0.79,-1.05,7.95,-61.65,35.8
2026/04/20 22:45:55.18,IMU,-168.46,-26.37,-1004.39,-1.85,0.01,0.04,-1.35,7.50,-63.45,36.1
2026/04/20 22:45:55.28,IMU,-177.73,-17.58,-1007.81,-0.63,-0.76,-0.56,-0.45,7.65,-62.85,36.0
2026/04/20 22:45:55.38,IMU,-181.64,-19.04,-1022.95,0.36,0.40,-2.24,0.00,7.50,-62.70,36.1
2026/04/20 22:45:55.49,IMU,-168.95,-34.18,-1041.50,-0.80,1.44,-0.08,-2.70,4.35,-58.95,35.7
2026/04/20 22:45:55.59,IMU,-163.57,-34.18,-1013.18,-1.38,0.40,0.44,-0.45,7.35,-63.30,35.9
2026/04/20 22:45:55.69,IMU,-171.39,-32.23,-1016.60,0.49,3.23,1.69,0.15,6.60,-63.30,36.1
2026/04/20 22:45:55.79,IMU,-161.13,-12.21,-1016.60,1.31,-2.34,1.51,-0.15,7.65,-61.50,35.9
2026/04/20 22:45:55.90,IMU,-165.53,-20.51,-1006.84,-1.50,2.34,1.29,0.60,7.20,-63.45,35.9
2026/04/20 22:45:56.00,IMU,-174.80,-28.81,-1001.95,0.27,0.64,0.33,-0.15,7.35,-62.55,36.1
2026/04/20 22:45:56.10,IMU,-162.60,-36.62,-1022.46,1.31,-0.86,0.30,-1.05,7.20,-63.45,35.9
2026/04/20 22:45:56.20,IMU,-159.18,-30.76,-1017.58,-1.41,2.27,-0.05,-0.45,6.90,-64.05,36.0
2026/04/20 22:45:56.30,IMU,-154.30,-29.30,-1015.14,0.88,1.07,-1.56,0.30,9.00,-63.15,36.1
2026/04/20 22:45:56.40,IMU,-161.13,-27.34,-1010.25,-0.05,2.91,0.49,1.05,6.75,-62.40,36.2
2026/04/20 22:45:56.51,IMU,-160.16,-28.81,-1019.53,0.51,-0.75,0.48,-4.20,5.40,-56.40,36.1
2026/04/20 22:45:56.61,IMU,-170.90,-32.23,-1013.18,-1.47,2.44,-0.59,-0.60,7.20,-62.70,36.2
2026/04/20 22:45:56.71,IMU,-180.66,-37.60,-1015.63,0.79,1.90,-1.58,0.60,8.25,-62.70,36.2
2026/04/20 22:45:56.81,IMU,-161.13,-25.39,-1013.67,0.24,2.66,0.51,0.30,7.50,-63.75,36.3
2026/04/20 22:45:56.91,IMU,-159.67,-28.32,-1009.28,-1.54,-0.95,-1.73,-0.45,6.90,-62.55,36.1
2026/04/20 22:45:57.01,IMU,-168.95,-13.67,-1019.53,0.03,-2.93,0.14,0.30,8.70,-62.70,36.5
2026/04/20 22:45:57.11,IMU,-166.02,-13.18,-1008.30,1.32,0.02,-1.06,-0.60,6.00,-62.70,36.2
2026/04/20 22:45:57.21,IMU,-153.32,-23.44,-1016.11,1.27,-0.15,-2.85,-0.60,7.95,-63.45,36.4
2026/04/20 22:45:57.31,IMU,-152.83,-29.79,-1008.30,-1.05,-1.98,1.19,-0.15,8.85,-64.05,36.3
2026/04/20 22:45:57.41,IMU,-177.25,-28.32,-1005.37,0.82,-0.35,3.11,-0.15,8.40,-63.60,36.1
2026/04/20 22:45:57.52,IMU,-190.43,-15.14,-1023.93,-1.13,0.07,-1.36,0.45,6.90,-63.60,36.0
2026/04/20 22:45:57.62,IMU,-156.25,-27.34,-1000.49,0.60,0.78,-1.19,0.45,6.15,-62.55,36.4
2026/04/20 22:45:57.72,IMU,-162.60,-17.09,-1009.28,-0.46,0.85,-1.75,-0.60,7.50,-63.75,36.2
2026/04/20 22:45:57.82,IMU,-160.16,-17.09,-1009.77,-0.18,-1.09,0.68,0.00,8.25,-63.15,36.3
2026/04/20 22:45:57.92,IMU,-173.83,-15.14,-1000.00,1.46,0.31,-0.59,-1.35,7.20,-62.40,36.3
2026/04/20 22:45:58.02,IMU,-170.41,-32.23,-1020.02,-0.53,1.79,0.59,0.30,6.45,-63.15,36.2
2026/04/20 22:45:58.12,IMU,-172.85,-28.32,-1013.67,-0.75,0.88,-1.01,-0.90,8.40,-63.30,36.5
2026/04/20 22:45:58.22,IMU,-163.09,-37.11,-1015.14,-0.21,1.51,-0.63,-0.15,8.10,-61.50,36.5
2026/04/20 22:45:58.32,IMU,-164.55,-36.13,-998.54,-0.31,-0.09,0.05,0.30,8.70,-63.15,36.5
2026/04/20 22:45:58.42,IMU,-177.25,-21.48,-1006.84,0.54,-2.43,-0.69,0.00,8.70,-63.15,36.4
2026/04/20 22:45:58.52,IMU,-170.41,-28.32,-1017.09,-0.59,-1.75,0.02,0.45,7.35,-63.60,36.3
2026/04/20 22:45:58.62,IMU,-158.20,-43.46,-1017.09,0.00,0.75,0.59,0.60,8.70,-61.95,36.5
2026/04/20 22:45:58.72,IMU,-159.18,-26.86,-1006.35,-2.51,2.87,-0.42,0.45,6.90,-62.85,36.1
2026/04/20 22:45:58.83,IMU,-153.81,-18.07,-1015.63,0.34,-1.31,0.79,-0.15,6.90,-62.85,36.7
2026/04/20 22:45:58.93,IMU,-169.92,-15.63,-1013.18,0.27,0.82,-1.08,0.45,7.35,-62.55,36.5
2026/04/20 22:45:59.03,IMU,-171.88,-30.27,-1005.37,-1.17,1.38,1.93,-1.80,8.25,-62.70,36.5
2026/04/20 22:45:59.13,IMU,-163.09,-28.81,-1008.30,-0.74,0.22,-0.97,0.00,7.20,-65.25,36.1
2026/04/20 22:45:59.23,IMU,-164.06,-16.60,-1014.16,1.21,0.40,0.19,1.05,7.95,-63.15,36.3
2026/04/20 22:45:59.33,IMU,-175.29,-32.71,-1012.21,0.26,0.76,3.12,0.15,7.35,-62.85,36.5
2026/04/20 22:45:59.43,IMU,-161.62,-28.81,-1014.16,0.02,-0.24,0.42,-0.60,6.75,-63.15,36.5
2026/04/20 22:45:59.53,IMU,-167.97,-41.50,-1003.91,0.30,0.85,-0.96,0.15,7.35,-63.60,36.5
2026/04/20 22:45:59.63,IMU,-170.90,-26.37,-1000.49,-0.05,0.35,1.95,1.05,6.45,-63.75,36.3
2026/04/20 22:45:59.73,IMU,-162.60,-33.20,-1005.86,0.38,0.69,1.32,0.30,8.25,-63.45,36.3
2026/04/20 22:45:59.83,IMU,-153.32,-32.23,-1020.02,1.28,0.70,2.07,0.15,8.10,-62.55,36.5
2026/04/20 22:45:59.93,IMU,-153.81,-12.21,-1019.04,0.47,-0.53,1.77,-0.60,6.45,-62.40,36.5
2026/04/20 22:46:00.03,IMU,-163.57,-33.20,-1008.79,-0.06,0.12,-2.18,-0.90,7.65,-62.85,36.5
2026/04/20 22:46:00.13,IMU,-172.36,-40.04,-1007.81,0.86,1.03,-1.19,-0.45,7.35,-64.05,36.5
2026/04/20 22:46:00.24,IMU,-160.64,-30.76,-1010.25,0.89,-1.81,-0.52,0.15,7.65,-64.35,36.2
2026/04/20 22:46:00.34,IMU,-180.66,-26.37,-1012.70,-0.16,0.98,0.23,0.60,7.95,-63.45,36.7
2026/04/20 22:46:00.44,IMU,-165.53,-25.88,-1019.53,0.71,1.73,-1.05,-0.30,6.00,-62.40,36.5
2026/04/20 22:46:00.54,IMU,-168.46,-30.76,-1012.21,-1.05,0.50,0.35,-1.65,6.90,-62.85,36.8
2026/04/20 22:46:00.64,IMU,-175.78,-33.20,-1007.32,1.18,-0.20,2.02,0.00,7.20,-63.75,36.1
2026/04/20 22:46:00.74,IMU,-170.41,-30.27,-1014.16,0.60,-0.52,-2.70,0.30,8.70,-63.15,36.4
2026/04/20 22:46:00.84,IMU,-167.97,-29.79,-1010.25,0.72,0.39,-0.20,-0.45,6.15,-63.60,36.5
2026/04/20 22:46:00.94,IMU,-164.06,-32.23,-1021.00,-0.49,0.37,-1.18,0.00,7.20,-63.45,36.7
2026/04/20 22:46:01.04,IMU,-156.74,-21.00,-1008.79,-1.43,1.49,3.55,-0.30,6.45,-61.65,36.5
2026/04/20 22:46:01.14,IMU,-176.76,-16.60,-1017.58,-0.53,-0.48,-1.56,0.45,8.40,-62.85,36.5
2026/04/20 22:46:01.24,IMU,-152.83,-39.06,-1013.18,-1.36,0.15,3.80,0.15,8.10,-62.85,36.3
2026/04/20 22:46:01.34,IMU,-167.48,-33.20,-998.05,-0.11,0.22,-0.95,0.30,8.70,-62.70,36.2
2026/04/20 22:46:01.44,IMU,-172.85,-21.48,-1015.14,-1.39,0.78,-1.85,-0.15,8.40,-62.85,36.5
2026/04/20 22:46:01.55,IMU,-157.71,-21.48,-1005.86,0.71,1.80,0.99,0.30,7.95,-64.20,36.3
2026/04/20 22:46:01.65,IMU,-165.53,-22.95,-999.51,-1.49,-0.08,0.69,-3.60,5.55,-58.80,36.2
2026/04/20 22:46:01.75,IMU,-161.13,-31.74,-999.51,2.32,-0.67,1.34,0.90,6.90,-63.30,36.5
2026/04/20 22:46:01.85,IMU,-167.48,-24.41,-1019.04,0.95,0.52,-0.44,-1.35,7.20,-61.95,36.5
2026/04/20 22:46:01.95,IMU,-159.67,-36.13,-1012.21,-0.58,1.11,0.08,-0.15,8.40,-62.55,36.5
2026/04/20 22:46:02.06,IMU,-166.02,-35.64,-1005.37,1.40,0.31,-0.95,-0.45,9.30,-62.85,36.5
2026/04/20 22:46:02.16,IMU,-159.18,-39.55,-1007.32,1.10,1.60,0.52,-0.45,6.15,-61.80,36.7
2026/04/20 22:46:02.26,IMU,-175.78,-27.83,-1014.65,0.67,0.73,0.36,1.05,7.20,-64.50,36.5
2026/04/20 22:46:02.36,IMU,-176.27,-37.11,-1010.25,1.35,-1.66,1.17,1.05,6.75,-63.15,36.5
2026/04/20 22:46:02.46,IMU,-163.57,-32.71,-1021.00,2.22,2.35,-2.19,-0.30,7.50,-62.70,36.3
2026/04/20 22:46:02.56,IMU,-173.83,-22.46,-1013.67,1.33,-0.52,-2.56,-0.90,7.35,-62.85,36.5
2026/04/20 22:46:02.67,IMU,-166.02,-23.93,-1011.72,1.50,1.58,-1.61,-2.85,6.00,-58.05,36.6
2026/04/20 22:46:02.77,IMU,-162.11,-23.44,-1018.07,-0.53,0.86,-0.58,0.30,8.25,-62.70,36.7
2026/04/20 22:46:02.87,IMU,-156.25,-29.79,-1014.65,-0.60,-0.56,2.28,0.30,8.25,-64.95,36.4
2026/04/20 22:46:02.97,IMU,-171.39,-28.32,-1015.63,0.46,-0.76,2.66,-0.30,8.70,-61.95,36.6
2026/04/20 22:46:03.07,IMU,-174.32,-37.60,-1003.91,2.48,-1.60,-3.45,0.30,6.45,-63.15,36.6
2026/04/20 22:46:03.17,IMU,-175.78,-20.51,-1018.55,0.96,0.80,1.28,0.15,8.10,-63.60,36.5
2026/04/20 22:46:03.27,IMU,-168.95,-31.25,-1007.32,-0.31,-2.15,-0.93,1.20,7.65,-64.05,36.5
2026/04/20 22:46:03.37,IMU,-163.57,-39.55,-1018.55,-1.24,-0.18,-0.13,0.45,8.40,-64.35,36.5
2026/04/20 22:46:03.47,IMU,-162.60,-19.53,-1009.28,1.84,-1.42,0.53,0.45,7.35,-64.05,36.5
2026/04/20 22:46:03.57,IMU,-177.73,-22.95,-1011.23,-0.15,-0.50,-2.56,-1.20,6.60,-62.55,36.6
2026/04/20 22:46:03.68,IMU,-170.41,-10.74,-1013.67,-0.33,0.23,-0.23,-2.10,4.50,-59.10,36.5
2026/04/20 22:46:03.78,IMU,-168.46,-23.93,-1005.86,-1.53,-0.87,0.79,0.45,6.60,-62.85,36.6
2026/04/20 22:46:03.88,IMU,-170.41,-38.57,-1005.86,-0.82,-0.16,1.56,1.35,7.20,-63.15,36.5
2026/04/20 22:46:03.98,IMU,-159.67,-18.55,-999.51,-0.65,0.18,0.73,-1.35,8.25,-63.15,36.5
2026/04/20 22:46:04.08,IMU,-164.55,-21.97,-1017.09,-0.37,-0.05,0.94,-0.90,6.60,-63.30,36.1
2026/04/20 22:46:04.18,IMU,-159.67,-25.88,-1021.97,-0.23,0.38,4.70,-0.60,6.00,-63.45,36.7
2026/04/20 22:46:04.28,IMU,-170.90,-35.64,-1023.44,-0.86,2.28,2.57,0.60,7.95,-61.95,36.7
2026/04/20 22:46:04.38,IMU,-163.57,-15.63,-1008.79,0.24,0.03,0.49,0.30,7.50,-62.70,36.5
2026/04/20 22:46:04.48,IMU,-175.78,-23.93,-1020.51,0.15,-0.31,2.23,-2.25,7.35,-62.85,36.5
2026/04/20 22:46:04.58,IMU,-184.08,-9.77,-1006.35,-0.68,2.64,0.46,-1.05,7.20,-63.75,36.3
2026/04/20 22:46:04.68,IMU,-150.88,-32.71,-1019.04,1.66,0.47,-0.35,0.15,6.90,-62.25,36.5
2026/04/20 22:46:04.79,IMU,-170.90,-18.55,-1018.55,0.31,0.65,0.50,0.60,8.70,-62.70,36.5
2026/04/20 22:46:04.90,IMU,-167.48,-22.46,-1014.65,-0.37,-0.17,0.98,-1.65,6.15,-63.30,36.4
2026/04/20 22:46:05.00,IMU,-155.27,-33.69,-1006.84,0.16,0.60,1.60,-0.60,6.75,-61.35,36.7
2026/04/20 22:46:05.10,IMU,-166.50,-35.16,-1021.97,-0.40,2.39,1.53,0.00,7.20,-62.40,36.6
2026/04/20 22:46:05.20,IMU,-162.60,-35.16,-996.58,-2.36,1.94,-0.68,-0.45,6.60,-62.55,36.6
2026/04/20 22:46:05.30,IMU,-166.50,-26.86,-1021.48,-0.42,1.66,0.94,0.30,6.00,-63.75,36.6
2026/04/20 22:46:05.40,IMU,-167.97,-38.09,-1016.60,-0.21,0.70,-2.22,0.15,7.65,-62.55,36.6
2026/04/20 22:46:05.50,IMU,-168.46,-29.79,-1015.63,0.34,-0.95,0.65,0.15,8.10,-64.35,36.5
2026/04/20 22:46:05.60,IMU,-178.71,-30.76,-1017.58,-1.97,0.77,-0.67,1.05,8.25,-63.15,36.8
2026/04/20 22:46:05.70,IMU,-161.62,-32.71,-1011.72,1.37,0.08,0.41,0.00,7.95,-63.75,36.8
2026/04/20 22:46:05.80,IMU,-166.02,-31.25,-1006.35,-0.74,-1.05,-1.50,-0.45,7.35,-62.25,36.2
2026/04/20 22:46:05.90,IMU,-180.18,-25.88,-1020.02,1.11,-0.43,1.11,-0.30,9.75,-64.20,36.5
2026/04/20 22:46:06.00,IMU,-168.95,-18.55,-1005.86,1.14,-1.40,-0.32,1.20,8.85,-62.55,36.7
2026/04/20 22:46:06.11,IMU,-172.85,-16.11,-1007.81,1.36,0.60,1.53,-0.15,7.65,-62.25,36.5
2026/04/20 22:46:06.21,IMU,-172.85,-26.37,-1004.88,0.05,0.44,-1.27,-0.30,8.25,-63.15,36.3
2026/04/20 22:46:06.31,IMU,-167.97,-16.60,-1024.41,0.37,2.60,0.87,0.90,8.10,-62.55,36.5
2026/04/20 22:46:06.41,IMU,-176.27,-28.32,-1023.93,-0.68,2.83,2.66,0.00,9.00,-61.65,36.5
2026/04/20 22:46:06.51,IMU,-164.06,-28.32,-1018.55,0.39,0.53,-0.92,-0.30,7.95,-63.15,36.6
2026/04/20 22:46:06.61,IMU,-154.30,-18.07,-1014.65,0.21,-0.20,1.21,1.80,6.75,-62.70,36.6
2026/04/20 22:46:06.71,IMU,-173.83,-23.93,-1016.60,0.63,0.87,0.85,0.00,7.50,-62.70,36.5
2026/04/20 22:46:06.81,IMU,-166.99,-16.60,-1008.30,0.15,-2.15,-0.49,1.35,8.25,-64.50,36.8
2026/04/20 22:46:06.91,IMU,-169.92,-30.76,-1019.04,0.11,0.40,0.09,-0.90,8.10,-62.25,36.8
2026/04/20 22:46:07.01,IMU,-169.43,-22.46,-1000.49,1.18,0.82,0.15,0.90,8.40,-63.60,36.8
2026/04/20 22:46:07.11,IMU,-178.22,-40.53,-1021.48,0.02,2.15,0.67,-0.45,7.35,-61.50,36.8
2026/04/20 22:46:07.21,IMU,-173.83,-30.27,-1007.81,-1.91,-1.08,1.19,0.30,7.50,-63.15,36.8
2026/04/20 22:46:07.31,IMU,-177.25,-24.41,-1022.46,0.60,-1.11,-0.58,1.20,6.90,-61.80,36.8
2026/04/20 22:46:07.42,IMU,-167.97,-28.32,-1010.74,0.25,-0.29,-1.66,0.60,7.95,-63.45,36.6
2026/04/20 22:46:07.52,IMU,-163.57,-22.95,-1017.09,1.02,2.63,-1.23,0.15,7.65,-62.25,36.5
2026/04/20 22:46:07.62,IMU,-160.16,-19.53,-1000.49,-0.60,-2.61,1.38,-1.05,7.50,-63.45,36.8
2026/04/20 22:46:07.72,IMU,-173.83,-30.27,-1018.55,0.08,-0.85,-1.12,-0.60,8.70,-61.95,36.8
2026/04/20 22:46:07.82,IMU,-162.60,-27.83,-1009.77,0.76,-0.27,0.24,1.80,7.95,-63.15,36.8
2026/04/20 22:46:07.92,IMU,-170.90,-29.30,-1025.88,-1.95,0.87,2.29,-0.60,6.75,-63.15,36.8
2026/04/20 22:46:08.02,IMU,-160.16,-33.20,-1000.00,1.52,-0.41,-0.11,-1.05,5.55,-61.65,36.8
2026/04/20 22:46:08.12,IMU,-164.55,-27.34,-1013.67,0.02,-0.88,-0.73,-0.60,7.20,-63.75,36.8
2026/04/20 22:46:08.22,IMU,-167.48,-30.76,-1006.35,-0.50,-0.95,-0.53,-0.60,7.50,-63.15,36.8
2026/04/20 22:46:08.32,IMU,-171.88,-30.27,-1003.42,-0.95,-1.98,0.14,-0.90,5.85,-64.05,36.5
2026/04/20 22:46:08.42,IMU,-165.04,-16.11,-1007.81,-0.45,-0.19,0.94,0.00,6.75,-63.45,36.8
2026/04/20 22:46:08.52,IMU,-166.02,-28.81,-1023.44,2.14,1.14,0.89,0.30,8.25,-63.45,36.8
2026/04/20 22:46:08.62,IMU,-170.90,-21.00,-1017.09,-0.35,-1.45,0.82,0.00,8.25,-64.20,36.8
2026/04/20 22:46:08.73,IMU,-172.85,-22.95,-1019.04,1.34,-0.42,-0.56,0.45,7.65,-63.60,36.8
2026/04/20 22:46:08.83,IMU,-166.02,-21.97,-1019.53,-1.74,-2.44,0.02,1.20,6.60,-63.60,36.9
2026/04/20 22:46:08.93,IMU,-150.88,-32.71,-1013.67,0.27,-0.47,1.06,-0.15,7.65,-62.55,36.8
2026/04/20 22:46:09.03,IMU,-178.71,-23.93,-1012.70,-1.40,0.47,1.56,0.30,6.75,-63.15,36.9
2026/04/20 22:46:09.13,IMU,-171.88,-24.90,-1011.23,-0.12,-2.64,0.24,-1.20,9.30,-62.55,37.0
2026/04/20 22:46:09.23,IMU,-167.48,-28.32,-997.07,1.69,2.08,-2.14,-1.65,8.10,-62.85,36.7
2026/04/20 22:46:09.33,IMU,-181.64,-36.62,-1015.63,-0.37,0.75,-0.02,-0.15,9.60,-63.60,36.9
2026/04/20 22:46:09.43,IMU,-166.02,-28.81,-1014.16,1.73,0.27,3.82,-1.05,5.55,-61.35,37.0
2026/04/20 22:46:09.53,IMU,-174.32,-36.13,-1008.30,0.55,0.80,1.83,-0.45,8.85,-64.65,37.0
2026/04/20 22:46:09.63,IMU,-164.06,-21.48,-993.16,0.74,0.31,-0.11,0.30,8.70,-62.70,36.9
2026/04/20 22:46:09.73,IMU,-163.57,-42.97,-1007.81,-0.26,-1.76,0.86,-2.10,8.25,-64.20,36.9
2026/04/20 22:46:09.83,IMU,-169.43,-31.25,-1014.65,-0.52,1.08,2.29,-2.85,6.00,-59.10,37.0
2026/04/20 22:46:09.93,IMU,-163.09,-25.39,-1012.70,-1.63,-0.84,0.07,-0.15,6.15,-64.05,36.8
2026/04/20 22:46:10.03,IMU,-176.27,-20.51,-1015.14,3.50,-1.69,0.73,-0.15,7.65,-63.60,36.8
2026/04/20 22:46:10.14,IMU,-166.50,-35.16,-1003.91,1.04,-0.76,-0.68,0.00,7.50,-62.40,36.8
2026/04/20 22:46:10.24,IMU,-160.16,-21.00,-1021.00,0.12,2.91,-1.44,-0.30,7.50,-63.15,36.8
2026/04/20 22:46:10.34,IMU,-158.69,-26.37,-1007.81,-0.73,-0.05,-0.22,-0.15,8.40,-62.85,36.8
2026/04/20 22:46:10.44,IMU,-172.85,-14.65,-1016.60,0.94,1.87,1.24,-0.90,7.35,-63.30,37.0
2026/04/20 22:46:10.54,IMU,-167.48,-29.79,-1017.09,1.04,1.31,1.63,0.15,7.35,-62.55,37.0
2026/04/20 22:46:10.64,IMU,-161.62,-21.00,-1012.70,-0.91,-2.31,0.38,1.05,6.75,-62.70,37.1
2026/04/20 22:46:10.74,IMU,-175.78,-37.60,-1016.60,-2.15,1.98,0.35,1.20,7.65,-62.85,37.0
2026/04/20 22:46:10.84,IMU,-171.88,-21.00,-1011.23,0.50,-1.24,-0.16,0.45,8.40,-62.55,37.0
2026/04/20 22:46:10.94,IMU,-177.73,-33.69,-1021.97,-0.85,0.28,-0.85,-0.30,7.20,-63.45,36.9
2026/04/20 22:46:11.06,IMU,-170.90,-25.88,-1017.58,-0.41,0.67,1.81,1.35,6.45,-62.70,36.8
2026/04/20 22:46:11.16,IMU,-154.30,-31.25,-1014.16,-1.18,0.58,0.85,1.05,7.20,-63.45,37.2
2026/04/20 22:46:11.26,IMU,-164.55,-30.76,-1017.09,-0.50,0.59,-1.01,1.65,9.30,-62.55,37.0
2026/04/20 22:46:11.36,IMU,-176.76,-21.48,-1018.55,-0.74,-0.69,-2.43,0.00,8.25,-62.40,36.7
2026/04/20 22:46:11.46,IMU,-166.50,-26.86,-1012.21,0.57,-0.40,-2.10,0.90,8.40,-62.85,36.8
2026/04/20 22:46:11.56,IMU,-173.83,-29.79,-1008.79,0.15,1.66,0.04,-0.60,7.20,-62.40,36.8
2026/04/20 22:46:11.66,IMU,-160.16,-29.30,-1012.21,1.70,0.15,-0.15,0.45,7.35,-62.25,36.8
2026/04/20 22:46:11.76,IMU,-169.92,-31.25,-1029.79,0.68,-0.08,-1.28,-0.90,6.90,-63.30,37.1
2026/04/20 22:46:11.86,IMU,-167.48,-30.76,-1004.39,0.80,-0.35,2.24,-3.75,5.40,-60.00,36.8
2026/04/20 22:46:11.96,IMU,-182.62,-21.48,-1021.00,-0.50,0.60,-2.98,-1.05,9.45,-62.70,36.8
2026/04/20 22:46:12.06,IMU,-168.95,-24.90,-1022.95,-0.79,0.80,-0.42,0.60,7.50,-64.20,36.8
2026/04/20 22:46:12.16,IMU,-171.88,-32.71,-1004.39,2.15,1.13,-1.24,-0.45,6.90,-61.80,37.0
2026/04/20 22:46:12.27,IMU,-169.92,-32.23,-1037.11,1.47,-0.95,2.68,0.00,7.95,-63.75,36.9
2026/04/20 22:46:12.37,IMU,-177.25,-28.32,-1015.14,0.49,3.53,-2.16,-0.60,8.25,-63.45,36.9
2026/04/20 22:46:12.47,IMU,-173.34,-21.97,-1023.44,-2.03,2.74,1.48,-0.15,8.40,-62.25,36.8
2026/04/20 22:46:12.57,IMU,-181.64,-35.64,-1020.51,-0.15,-0.75,0.12,0.15,5.85,-63.60,36.8
2026/04/20 22:46:12.67,IMU,-155.27,-21.00,-1016.60,-0.92,-0.56,0.34,0.60,8.70,-62.70,36.8
2026/04/20 22:46:12.77,IMU,-154.30,-19.53,-1020.02,1.27,0.44,-1.33,-0.60,7.95,-62.40,37.0
2026/04/20 22:46:12.87,IMU,-160.64,-34.67,-1013.67,0.27,-1.99,1.95,-0.30,9.00,-63.45,37.2
2026/04/20 22:46:12.97,IMU,-167.48,-17.58,-1021.48,0.61,-2.59,-2.17,-0.30,6.00,-61.65,37.0
2026/04/20 22:46:13.07,IMU,-173.83,-35.64,-1010.25,-0.18,2.14,3.07,0.30,7.50,-62.40,37.1
2026/04/20 22:46:13.17,IMU,-167.97,-31.74,-1009.77,0.04,-3.27,-0.61,-1.05,7.95,-61.95,36.9
2026/04/20 22:46:13.27,IMU,-181.15,-30.27,-1012.21,-0.93,1.06,0.31,-0.15,8.10,-63.60,37.1
2026/04/20 22:46:13.37,IMU,-152.34,-29.30,-1012.21,-0.78,-1.61,-0.89,0.90,7.35,-63.30,36.8
2026/04/20 22:46:13.47,IMU,-166.02,-11.72,-1010.25,2.02,1.08,-1.08,0.00,8.25,-62.40,36.8
2026/04/20 22:46:13.58,IMU,-162.11,-31.25,-1010.25,-0.89,2.78,-0.05,-0.30,6.75,-61.95,37.0
2026/04/20 22:46:13.68,IMU,-157.71,-33.69,-1013.67,0.28,0.54,-2.66,-1.65,7.35,-64.20,36.9
2026/04/20 22:46:13.78,IMU,-163.09,-37.60,-1028.32,0.05,0.08,1.40,-0.15,8.40,-62.25,36.9
2026/04/20 22:46:13.88,IMU,-185.55,-32.71,-1006.35,-1.18,-0.74,0.02,0.00,8.25,-61.95,36.9
2026/04/20 22:46:13.98,IMU,-171.39,-27.34,-1001.95,0.40,-0.06,1.00,0.90,7.65,-62.55,37.2
2026/04/20 22:46:14.09,IMU,-164.06,-45.41,-1014.65,-0.24,2.15,0.87,-1.35,7.50,-62.70,37.1
2026/04/20 22:46:14.19,IMU,-170.90,-16.60,-1008.79,0.56,1.35,-1.07,0.00,7.50,-64.20,37.1
2026/04/20 22:46:14.29,IMU,-168.46,-25.39,-1008.79,0.27,0.75,-0.85,-0.15,7.65,-62.55,36.9
2026/04/20 22:46:14.39,IMU,-167.97,-24.41,-1016.11,-0.89,-0.95,2.33,0.90,6.15,-62.25,37.0
2026/04/20 22:46:14.49,IMU,-164.06,-25.88,-1023.93,0.40,0.43,0.44,-0.60,7.50,-63.15,37.3
2026/04/20 22:46:14.59,IMU,-170.41,-19.53,-1009.28,2.34,1.46,1.70,0.15,8.10,-62.85,37.1
2026/04/20 22:46:14.69,IMU,-161.13,-17.58,-1015.63,-1.54,0.47,-1.20,-0.60,7.50,-63.75,36.8
2026/04/20 22:46:14.79,IMU,-176.27,-27.83,-1018.07,1.24,1.57,-1.25,0.00,7.50,-63.15,37.0
2026/04/20 22:46:14.89,IMU,-174.32,-25.39,-1017.09,-0.34,0.92,1.05,0.45,8.40,-62.85,37.1
2026/04/20 22:46:14.99,IMU,-166.02,-37.60,-1028.32,-1.15,-1.31,-0.26,0.60,7.20,-62.70,37.1
2026/04/20 22:46:15.09,IMU,-152.83,-32.23,-998.54,-0.26,1.10,1.60,0.00,7.50,-63.75,36.8
2026/04/20 22:46:15.19,IMU,-172.36,-26.86,-1009.28,-0.37,0.15,-0.50,0.00,7.95,-61.65,37.2
2026/04/20 22:46:15.29,IMU,-170.41,-26.86,-1016.11,0.08,1.42,-1.73,-0.15,6.90,-62.85,36.9
2026/04/20 22:46:15.40,IMU,-165.04,-15.14,-1024.41,0.18,-2.98,-2.31,-0.15,7.35,-63.60,37.3
2026/04/20 22:46:15.50,IMU,-167.48,-22.95,-1024.41,-2.46,0.98,0.30,0.15,8.10,-62.85,36.9
2026/04/20 22:46:15.60,IMU,-161.13,-20.51,-1017.09,0.10,-2.02,-0.91,0.15,7.35,-62.25,37.0
2026/04/20 22:46:15.70,IMU,-166.02,-39.06,-1033.20,1.34,1.01,-1.79,-0.15,6.60,-62.85,37.0
2026/04/20 22:46:15.80,IMU,-174.32,-16.60,-1013.18,-0.55,-0.67,0.39,-0.60,8.25,-64.20,36.8
2026/04/20 22:46:15.90,IMU,-175.78,-22.46,-1019.53,-0.22,0.01,1.33,-0.30,7.50,-62.40,37.0
2026/04/20 22:46:16.00,IMU,-176.27,-39.06,-1022.95,0.29,3.02,0.85,-0.45,9.60,-62.85,37.0
2026/04/20 22:46:16.10,IMU,-164.06,-26.37,-1001.95,1.86,-1.22,-1.55,0.15,8.10,-63.60,37.1
2026/04/20 22:46:16.20,IMU,-173.34,-35.16,-1009.77,-0.57,-0.09,0.75,-0.90,8.85,-62.25,37.3
2026/04/20 22:46:16.30,IMU,-171.39,-31.74,-1013.67,-0.23,-1.73,0.26,-2.55,7.95,-61.35,37.2
2026/04/20 22:46:16.40,IMU,-161.13,-18.55,-1026.86,0.76,2.84,0.73,0.30,7.95,-63.15,36.7
2026/04/20 22:46:16.50,IMU,-165.04,-15.63,-1010.25,-0.75,0.49,-0.26,-0.30,8.25,-63.45,37.0
2026/04/20 22:46:16.60,IMU,-179.69,-28.81,-1013.18,-1.15,0.57,-1.79,0.00,9.75,-63.15,37.2
2026/04/20 22:46:16.71,IMU,-176.76,-28.32,-1003.91,-1.75,-0.54,2.19,0.00,6.75,-62.40,37.3
2026/04/20 22:46:16.81,IMU,-168.95,-37.11,-1034.18,-0.20,-0.57,-2.47,-0.15,8.10,-62.55,37.2
2026/04/20 22:46:16.91,IMU,-161.13,-16.60,-1015.14,1.15,-0.13,-0.08,-0.60,8.70,-62.70,37.0
2026/04/20 22:46:17.01,IMU,-163.09,-25.88,-1019.53,1.05,-0.11,0.27,-1.95,7.35,-61.80,37.2
2026/04/20 22:46:17.11,IMU,-155.76,-18.07,-1026.37,-0.74,1.15,-0.74,0.30,7.50,-63.45,37.1
2026/04/20 22:46:17.21,IMU,-166.02,-22.46,-1011.72,0.27,1.53,-1.04,-0.30,8.70,-62.40,37.0
2026/04/20 22:46:17.31,IMU,-168.46,-31.74,-1018.55,-0.74,2.80,0.53,0.60,7.50,-64.20,36.8
2026/04/20 22:46:17.41,IMU,-171.39,-23.44,-1019.53,-0.46,0.09,-1.86,-0.45,8.40,-63.60,37.2
2026/04/20 22:46:17.51,IMU,-164.06,-20.51,-1011.23,-0.27,2.29,-2.11,0.15,6.60,-62.55,37.0
2026/04/20 22:46:17.61,IMU,-179.69,-26.86,-1020.51,0.64,-1.21,-1.84,0.30,6.75,-62.70,37.1
2026/04/20 22:46:17.71,IMU,-172.85,-27.83,-1018.07,-1.15,1.10,0.95,0.45,6.60,-62.25,37.3
2026/04/20 22:46:17.81,IMU,-165.04,-25.88,-1023.93,-0.24,-0.78,0.71,1.35,6.45,-61.35,36.8
2026/04/20 22:46:17.92,IMU,-178.22,-25.88,-1018.55,0.43,0.62,2.27,0.60,6.45,-63.60,36.9
2026/04/20 22:46:18.02,IMU,-164.55,-26.86,-1015.14,0.11,0.92,-1.14,-3.75,3.90,-58.65,37.3
2026/04/20 22:46:18.12,IMU,-175.29,-26.86,-1012.21,-0.70,0.09,-1.81,0.60,6.00,-63.45,37.0
2026/04/20 22:46:18.22,IMU,-179.69,-35.64,-1006.35,-0.02,-0.05,1.01,-1.20,7.65,-61.05,36.8
2026/04/20 22:46:18.32,IMU,-176.76,-31.74,-1021.00,-0.07,0.53,-0.57,0.90,6.15,-62.85,37.1
2026/04/20 22:46:18.42,IMU,-171.39,-41.50,-1011.72,0.79,-1.49,0.08,-0.15,7.35,-62.25,37.0
2026/04/20 22:46:18.52,IMU,-164.55,-17.09,-1018.55,-0.27,0.26,-1.79,0.00,6.75,-62.70,37.0
2026/04/20 22:46:18.62,IMU,-167.97,-31.74,-1014.16,0.19,-1.62,-2.02,0.15,6.90,-62.85,37.2
2026/04/20 22:46:18.72,IMU,-162.11,-20.51,-1008.79,0.17,0.69,0.17,-0.15,7.35,-62.85,36.9
2026/04/20 22:46:18.82,IMU,-167.97,-28.32,-1023.44,1.05,0.28,-0.01,-0.45,7.35,-61.80,37.1
2026/04/20 22:46:18.92,IMU,-168.95,-36.62,-1008.79,2.08,1.34,0.27,0.00,7.50,-63.45,37.1
2026/04/20 22:46:19.04,IMU,-174.80,-21.00,-1002.93,0.40,0.60,-0.47,-1.95,5.40,-58.95,36.9
2026/04/20 22:46:19.14,IMU,-161.62,-32.23,-1012.70,0.71,0.79,-0.89,0.60,7.50,-61.65,37.0
2026/04/20 22:46:19.24,IMU,-172.85,-17.09,-1004.88,-2.05,-0.55,-0.46,0.00,7.95,-62.70,37.1
2026/04/20 22:46:19.34,IMU,-156.25,-38.09,-1012.21,-0.74,-0.82,-0.47,0.30,7.95,-62.40,36.8
2026/04/20 22:46:19.44,IMU,-170.90,-24.41,-1013.67,0.27,-0.11,-3.17,-0.15,7.35,-62.85,36.8
2026/04/20 22:46:19.54,IMU,-152.83,-32.71,-1020.02,0.12,2.61,0.04,-0.15,6.15,-63.30,37.1
2026/04/20 22:46:19.64,IMU,-167.48,-35.64,-1014.16,0.57,0.05,-0.30,-0.15,6.90,-62.25,37.0
2026/04/20 22:46:19.74,IMU,-162.11,-22.46,-1003.91,-0.85,-2.51,1.00,0.00,7.95,-62.70,36.9
2026/04/20 22:46:19.84,IMU,-178.71,-21.00,-1011.72,-1.44,1.78,-0.17,0.45,6.15,-63.30,37.2
2026/04/20 22:46:19.94,IMU,-174.80,-22.95,-1010.74,-1.17,-0.73,-0.47,0.45,7.65,-62.25,37.0
2026/04/20 22:46:20.04,IMU,-170.90,-20.02,-1006.84,-0.75,0.53,1.46,-0.45,7.35,-62.55,37.3
2026/04/20 22:46:20.14,IMU,-166.50,-24.41,-1029.30,0.94,1.26,-2.44,0.45,6.60,-62.55,36.9
2026/04/20 22:46:20.24,IMU,-176.27,-34.18,-1005.86,0.21,-2.07,1.15,1.35,8.25,-63.15,37.0
2026/04/20 22:46:20.34,IMU,-163.09,-27.83,-1002.44,0.65,0.56,-0.33,0.15,6.15,-62.85,37.3
2026/04/20 22:46:20.45,IMU,-170.90,-22.95,-1014.65,-1.64,-0.81,-0.24,-0.15,7.65,-63.60,37.2
2026/04/20 22:46:20.55,IMU,-172.85,-33.20,-1007.81,0.30,-1.15,0.95,-0.45,8.10,-63.60,37.3
2026/04/20 22:46:20.65,IMU,-171.39,-13.67,-1013.18,-0.27,-1.31,0.95,0.45,6.60,-63.60,37.3
2026/04/20 22:46:20.75,IMU,-160.16,-14.16,-1017.58,-1.15,-0.82,-0.67,0.30,8.70,-62.40,37.2
2026/04/20 22:46:20.85,IMU,-175.29,-36.62,-1012.21,-0.15,-0.17,0.77,-1.20,7.35,-61.80,37.3
2026/04/20 22:46:20.95,IMU,-157.71,-20.51,-1016.11,-0.27,1.30,2.79,-0.15,7.65,-63.30,37.0
2026/04/20 22:46:21.06,IMU,-170.41,-30.27,-1006.84,-0.48,-1.18,-0.12,-0.30,7.95,-62.85,37.2
2026/04/20 22:46:21.16,IMU,-163.09,-22.46,-1007.81,0.79,0.32,1.22,-0.15,6.15,-63.60,37.4
2026/04/20 22:46:21.27,IMU,-172.36,-31.25,-1018.55,0.28,0.83,-1.34,0.15,7.35,-62.55,37.7
2026/04/20 22:46:21.37,IMU,-158.20,-30.76,-1010.74,-0.53,-0.65,0.63,0.15,8.85,-62.85,37.3
2026/04/20 22:46:21.47,IMU,-183.59,-30.76,-1010.25,-0.08,-0.95,0.43,1.80,7.95,-60.90,37.4
2026/04/20 22:46:21.57,IMU,-166.50,-24.90,-1007.32,-0.88,-0.85,1.73,-0.30,7.20,-64.20,37.7
2026/04/20 22:46:21.67,IMU,-174.80,-23.44,-1008.30,-0.15,-0.10,-1.76,0.15,6.15,-62.85,37.5
2026/04/20 22:46:21.77,IMU,-171.39,-34.18,-1013.67,0.48,0.05,0.29,0.45,8.10,-61.50,37.3
2026/04/20 22:46:21.87,IMU,-186.04,-33.69,-1018.55,-0.14,-0.32,0.73,-1.05,8.25,-63.75,37.6
2026/04/20 22:46:21.97,IMU,-182.62,-27.83,-998.05,-1.38,-1.16,-2.23,0.30,7.20,-62.70,37.7
2026/04/20 22:46:22.07,IMU,-161.13,-29.79,-1013.18,-2.84,1.82,-1.31,-0.15,8.10,-64.05,37.2
2026/04/20 22:46:22.17,IMU,-174.80,-25.39,-1010.25,0.41,-0.61,0.02,0.30,6.75,-63.45,37.7
2026/04/20 22:46:22.27,IMU,-177.25,-24.41,-992.19,0.24,-0.54,-0.94,-1.05,7.20,-62.40,37.5
2026/04/20 22:46:22.37,IMU,-159.67,-18.55,-1013.67,-1.09,-0.05,-2.51,-0.15,6.60,-62.55,37.3
2026/04/20 22:46:22.47,IMU,-171.88,-26.37,-1025.88,-0.31,-0.37,0.33,0.30,9.00,-62.70,37.5
2026/04/20 22:46:22.58,IMU,-147.95,-24.90,-1021.97,1.53,-1.30,1.32,0.90,7.65,-62.25,37.6
2026/04/20 22:46:22.68,IMU,-174.32,-21.97,-1008.30,1.45,-0.85,-1.45,-0.60,6.75,-63.45,37.3
2026/04/20 22:46:22.78,IMU,-168.95,-32.71,-1018.07,2.08,0.30,-0.22,1.05,7.20,-63.15,37.4
2026/04/20 22:46:22.88,IMU,-169.92,-31.25,-1029.79,-0.41,-0.40,1.28,-0.15,6.60,-64.05,37.7
2026/04/20 22:46:22.98,IMU,-161.13,-32.23,-1009.28,-0.22,0.53,2.93,-0.30,7.20,-63.75,37.5
2026/04/20 22:46:23.09,IMU,-167.97,-29.79,-1028.32,0.56,-2.44,-0.08,-1.35,6.75,-61.65,37.4
2026/04/20 22:46:23.19,IMU,-176.27,-31.74,-1008.30,0.57,0.73,0.63,0.90,6.90,-63.60,37.7
2026/04/20 22:46:23.29,IMU,-169.92,-24.41,-1017.09,-0.54,0.79,2.72,0.60,9.00,-62.40,37.6
2026/04/20 22:46:23.39,IMU,-175.78,-16.11,-1017.09,-1.70,1.08,1.48,-1.05,7.20,-63.15,37.6
2026/04/20 22:46:23.49,IMU,-170.41,-33.69,-1004.88,0.72,2.24,2.25,-0.15,6.60,-62.55,37.3
2026/04/20 22:46:23.59,IMU,-150.39,-34.18,-1032.71,0.47,1.61,1.28,0.45,7.65,-63.60,37.5
2026/04/20 22:46:23.69,IMU,-135.74,-36.13,-1018.07,0.24,-2.50,1.58,0.00,7.20,-62.40,37.5
2026/04/20 22:46:23.79,IMU,-171.88,-24.90,-1015.63,0.18,-3.67,-0.85,0.15,8.10,-62.25,37.5
2026/04/20 22:46:23.89,IMU,-164.06,-25.39,-1023.93,0.29,2.56,0.79,-0.90,9.30,-62.25,37.2
2026/04/20 22:46:23.99,IMU,-176.76,-31.74,-1018.55,1.08,-0.54,0.49,0.30,7.20,-64.20,37.7
2026/04/20 22:46:24.09,IMU,-180.66,-20.51,-1016.11,0.24,-1.53,0.37,0.45,7.35,-61.80,37.7
2026/04/20 22:46:24.19,IMU,-178.22,-32.71,-1008.30,-0.72,1.26,-2.26,1.05,7.50,-61.65,37.3
2026/04/20 22:46:24.30,IMU,-174.32,-30.76,-1013.67,-0.05,3.66,2.01,-0.45,7.35,-63.30,37.3
2026/04/20 22:46:24.40,IMU,-179.20,-32.23,-1026.37,-0.24,-0.31,-2.02,-0.15,6.15,-62.25,37.7
2026/04/20 22:46:24.50,IMU,-177.73,-38.57,-1025.39,0.97,1.88,0.31,-0.30,7.50,-62.70,37.5
2026/04/20 22:46:24.60,IMU,-176.76,-30.27,-1030.27,-2.48,-1.56,0.05,0.15,6.60,-63.30,37.5
2026/04/20 22:46:24.70,IMU,-161.13,-19.53,-1021.97,0.01,2.10,-0.12,-0.45,6.60,-62.25,37.4
2026/04/20 22:46:24.80,IMU,-154.79,-16.60,-1025.39,0.37,-1.37,-0.88,0.30,9.45,-63.15,37.5
2026/04/20 22:46:24.90,IMU,-166.99,-28.32,-1021.97,1.12,1.25,-1.65,-1.80,8.25,-64.20,37.2
2026/04/20 22:46:25.00,IMU,-171.88,-17.58,-1014.16,-2.65,-0.40,0.83,0.30,7.50,-63.15,37.6
2026/04/20 22:46:25.10,IMU,-162.11,-22.95,-1018.55,1.94,1.99,1.10,1.65,7.65,-64.35,37.1
2026/04/20 22:46:25.20,IMU,-169.43,-28.32,-1031.25,1.02,2.53,0.34,-2.10,7.20,-59.10,37.3
2026/04/20 22:46:25.30,IMU,-161.13,-30.27,-1012.21,0.02,-2.07,-3.23,-0.60,6.45,-63.15,37.3
2026/04/20 22:46:25.40,IMU,-171.39,-41.50,-1008.79,1.47,-0.66,0.03,0.30,7.50,-63.15,37.5
2026/04/20 22:46:25.50,IMU,-189.45,-18.07,-1015.63,-0.20,0.47,-0.45,0.00,7.95,-61.95,37.3
2026/04/20 22:46:25.61,IMU,-164.55,-31.74,-1012.70,0.73,1.04,1.78,0.45,7.35,-62.85,37.4
2026/04/20 22:46:25.71,IMU,-159.67,-21.97,-1021.97,-1.24,0.79,-0.25,1.35,9.00,-64.20,37.5
2026/04/20 22:46:25.81,IMU,-166.50,-38.09,-1011.72,0.97,0.05,0.28,0.15,7.35,-61.50,37.3
2026/04/20 22:46:25.91,IMU,-165.53,-23.44,-1023.93,1.76,0.61,-0.37,1.20,6.15,-61.50,37.2
2026/04/20 22:46:26.01,IMU,-172.36,-28.81,-1012.21,1.19,-0.79,0.37,-0.15,6.60,-62.25,37.6
2026/04/20 22:46:26.11,IMU,-168.95,-30.76,-1015.63,-1.56,-1.20,-1.82,0.00,7.95,-62.40,37.6
2026/04/20 22:46:26.21,IMU,-172.36,-32.71,-1027.34,1.47,0.68,0.55,-1.05,8.70,-62.70,37.1
2026/04/20 22:46:26.31,IMU,-155.76,-20.02,-1010.25,-0.53,0.48,-1.60,-1.05,8.70,-63.15,37.4
2026/04/20 22:46:26.41,IMU,-178.22,-43.95,-1026.86,0.23,1.24,-0.68,0.15,7.65,-62.85,37.5
2026/04/20 22:46:26.51,IMU,-182.13,-17.09,-1014.65,2.19,-0.60,2.12,0.00,8.25,-61.65,37.7
2026/04/20 22:46:26.61,IMU,-165.53,-34.18,-1023.44,-1.60,0.61,0.57,-0.90,6.60,-62.85,37.3
2026/04/20 22:46:26.71,IMU,-166.50,-25.88,-1026.86,-1.87,1.54,-1.06,0.00,6.75,-61.95,37.2
2026/04/20 22:46:26.81,IMU,-164.55,-24.90,-1024.41,0.79,1.63,0.58,0.00,7.95,-62.40,37.2
2026/04/20 22:46:26.92,IMU,-173.83,-23.93,-1022.46,-0.85,1.53,-1.98,-1.35,7.95,-63.15,37.5
2026/04/20 22:46:27.02,IMU,-169.43,-33.20,-1016.60,-0.99,3.18,1.15,1.20,6.60,-63.30,37.5
2026/04/20 22:46:27.12,IMU,-166.99,-26.86,-1015.14,-0.92,-1.83,-0.29,0.90,9.60,-62.85,37.3
2026/04/20 22:46:27.23,IMU,-165.53,-36.62,-1022.95,-0.43,-0.51,0.18,-4.35,6.00,-59.10,37.5
2026/04/20 22:46:27.33,IMU,-166.50,-32.71,-1015.14,0.77,0.44,0.07,-1.05,8.25,-63.45,37.6
2026/04/20 22:46:27.43,IMU,-166.02,-30.76,-1030.76,-1.17,-1.11,0.19,0.15,8.85,-64.05,37.3
2026/04/20 22:46:27.53,IMU,-169.43,-25.39,-1016.11,0.17,1.45,1.99,1.20,7.65,-62.55,37.4
2026/04/20 22:46:27.63,IMU,-174.80,-36.13,-1022.95,-0.62,0.79,-0.75,-0.15,7.35,-63.30,37.5
2026/04/20 22:46:27.73,IMU,-174.32,-20.02,-1030.76,-0.22,0.44,-1.73,-1.20,8.40,-61.80,37.4
2026/04/20 22:46:27.83,IMU,-179.20,-24.41,-1015.14,0.21,0.49,-1.60,0.00,8.25,-63.15,37.3
2026/04/20 22:46:27.93,IMU,-157.23,-15.14,-1029.79,-0.71,-2.16,1.61,-0.60,7.95,-63.15,37.6
2026/04/20 22:46:28.03,IMU,-161.13,-33.20,-1010.25,0.19,-0.84,-0.50,-1.05,8.25,-64.50,37.4
2026/04/20 22:46:28.13,IMU,-166.99,-13.67,-1014.65,-1.72,1.10,-0.35,0.00,8.25,-62.70,37.3
2026/04/20 22:46:28.23,IMU,-172.36,-22.95,-1018.07,0.16,-0.64,-0.60,0.15,8.10,-63.30,37.5
2026/04/20 22:46:28.34,IMU,-166.02,-27.34,-1011.72,-0.40,-0.44,1.27,-0.30,9.00,-62.40,37.4
2026/04/20 22:46:28.44,IMU,-187.50,-28.32,-1011.23,0.77,-1.66,2.02,1.05,7.20,-62.70,37.5
2026/04/20 22:46:28.54,IMU,-160.16,-25.88,-1004.88,1.50,1.09,-1.37,0.15,6.60,-62.85,37.3
2026/04/20 22:46:28.64,IMU,-156.74,-40.04,-1030.27,1.29,-0.48,-0.70,-0.15,7.35,-62.85,37.5
2026/04/20 22:46:28.74,IMU,-180.18,-23.44,-1021.00,-0.16,0.37,-2.54,-0.90,7.65,-63.30,37.7
2026/04/20 22:46:28.84,IMU,-178.22,-35.64,-1005.86,1.18,0.33,-0.40,0.30,7.20,-61.95,37.6
2026/04/20 22:46:28.94,IMU,-171.88,-30.27,-1018.07,0.73,-0.86,0.76,-1.20,8.10,-63.60,37.7
2026/04/20 22:46:29.04,IMU,-168.46,-20.02,-1011.23,1.44,2.77,-0.52,0.60,6.75,-63.45,37.7
2026/04/20 22:46:29.15,IMU,-150.39,-34.18,-1006.35,-1.94,-0.50,-0.08,-1.05,7.95,-63.15,37.7
2026/04/20 22:46:29.25,IMU,-180.66,-39.06,-1028.81,-2.02,-0.72,-1.02,0.30,5.55,-61.65,37.6
2026/04/20 22:46:29.35,IMU,-167.48,-30.76,-1013.67,1.62,-1.54,0.26,-0.45,8.40,-64.05,37.4
2026/04/20 22:46:29.45,IMU,-165.53,-22.95,-1008.79,-0.29,-0.50,1.47,0.30,7.50,-62.40,37.8
2026/04/20 22:46:29.55,IMU,-167.48,-18.55,-1020.02,-0.50,-0.05,-2.24,0.15,7.35,-62.85,37.5
2026/04/20 22:46:29.65,IMU,-172.85,-23.93,-1019.53,1.60,0.25,-0.63,0.00,6.75,-63.45,37.7
2026/04/20 22:46:29.75,IMU,-173.34,-28.81,-1013.18,0.50,1.85,-0.82,1.80,8.25,-62.70,37.9
2026/04/20 22:46:29.85,IMU,-179.69,-24.41,-1015.14,-0.08,-0.78,-0.71,0.00,6.00,-62.70,37.5
2026/04/20 22:46:29.95,IMU,-168.46,-15.63,-1009.28,0.03,2.32,-1.05,-0.45,6.15,-62.55,37.7
2026/04/20 22:46:30.05,IMU,-162.60,-20.51,-1021.97,0.12,1.19,-0.66,-0.60,6.00,-63.15,37.9
2026/04/20 22:46:30.15,IMU,-164.55,-23.93,-1019.04,-0.36,-1.57,-0.66,1.05,7.50,-62.70,37.9
2026/04/20 22:46:30.25,IMU,-166.02,-25.88,-1016.11,-0.33,-2.42,-1.37,-0.45,7.65,-62.55,37.5
2026/04/20 22:46:30.35,IMU,-164.06,-15.63,-1009.28,-0.47,-1.39,0.19,-0.90,7.35,-61.80,37.6
2026/04/20 22:46:30.46,IMU,-167.48,-25.88,-1026.37,-0.21,0.24,0.55,0.45,6.90,-62.55,37.7
2026/04/20 22:46:30.56,IMU,-162.11,-23.44,-1001.95,-0.07,1.40,-0.41,0.15,7.65,-62.85,37.8
2026/04/20 22:46:30.66,IMU,-166.99,-22.95,-1013.67,0.56,-0.69,-3.21,-0.90,8.85,-61.80,37.7
2026/04/20 22:46:30.76,IMU,-168.95,-21.48,-1003.91,1.17,-0.37,0.12,-0.90,8.10,-62.85,37.9
2026/04/20 22:46:30.86,IMU,-171.39,-37.11,-1012.70,1.53,0.18,2.56,-0.15,8.10,-63.60,37.7
2026/04/20 22:46:30.96,IMU,-171.39,-18.07,-1002.93,0.45,-0.05,-0.21,-0.60,7.95,-62.70,37.9
2026/04/20 22:46:31.06,IMU,-176.27,-28.32,-1006.84,-1.27,-2.18,0.27,0.15,7.35,-60.75,37.9
2026/04/20 22:46:31.16,IMU,-162.60,-22.95,-1026.86,-0.11,0.50,2.50,1.95,8.10,-62.85,37.9
2026/04/20 22:46:31.26,IMU,-178.71,-38.57,-1009.77,0.02,0.82,-2.80,0.60,7.20,-61.65,38.0
2026/04/20 22:46:31.36,IMU,-161.13,-22.46,-996.58,-0.42,0.23,0.84,0.90,8.10,-62.25,37.7
2026/04/20 22:46:31.46,IMU,-147.95,-32.23,-1013.18,-0.26,-1.11,0.19,0.30,7.95,-63.75,37.9
2026/04/20 22:46:31.56,IMU,-158.20,-26.37,-1003.42,-1.02,-0.53,0.47,-0.60,5.55,-63.15,38.0
2026/04/20 22:46:31.67,IMU,-173.83,-24.41,-1015.63,-0.79,0.46,0.97,0.90,7.65,-64.05,37.7
2026/04/20 22:46:31.77,IMU,-165.04,-27.34,-1005.37,0.26,0.55,-0.01,1.05,8.70,-63.75,37.7
2026/04/20 22:46:31.87,IMU,-154.79,-30.76,-1006.84,-0.81,0.32,0.19,0.00,7.20,-63.15,37.9
2026/04/20 22:46:31.97,IMU,-173.83,-25.88,-1019.53,1.99,1.27,-2.57,0.90,6.90,-64.05,38.2
2026/04/20 22:46:32.07,IMU,-164.06,-21.48,-1014.65,0.37,-0.51,-1.83,-0.15,6.90,-63.60,37.9
2026/04/20 22:46:32.17,IMU,-173.83,-21.00,-1012.70,1.34,1.13,1.31,0.45,6.90,-62.55,38.0
2026/04/20 22:46:32.28,IMU,-170.41,-29.30,-1005.37,1.21,-1.04,2.09,-0.15,8.10,-62.85,38.2
2026/04/20 22:46:32.38,IMU,-170.41,-25.39,-1004.88,0.52,0.10,-0.88,0.00,8.25,-61.95,38.0
2026/04/20 22:46:32.48,IMU,-155.76,-44.92,-1015.63,-0.65,0.04,-2.35,0.30,7.50,-64.20,38.0
2026/04/20 22:46:32.58,IMU,-177.73,-26.37,-1006.35,1.80,0.44,-0.95,-0.45,6.60,-61.80,38.1
2026/04/20 22:46:32.68,IMU,-163.09,-16.11,-1009.77,-1.17,-1.44,0.80,0.30,7.95,-62.40,38.0
2026/04/20 22:46:32.78,IMU,-166.50,-22.95,-1006.35,-0.52,-1.39,1.49,-0.15,8.40,-63.60,38.4
2026/04/20 22:46:32.88,IMU,-171.39,-24.41,-1019.53,-0.78,-0.15,-0.47,0.30,8.25,-62.40,38.3
2026/04/20 22:46:32.98,IMU,-181.15,-23.93,-1009.28,0.65,-0.43,-0.81,-0.60,7.95,-63.15,38.0
2026/04/20 22:46:33.08,IMU,-169.43,-37.60,-1007.81,-0.31,-1.33,-3.02,0.90,6.60,-62.55,38.2
2026/04/20 22:46:33.18,IMU,-156.25,-31.25,-1004.88,-0.58,0.76,-1.76,0.30,8.25,-62.70,38.0
2026/04/20 22:46:33.28,IMU,-170.41,-24.90,-1015.63,0.69,-2.05,1.95,-1.65,8.85,-64.05,38.1
2026/04/20 22:46:33.38,IMU,-174.32,-30.27,-1002.44,0.97,0.66,1.05,-1.80,8.25,-60.60,38.4
2026/04/20 22:46:33.48,IMU,-164.06,-16.60,-1009.28,1.69,-0.62,0.49,0.30,7.95,-61.65,38.4
2026/04/20 22:46:33.59,IMU,-176.27,-21.97,-1007.81,2.32,-0.37,-0.53,-0.30,9.00,-62.40,38.3
2026/04/20 22:46:33.69,IMU,-162.11,-21.00,-1011.23,1.70,-0.35,-0.50,0.30,6.75,-61.35,38.4
2026/04/20 22:46:33.79,IMU,-164.55,-30.76,-1003.42,-0.15,-0.56,0.27,-1.05,7.50,-63.45,38.0
2026/04/20 22:46:33.89,IMU,-171.88,-35.16,-1022.95,0.58,-1.53,0.78,0.30,7.20,-62.70,38.4
2026/04/20 22:46:33.99,IMU,-163.09,-31.74,-1030.76,1.79,3.44,1.95,0.60,7.95,-62.40,38.2
2026/04/20 22:46:34.09,IMU,-171.39,-31.25,-1012.70,0.15,-0.70,2.20,0.15,6.60,-62.85,38.4
2026/04/20 22:46:34.19,IMU,-156.74,-31.74,-1004.88,0.93,-0.34,-1.58,0.00,8.70,-62.40,38.4
2026/04/20 22:46:34.29,IMU,-174.80,-33.20,-1010.74,0.41,-1.13,-0.21,-0.45,7.65,-62.55,38.5
2026/04/20 22:46:34.40,IMU,-166.99,-36.62,-1003.91,0.27,-0.57,0.83,-2.55,5.25,-58.80,38.2
2026/04/20 22:46:34.50,IMU,-171.39,-23.93,-1019.04,0.08,-0.36,0.01,-1.05,7.50,-63.45,38.4
2026/04/20 22:46:34.60,IMU,-183.59,-28.32,-1010.25,-1.80,1.76,0.85,-2.10,6.75,-61.65,38.3
2026/04/20 22:46:34.70,IMU,-179.69,-21.48,-1007.81,-1.34,0.64,-0.24,-0.90,7.35,-62.55,38.4
2026/04/20 22:46:34.80,IMU,-172.36,-38.09,-1007.81,-0.14,2.08,2.48,-0.30,6.00,-61.95,38.1
2026/04/20 22:46:34.90,IMU,-170.41,-21.97,-1009.28,2.80,-0.71,1.15,0.45,7.65,-62.85,38.3
2026/04/20 22:46:35.00,IMU,-174.32,-20.51,-1014.65,0.18,0.33,-1.83,0.60,7.50,-62.70,38.4
2026/04/20 22:46:35.10,IMU,-160.64,-22.46,-1013.67,0.21,1.49,1.30,-0.60,7.95,-63.15,38.3
2026/04/20 22:46:35.20,IMU,-183.59,-24.41,-1019.04,0.66,-1.71,-1.05,0.60,7.20,-61.65,38.3
2026/04/20 22:46:35.30,IMU,-165.04,-31.25,-1018.07,1.12,-0.01,-0.20,0.00,6.45,-63.45,38.5
2026/04/20 22:46:35.40,IMU,-173.83,-11.72,-1027.34,1.21,-0.23,0.63,1.65,6.15,-64.05,38.5
2026/04/20 22:46:35.51,IMU,-182.13,-25.88,-1032.23,0.19,-2.34,-1.08,0.30,7.20,-62.40,37.9
2026/04/20 22:46:35.61,IMU,-161.13,-21.97,-1012.21,1.61,-0.56,-1.82,-0.30,7.95,-63.45,38.3
2026/04/20 22:46:35.71,IMU,-163.09,-22.46,-1025.39,0.65,0.43,-4.08,-0.60,8.25,-64.20,38.3
2026/04/20 22:46:35.81,IMU,-166.99,-21.00,-1014.16,0.05,-0.08,0.62,0.00,9.45,-62.70,38.3
2026/04/20 22:46:35.91,IMU,-178.71,-27.34,-1021.00,1.46,-2.69,-1.15,0.90,7.65,-63.60,38.2
2026/04/20 22:46:36.01,IMU,-172.85,-32.71,-1014.65,-0.21,2.45,0.14,0.90,5.40,-62.55,38.0
2026/04/20 22:46:36.11,IMU,-181.64,-33.20,-1012.21,0.02,-0.33,0.06,-0.15,8.10,-64.05,38.2
2026/04/20 22:46:36.21,IMU,-172.85,-31.74,-1024.90,-0.44,1.72,-0.24,-0.30,6.45,-62.40,38.3
2026/04/20 22:46:36.31,IMU,-166.99,-21.97,-1017.09,1.29,1.31,-1.56,0.15,9.30,-62.25,38.2
2026/04/20 22:46:36.41,IMU,-158.20,-21.00,-1005.37,-1.21,-0.05,-1.50,0.60,7.50,-61.95,38.2
2026/04/20 22:46:36.51,IMU,-174.80,-26.37,-1014.16,-0.50,-0.56,-0.21,-0.45,8.40,-62.25,38.0
2026/04/20 22:46:36.61,IMU,-172.36,-18.07,-1019.53,-0.02,2.55,-0.48,0.30,7.50,-61.95,38.4
2026/04/20 22:46:36.71,IMU,-172.85,-24.90,-1015.63,1.09,-2.77,0.20,0.15,7.65,-63.30,38.4
2026/04/20 22:46:36.82,IMU,-171.39,-25.39,-1009.28,1.18,0.50,1.08,-0.45,7.35,-62.85,38.3
2026/04/20 22:46:36.92,IMU,-171.88,-22.95,-1035.64,0.73,0.66,-1.37,0.60,9.45,-63.45,38.2
2026/04/20 22:46:37.02,IMU,-166.02,-34.18,-1015.14,-0.46,4.11,-0.19,-1.35,7.95,-61.35,38.4
2026/04/20 22:46:37.12,IMU,-168.95,-30.27,-1027.34,1.50,-0.86,-1.84,-0.15,7.65,-63.30,38.2
2026/04/20 22:46:37.22,IMU,-167.48,-23.93,-1018.55,1.06,0.63,1.47,0.00,7.20,-63.75,38.4
2026/04/20 22:46:37.32,IMU,-181.15,-25.88,-1009.77,-1.15,-0.18,-1.24,-0.15,7.65,-62.25,38.4
2026/04/20 22:46:37.42,IMU,-161.13,-22.95,-1020.51,0.53,-0.82,-0.24,0.45,6.15,-63.30,38.3
2026/04/20 22:46:37.52,IMU,-167.48,-35.64,-1022.46,0.21,-1.00,2.34,-0.15,6.15,-62.55,38.2
2026/04/20 22:46:37.62,IMU,-177.25,-23.93,-1020.02,0.39,-0.16,0.61,0.15,6.90,-61.80,38.5
2026/04/20 22:46:37.72,IMU,-176.76,-30.76,-1014.16,2.35,-2.20,-1.82,-0.30,8.25,-62.70,38.5
2026/04/20 22:46:37.82,IMU,-176.27,-25.39,-1020.02,-0.51,0.36,-0.71,-0.45,6.90,-62.55,38.4
2026/04/20 22:46:37.92,IMU,-172.85,-30.27,-1007.81,-0.14,1.56,0.16,-0.45,7.65,-64.05,38.3
2026/04/20 22:46:38.03,IMU,-166.99,-28.32,-1021.00,0.64,0.27,-3.34,-0.60,6.45,-63.45,38.6
2026/04/20 22:46:38.13,IMU,-181.15,-36.62,-1017.58,-1.12,2.68,2.38,-0.60,6.75,-61.65,38.5
2026/04/20 22:46:38.23,IMU,-161.62,-34.67,-1022.95,0.79,-1.38,-3.30,-0.15,10.05,-63.30,38.2
2026/04/20 22:46:38.33,IMU,-170.90,-27.34,-1019.53,1.14,-0.17,-0.27,0.45,7.65,-62.25,38.6
2026/04/20 22:46:38.43,IMU,-170.90,-28.32,-1031.74,0.63,2.92,-0.39,-0.45,7.35,-62.55,38.6
2026/04/20 22:46:38.53,IMU,-164.06,-24.90,-1027.83,1.02,0.83,1.87,0.60,7.20,-61.95,38.4
2026/04/20 22:46:38.64,IMU,-161.13,-14.16,-1023.44,-1.38,-1.40,0.04,-0.15,7.35,-61.80,38.4
2026/04/20 22:46:38.74,IMU,-170.41,-37.11,-1013.18,1.05,0.82,0.26,0.60,7.20,-60.90,38.4
2026/04/20 22:46:38.84,IMU,-167.48,-33.20,-1031.25,-0.91,0.31,-0.78,-0.90,8.10,-63.30,38.2
2026/04/20 22:46:38.94,IMU,-152.34,-23.93,-1034.67,-1.04,1.74,-1.66,-0.30,7.20,-60.90,38.4
2026/04/20 22:46:39.04,IMU,-153.81,-27.34,-1028.81,0.26,3.44,1.41,0.00,7.50,-62.70,38.2
2026/04/20 22:46:39.14,IMU,-182.13,-31.25,-1030.76,0.58,-0.46,1.25,-0.15,7.65,-61.80,38.2
2026/04/20 22:46:39.24,IMU,-170.41,-37.60,-1022.95,0.66,1.43,-1.66,-0.45,8.40,-62.55,38.2
2026/04/20 22:46:39.34,IMU,-166.99,-21.48,-1021.00,0.03,0.80,0.05,-0.30,8.70,-61.35,38.3
2026/04/20 22:46:39.44,IMU,-171.88,-18.55,-1013.18,0.13,0.99,-1.11,-0.15,7.65,-61.05,38.3
2026/04/20 22:46:39.54,IMU,-152.34,-32.23,-1018.55,-0.21,1.37,0.29,0.00,6.75,-63.15,38.2
2026/04/20 22:46:39.64,IMU,-177.73,-18.07,-1018.55,1.18,0.42,0.24,-1.05,7.50,-62.40,38.5
2026/04/20 22:46:39.74,IMU,-164.06,-26.86,-1024.41,-0.07,0.48,3.22,0.00,9.45,-61.35,38.5
2026/04/20 22:46:39.84,IMU,-168.46,-24.90,-1014.16,0.73,-0.55,-2.31,0.30,7.20,-62.40,38.4
2026/04/20 22:46:39.95,IMU,-173.34,-22.46,-1026.86,-0.27,-1.01,-0.14,0.00,8.25,-61.95,38.5
2026/04/20 22:46:40.05,IMU,-159.18,-21.97,-999.02,1.94,0.82,-0.97,0.00,7.95,-61.95,38.5
2026/04/20 22:46:40.15,IMU,-181.64,-27.34,-1025.39,0.51,-0.47,-1.83,0.60,8.70,-63.75,38.6
2026/04/20 22:46:40.25,IMU,-166.50,-30.27,-1019.53,-0.52,0.43,-0.57,-1.05,7.50,-63.75,38.6
2026/04/20 22:46:40.35,IMU,-155.76,-34.67,-1017.09,-0.45,-0.44,-0.56,-0.15,8.10,-61.50,38.6
2026/04/20 22:46:40.45,IMU,-165.53,-21.48,-1005.37,0.12,1.42,-2.26,-1.20,8.10,-62.55,38.5
2026/04/20 22:46:40.55,IMU,-169.92,-30.76,-1022.95,-0.73,-0.75,-0.49,-3.60,4.50,-59.55,38.7
2026/04/20 22:46:40.65,IMU,-173.34,-39.06,-1024.90,0.29,0.26,-4.07,0.00,8.25,-64.20,38.6
2026/04/20 22:46:40.75,IMU,-169.92,-31.74,-1006.35,-1.95,-1.85,1.35,-0.60,7.50,-61.95,38.8
2026/04/20 22:46:40.85,IMU,-170.90,-28.81,-1010.74,-0.64,-0.99,-1.12,-0.45,8.85,-62.85,38.5
2026/04/20 22:46:40.95,IMU,-169.43,-38.09,-1023.93,-0.27,1.11,-0.06,-1.65,6.60,-60.45,38.4
2026/04/20 22:46:41.05,IMU,-180.18,-28.81,-1021.00,1.28,-2.03,-0.60,0.00,7.50,-61.95,38.6
2026/04/20 22:46:41.16,IMU,-166.99,-26.86,-1011.72,1.57,-0.58,1.11,0.15,8.40,-61.50,38.6
2026/04/20 22:46:41.26,IMU,-152.83,-9.28,-1022.46,-1.34,0.04,-0.77,-0.60,9.45,-63.15,38.5
2026/04/20 22:46:41.36,IMU,-179.69,-23.44,-1024.90,1.15,0.15,-0.85,0.30,7.95,-63.75,38.5
2026/04/20 22:46:41.46,IMU,-170.90,-25.39,-1013.18,-0.07,0.32,0.70,-0.90,9.30,-62.85,38.9
2026/04/20 22:46:41.57,IMU,-165.04,-22.46,-1025.39,0.11,1.31,0.78,0.15,6.15,-62.85,38.6
2026/04/20 22:46:41.67,IMU,-164.06,-21.97,-1000.00,-0.59,1.84,0.16,-0.15,7.65,-63.60,38.3
2026/04/20 22:46:41.77,IMU,-160.64,-33.69,-1018.07,0.23,1.24,0.58,0.30,7.95,-63.15,38.6
2026/04/20 22:46:41.87,IMU,-164.06,-30.27,-1012.70,0.92,1.15,-0.16,-0.30,7.20,-62.40,38.9
2026/04/20 22:46:41.97,IMU,-170.90,-35.64,-1013.67,0.13,-0.60,-1.35,0.90,5.10,-62.25,38.4
2026/04/20 22:46:42.07,IMU,-165.04,-18.07,-1013.67,-1.08,2.88,0.82,0.00,7.95,-62.40,38.6
2026/04/20 22:46:42.17,IMU,-171.39,-31.25,-1012.70,-1.38,-0.40,1.76,-0.60,9.00,-63.45,38.8
2026/04/20 22:46:42.27,IMU,-165.53,-17.58,-1013.67,-1.27,0.11,-2.13,0.45,6.60,-62.25,38.5
2026/04/20 22:46:42.37,IMU,-162.11,-27.34,-1001.46,-0.33,0.37,-1.88,1.35,6.75,-62.40,38.6
2026/04/20 22:46:42.47,IMU,-167.48,-28.81,-1011.72,1.14,1.27,-0.72,-0.15,6.15,-62.85,38.7
2026/04/20 22:46:42.57,IMU,-170.90,-17.09,-1015.63,-0.40,0.24,0.78,0.45,5.85,-61.50,38.7
2026/04/20 22:46:42.67,IMU,-181.15,-21.00,-1004.88,-0.89,1.28,-2.02,0.15,8.40,-63.60,38.6
2026/04/20 22:46:42.77,IMU,-173.83,-31.25,-1019.53,-0.79,-1.82,-1.02,0.00,7.95,-62.40,38.6
2026/04/20 22:46:42.88,IMU,-163.57,-23.93,-1018.07,-1.20,0.31,-0.89,-0.15,8.10,-62.55,38.8
2026/04/20 22:46:42.98,IMU,-172.36,-22.46,-1011.23,-0.79,-0.11,-0.95,1.35,7.95,-61.95,38.6
2026/04/20 22:46:43.08,IMU,-166.99,-22.46,-1004.88,-0.05,0.36,0.15,0.30,7.95,-61.95,38.7
2026/04/20 22:46:43.18,IMU,-170.41,-27.83,-1022.46,-0.25,-1.56,-0.30,0.45,8.10,-62.55,38.8
2026/04/20 22:46:43.28,IMU,-173.83,-32.23,-1010.25,-1.33,0.75,-0.20,-0.45,8.85,-61.80,38.9
2026/04/20 22:46:43.38,IMU,-165.53,-34.67,-1021.00,-1.20,-0.83,-1.17,0.45,6.90,-62.85,38.9
2026/04/20 22:46:43.48,IMU,-172.36,-18.55,-1005.86,-1.07,1.78,-0.71,-1.20,7.35,-62.25,38.9
2026/04/20 22:46:43.58,IMU,-184.57,-35.16,-1019.04,-0.01,1.27,0.50,-0.90,7.65,-62.85,38.6
2026/04/20 22:46:43.68,IMU,-158.20,-30.76,-1009.28,1.15,0.44,1.13,0.60,7.50,-62.70,38.9
2026/04/20 22:46:43.78,IMU,-172.85,-30.76,-1021.97,-0.11,0.01,0.80,-1.35,8.70,-62.40,38.7
2026/04/20 22:46:43.88,IMU,-164.55,-10.74,-1006.35,0.40,2.28,-0.95,0.60,7.20,-62.70,38.5
2026/04/20 22:46:43.98,IMU,-174.80,-33.69,-1027.83,0.11,-0.67,0.25,-2.10,4.05,-59.55,38.9
2026/04/20 22:46:44.08,IMU,-166.50,-28.81,-1019.04,0.29,0.10,0.21,-1.05,7.20,-61.65,38.8
2026/04/20 22:46:44.19,IMU,-185.55,-35.64,-1012.70,-0.15,-2.79,1.14,-0.90,6.90,-63.30,38.9
2026/04/20 22:46:44.29,IMU,-169.92,-27.83,-1022.95,-0.98,-2.80,1.04,-0.45,7.65,-61.80,38.9
2026/04/20 22:46:44.39,IMU,-168.46,-28.32,-1032.71,2.32,1.24,-0.85,0.00,7.20,-61.95,38.9
2026/04/20 22:46:44.49,IMU,-174.32,-23.44,-1018.55,-0.98,0.99,-1.02,-1.35,7.50,-63.45,38.7
2026/04/20 22:46:44.59,IMU,-167.97,-27.34,-1020.51,0.73,-2.89,1.07,-0.45,8.10,-62.25,39.1
2026/04/20 22:46:44.69,IMU,-165.04,-23.93,-1017.09,-0.40,0.69,0.85,-0.60,6.75,-63.45,38.9
2026/04/20 22:46:44.79,IMU,-170.90,-24.41,-1007.81,-1.23,-2.34,1.05,1.35,6.75,-62.70,39.0
2026/04/20 22:46:44.89,IMU,-166.99,-30.27,-1006.35,-0.67,0.76,-0.68,0.45,7.65,-63.30,39.0
2026/04/20 22:46:44.99,IMU,-166.02,-35.16,-1015.14,0.22,1.50,-0.72,0.30,7.20,-61.65,38.9
2026/04/20 22:46:45.09,IMU,-175.29,-10.25,-1007.32,-1.44,0.44,0.85,-0.15,7.35,-62.55,38.7
2026/04/20 22:46:45.19,IMU,-176.76,-35.64,-1016.11,-0.34,-0.78,-2.71,0.90,7.35,-63.60,39.0
2026/04/20 22:46:45.29,IMU,-163.57,-33.69,-1013.67,2.01,-1.37,0.89,0.00,7.20,-63.45,39.1
2026/04/20 22:46:45.40,IMU,-175.29,-36.62,-1022.95,0.47,0.00,0.02,1.05,7.95,-61.65,39.3
2026/04/20 22:46:45.50,IMU,-173.83,-18.07,-1014.65,-0.67,1.80,-0.36,-0.30,8.25,-61.35,39.0
2026/04/20 22:46:45.60,IMU,-177.25,-26.37,-1011.72,-0.76,-1.76,0.67,-0.30,7.95,-61.95,39.0
2026/04/20 22:46:45.70,IMU,-174.32,-23.93,-1001.46,0.36,-0.22,-0.11,0.45,6.90,-63.60,38.8
2026/04/20 22:46:45.80,IMU,-170.90,-25.39,-1004.88,-0.52,0.86,-0.06,0.60,8.70,-61.95,39.1
2026/04/20 22:46:45.90,IMU,-167.97,-27.83,-999.02,-0.01,0.91,-2.60,0.15,6.45,-62.70,39.1
2026/04/20 22:46:46.01,IMU,-161.62,-31.25,-1018.55,0.15,0.17,1.32,-0.30,7.50,-61.35,38.9
2026/04/20 22:46:46.11,IMU,-169.92,-20.51,-995.61,1.95,0.03,-1.18,0.15,6.15,-61.05,39.0
2026/04/20 22:46:46.21,IMU,-171.88,-22.95,-1009.28,1.08,-0.34,0.08,-0.30,6.75,-63.15,39.0
2026/04/20 22:46:46.32,IMU,-167.97,-30.27,-1005.37,0.68,0.64,-0.47,-0.15,8.85,-63.60,39.1
2026/04/20 22:46:46.42,IMU,-182.62,-32.23,-1011.23,0.45,-1.23,-0.64,-0.30,7.50,-61.65,39.3
2026/04/20 22:46:46.52,IMU,-176.27,-40.04,-1011.72,1.10,0.44,-1.69,-0.15,8.40,-63.60,39.3
2026/04/20 22:46:46.62,IMU,-168.46,-40.04,-1017.58,-0.08,1.00,0.20,-0.45,7.65,-62.55,38.9
2026/04/20 22:46:46.72,IMU,-171.39,-27.83,-1006.84,-1.41,1.46,-0.70,-0.45,5.40,-62.85,39.1
2026/04/20 22:46:46.82,IMU,-182.13,-27.34,-1024.41,2.38,0.49,2.08,0.90,6.90,-61.50,38.9
2026/04/20 22:46:46.92,IMU,-158.20,-30.76,-1023.93,0.50,0.62,-1.53,-0.30,7.95,-62.40,39.1
2026/04/20 22:46:47.02,IMU,-168.95,-35.64,-1009.28,-0.44,0.46,0.24,-0.15,8.10,-61.80,39.1
2026/04/20 22:46:47.12,IMU,-173.34,-34.67,-1019.53,-0.76,1.14,0.98,-0.30,7.50,-64.20,38.9
2026/04/20 22:46:47.22,IMU,-171.39,-29.79,-1007.81,1.54,-0.99,-1.43,0.15,8.40,-63.30,38.8
2026/04/20 22:46:47.32,IMU,-189.94,-34.18,-1005.86,0.47,0.12,-1.21,-0.60,8.25,-61.65,39.1
2026/04/20 22:46:47.42,IMU,-158.69,-34.18,-1013.18,0.00,0.60,0.44,0.30,7.95,-62.40,39.0
2026/04/20 22:46:47.53,IMU,-177.73,-35.64,-1012.21,-1.02,0.66,0.94,0.45,5.85,-61.80,38.9
2026/04/20 22:46:47.63,IMU,-157.71,-38.09,-1007.81,-0.12,-0.22,-0.22,0.45,6.60,-63.60,38.9
2026/04/20 22:46:47.73,IMU,-169.43,-22.46,-1012.70,0.08,0.79,1.89,-2.55,5.55,-58.05,39.2
2026/04/20 22:46:47.83,IMU,-164.55,-31.25,-1011.72,0.55,0.74,0.43,0.30,6.75,-61.65,38.9
2026/04/20 22:46:47.93,IMU,-171.88,-31.25,-1027.34,-0.79,0.51,-0.89,-0.60,6.75,-64.50,38.9
2026/04/20 22:46:48.03,IMU,-164.55,-30.27,-1009.28,0.61,0.28,0.15,1.20,8.10,-64.35,39.3
2026/04/20 22:46:48.13,IMU,-177.73,-26.86,-1022.46,-0.08,-0.60,1.64,-0.60,6.45,-63.15,39.1
2026/04/20 22:46:48.23,IMU,-164.55,-31.25,-1028.32,-1.20,0.58,0.32,-0.90,7.35,-63.60,39.1
2026/04/20 22:46:48.33,IMU,-174.80,-41.50,-1024.41,-0.49,-1.09,0.43,-0.15,6.90,-62.25,39.1
2026/04/20 22:46:48.43,IMU,-175.29,-33.69,-1005.37,0.56,-1.25,0.15,0.30,8.25,-63.75,39.1
2026/04/20 22:46:48.53,IMU,-177.25,-34.67,-997.56,-0.26,0.69,1.29,-0.15,6.90,-62.55,39.3
2026/04/20 22:46:48.63,IMU,-174.80,-15.14,-1007.32,-1.82,1.05,0.92,-1.05,8.70,-63.15,39.3
2026/04/20 22:46:48.74,IMU,-171.88,-34.67,-1009.77,-1.01,1.69,0.06,-2.85,3.75,-58.05,39.1
2026/04/20 22:46:48.84,IMU,-180.18,-34.18,-1011.23,1.98,0.36,-0.18,0.30,7.50,-61.65,39.1
2026/04/20 22:46:48.94,IMU,-162.60,-35.64,-1021.48,0.04,0.33,-1.01,-0.15,6.90,-62.25,39.0
2026/04/20 22:46:49.04,IMU,-168.46,-18.07,-1005.86,0.85,1.24,-1.21,-0.30,7.95,-62.40,39.1
2026/04/20 22:46:49.14,IMU,-166.02,-38.57,-1022.95,1.31,0.19,-2.09,-4.20,6.15,-60.00,38.9
2026/04/20 22:46:49.24,IMU,-171.39,-19.53,-1025.88,0.18,0.69,2.02,-1.35,7.50,-61.95,39.1
2026/04/20 22:46:49.34,IMU,-180.66,-23.93,-1020.51,1.27,1.73,-0.16,-0.15,7.35,-61.80,39.3
2026/04/20 22:46:49.44,IMU,-166.02,-32.71,-1012.21,-0.86,0.69,2.95,0.15,7.35,-62.55,39.2
2026/04/20 22:46:49.54,IMU,-176.76,-37.60,-1021.00,0.38,-0.27,0.79,-0.45,8.40,-61.80,39.0
2026/04/20 22:46:49.64,IMU,-166.99,-26.86,-1016.60,-0.88,-0.55,-0.82,-0.30,7.50,-63.15,39.2
2026/04/20 22:46:49.76,IMU,-177.25,-39.55,-1010.74,0.38,-0.96,0.29,0.60,7.95,-62.40,39.3
2026/04/20 22:46:49.86,IMU,-166.99,-22.46,-1018.55,-0.51,0.72,0.62,0.30,7.20,-63.15,39.1
2026/04/20 22:46:49.96,IMU,-188.48,-35.16,-1012.70,-1.14,1.05,0.63,0.15,7.65,-61.50,39.2
2026/04/20 22:46:50.06,IMU,-172.85,-27.34,-1006.35,1.25,0.38,2.65,-0.15,5.40,-62.25,39.4
2026/04/20 22:46:50.16,IMU,-166.50,-30.76,-1019.04,0.72,3.56,-1.35,-0.45,8.10,-63.30,39.3
2026/04/20 22:46:50.26,IMU,-175.78,-23.93,-1009.28,0.50,-0.92,-0.45,-1.80,7.20,-63.45,39.4
2026/04/20 22:46:50.36,IMU,-172.36,-22.95,-1018.55,0.48,1.47,1.47,-0.45,8.10,-61.80,39.3
2026/04/20 22:46:50.46,IMU,-157.71,-12.21,-1013.18,-0.87,1.27,-2.15,-0.90,5.40,-62.25,39.5
2026/04/20 22:46:50.56,IMU,-161.13,-21.97,-1014.16,0.26,-0.44,2.52,0.00,7.50,-62.40,39.2
2026/04/20 22:46:50.67,IMU,-177.25,-35.16,-1013.67,-2.08,0.34,-0.37,-0.30,7.50,-61.95,39.0
2026/04/20 22:46:50.77,IMU,-163.09,-27.34,-1012.21,0.50,0.42,2.89,-0.90,6.90,-63.60,39.5
2026/04/20 22:46:50.87,IMU,-171.39,-28.81,-1006.84,1.76,-0.16,-1.07,0.60,9.45,-61.95,39.5
2026/04/20 22:46:50.97,IMU,-172.85,-30.27,-1015.63,1.11,1.18,1.33,1.80,5.55,-62.70,39.6
2026/04/20 22:46:51.07,IMU,-181.15,-38.09,-1016.60,1.91,1.92,0.12,1.20,7.35,-64.05,39.6
2026/04/20 22:46:51.17,IMU,-187.01,-23.93,-1023.44,1.24,-2.30,-0.49,0.00,7.95,-62.70,39.5
2026/04/20 22:46:51.27,IMU,-173.34,-16.60,-1008.30,1.97,-0.24,-2.44,0.45,7.35,-61.80,39.6
2026/04/20 22:46:51.37,IMU,-172.85,-26.37,-1022.95,-0.15,0.11,-0.11,-0.60,6.45,-61.65,39.4
2026/04/20 22:46:51.47,IMU,-180.66,-29.79,-1014.16,-0.25,2.24,-0.06,0.00,7.50,-61.95,39.6
2026/04/20 22:46:51.57,IMU,-178.22,-37.11,-1010.25,-0.04,-0.62,-0.69,-0.30,7.20,-63.45,39.4
2026/04/20 22:46:51.67,IMU,-171.88,-36.62,-1011.23,-2.11,1.08,1.63,-0.90,9.30,-62.55,39.4
2026/04/20 22:46:51.77,IMU,-174.80,-20.02,-1008.79,-0.15,-0.27,-1.11,-0.15,5.85,-62.55,39.5
2026/04/20 22:46:51.88,IMU,-182.62,-31.74,-1018.55,-0.44,0.35,-1.48,0.15,8.85,-61.50,39.4
2026/04/20 22:46:51.98,IMU,-173.34,-36.13,-1015.14,-0.76,0.95,-0.27,-0.45,8.10,-63.60,39.4
2026/04/20 22:46:52.08,IMU,-173.34,-21.00,-1012.21,0.05,1.21,-0.37,-0.45,9.30,-62.85,39.4
2026/04/20 22:46:52.18,IMU,-179.20,-32.23,-1009.28,0.56,1.03,0.47,-0.60,7.50,-62.70,39.6
2026/04/20 22:46:52.28,IMU,-175.29,-15.63,-1000.49,-2.51,-0.13,-0.98,-0.30,7.20,-61.35,39.6
2026/04/20 22:46:52.38,IMU,-163.57,-29.30,-1013.67,0.50,-0.04,1.76,-0.30,6.45,-62.70,39.4
2026/04/20 22:46:52.48,IMU,-159.18,-17.09,-1021.97,-0.67,-0.90,1.02,-0.30,7.50,-63.45,39.8
2026/04/20 22:46:52.58,IMU,-170.41,-32.23,-1015.14,-0.37,-0.36,-1.30,-0.15,9.30,-63.60,39.8
2026/04/20 22:46:52.68,IMU,-170.41,-25.88,-1012.21,-0.53,-0.82,-0.35,0.45,7.65,-61.50,39.2
2026/04/20 22:46:52.78,IMU,-178.22,-33.20,-1011.72,1.38,-0.22,-0.75,-0.45,7.65,-60.45,39.6
2026/04/20 22:46:52.88,IMU,-176.76,-17.58,-1017.58,0.70,-1.11,1.99,0.60,7.95,-62.70,39.4
2026/04/20 22:46:52.98,IMU,-172.85,-17.09,-1025.39,-0.58,0.03,1.01,-1.80,6.45,-61.65,39.4
2026/04/20 22:46:53.09,IMU,-166.02,-27.34,-1000.98,-0.16,3.00,0.40,0.15,7.35,-62.55,39.4
2026/04/20 22:46:53.19,IMU,-176.27,-35.16,-1012.70,-0.98,0.13,-0.75,-1.05,7.20,-61.95,39.5
2026/04/20 22:46:53.29,IMU,-166.02,-34.18,-1012.21,-2.05,0.73,0.24,1.20,9.30,-62.25,39.5
2026/04/20 22:46:53.39,IMU,-163.09,-36.62,-1010.74,0.85,-1.31,0.43,1.05,7.95,-64.05,39.6
2026/04/20 22:46:53.49,IMU,-172.36,-34.67,-1015.14,0.12,-1.87,-1.15,-0.60,7.95,-61.95,39.4
2026/04/20 22:46:53.59,IMU,-162.11,-6.84,-1005.86,0.73,0.47,-2.24,-0.30,9.00,-61.35,39.3
2026/04/20 22:46:53.69,IMU,-156.25,38.09,-1026.37,6.12,-2.07,-0.08,-0.15,8.10,-63.30,39.6
2026/04/20 22:46:53.79,IMU,26.37,92.29,-1057.13,2.88,12.05,-14.68,0.30,7.95,-62.70,39.7
2026/04/20 22:46:53.89,IMU,-166.99,36.62,-1008.79,-3.70,17.68,-25.68,0.00,6.75,-62.70,39.6
2026/04/20 22:46:53.99,IMU,-252.44,-86.91,-942.38,-2.90,8.76,-9.88,0.15,7.65,-62.85,39.6
2026/04/20 22:46:54.09,IMU,-279.30,-53.22,-962.89,-2.47,1.60,0.46,0.30,6.75,-62.70,39.7
2026/04/20 22:46:54.19,IMU,-233.40,-43.95,-1011.23,2.98,-3.31,0.49,0.15,6.60,-64.05,39.5
2026/04/20 22:46:54.30,IMU,-191.41,-68.36,-997.56,1.18,-0.98,-1.19,0.90,6.60,-62.25,39.6
2026/04/20 22:46:54.40,IMU,-196.78,-43.46,-1008.30,0.80,0.63,2.85,0.00,6.45,-62.70,39.6
2026/04/20 22:46:54.50,IMU,-194.34,-52.25,-1002.93,-0.01,-1.98,1.21,-0.15,6.60,-62.55,39.6
2026/04/20 22:46:54.60,IMU,-200.20,-51.27,-998.05,-0.11,0.73,-0.83,-0.15,7.65,-63.30,39.7
2026/04/20 22:46:54.70,IMU,-192.87,-25.88,-1009.77,1.47,-3.11,1.92,-0.15,7.35,-63.30,39.9
2026/04/20 22:46:54.80,IMU,-179.20,-22.95,-1020.51,-2.11,-0.71,-0.32,0.15,7.65,-63.60,39.5
2026/04/20 22:46:54.90,IMU,-173.34,-29.79,-1015.63,0.53,0.37,0.05,-0.30,7.20,-63.45,39.6
2026/04/20 22:46:55.00,IMU,-155.27,-24.90,-1027.83,-1.35,1.73,-2.15,-0.15,8.10,-60.45,39.6
2026/04/20 22:46:55.10,IMU,-172.36,-51.27,-1021.97,1.08,-0.88,-3.63,-0.30,7.50,-63.75,39.5
2026/04/20 22:46:55.20,IMU,-199.22,-12.21,-1023.93,-1.43,14.18,0.69,1.20,8.85,-61.80,39.6
2026/04/20 22:46:55.30,IMU,-192.38,-23.44,-1013.67,-2.47,7.31,-5.99,0.45,7.35,-62.25,39.6
2026/04/20 22:46:55.40,IMU,-207.03,-49.32,-1000.98,-2.86,7.23,-3.21,1.95,8.40,-64.35,39.7
2026/04/20 22:46:55.51,IMU,-176.76,-31.74,-1019.53,-1.68,4.51,-1.57,0.15,6.90,-63.60,39.7
2026/04/20 22:46:55.61,IMU,-191.89,-41.50,-1007.81,-2.13,0.23,-3.87,-0.15,5.85,-62.25,39.7
2026/04/20 22:46:55.71,IMU,-190.43,-44.43,-997.56,-3.65,1.53,1.39,0.15,8.10,-61.80,39.6
2026/04/20 22:46:55.81,IMU,-185.55,-43.95,-1016.60,-2.07,3.21,1.92,-0.90,5.85,-62.85,39.7
2026/04/20 22:46:55.91,IMU,-177.73,-52.25,-1013.67,0.51,0.78,0.31,-1.35,5.25,-59.55,39.3
2026/04/20 22:46:56.01,IMU,-181.64,-39.06,-1012.21,-2.17,1.36,0.07,0.30,6.45,-61.95,39.8
2026/04/20 22:46:56.11,IMU,-152.34,-50.78,-1023.93,-1.12,0.62,-0.24,0.60,7.50,-63.75,39.6
2026/04/20 22:46:56.21,IMU,-167.97,-49.32,-1024.90,0.41,-1.13,-1.17,1.20,6.90,-63.30,39.4
2026/04/20 22:46:56.31,IMU,-190.43,-45.90,-1021.48,-0.13,1.38,-0.47,-0.60,7.20,-62.70,39.4
2026/04/20 22:46:56.41,IMU,-176.27,-37.60,-1022.95,-0.42,0.86,0.93,-0.60,7.20,-62.70,39.6
2026/04/20 22:46:56.51,IMU,-150.88,-56.64,-998.54,0.47,-1.47,-0.28,-1.20,5.85,-62.55,39.5
2026/04/20 22:46:56.61,IMU,-222.66,8.79,-911.13,0.79,5.66,4.52,0.60,6.45,-61.35,39.4
2026/04/20 22:46:56.72,IMU,-204.59,-50.29,-1006.35,3.02,-1.09,0.65,0.90,7.35,-63.30,39.8
2026/04/20 22:46:56.82,IMU,-181.15,-39.06,-1015.63,-0.55,2.22,-1.20,-0.45,6.90,-62.25,39.4
2026/04/20 22:46:56.93,IMU,-196.78,-38.09,-1010.25,-0.24,-0.24,0.53,-3.60,3.75,-58.05,39.7
2026/04/20 22:46:57.03,IMU,-180.18,-37.11,-1011.72,-0.51,0.97,2.58,-0.15,5.40,-64.20,39.6
2026/04/20 22:46:57.13,IMU,-189.94,-51.27,-1005.86,0.53,-1.29,3.36,-0.15,8.10,-62.55,39.4
2026/04/20 22:46:57.23,IMU,-172.36,-50.29,-1006.84,0.53,0.73,-3.56,-0.30,6.45,-60.60,39.8
2026/04/20 22:46:57.33,IMU,-181.15,-41.99,-1012.70,0.24,0.73,-0.02,-0.45,6.90,-62.85,39.6
2026/04/20 22:46:57.43,IMU,-194.34,-40.04,-991.21,1.51,3.65,0.65,0.90,8.10,-61.80,39.6
2026/04/20 22:46:57.53,IMU,-190.92,-40.53,-1020.02,1.15,-0.55,2.27,1.20,5.85,-63.60,39.6
2026/04/20 22:46:57.63,IMU,-180.18,-44.92,-1014.16,-0.73,1.08,1.04,0.60,6.75,-63.15,39.7
2026/04/20 22:46:57.73,IMU,-188.96,-39.06,-1029.30,-1.24,-0.93,-1.45,-0.15,6.60,-61.80,39.6
2026/04/20 22:46:57.83,IMU,-193.36,-21.48,-1007.81,-0.39,2.22,1.19,0.60,8.25,-63.15,39.6
2026/04/20 22:46:57.94,IMU,-184.57,-44.43,-1019.04,0.73,1.40,1.63,-1.65,6.60,-62.85,39.7
2026/04/20 22:46:58.04,IMU,-184.08,-50.78,-1020.02,-0.93,-1.34,0.75,1.05,6.00,-61.65,39.6
2026/04/20 22:46:58.14,IMU,-187.99,-53.71,-998.05,0.38,1.92,-0.05,0.30,7.20,-63.15,39.4
2026/04/20 22:46:58.24,IMU,-187.50,-37.11,-1014.65,-0.69,2.16,-2.40,0.90,7.65,-62.85,39.6
2026/04/20 22:46:58.34,IMU,-181.15,-38.09,-1016.60,1.56,2.08,-0.56,-0.15,7.65,-61.50,39.7
2026/04/20 22:46:58.44,IMU,-199.71,-46.39,-1024.90,-0.02,3.03,-5.19,-0.30,7.95,-62.70,39.6
2026/04/20 22:46:58.54,IMU,-183.59,-32.71,-1007.81,-1.74,1.36,-0.91,2.10,6.75,-61.95,39.7
2026/04/20 22:46:58.64,IMU,-159.18,-35.16,-1021.00,-0.11,-0.44,0.40,-0.15,5.40,-63.30,39.8
2026/04/20 22:46:58.74,IMU,-151.86,-40.04,-1018.55,-0.79,0.95,-0.58,-0.90,8.85,-63.30,39.9
2026/04/20 22:46:58.84,IMU,-163.09,-38.57,-1028.81,0.62,-2.40,-0.03,0.00,7.50,-62.40,39.7
2026/04/20 22:46:58.94,IMU,-190.92,-37.60,-1019.53,-0.02,1.05,-1.89,0.30,7.20,-62.40,39.8
2026/04/20 22:46:59.04,IMU,-187.50,-33.20,-1013.67,0.24,0.19,-0.17,0.15,6.60,-63.60,39.6
2026/04/20 22:46:59.15,IMU,-199.22,-41.50,-1008.30,-0.68,-1.07,-4.97,0.45,6.60,-63.30,39.7
2026/04/20 22:46:59.25,IMU,-192.38,-36.62,-1011.72,0.57,-0.28,-0.62,-0.30,7.50,-63.15,39.8
2026/04/20 22:46:59.35,IMU,-176.27,-37.11,-1020.02,0.08,0.54,1.15,-0.30,7.50,-63.15,39.8
2026/04/20 22:46:59.45,IMU,-169.92,-27.83,-1023.93,0.34,-1.16,-2.71,0.60,7.50,-63.15,39.8
2026/04/20 22:46:59.55,IMU,-163.09,-33.20,-1009.28,0.37,0.09,0.91,0.30,6.45,-64.50,39.8
2026/04/20 22:46:59.65,IMU,-181.64,-32.71,-1017.09,-2.22,-0.08,-0.28,1.35,7.50,-62.40,39.8
2026/04/20 22:46:59.75,IMU,-180.18,-35.16,-1012.70,1.08,0.06,-0.83,0.15,6.15,-62.85,39.6
2026/04/20 22:46:59.85,IMU,-201.66,-45.90,-997.56,-0.14,-0.60,-0.08,-0.15,7.35,-61.80,40.0
2026/04/20 22:46:59.95,IMU,-166.02,-34.67,-1020.02,-2.05,-3.95,1.14,-2.70,7.35,-62.25,39.8
2026/04/20 22:47:00.05,IMU,-194.34,-62.50,-1007.81,-1.44,0.32,3.91,1.80,7.20,-64.20,39.7
2026/04/20 22:47:00.15,IMU,-210.45,-26.86,-993.65,0.92,-5.50,-1.25,0.15,7.35,-63.30,39.8
2026/04/20 22:47:00.25,IMU,-196.29,-27.34,-1014.65,-0.79,0.37,-2.55,0.15,6.90,-62.55,39.7
2026/04/20 22:47:00.36,IMU,-149.41,-40.04,-1031.25,-0.25,-3.65,0.73,1.65,6.60,-62.25,39.8
2026/04/20 22:47:00.46,IMU,-218.26,-81.54,-1014.65,-0.01,0.16,3.99,1.65,7.35,-61.80,39.8
2026/04/20 22:47:00.56,IMU,-234.86,-41.50,-961.91,-0.80,4.45,7.51,1.35,7.20,-61.95,39.4
2026/04/20 22:47:00.66,IMU,-190.43,-47.85,-1026.86,0.98,-4.63,-0.06,0.30,6.00,-62.40,39.6
2026/04/20 22:47:00.76,IMU,-183.59,-34.18,-1012.70,-0.07,-3.13,-0.59,0.00,6.45,-63.75,39.4
2026/04/20 22:47:00.86,IMU,-207.03,-41.02,-1012.21,-0.05,-3.73,-0.31,0.30,7.20,-61.95,39.6
2026/04/20 22:47:00.96,IMU,-180.66,-48.34,-985.84,-1.52,-1.75,-1.11,-0.60,7.50,-63.45,39.7
2026/04/20 22:47:01.06,IMU,-189.45,-31.25,-1015.63,0.50,-2.82,0.97,1.20,5.85,-62.85,39.6
2026/04/20 22:47:01.16,IMU,-173.83,-49.32,-1014.16,1.48,-1.12,2.88,0.15,6.15,-62.55,39.7
2026/04/20 22:47:01.26,IMU,-188.96,-35.64,-1019.04,1.05,-3.79,-1.03,-0.15,6.60,-62.55,40.0
2026/04/20 22:47:01.36,IMU,-191.89,-48.83,-1022.46,-0.56,0.40,2.85,0.60,6.00,-63.45,39.5
2026/04/20 22:47:01.46,IMU,-187.01,-38.09,-1010.74,0.18,-0.03,0.28,0.60,5.55,-63.75,39.8
2026/04/20 22:47:01.57,IMU,-193.36,-33.20,-1021.00,-0.82,-0.67,-0.62,0.45,6.15,-62.25,39.6
2026/04/20 22:47:01.67,IMU,-178.71,-46.39,-1038.57,0.05,1.89,-0.08,0.15,8.10,-62.25,39.5
2026/04/20 22:47:01.77,IMU,-198.24,-51.76,-1028.32,-1.05,-1.20,0.31,1.65,6.15,-62.25,39.8
2026/04/20 22:47:01.87,IMU,-193.85,-43.46,-1000.98,-0.43,2.09,-1.58,0.00,6.45,-63.15,39.8
2026/04/20 22:47:01.97,IMU,-169.43,-50.29,-1011.72,-0.40,1.01,0.15,0.00,6.45,-62.70,39.7
2026/04/20 22:47:02.07,IMU,-169.92,-46.88,-1008.30,-1.95,0.69,1.03,-1.95,5.10,-59.25,39.8
2026/04/20 22:47:02.17,IMU,-180.66,-50.29,-1014.16,1.43,1.95,3.29,0.15,7.65,-64.05,39.8
2026/04/20 22:47:02.27,IMU,-178.71,-48.34,-1022.46,-1.05,1.61,-2.03,-0.90,8.85,-62.85,39.6
2026/04/20 22:47:02.37,IMU,-173.34,-42.97,-1017.58,-0.02,-0.47,-1.52,1.20,7.35,-62.85,39.8
2026/04/20 22:47:02.47,IMU,-174.32,-42.48,-1023.44,0.61,-0.69,-1.31,0.00,7.20,-62.40,39.8
2026/04/20 22:47:02.57,IMU,-169.92,-36.62,-1010.74,-0.61,-1.47,-1.46,1.80,6.00,-63.15,39.6
2026/04/20 22:47:02.67,IMU,-175.78,-39.55,-1021.48,-0.91,1.14,1.64,1.35,6.45,-62.70,39.5
2026/04/20 22:47:02.78,IMU,-181.64,-36.62,-1014.16,-0.15,0.02,-0.16,0.90,6.90,-63.60,39.4
2026/04/20 22:47:02.88,IMU,-163.57,-45.41,-1028.32,-0.87,1.60,1.02,0.45,7.65,-63.60,39.6
2026/04/20 22:47:02.98,IMU,-163.57,-42.48,-1036.13,0.73,1.51,-0.27,0.00,7.20,-63.75,39.8
2026/04/20 22:47:03.08,IMU,-179.20,-48.34,-1027.83,-1.68,1.16,-0.66,-2.85,4.80,-57.75,39.4
2026/04/20 22:47:03.18,IMU,-181.64,-47.36,-1012.21,-0.76,1.35,-2.92,0.90,7.65,-62.85,39.7
2026/04/20 22:47:03.28,IMU,-200.20,-44.43,-1028.81,1.79,-1.35,0.04,1.05,6.45,-62.70,39.6
2026/04/20 22:47:03.38,IMU,-178.71,-39.55,-1010.25,3.27,0.86,-0.73,1.80,5.55,-61.65,39.5
2026/04/20 22:47:03.48,IMU,-178.22,-54.69,-1018.07,-0.70,0.03,0.52,0.60,6.75,-62.70,39.6
2026/04/20 22:47:03.58,IMU,-177.73,-41.50,-1006.84,-0.40,-1.26,-0.29,0.15,5.85,-61.80,39.6
2026/04/20 22:47:03.68,IMU,-179.20,-42.48,-1000.00,0.44,1.05,0.44,0.00,6.75,-62.70,39.2
2026/04/20 22:47:03.78,IMU,-111.82,-15.14,-890.63,7.40,-32.40,-18.01,1.95,5.85,-61.50,39.6
2026/04/20 22:47:03.89,IMU,-237.30,-78.61,-1018.55,-5.43,18.27,1.28,2.25,5.85,-63.30,39.6
2026/04/20 22:47:03.99,IMU,-205.08,-75.20,-1019.53,1.41,-4.81,-2.46,1.65,6.90,-61.50,39.6
2026/04/20 22:47:04.09,IMU,-217.29,-38.09,-1044.92,4.97,-15.66,4.07,3.30,6.45,-61.95,39.6
2026/04/20 22:47:04.19,IMU,-139.16,7.81,-1052.25,-2.90,2.21,-0.23,3.75,8.10,-63.60,39.6
2026/04/20 22:47:04.29,IMU,-164.06,-71.29,-1070.31,5.37,-6.56,2.82,1.05,6.75,-62.70,39.4
2026/04/20 22:47:04.39,IMU,-212.89,-33.20,-989.75,-0.31,4.20,2.22,2.10,9.45,-62.40,39.4
2026/04/20 22:47:04.49,IMU,-188.48,-55.18,-1010.74,0.60,0.98,2.09,1.65,6.90,-62.25,39.4
2026/04/20 22:47:04.59,IMU,-180.66,-44.43,-1019.04,1.24,1.02,0.03,0.30,6.00,-62.40,39.3
2026/04/20 22:47:04.69,IMU,-197.75,-39.06,-1008.79,1.50,0.48,0.51,-0.90,5.40,-62.55,39.6
2026/04/20 22:47:04.79,IMU,-191.41,-42.97,-1031.74,1.20,0.15,2.18,1.65,5.40,-61.80,39.6
2026/04/20 22:47:04.89,IMU,-194.34,-47.85,-1011.23,0.38,-0.27,-0.82,0.90,6.60,-62.85,39.5
2026/04/20 22:47:04.99,IMU,-199.22,-58.59,-1020.02,0.31,1.54,-0.50,1.95,6.90,-63.30,39.6
2026/04/20 22:47:05.10,IMU,-196.29,-48.83,-1011.72,-1.48,-0.78,2.43,1.05,7.50,-61.35,39.6
2026/04/20 22:47:05.20,IMU,-190.92,-51.27,-1020.02,0.78,0.56,-0.32,0.00,6.45,-61.65,39.5
2026/04/20 22:47:05.30,IMU,-190.43,-53.71,-1023.93,-0.69,3.56,0.15,1.20,6.15,-63.30,39.5
2026/04/20 22:47:05.40,IMU,-186.04,-47.85,-1012.21,1.11,-2.22,-1.47,0.90,5.40,-60.75,39.6
2026/04/20 22:47:05.50,IMU,-187.99,-39.06,-1026.37,0.70,1.06,0.65,2.85,6.00,-61.35,39.4
2026/04/20 22:47:05.60,IMU,-192.87,-47.85,-1011.23,0.48,-0.63,-0.60,1.35,7.50,-61.35,39.6
2026/04/20 22:47:05.70,IMU,-203.61,-47.36,-1016.60,0.82,-1.11,1.11,1.95,6.90,-63.60,39.5
2026/04/20 22:47:05.80,IMU,-186.52,-41.50,-1021.48,0.08,-2.77,-0.09,-0.15,7.65,-62.55,39.2
2026/04/20 22:47:05.90,IMU,-186.52,-38.57,-1021.97,0.37,2.44,-0.78,0.00,6.75,-61.95,39.6
2026/04/20 22:47:06.00,IMU,-181.64,-43.95,-1020.51,0.78,-1.48,-1.29,-0.45,6.60,-63.30,39.6
2026/04/20 22:47:06.10,IMU,-189.94,-43.95,-1007.81,0.65,0.37,0.05,1.20,6.60,-62.25,39.6
2026/04/20 22:47:06.20,IMU,-185.55,-47.36,-1000.49,-0.97,1.73,2.49,0.90,6.60,-61.80,39.5
2026/04/20 22:47:06.31,IMU,-203.61,-49.32,-1007.81,-0.30,-0.33,-1.56,1.05,6.45,-62.40,39.6
2026/04/20 22:47:06.41,IMU,-208.98,-53.71,-1004.39,-0.19,2.01,-1.79,0.90,7.65,-62.55,39.4
2026/04/20 22:47:06.51,IMU,-198.24,-41.99,-1016.11,1.56,-1.53,-1.66,0.45,7.35,-62.25,39.7
2026/04/20 22:47:06.61,IMU,-194.34,-44.43,-1016.11,-1.21,0.18,2.21,1.20,6.90,-62.25,39.9
2026/04/20 22:47:06.71,IMU,-199.22,-50.78,-1005.86,-0.73,-0.97,0.98,1.80,6.00,-63.45,39.6
2026/04/20 22:47:06.81,IMU,-182.13,-35.64,-1001.95,0.81,-3.79,-0.61,1.20,7.35,-60.45,39.6
2026/04/20 22:47:06.91,IMU,-209.47,-39.06,-999.51,1.53,1.47,-1.74,0.60,7.95,-62.70,39.7
2026/04/20 22:47:07.01,IMU,-193.36,-36.13,-1009.28,-0.16,1.11,-0.89,2.70,6.90,-62.25,39.8
2026/04/20 22:47:07.11,IMU,-199.71,-41.50,-1008.30,1.90,-1.37,1.26,0.60,6.00,-62.70,40.0
2026/04/20 22:47:07.21,IMU,-186.52,-60.55,-999.51,0.33,-1.97,0.77,2.25,6.60,-61.05,40.0
2026/04/20 22:47:07.31,IMU,-195.31,-56.15,-1020.51,1.48,0.93,-0.89,-0.45,5.85,-61.50,39.8
2026/04/20 22:47:07.41,IMU,-187.50,-41.99,-1009.77,-0.08,-1.56,-1.94,1.05,6.45,-62.70,39.7
2026/04/20 22:47:07.52,IMU,-201.66,-47.85,-1014.65,0.67,0.28,0.16,0.60,5.55,-63.15,39.8
2026/04/20 22:47:07.62,IMU,-187.99,-36.62,-1009.28,-0.17,1.29,2.98,1.95,5.85,-61.80,39.7
2026/04/20 22:47:07.72,IMU,-186.52,-36.62,-1021.00,0.02,0.85,1.19,1.80,8.25,-62.70,39.9
2026/04/20 22:47:07.82,IMU,-200.68,-46.88,-1017.58,-1.44,0.06,0.14,-0.45,4.65,-61.80,39.9
2026/04/20 22:47:07.92,IMU,-183.11,-42.48,-1015.14,-0.67,1.80,-1.16,0.15,6.90,-61.50,39.6
2026/04/20 22:47:08.02,IMU,-210.94,-49.32,-998.05,-0.86,2.43,0.14,0.15,6.15,-62.25,39.9
2026/04/20 22:47:08.12,IMU,-222.17,-48.83,-1014.16,1.12,1.99,-2.06,1.05,6.00,-63.45,39.9
2026/04/20 22:47:08.22,IMU,-207.52,-50.29,-1005.86,-0.60,3.36,-1.90,1.05,6.75,-63.15,39.8
2026/04/20 22:47:08.32,IMU,-190.43,-47.36,-1017.09,-2.06,-0.02,0.95,1.20,6.15,-62.85,39.8
2026/04/20 22:47:08.42,IMU,-199.71,-58.59,-1008.79,0.03,1.01,-2.46,0.90,6.60,-60.75,39.8
2026/04/20 22:47:08.52,IMU,-186.52,-62.99,-1006.35,-0.85,1.63,0.61,0.15,6.15,-62.85,39.8
2026/04/20 22:47:08.63,IMU,-187.50,-45.41,-1006.35,2.30,-7.73,-2.21,1.05,6.75,-62.40,39.9
2026/04/20 22:47:08.73,IMU,-310.55,-55.66,-976.07,5.42,-17.65,-6.25,3.90,7.20,-61.65,40.0
2026/04/20 22:47:08.83,IMU,-265.63,-99.12,-1020.51,0.76,-5.69,-4.82,5.25,6.15,-61.50,40.0
2026/04/20 22:47:08.93,IMU,-292.97,26.37,-970.70,4.98,9.05,-3.33,5.70,5.40,-62.25,39.9
2026/04/20 22:47:09.03,IMU,-316.89,-63.96,-912.11,4.16,-4.88,3.00,4.20,6.60,-63.30,39.6
2026/04/20 22:47:09.13,IMU,-253.42,-70.31,-992.68,-0.93,3.92,3.71,3.45,6.15,-61.80,39.7
2026/04/20 22:47:09.23,IMU,-254.88,-71.29,-1002.93,0.00,-1.15,0.82,-1.20,4.65,-58.95,39.9
2026/04/20 22:47:09.33,IMU,-223.14,-62.99,-997.56,-0.62,-0.55,-0.89,4.65,6.75,-62.70,39.7
2026/04/20 22:47:09.43,IMU,-239.75,-74.71,-1005.86,2.53,-3.08,0.36,3.45,5.10,-61.05,39.7
2026/04/20 22:47:09.53,IMU,-248.54,-77.15,-999.02,0.34,-2.76,0.03,3.00,6.15,-61.05,39.8
2026/04/20 22:47:09.63,IMU,-151.37,-94.73,-1028.81,5.15,-1.66,3.14,2.25,5.85,-62.25,40.0
2026/04/20 22:47:09.73,IMU,-236.82,-64.45,-1012.70,-0.02,1.49,0.86,2.25,3.90,-62.25,39.7
2026/04/20 22:47:09.84,IMU,-252.44,-78.12,-1000.98,2.12,-4.47,-0.56,3.75,5.85,-61.80,39.8
2026/04/20 22:47:09.94,IMU,-264.16,-93.75,-979.98,1.85,1.88,-3.37,3.30,6.00,-61.65,39.8
2026/04/20 22:47:10.04,IMU,-247.07,-78.61,-986.82,4.93,-10.60,-7.37,4.20,3.90,-62.55,39.7
2026/04/20 22:47:10.14,IMU,-284.67,-148.93,-998.05,8.43,-10.28,-5.11,1.95,4.65,-62.55,40.0
2026/04/20 22:47:10.25,IMU,-266.11,-128.42,-1016.60,2.07,-1.13,-3.07,3.60,2.25,-60.60,39.8
2026/04/20 22:47:10.35,IMU,-324.22,-132.32,-966.80,3.53,-4.45,-4.77,3.30,4.80,-60.90,40.0
2026/04/20 22:47:10.45,IMU,-303.71,-131.84,-979.49,1.13,-1.98,1.34,3.45,5.10,-64.05,40.1
2026/04/20 22:47:10.55,IMU,-318.85,-133.79,-980.96,2.70,-0.11,1.76,3.75,5.40,-62.55,39.8
2026/04/20 22:47:10.65,IMU,-339.84,-129.88,-929.69,-6.50,-5.51,-8.92,4.35,3.30,-63.15,39.9
2026/04/20 22:47:10.76,IMU,-286.62,-116.70,-973.14,-6.63,2.10,-5.40,3.30,4.05,-63.75,40.2
2026/04/20 22:47:10.86,IMU,-302.73,-110.35,-994.63,-5.97,-1.05,-7.25,1.80,3.60,-61.80,39.9
2026/04/20 22:47:10.96,IMU,-289.55,-102.54,-988.28,-2.63,3.98,-5.88,3.60,5.25,-62.40,40.0
2026/04/20 22:47:11.06,IMU,-298.34,-89.36,-996.58,-2.53,-0.94,-3.60,2.55,4.50,-62.40,40.2
2026/04/20 22:47:11.16,IMU,-284.67,-80.57,-992.19,-1.53,-3.53,-0.27,3.60,5.25,-61.95,40.0
2026/04/20 22:47:11.28,IMU,-286.62,-86.43,-984.86,1.32,-0.53,-3.16,1.05,1.80,-57.75,40.0
2026/04/20 22:47:11.38,IMU,-285.64,-67.38,-973.63,-4.95,-1.37,0.56,1.65,5.40,-62.85,40.0
2026/04/20 22:47:11.48,IMU,-261.72,-77.64,-954.59,3.69,-0.88,0.24,2.25,5.85,-61.05,40.0
2026/04/20 22:47:11.58,IMU,-289.06,-26.86,-977.54,-3.60,4.82,1.00,3.90,6.00,-62.40,39.7
2026/04/20 22:47:11.68,IMU,-258.30,-81.05,-1009.28,0.67,-0.95,2.31,3.60,5.25,-61.95,40.0
2026/04/20 22:47:11.78,IMU,-213.38,-69.82,-1028.81,-0.62,-7.44,-2.47,2.25,7.35,-62.55,39.8
2026/04/20 22:47:11.88,IMU,-229.98,-66.41,-1023.44,-2.54,7.08,-2.22,0.60,4.80,-63.15,39.8
2026/04/20 22:47:11.98,IMU,-222.66,-60.55,-1028.32,0.42,2.15,4.75,-0.15,3.60,-62.85,39.9
2026/04/20 22:47:12.08,IMU,-240.72,-94.24,-995.12,-0.98,-0.04,-2.10,1.80,6.45,-63.15,40.0
2026/04/20 22:47:12.18,IMU,-250.00,-113.28,-1006.84,0.11,1.02,0.12,1.80,5.25,-62.70,39.8
2026/04/20 22:47:12.28,IMU,-242.19,-96.19,-990.23,-3.94,2.23,0.77,1.35,5.25,-62.70,39.7
2026/04/20 22:47:12.38,IMU,-95.70,-102.05,-1014.16,-0.07,-1.22,2.08,-0.15,5.40,-64.35,39.7
2026/04/20 22:47:12.48,IMU,-174.80,-98.63,-1036.62,-0.46,5.55,-0.44,0.90,5.40,-62.85,39.8
2026/04/20 22:47:12.59,IMU,-111.33,-139.16,-1103.52,4.00,3.14,3.02,1.05,6.00,-63.75,39.7
2026/04/20 22:47:12.69,IMU,-169.43,-89.84,-1052.25,-2.24,0.79,-0.18,1.35,6.45,-63.30,39.6
2026/04/20 22:47:12.79,IMU,-268.07,-137.70,-998.54,-0.31,-7.77,-2.83,0.30,5.55,-62.40,39.9
2026/04/20 22:47:12.89,IMU,-227.54,-121.09,-1042.48,3.26,-3.18,4.32,0.30,4.50,-62.70,39.9
2026/04/20 22:47:12.99,IMU,-170.41,-104.98,-1046.88,5.34,-8.56,3.63,1.35,3.75,-63.45,40.0
2026/04/20 22:47:13.09,IMU,-221.19,-68.85,-1012.70,4.38,-5.60,3.56,-0.15,6.60,-63.60,39.6
2026/04/20 22:47:13.19,IMU,-234.86,-56.64,-1017.58,1.71,-5.03,0.68,0.45,6.15,-62.55,39.9
2026/04/20 22:47:13.29,IMU,-236.82,-75.20,-1003.91,1.52,-0.05,1.35,1.35,5.55,-63.45,39.8
2026/04/20 22:47:13.39,IMU,-250.49,-85.94,-991.21,-0.04,-0.98,0.33,-0.45,5.10,-64.35,39.8
2026/04/20 22:47:13.49,IMU,-241.70,-78.12,-994.14,-1.13,0.72,-0.08,0.90,6.15,-63.30,39.9
2026/04/20 22:47:13.59,IMU,-231.45,-77.15,-1004.39,-1.21,1.41,0.57,0.30,7.50,-63.15,39.9
2026/04/20 22:47:13.69,IMU,-227.05,-81.54,-998.54,0.63,0.43,1.74,0.30,4.80,-64.95,39.8
2026/04/20 22:47:13.80,IMU,-226.56,-74.71,-1015.14,0.15,2.51,1.19,0.45,4.65,-64.05,40.0
2026/04/20 22:47:13.90,IMU,-227.05,-73.24,-1011.23,-0.82,0.73,0.22,0.15,5.40,-64.65,39.8
2026/04/20 22:47:14.00,IMU,-219.73,-78.61,-989.75,-0.03,-0.05,-0.91,0.45,5.85,-62.85,39.8
2026/04/20 22:47:14.10,IMU,-228.03,-85.94,-1005.37,0.52,-1.11,-0.16,0.45,5.85,-65.10,39.9
2026/04/20 22:47:14.20,IMU,-239.26,-83.50,-1002.93,0.24,2.21,-0.60,0.45,6.60,-63.30,40.0
2026/04/20 22:47:14.30,IMU,-231.93,-76.66,-996.58,-0.11,-0.37,0.93,1.05,6.45,-64.20,39.6
2026/04/20 22:47:14.40,IMU,-231.45,-63.96,-1001.46,-0.68,0.44,0.19,0.00,5.55,-63.45,39.9
2026/04/20 22:47:14.50,IMU,-239.26,-73.73,-1013.18,-2.71,1.61,-1.35,0.15,6.15,-62.85,39.8
2026/04/20 22:47:14.60,IMU,-225.59,-79.10,-1012.70,-1.95,0.79,-1.94,1.05,6.00,-61.95,39.8
2026/04/20 22:47:14.70,IMU,-242.68,-85.45,-1002.44,-2.27,-0.27,0.96,1.35,5.55,-63.75,39.9
2026/04/20 22:47:14.80,IMU,-232.91,-67.87,-997.56,0.14,1.32,-1.54,0.60,6.75,-63.45,40.0
2026/04/20 22:47:14.90,IMU,-242.68,-73.24,-1008.30,0.48,-0.11,-1.30,1.35,5.55,-62.70,39.8
2026/04/20 22:47:15.01,IMU,-228.03,-86.43,-1007.32,1.93,-0.63,-3.40,0.45,4.35,-64.05,40.1
2026/04/20 22:47:15.11,IMU,-234.38,-75.20,-1008.79,0.08,1.77,0.64,-2.25,4.65,-61.05,39.9
2026/04/20 22:47:15.21,IMU,-226.56,-75.68,-1004.88,-0.73,-0.51,-0.21,0.30,5.55,-63.15,39.6
2026/04/20 22:47:15.31,IMU,-233.40,-82.52,-1006.35,-1.34,0.77,-0.21,0.45,5.40,-65.10,39.6
2026/04/20 22:47:15.41,IMU,-235.35,-73.24,-997.56,-0.12,-0.47,-0.18,0.00,6.45,-63.75,39.9
2026/04/20 22:47:15.51,IMU,-218.75,-81.05,-1021.97,0.06,1.79,-1.18,0.45,5.40,-64.35,39.8
2026/04/20 22:47:15.61,IMU,-237.79,-77.64,-1001.95,-0.74,1.76,0.78,0.45,5.40,-64.05,39.8
2026/04/20 22:47:15.71,IMU,-238.77,-76.66,-1007.81,-0.09,0.31,-1.24,0.45,5.10,-64.35,40.0
2026/04/20 22:47:15.81,IMU,-224.61,-72.75,-1000.00,-0.15,0.34,0.20,0.15,6.60,-63.30,39.8
2026/04/20 22:47:15.91,IMU,-230.47,-81.54,-1000.98,-0.53,0.59,-0.10,0.00,5.55,-63.45,39.7
2026/04/20 22:47:16.01,IMU,-242.68,-86.91,-1006.84,0.73,1.05,-1.37,-0.15,5.85,-64.35,39.8
2026/04/20 22:47:16.11,IMU,-229.00,-79.59,-1016.11,-0.60,-0.89,0.85,1.35,4.80,-63.45,39.8
2026/04/20 22:47:16.22,IMU,-222.17,-77.15,-1004.39,0.53,-0.89,-1.76,1.80,6.00,-63.75,39.8
2026/04/20 22:47:16.32,IMU,-227.54,-92.29,-1003.91,2.47,0.67,-2.08,1.05,4.50,-64.50,39.7
2026/04/20 22:47:16.42,IMU,-224.12,-81.05,-994.14,0.27,0.12,0.30,-1.80,5.25,-63.15,39.8
2026/04/20 22:47:16.52,IMU,-240.23,-81.54,-1000.00,-0.84,-0.91,0.68,0.30,4.80,-63.15,40.0
2026/04/20 22:47:16.62,IMU,-226.56,-82.03,-1011.72,0.66,-1.46,-0.53,0.45,6.15,-62.55,40.1
2026/04/20 22:47:16.72,IMU,-250.00,-85.94,-989.75,-1.21,0.91,-1.85,2.25,6.60,-64.35,40.1
2026/04/20 22:47:16.82,IMU,-235.35,-72.27,-1008.79,0.45,1.75,0.05,0.30,4.50,-64.50,40.0
2026/04/20 22:47:16.92,IMU,-220.21,-76.17,-995.61,-0.82,-0.13,0.65,1.05,6.45,-63.75,40.2
2026/04/20 22:47:17.02,IMU,-246.09,-87.89,-997.07,0.43,-1.21,1.16,1.05,5.25,-61.95,40.2
2026/04/20 22:47:17.12,IMU,-233.40,-87.40,-1000.00,1.01,-1.94,-1.32,-0.15,4.65,-62.55,40.1
2026/04/20 22:47:17.22,IMU,-233.89,-69.34,-1005.37,-0.89,1.60,0.88,0.15,6.90,-62.55,39.9
2026/04/20 22:47:17.33,IMU,-237.30,-72.27,-997.07,-1.66,-1.28,-0.71,-0.15,5.85,-62.25,40.0
2026/04/20 22:47:17.43,IMU,-231.93,-80.08,-1001.95,0.20,0.56,-0.39,-2.85,4.50,-58.80,40.2
2026/04/20 22:47:17.53,IMU,-225.59,-73.73,-1004.88,1.07,0.18,2.43,-0.15,6.60,-63.60,40.1
2026/04/20 22:47:17.63,IMU,-222.66,-83.50,-994.63,0.85,1.69,0.95,1.05,5.55,-63.45,40.0
2026/04/20 22:47:17.73,IMU,-239.75,-73.24,-1003.91,1.40,0.44,-0.16,-0.45,5.85,-63.30,40.1
2026/04/20 22:47:17.83,IMU,-223.63,-65.92,-994.14,2.07,1.69,-0.76,0.45,6.60,-64.65,40.0
2026/04/20 22:47:17.93,IMU,-237.30,-83.01,-1007.81,0.58,-0.72,0.37,1.80,5.25,-63.15,39.8
2026/04/20 22:47:18.03,IMU,-227.54,-72.75,-996.09,-1.44,-0.82,1.55,0.60,5.25,-63.15,40.0
2026/04/20 22:47:18.13,IMU,-239.75,-87.89,-1015.14,0.40,0.21,-2.57,0.45,4.35,-62.25,40.0
2026/04/20 22:47:18.23,IMU,-242.68,-86.43,-1003.91,0.92,0.27,0.88,-0.15,6.15,-62.85,40.0
2026/04/20 22:47:18.33,IMU,-218.26,-73.24,-1011.72,-0.15,-0.55,2.07,0.00,5.55,-63.45,39.9
2026/04/20 22:47:18.45,IMU,-233.89,-66.89,-1004.88,0.13,0.21,-1.63,-2.85,2.25,-58.35,39.8
2026/04/20 22:47:18.55,IMU,-249.02,-79.59,-1000.49,-2.23,-1.05,-0.37,1.05,5.55,-63.45,40.0
2026/04/20 22:47:18.65,IMU,-218.75,-78.12,-989.26,-0.17,0.28,2.67,0.45,6.90,-63.30,39.9
2026/04/20 22:47:18.75,IMU,-229.98,-93.26,-999.02,0.17,-2.04,-1.44,0.45,5.85,-62.25,40.0
2026/04/20 22:47:18.85,IMU,-222.66,-81.54,-994.63,-0.77,0.47,1.40,-0.30,6.75,-64.20,39.8
2026/04/20 22:47:18.95,IMU,-235.84,-83.50,-999.02,1.54,1.34,0.11,0.90,5.85,-62.85,40.0
2026/04/20 22:47:19.05,IMU,-229.98,-75.20,-1004.88,-0.34,0.04,2.98,1.20,5.40,-63.30,39.8
2026/04/20 22:47:19.15,IMU,-227.54,-77.15,-1003.91,-0.79,-0.52,-0.73,0.60,7.20,-64.95,39.9
2026/04/20 22:47:19.25,IMU,-229.49,-70.31,-1002.44,2.21,-0.11,-1.09,1.95,5.85,-63.30,39.9
2026/04/20 22:47:19.35,IMU,-231.93,-73.24,-1010.25,1.36,2.63,1.12,0.15,5.10,-62.85,39.6
2026/04/20 22:47:19.45,IMU,-235.84,-85.94,-997.07,-1.31,-0.90,-1.64,0.90,6.15,-64.05,39.6
2026/04/20 22:47:19.55,IMU,-229.98,-80.57,-1012.21,-0.05,-0.58,0.80,-0.60,6.00,-63.15,39.7
2026/04/20 22:47:19.66,IMU,-249.51,-88.38,-1006.84,-0.50,0.48,0.21,0.60,5.55,-64.50,39.5
2026/04/20 22:47:19.76,IMU,-216.31,-82.52,-1006.84,-0.15,-0.21,-2.07,-0.30,5.25,-63.45,39.4
2026/04/20 22:47:19.86,IMU,-224.61,-81.05,-1004.39,1.45,0.07,-2.02,0.30,4.80,-63.15,39.6
2026/04/20 22:47:19.96,IMU,-235.35,-76.66,-987.30,1.73,0.99,-0.56,0.30,6.00,-63.75,39.6
2026/04/20 22:47:20.06,IMU,-225.59,-75.68,-1001.95,-3.33,-0.53,-2.98,1.35,4.80,-63.75,39.6
2026/04/20 22:47:20.16,IMU,-234.38,-78.12,-1004.88,-1.00,0.31,-0.58,1.20,5.40,-64.35,39.8
2026/04/20 22:47:20.27,IMU,-253.91,-81.05,-1001.46,-1.39,1.18,-0.89,0.30,3.75,-63.15,39.4
2026/04/20 22:47:20.37,IMU,-236.33,-71.78,-1011.23,1.45,-0.42,-1.75,-0.45,5.40,-63.60,39.4
2026/04/20 22:47:20.47,IMU,-234.38,-79.59,-1007.81,-1.49,2.73,0.95,1.65,5.40,-62.85,39.6
2026/04/20 22:47:20.57,IMU,-225.59,-69.34,-1004.39,-1.89,-0.08,0.52,0.60,5.55,-64.50,39.5
2026/04/20 22:47:20.67,IMU,-229.00,-82.03,-1009.28,0.34,0.81,-0.22,-0.30,7.20,-64.50,39.7
2026/04/20 22:47:20.77,IMU,-223.14,-76.66,-1003.91,0.06,-0.24,1.49,1.65,5.10,-63.30,39.4
2026/04/20 22:47:20.87,IMU,-232.42,-91.80,-1011.72,0.29,2.25,-3.53,2.10,6.75,-62.70,39.6
2026/04/20 22:47:20.98,IMU,-238.28,-76.66,-1008.79,0.37,-1.47,-1.54,1.05,6.45,-63.75,39.4
2026/04/20 22:47:21.08,IMU,-238.77,-91.31,-1019.04,0.11,-0.86,-1.42,1.35,6.45,-63.75,39.4
2026/04/20 22:47:21.18,IMU,-234.86,-66.89,-996.09,-2.28,0.32,-0.59,-0.15,6.60,-63.30,39.7
2026/04/20 22:47:21.28,IMU,-213.38,-79.59,-1005.86,-0.62,-1.31,-0.93,0.60,6.00,-63.15,39.6
2026/04/20 22:47:21.38,IMU,-246.58,-74.71,-1007.32,1.33,-0.75,-1.47,-0.15,5.10,-63.60,39.4
2026/04/20 22:47:21.48,IMU,-229.49,-82.03,-1005.86,0.61,0.91,-0.31,1.05,6.45,-64.20,39.6
2026/04/20 22:47:21.59,IMU,-223.14,-77.15,-998.54,-0.49,2.90,1.56,-0.45,5.40,-64.05,39.2
2026/04/20 22:47:21.69,IMU,-239.75,-79.59,-1001.95,-0.78,1.46,-1.89,0.45,5.40,-64.05,39.7
2026/04/20 22:47:21.79,IMU,-222.17,-76.66,-990.72,0.15,-2.40,-0.19,1.80,5.55,-63.45,39.4
2026/04/20 22:47:21.89,IMU,-242.19,-82.52,-1014.65,-0.11,-0.59,-0.10,0.60,6.45,-64.20,39.4
2026/04/20 22:47:21.99,IMU,-235.35,-75.20,-1004.39,1.21,0.04,-0.04,0.90,5.10,-65.10,39.4
2026/04/20 22:47:22.09,IMU,-232.91,-90.33,-1000.98,-0.05,0.52,1.72,1.20,6.60,-62.55,39.3
2026/04/20 22:47:22.19,IMU,-225.59,-82.52,-1013.18,-1.38,-1.71,-2.03,1.95,5.40,-62.25,39.1
2026/04/20 22:47:22.29,IMU,-227.54,-83.50,-1000.00,0.42,-1.35,-0.02,1.65,3.90,-63.60,39.4
2026/04/20 22:47:22.39,IMU,-251.46,-92.77,-1005.86,-1.50,0.65,-0.68,0.00,4.80,-64.20,39.5
2026/04/20 22:47:22.49,IMU,-236.33,-82.03,-1002.44,-0.19,-0.26,-0.21,0.30,4.80,-63.15,39.4
2026/04/20 22:47:22.59,IMU,-216.31,-90.33,-1002.44,-1.50,0.58,-1.62,0.60,4.05,-64.20,39.2
2026/04/20 22:47:22.69,IMU,-227.05,-84.47,-996.09,1.50,-2.22,-1.46,-1.95,5.85,-64.05,39.6
2026/04/20 22:47:22.80,IMU,-232.42,-71.29,-999.02,0.50,-1.16,-1.07,1.65,5.85,-62.85,39.3
2026/04/20 22:47:22.90,IMU,-232.42,-76.17,-990.23,-1.82,-0.39,-2.19,0.45,5.40,-62.85,39.4
2026/04/20 22:47:23.00,IMU,-241.70,-75.20,-995.61,-0.67,0.57,-1.24,-0.30,4.05,-64.20,39.1
2026/04/20 22:47:23.10,IMU,-225.59,-87.89,-1009.28,-2.80,1.89,-0.82,1.35,4.05,-62.85,39.1
2026/04/20 22:47:23.20,IMU,-227.05,-62.99,-1021.00,0.06,3.40,-2.25,1.20,5.10,-62.55,39.4
2026/04/20 22:47:23.30,IMU,-226.07,-78.61,-1019.04,-0.93,1.66,-1.12,0.15,4.65,-63.30,39.1
2026/04/20 22:47:23.40,IMU,-210.45,-75.68,-997.56,0.71,-1.98,0.76,-0.30,4.50,-61.95,39.2
2026/04/20 22:47:23.50,IMU,-226.56,-89.84,-1024.41,1.27,0.40,-2.18,0.15,6.60,-65.10,39.2
2026/04/20 22:47:23.60,IMU,-229.49,-80.08,-1012.70,-0.84,0.65,2.83,-0.60,5.25,-64.20,39.1
2026/04/20 22:47:23.70,IMU,-241.21,-83.98,-1016.60,-2.21,-1.98,0.76,0.90,6.15,-64.35,38.9
2026/04/20 22:47:23.80,IMU,-250.98,-86.43,-1006.35,-0.18,0.56,0.66,1.05,6.00,-63.75,38.9
2026/04/20 22:47:23.90,IMU,-221.68,-94.73,-985.84,0.87,-2.34,-2.05,0.60,5.25,-63.15,39.0
2026/04/20 22:47:24.01,IMU,-242.68,-79.59,-1024.90,1.05,0.02,0.13,1.20,6.15,-62.85,38.8
2026/04/20 22:47:24.11,IMU,-219.24,-68.36,-993.65,-1.30,-0.39,-0.76,-0.15,5.85,-62.85,38.7
2026/04/20 22:47:24.21,IMU,-235.35,-70.80,-1015.14,1.38,-0.40,1.12,-0.30,5.25,-62.70,38.9
2026/04/20 22:47:24.31,IMU,-231.45,-81.05,-1006.35,-0.91,0.97,-0.67,0.15,5.40,-63.60,39.0
2026/04/20 22:47:24.41,IMU,-245.61,-73.73,-1012.70,-0.28,0.36,-2.00,-0.45,5.40,-62.55,39.0
2026/04/20 22:47:24.51,IMU,-235.84,-72.27,-995.61,0.69,-0.32,-0.98,0.30,5.25,-62.70,38.9
2026/04/20 22:47:24.61,IMU,-228.52,-78.61,-998.54,1.32,1.83,-1.54,0.90,5.10,-62.85,39.1
2026/04/20 22:47:24.71,IMU,-215.33,-79.59,-1008.30,1.03,-2.34,-2.25,1.35,4.80,-64.20,38.9
2026/04/20 22:47:24.81,IMU,-229.00,-68.85,-996.58,0.64,1.63,1.95,-0.15,5.85,-63.60,38.9
2026/04/20 22:47:24.91,IMU,-221.68,-84.96,-1005.86,0.00,-0.90,0.54,0.90,5.85,-64.05,38.6
2026/04/20 22:47:25.01,IMU,-244.63,-76.66,-1006.84,0.33,-0.33,-0.50,0.45,6.15,-64.05,38.9
2026/04/20 22:47:25.11,IMU,-222.17,-64.45,-1007.32,-0.17,-0.86,-2.36,-3.75,3.15,-59.25,39.0
2026/04/20 22:47:25.22,IMU,-241.70,-68.36,-1007.32,-0.79,-0.75,1.34,-0.60,6.45,-63.45,38.5
2026/04/20 22:47:25.32,IMU,-227.05,-85.45,-992.19,1.71,0.44,1.14,0.90,6.15,-63.30,38.8
2026/04/20 22:47:25.42,IMU,-236.82,-62.01,-1011.23,-1.25,-0.34,-1.45,0.30,6.75,-62.70,38.6
2026/04/20 22:47:25.52,IMU,-218.26,-95.70,-985.35,-0.44,0.29,2.43,1.05,6.00,-64.50,38.7
2026/04/20 22:47:25.62,IMU,-242.68,-73.73,-1004.88,0.63,1.24,0.22,-0.15,2.70,-60.75,38.5
2026/04/20 22:47:25.72,IMU,-230.96,-80.08,-1003.91,-0.50,-0.16,-2.13,1.80,6.45,-64.50,38.6
2026/04/20 22:47:25.82,IMU,-235.35,-74.22,-998.54,1.22,-0.37,-0.05,0.00,5.55,-63.75,38.4
2026/04/20 22:47:25.92,IMU,-232.91,-80.57,-999.02,-1.93,-0.34,0.73,1.35,5.55,-63.15,38.6
2026/04/20 22:47:26.02,IMU,-228.52,-69.82,-1020.51,0.20,-0.08,1.53,0.60,3.30,-64.50,38.5
2026/04/20 22:47:26.12,IMU,-227.05,-69.34,-1000.00,1.63,-2.35,0.77,1.65,5.85,-64.65,38.5
2026/04/20 22:47:26.22,IMU,-239.75,-74.22,-997.56,-0.36,0.37,-1.47,-0.15,5.10,-63.60,38.6
2026/04/20 22:47:26.32,IMU,-207.03,-85.94,-1000.49,-0.76,-0.82,0.28,0.60,6.75,-64.20,38.4
2026/04/20 22:47:26.43,IMU,-224.12,-57.13,-1001.95,-0.46,-0.40,0.76,0.30,6.75,-62.70,38.6
2026/04/20 22:47:26.53,IMU,-227.05,-80.08,-1002.93,-1.08,-0.40,0.44,-0.45,5.40,-64.65,38.5
2026/04/20 22:47:26.64,IMU,-234.86,-76.66,-998.54,-0.77,0.92,0.63,-1.80,4.05,-59.55,38.5
2026/04/20 22:47:26.74,IMU,-239.75,-73.73,-1010.25,-0.50,0.11,-0.95,0.45,5.10,-62.25,38.6
2026/04/20 22:47:26.84,IMU,-226.07,-75.68,-995.61,-0.34,-0.89,0.53,0.30,6.00,-65.25,38.3
2026/04/20 22:47:26.94,IMU,-221.68,-70.80,-1003.91,0.33,0.07,1.19,0.30,5.25,-64.20,38.5
2026/04/20 22:47:27.04,IMU,-227.05,-82.03,-991.21,-0.69,-0.96,-0.95,0.90,6.15,-63.60,38.4
2026/04/20 22:47:27.14,IMU,-217.77,-69.82,-992.19,-0.83,-0.08,-1.15,2.10,5.25,-62.70,38.3
2026/04/20 22:47:27.24,IMU,-235.84,-85.94,-1000.49,-0.59,1.49,0.21,1.65,7.35,-63.30,38.3
2026/04/20 22:47:27.34,IMU,-224.12,-88.38,-1002.44,-1.53,0.52,0.10,1.05,7.50,-63.75,38.4
2026/04/20 22:47:27.44,IMU,-235.35,-70.80,-1003.91,-2.21,0.56,-0.87,1.20,5.10,-63.60,38.2
2026/04/20 22:47:27.55,IMU,-240.72,-77.64,-992.19,-2.39,0.18,-0.82,1.05,5.25,-64.50,38.1
2026/04/20 22:47:27.65,IMU,-211.91,-65.92,-966.31,4.59,-4.45,2.64,0.30,5.55,-63.75,38.2
2026/04/20 22:47:27.75,IMU,-290.53,-103.52,-993.16,0.18,-6.53,-0.14,0.90,5.10,-62.55,38.4
2026/04/20 22:47:27.85,IMU,-241.21,-83.98,-991.21,-0.59,3.78,0.14,0.45,5.85,-63.60,38.2
2026/04/20 22:47:27.95,IMU,-237.30,-70.31,-981.45,-1.96,-1.30,-1.05,0.15,6.15,-64.35,38.4
2026/04/20 22:47:28.05,IMU,-220.70,-55.66,-1013.18,1.93,2.08,-1.66,-0.45,6.15,-64.05,38.2
2026/04/20 22:47:28.15,IMU,-224.61,-79.10,-1012.70,-1.94,-1.32,-0.70,-0.45,4.65,-63.60,38.2
2026/04/20 22:47:28.25,IMU,-229.98,-102.54,-1020.02,1.18,0.13,-0.63,0.00,6.75,-64.20,38.4
2026/04/20 22:47:28.35,IMU,-239.75,-91.80,-985.84,-2.03,0.57,1.32,1.65,5.85,-64.05,38.2
2026/04/20 22:47:28.45,IMU,-193.36,-55.18,-1014.65,7.07,-9.58,4.80,0.15,6.60,-63.30,38.2
2026/04/20 22:47:28.55,IMU,-206.05,-363.28,-1000.98,4.84,5.29,1.92,1.35,6.45,-64.50,38.0
2026/04/20 22:47:28.65,IMU,-72.75,-39.55,-1011.72,6.51,-9.11,3.34,-0.15,6.75,-64.95,38.2
2026/04/20 22:47:28.76,IMU,-52.25,-115.23,-1117.19,2.42,-2.48,1.20,-1.35,6.45,-63.45,38.0
2026/04/20 22:47:28.86,IMU,-86.91,-46.39,-1041.02,0.93,-4.97,-2.03,-1.20,6.15,-63.30,38.1
2026/04/20 22:47:28.96,IMU,-174.80,-62.99,-1047.36,-0.22,2.91,-0.93,-0.30,6.00,-63.15,38.0
2026/04/20 22:47:29.06,IMU,-187.50,-77.64,-1027.34,0.50,-3.58,-1.16,0.00,6.45,-64.20,38.2
2026/04/20 22:47:29.16,IMU,-204.10,-74.22,-1016.11,0.49,0.06,0.08,0.45,5.10,-64.05,38.0
2026/04/20 22:47:29.26,IMU,-225.10,-82.52,-1005.86,0.53,-2.79,-0.70,1.95,5.10,-64.05,38.0
2026/04/20 22:47:29.36,IMU,-245.61,-80.08,-990.23,1.46,-4.09,-0.08,0.90,6.15,-64.05,38.0
2026/04/20 22:47:29.46,IMU,-231.45,-80.08,-995.61,-0.44,-1.76,-2.18,0.15,5.40,-63.60,38.0
2026/04/20 22:47:29.56,IMU,-244.14,-91.31,-1002.93,0.66,-1.05,0.59,0.90,6.15,-65.10,38.0
2026/04/20 22:47:29.66,IMU,-231.45,-85.94,-992.19,1.29,-0.35,-1.27,0.60,7.20,-63.75,38.2
2026/04/20 22:47:29.76,IMU,-224.61,-86.91,-1007.32,-1.20,0.74,1.92,0.90,6.60,-62.55,38.2
2026/04/20 22:47:29.86,IMU,-235.35,-72.75,-1007.81,0.46,3.82,0.48,0.15,5.85,-62.85,37.9
2026/04/20 22:47:29.97,IMU,-238.77,-88.38,-1001.46,0.82,-0.59,1.13,1.65,3.60,-61.50,37.9
2026/04/20 22:47:30.07,IMU,-226.56,-90.33,-1012.21,-0.87,0.27,0.71,-0.30,6.00,-63.15,38.2
2026/04/20 22:47:30.17,IMU,-245.61,-95.70,-1018.55,1.12,-0.38,-0.02,1.05,5.25,-64.20,38.0
2026/04/20 22:47:30.27,IMU,-224.12,-96.68,-1000.98,-2.27,0.08,0.84,-0.30,6.00,-64.50,38.0
2026/04/20 22:47:30.37,IMU,-224.61,-83.50,-998.05,1.01,0.44,0.89,-0.60,7.20,-63.45,38.2
2026/04/20 22:47:30.47,IMU,-227.05,-78.12,-998.05,-0.70,1.52,-0.58,0.15,6.15,-63.30,38.0
2026/04/20 22:47:30.58,IMU,-223.14,-76.17,-1007.32,0.66,1.51,-1.70,-0.15,5.85,-65.10,38.0
2026/04/20 22:47:30.68,IMU,-231.93,-74.71,-998.05,0.04,1.11,2.45,0.90,6.15,-64.65,38.1
2026/04/20 22:47:30.78,IMU,-213.87,-85.94,-1008.79,-0.37,-2.24,0.33,0.60,4.05,-63.45,38.2
2026/04/20 22:47:30.88,IMU,-240.23,-83.01,-1002.93,0.31,0.45,0.57,-0.15,5.10,-64.65,38.1
2026/04/20 22:47:30.99,IMU,-235.35,-88.87,-998.54,1.82,-0.44,0.09,0.00,7.20,-63.75,38.1
2026/04/20 22:47:31.09,IMU,-220.70,-84.96,-992.68,2.29,0.73,0.35,0.30,5.55,-64.50,38.2
2026/04/20 22:47:31.19,IMU,-239.26,-86.91,-994.14,3.21,-0.40,-1.66,0.45,5.40,-63.60,38.2
2026/04/20 22:47:31.29,IMU,-234.86,-85.45,-990.72,1.11,-2.16,-0.51,1.05,4.80,-64.20,38.3
2026/04/20 22:47:31.39,IMU,-227.05,-88.38,-994.63,-0.62,-0.31,1.14,-0.45,6.15,-64.05,38.0
2026/04/20 22:47:31.49,IMU,-234.38,-86.43,-1005.86,-0.86,1.69,0.60,0.90,5.40,-64.35,38.1
2026/04/20 22:47:31.59,IMU,-238.28,-83.98,-988.77,-0.57,0.67,0.54,1.65,5.85,-64.65,38.2
2026/04/20 22:47:31.69,IMU,-220.21,-88.38,-1000.00,0.08,0.80,0.04,1.65,6.15,-64.35,38.2
2026/04/20 22:47:31.79,IMU,-237.79,-84.47,-1000.98,-1.20,-1.33,0.93,1.95,5.40,-64.65,38.4
2026/04/20 22:47:31.89,IMU,-223.63,-90.82,-996.09,1.84,-0.29,-0.72,0.00,6.00,-64.20,38.2
2026/04/20 22:47:31.99,IMU,-228.03,-83.98,-1008.30,0.05,-0.53,0.85,1.20,5.85,-63.60,38.2
2026/04/20 22:47:32.09,IMU,-223.63,-83.98,-993.16,-0.51,0.82,2.08,-0.15,5.85,-65.40,38.0
2026/04/20 22:47:32.19,IMU,-235.84,-93.26,-1004.39,0.89,-1.95,-0.59,0.15,6.60,-66.15,38.4
2026/04/20 22:47:32.30,IMU,-224.12,-91.80,-991.21,-0.64,-0.42,0.18,0.90,6.15,-62.55,38.2
2026/04/20 22:47:32.40,IMU,-226.07,-86.91,-999.02,0.07,0.11,1.25,-0.15,5.40,-63.30,38.3
2026/04/20 22:47:32.50,IMU,-235.35,-99.61,-1000.49,0.55,0.89,1.89,0.45,6.15,-63.60,38.1
2026/04/20 22:47:32.60,IMU,-220.21,-92.29,-997.56,-0.53,-1.50,-1.57,-0.45,5.40,-64.35,38.0
2026/04/20 22:47:32.70,IMU,-229.00,-77.15,-995.12,1.11,0.27,0.84,0.90,6.15,-64.35,38.3
2026/04/20 22:47:32.80,IMU,-229.98,-83.50,-1000.00,-0.35,0.95,-1.73,1.05,4.80,-63.45,38.1
2026/04/20 22:47:32.90,IMU,-234.38,-93.26,-997.07,-0.04,1.56,0.34,-0.30,6.45,-64.20,38.2
2026/04/20 22:47:33.00,IMU,-231.93,-79.59,-1006.84,-0.57,-2.60,-0.53,0.15,6.60,-64.35,38.4
2026/04/20 22:47:33.10,IMU,-223.63,-82.03,-1002.93,-0.23,1.63,-0.11,0.60,6.00,-66.00,38.3
2026/04/20 22:47:33.20,IMU,-236.33,-87.40,-995.12,-1.75,-0.02,1.19,0.00,5.25,-64.50,38.1
2026/04/20 22:47:33.30,IMU,-235.35,-88.38,-1000.98,-1.41,-0.64,-1.69,-0.30,5.55,-64.50,38.1
2026/04/20 22:47:33.40,IMU,-228.03,-88.87,-1000.49,0.83,-1.34,1.23,1.05,6.45,-63.75,38.3
2026/04/20 22:47:33.51,IMU,-233.89,-86.43,-997.07,-1.01,-1.60,-0.36,1.05,4.50,-64.20,38.3
2026/04/20 22:47:33.61,IMU,-232.91,-95.70,-991.21,1.17,2.29,-0.25,-1.05,6.45,-63.45,37.9
2026/04/20 22:47:33.71,IMU,-241.70,-81.05,-995.61,-0.13,0.04,-0.92,0.30,5.25,-63.75,38.2
2026/04/20 22:47:33.81,IMU,-230.96,-82.03,-1000.98,0.11,0.31,0.70,-2.85,3.30,-60.90,38.2
2026/04/20 22:47:33.91,IMU,-232.91,-75.20,-986.33,0.95,-2.31,-1.02,0.60,6.00,-64.20,37.9
2026/04/20 22:47:34.01,IMU,-242.68,-76.66,-1004.39,1.25,-0.58,-0.96,0.45,6.15,-64.05,38.1
2026/04/20 22:47:34.11,IMU,-227.05,-84.47,-999.51,-1.98,-0.09,1.25,-0.30,6.00,-63.15,38.2
2026/04/20 22:47:34.21,IMU,-239.75,-87.89,-1000.00,0.12,-0.56,0.33,-0.30,4.80,-66.00,38.0
2026/04/20 22:47:34.31,IMU,-239.75,-74.71,-1003.91,-1.79,0.39,-0.05,1.20,5.85,-65.10,38.0
2026/04/20 22:47:34.41,IMU,-228.52,-88.87,-999.02,2.09,-0.44,-1.27,0.00,5.55,-64.20,38.4
2026/04/20 22:47:34.51,IMU,-236.82,-85.45,-1007.32,0.59,-0.66,0.78,1.35,6.75,-63.45,38.4
2026/04/20 22:47:34.61,IMU,-232.42,-77.15,-993.65,-0.14,0.80,-0.59,0.45,4.35,-64.05,38.1
2026/04/20 22:47:34.72,IMU,-221.68,-89.84,-998.54,0.44,0.21,1.43,0.00,6.00,-62.70,38.2
2026/04/20 22:47:34.83,IMU,-229.49,-87.40,-997.56,-1.11,0.15,0.66,-3.00,4.65,-60.45,38.3
2026/04/20 22:47:34.93,IMU,-221.68,-88.87,-998.54,1.86,-0.64,0.69,0.90,5.85,-64.35,38.3
2026/04/20 22:47:35.03,IMU,-223.14,-86.43,-1003.42,0.12,-2.08,-1.45,1.95,5.10,-65.10,38.3
2026/04/20 22:47:35.13,IMU,-231.45,-87.40,-990.72,1.09,0.21,-0.28,-1.35,5.25,-59.85,38.5
2026/04/20 22:47:35.23,IMU,-241.70,-76.66,-995.61,-1.69,0.47,0.25,1.35,4.50,-63.75,38.3
2026/04/20 22:47:35.33,IMU,-226.07,-80.57,-984.38,-0.47,0.53,-0.22,0.00,4.50,-64.20,38.0
2026/04/20 22:47:35.43,IMU,-234.38,-81.05,-1000.98,-0.45,-0.25,0.79,0.90,7.20,-62.70,38.4
2026/04/20 22:47:35.53,IMU,-222.17,-81.05,-997.56,0.73,-1.39,-0.31,0.60,5.55,-63.75,38.4
2026/04/20 22:47:35.63,IMU,-230.96,-85.94,-1003.42,-1.37,-1.96,-0.71,0.60,5.25,-64.50,38.2
2026/04/20 22:47:35.73,IMU,-240.23,-89.36,-1002.44,1.24,2.31,0.30,2.25,6.15,-64.35,38.4
2026/04/20 22:47:35.84,IMU,-232.42,-68.85,-1000.98,0.49,-0.58,0.28,-0.45,3.60,-64.05,38.5
2026/04/20 22:47:35.94,IMU,-231.93,-91.31,-1005.37,0.03,-0.39,-0.95,1.95,6.90,-64.35,38.2
2026/04/20 22:47:36.04,IMU,-240.23,-74.71,-1006.35,0.13,0.74,-0.92,0.00,6.45,-63.75,38.4
2026/04/20 22:47:36.14,IMU,-229.00,-84.96,-1008.30,-1.72,2.73,0.27,0.45,6.60,-64.05,38.2
2026/04/20 22:47:36.24,IMU,-244.63,-93.26,-996.58,0.40,-0.41,1.53,0.30,4.80,-63.75,38.5
2026/04/20 22:47:36.34,IMU,-234.86,-140.63,-1028.81,-0.37,-1.95,1.06,2.10,4.80,-64.50,38.4
2026/04/20 22:47:36.44,IMU,-314.45,-254.39,-1059.08,-6.28,3.50,-14.50,-0.30,5.25,-64.20,38.2
2026/04/20 22:47:36.54,IMU,-138.67,-103.52,-940.92,6.64,-8.79,1.73,0.00,6.45,-63.75,38.4
2026/04/20 22:47:36.64,IMU,-313.96,-50.78,-1000.49,3.37,-2.51,11.45,0.45,4.35,-64.05,38.5
2026/04/20 22:47:36.74,IMU,-293.95,-149.41,-990.23,-7.45,4.70,-4.65,0.30,6.45,-63.75,38.2
2026/04/20 22:47:36.84,IMU,-278.81,-201.17,-890.63,1.57,-16.76,1.41,1.05,6.45,-63.45,38.6
2026/04/20 22:47:36.94,IMU,-277.34,-21.97,-936.52,1.11,-2.67,5.57,0.45,5.40,-63.30,38.5
2026/04/20 22:47:37.05,IMU,-319.82,-134.77,-922.36,-1.26,2.22,1.83,1.05,6.45,-63.75,38.2
2026/04/20 22:47:37.15,IMU,-272.95,-101.07,-941.89,-2.27,-0.32,1.55,0.45,5.85,-64.35,38.2
2026/04/20 22:47:37.25,IMU,-335.45,-171.39,-970.70,1.00,1.08,0.43,0.45,6.90,-63.60,38.6
2026/04/20 22:47:37.35,IMU,-313.48,-97.17,-913.57,1.82,-5.76,2.47,1.20,5.85,-64.35,38.4
2026/04/20 22:47:37.45,IMU,-333.98,-82.03,-946.29,2.91,-6.70,0.69,0.45,5.85,-64.35,38.5
2026/04/20 22:47:37.55,IMU,-258.30,-81.05,-966.31,0.95,-0.15,0.82,0.45,6.15,-63.60,38.3
2026/04/20 22:47:37.65,IMU,-260.74,-82.03,-991.21,1.91,-1.78,1.30,0.45,6.15,-64.05,38.5
2026/04/20 22:47:37.75,IMU,-253.42,-94.24,-986.33,-0.61,-0.08,-0.72,-0.45,5.10,-63.30,38.4
2026/04/20 22:47:37.85,IMU,-235.35,-77.15,-999.02,-0.72,0.61,3.00,0.15,6.90,-64.05,38.5
2026/04/20 22:47:37.95,IMU,-219.73,-77.64,-1012.21,0.28,1.42,-1.19,-0.45,7.35,-62.55,38.4
2026/04/20 22:47:38.05,IMU,-231.93,-80.57,-997.56,-0.84,1.21,1.21,-1.20,3.90,-65.10,38.6
2026/04/20 22:47:38.15,IMU,-217.77,-94.73,-1002.93,-0.76,0.62,-2.40,0.45,5.40,-63.60,38.4
2026/04/20 22:47:38.26,IMU,-223.63,-66.89,-990.72,1.37,1.31,0.92,0.60,6.00,-65.25,38.4
2026/04/20 22:47:38.36,IMU,-229.00,-78.12,-990.23,-0.05,-2.63,2.05,-0.30,5.55,-62.70,38.5
2026/04/20 22:47:38.46,IMU,-221.68,-80.08,-997.07,-0.37,0.57,0.49,-0.90,6.60,-64.35,38.5
2026/04/20 22:47:38.56,IMU,-234.86,-80.08,-999.02,1.96,-0.50,-0.84,1.05,5.55,-64.50,38.4
2026/04/20 22:47:38.66,IMU,-239.75,-75.68,-999.02,0.83,-0.53,-1.40,-0.15,5.85,-62.25,38.5
2026/04/20 22:47:38.76,IMU,-229.49,-80.57,-995.12,1.34,0.50,0.40,0.30,5.25,-64.20,38.4
2026/04/20 22:47:38.86,IMU,-228.52,-73.24,-996.58,0.93,-0.18,1.28,-0.15,4.65,-64.05,38.5
2026/04/20 22:47:38.96,IMU,-231.93,-68.85,-987.30,0.16,1.99,-0.92,0.30,5.25,-64.95,38.5
2026/04/20 22:47:39.06,IMU,-226.56,-76.66,-1001.95,-0.89,1.51,-2.35,0.30,6.45,-63.45,38.5
2026/04/20 22:47:39.16,IMU,-236.82,-74.71,-1008.79,1.15,1.56,-0.07,0.45,4.65,-64.35,38.3
2026/04/20 22:47:39.26,IMU,-237.30,-64.94,-998.54,-0.18,-0.22,1.98,-0.15,5.10,-65.10,38.4
2026/04/20 22:47:39.36,IMU,-232.42,-88.87,-1000.98,1.90,1.63,0.11,-1.80,6.00,-63.15,38.6
2026/04/20 22:47:39.46,IMU,-229.98,-78.61,-1002.93,0.82,2.21,-0.44,-0.60,6.45,-64.20,38.4
2026/04/20 22:47:39.57,IMU,-225.59,-83.98,-998.54,-0.24,3.05,0.18,0.90,4.65,-63.60,38.5
2026/04/20 22:47:39.67,IMU,-228.03,-72.27,-1000.49,1.12,0.80,-0.31,1.05,7.20,-64.20,38.5
2026/04/20 22:47:39.77,IMU,-233.40,-79.59,-1001.95,-0.69,-0.04,-0.05,1.65,5.10,-64.35,38.6
2026/04/20 22:47:39.87,IMU,-230.47,-70.80,-1003.42,1.11,1.45,1.25,0.00,4.80,-63.75,38.4
2026/04/20 22:47:39.98,IMU,-226.56,-83.50,-998.54,0.65,1.02,1.09,-0.90,6.90,-64.05,38.4
2026/04/20 22:47:40.08,IMU,-222.17,-81.05,-1000.00,1.03,0.69,1.76,-0.15,3.90,-64.65,38.4
2026/04/20 22:47:40.18,IMU,-209.96,-89.84,-990.23,-0.97,2.28,-2.52,-0.15,6.15,-64.35,38.5
2026/04/20 22:47:40.28,IMU,-241.70,-66.41,-988.28,1.03,-0.31,3.11,0.90,6.15,-63.60,38.5
2026/04/20 22:47:40.38,IMU,-235.35,-74.22,-1013.67,-0.79,-0.47,1.33,-0.15,6.90,-63.30,38.2
2026/04/20 22:47:40.48,IMU,-215.33,-66.89,-1009.28,0.53,1.06,3.53,-0.45,6.90,-64.35,38.3
2026/04/20 22:47:40.58,IMU,-232.42,-66.89,-991.70,-2.37,1.04,-1.03,0.90,6.60,-63.60,38.4
2026/04/20 22:47:40.68,IMU,-218.75,-76.66,-994.63,-0.08,0.40,2.44,0.30,7.50,-64.20,38.3
2026/04/20 22:47:40.78,IMU,-221.19,-64.45,-999.02,-1.07,-1.41,1.56,-1.05,5.55,-63.15,38.4
2026/04/20 22:47:40.89,IMU,-229.49,-65.43,-1012.70,1.05,-1.45,0.02,0.45,5.85,-62.55,38.5
2026/04/20 22:47:40.99,IMU,-232.91,-76.17,-995.12,1.47,-1.11,1.77,-2.85,3.75,-60.60,38.8
2026/04/20 22:47:41.09,IMU,-229.49,-68.36,-995.61,-0.34,-0.80,1.23,0.45,6.60,-64.05,38.2
2026/04/20 22:47:41.19,IMU,-217.29,-95.70,-993.16,-1.47,0.14,-0.47,0.60,6.00,-64.95,38.2
2026/04/20 22:47:41.29,IMU,-216.80,-73.24,-993.65,0.59,0.57,-0.78,-0.30,6.45,-62.70,38.4
2026/04/20 22:47:41.39,IMU,-227.05,-69.82,-999.02,-1.13,-1.15,-1.56,1.05,6.00,-63.45,38.5
2026/04/20 22:47:41.49,IMU,-221.19,-72.75,-996.09,-0.39,0.60,-1.34,-0.30,6.00,-62.40,38.4
2026/04/20 22:47:41.59,IMU,-223.14,-73.73,-994.63,1.65,-1.09,-0.93,1.65,5.40,-64.65,38.6
2026/04/20 22:47:41.69,IMU,-243.65,-76.66,-999.02,0.53,-0.56,0.33,1.20,6.15,-64.65,38.7
2026/04/20 22:47:41.79,IMU,-244.14,-69.34,-1001.46,-1.98,-1.64,1.13,1.35,6.00,-63.15,38.7
2026/04/20 22:47:41.89,IMU,-223.63,-78.61,-993.16,-1.63,2.64,-0.26,0.30,6.45,-64.95,38.4
2026/04/20 22:47:42.00,IMU,-218.26,-80.08,-1002.44,0.05,1.66,-2.21,1.65,5.10,-62.25,38.6
2026/04/20 22:47:42.10,IMU,-227.05,-82.52,-992.68,-1.22,0.82,-2.29,-0.60,6.45,-63.75,38.6
2026/04/20 22:47:42.20,IMU,-240.23,-73.24,-997.56,-0.26,-0.37,-0.53,-0.60,5.25,-65.25,38.4
2026/04/20 22:47:42.30,IMU,-236.33,-70.31,-999.02,-0.08,-0.74,-1.17,-1.20,6.60,-63.30,38.7
2026/04/20 22:47:42.40,IMU,-229.00,-63.48,-998.05,0.55,1.46,-0.31,1.20,7.65,-63.60,38.8
2026/04/20 22:47:42.50,IMU,-224.12,-87.89,-1002.44,0.78,-0.20,-0.85,-0.60,6.00,-63.75,38.5
2026/04/20 22:47:42.61,IMU,-237.79,-69.82,-980.47,0.40,-0.10,1.04,0.00,6.45,-63.75,38.9
2026/04/20 22:47:42.71,IMU,-237.30,-68.36,-1008.30,1.56,-1.24,-0.82,-1.05,6.45,-63.75,38.6
2026/04/20 22:47:42.81,IMU,-238.77,-72.75,-990.23,-0.60,1.28,0.19,-0.45,6.15,-63.30,38.8
2026/04/20 22:47:42.91,IMU,-220.21,-87.89,-988.28,0.05,2.02,-2.39,-0.15,6.15,-63.30,38.3
2026/04/20 22:47:43.01,IMU,-221.68,-60.06,-983.89,1.43,-0.13,-0.96,-1.05,4.05,-63.75,38.6
2026/04/20 22:47:43.11,IMU,-216.80,-92.29,-1004.39,0.38,2.15,1.06,0.30,4.80,-65.55,38.6
2026/04/20 22:47:43.21,IMU,-206.54,-75.68,-1011.23,2.05,1.37,0.24,0.00,5.55,-63.75,38.6
2026/04/20 22:47:43.31,IMU,-228.52,-86.91,-998.05,-0.31,-0.16,1.35,-0.45,6.15,-63.30,38.8
2026/04/20 22:47:43.41,IMU,-219.24,-80.08,-996.09,1.49,-1.75,-1.44,0.30,6.00,-63.75,38.6
2026/04/20 22:47:43.51,IMU,-218.26,-84.96,-1007.32,0.53,1.41,0.70,0.60,5.25,-63.75,38.9
2026/04/20 22:47:43.61,IMU,-232.42,-74.71,-1004.88,-1.79,-2.05,-0.56,1.35,5.55,-62.70,38.6
2026/04/20 22:47:43.71,IMU,-216.80,-70.80,-1007.32,-0.50,0.65,1.34,1.80,4.05,-63.45,38.6
2026/04/20 22:47:43.81,IMU,-223.63,-69.82,-1002.93,-0.15,0.85,-2.66,1.65,6.15,-64.05,38.5
2026/04/20 22:47:43.92,IMU,-232.42,-74.71,-998.54,0.60,0.02,1.24,0.00,5.55,-64.20,38.6
2026/04/20 22:47:44.02,IMU,-222.17,-84.96,-999.02,0.56,2.63,-1.38,-0.30,6.00,-63.75,38.7
2026/04/20 22:47:44.12,IMU,-228.03,-67.87,-1001.95,1.41,-0.43,0.69,-0.90,6.15,-64.05,38.5
2026/04/20 22:47:44.22,IMU,-234.86,-63.48,-1006.35,0.62,0.52,1.02,1.20,7.35,-63.60,38.6
2026/04/20 22:47:44.32,IMU,-233.89,-79.10,-1014.16,0.01,-0.43,1.77,1.35,5.55,-62.70,38.6
2026/04/20 22:47:44.42,IMU,-222.66,-82.03,-1005.37,1.09,-0.23,1.59,-0.30,5.25,-64.50,38.9
2026/04/20 22:47:44.52,IMU,-237.79,-79.10,-995.61,0.27,-1.47,0.40,1.35,4.80,-63.45,38.8
2026/04/20 22:47:44.62,IMU,-232.42,-92.29,-998.54,-0.35,1.08,-1.15,1.20,5.40,-65.10,39.0
2026/04/20 22:47:44.72,IMU,-231.93,-78.12,-1000.00,-1.13,0.59,-0.37,0.30,5.55,-62.70,38.7
2026/04/20 22:47:44.82,IMU,-226.07,-87.89,-1006.35,0.37,-1.98,-1.31,0.45,5.85,-63.30,38.9
2026/04/20 22:47:44.92,IMU,-227.54,-68.36,-1008.79,1.29,1.25,-0.46,-1.05,5.25,-63.45,38.9
2026/04/20 22:47:45.02,IMU,-233.40,-83.50,-1006.35,0.41,-3.05,1.92,1.05,6.75,-64.95,38.6
2026/04/20 22:47:45.13,IMU,-237.30,-71.78,-1000.49,-0.92,-0.94,-0.65,0.30,6.00,-64.50,38.7
2026/04/20 22:47:45.23,IMU,-242.19,-81.05,-1009.28,2.97,-0.67,-0.44,-0.30,4.05,-63.15,38.8
2026/04/20 22:47:45.33,IMU,-222.66,-77.64,-1002.44,0.32,0.80,1.40,1.80,6.00,-63.45,38.9
2026/04/20 22:47:45.43,IMU,-232.42,-76.66,-1012.21,1.69,-0.15,-1.60,0.90,6.15,-64.35,38.8
2026/04/20 22:47:45.53,IMU,-238.77,-77.64,-1002.44,0.48,0.35,0.59,0.60,6.45,-64.95,39.0
2026/04/20 22:47:45.63,IMU,-215.82,-67.38,-1008.79,0.02,-2.12,-0.17,1.20,4.65,-62.55,38.6
2026/04/20 22:47:45.73,IMU,-229.98,-70.80,-999.51,0.48,-1.74,1.51,-1.05,5.55,-63.75,38.9
2026/04/20 22:47:45.83,IMU,-226.07,-86.91,-1012.21,0.73,-0.66,-1.80,0.15,6.15,-64.05,39.0
2026/04/20 22:47:45.93,IMU,-228.52,-71.78,-991.21,0.54,2.74,-0.86,0.30,5.25,-64.20,38.9
2026/04/20 22:47:46.03,IMU,-235.84,-65.92,-1001.95,1.35,-1.05,0.02,-0.60,6.00,-64.20,39.1
2026/04/20 22:47:46.13,IMU,-220.21,-69.82,-999.02,0.23,0.45,0.21,-1.05,5.25,-63.15,39.3
2026/04/20 22:47:46.23,IMU,-229.98,-73.73,-993.16,0.66,2.18,0.11,1.65,5.40,-62.85,38.9
2026/04/20 22:47:46.34,IMU,-220.21,-84.47,-998.54,-0.42,-0.66,-0.71,0.30,7.20,-63.15,39.1
2026/04/20 22:47:46.44,IMU,-236.82,-79.10,-993.65,-0.58,0.37,-0.58,0.00,6.45,-63.75,39.1
2026/04/20 22:47:46.54,IMU,-235.84,-84.96,-993.16,0.76,-0.14,-1.31,0.15,5.85,-63.60,39.1
2026/04/20 22:47:46.64,IMU,-216.80,-86.91,-1004.39,1.37,-0.44,0.08,0.15,5.85,-63.60,38.9
2026/04/20 22:47:46.74,IMU,-224.12,-83.01,-977.54,-1.34,0.82,-0.68,0.00,7.50,-62.70,39.0
2026/04/20 22:47:46.84,IMU,-226.56,-78.12,-992.68,0.95,-0.91,0.14,-0.30,4.80,-63.75,39.3
2026/04/20 22:47:46.94,IMU,-238.77,-86.43,-993.16,-0.47,-2.02,0.67,0.60,4.80,-63.45,38.9
2026/04/20 22:47:47.04,IMU,-230.96,-86.91,-1006.35,-0.40,1.46,0.67,0.00,6.45,-62.70,39.1
2026/04/20 22:47:47.14,IMU,-211.43,-78.12,-998.05,-0.63,-0.38,0.90,0.30,6.00,-64.20,39.1
2026/04/20 22:47:47.24,IMU,-227.05,-82.52,-987.79,0.40,-1.14,-3.23,-0.30,5.55,-63.45,39.3
2026/04/20 22:47:47.34,IMU,-225.59,-83.98,-995.12,-1.19,2.72,-0.38,-0.60,4.80,-64.50,39.1
2026/04/20 22:47:47.44,IMU,-224.61,-49.80,-999.51,0.11,-0.40,0.45,1.20,5.10,-64.05,39.1
2026/04/20 22:47:47.55,IMU,-228.03,-75.68,-1000.49,-0.03,-0.94,-0.76,0.60,5.25,-63.75,39.2
2026/04/20 22:47:47.65,IMU,-224.12,-75.68,-1003.42,0.84,0.43,1.52,-0.30,5.25,-64.50,39.2
2026/04/20 22:47:47.75,IMU,-235.35,-63.96,-998.54,0.69,0.05,2.02,1.65,5.40,-63.60,39.2
2026/04/20 22:47:47.85,IMU,-227.05,-85.45,-1002.44,1.44,-0.08,-0.53,-0.15,4.35,-65.10,39.4
2026/04/20 22:47:47.95,IMU,-224.61,-77.64,-986.33,-2.17,1.37,-1.24,0.30,5.25,-63.75,39.4
2026/04/20 22:47:48.05,IMU,-241.70,-77.64,-994.63,1.03,0.17,0.13,0.30,4.80,-64.20,39.2
2026/04/20 22:47:48.15,IMU,-218.26,-71.29,-992.19,-0.27,1.76,-1.92,-3.60,3.30,-57.75,38.9
2026/04/20 22:47:48.25,IMU,-226.56,-75.68,-998.05,0.71,-0.18,0.67,0.30,5.55,-62.70,39.4
2026/04/20 22:47:48.35,IMU,-226.56,-75.20,-1003.42,-0.40,2.20,-0.82,0.90,5.85,-63.60,39.2
2026/04/20 22:47:48.45,IMU,-217.29,-79.59,-1003.91,0.00,-0.60,0.30,1.20,5.85,-63.30,39.5
2026/04/20 22:47:48.55,IMU,-235.84,-79.10,-1000.00,-0.73,0.59,-2.87,1.95,5.10,-64.05,39.3
2026/04/20 22:47:48.65,IMU,-224.61,-84.47,-1000.98,1.55,-1.27,1.21,0.60,7.20,-62.70,39.4
2026/04/20 22:47:48.76,IMU,-224.61,-61.04,-1007.81,0.01,0.27,1.31,-0.30,6.00,-63.45,39.4
2026/04/20 22:47:48.86,IMU,-247.07,-83.01,-1001.95,0.25,1.15,-0.73,0.30,4.80,-63.75,39.5
2026/04/20 22:47:48.96,IMU,-220.70,-77.64,-991.21,1.68,0.89,2.53,0.30,5.55,-65.25,39.3
2026/04/20 22:47:49.06,IMU,-241.70,-44.92,-966.31,-1.60,-0.44,-1.81,0.45,5.10,-63.30,39.3
2026/04/20 22:47:49.17,IMU,-225.59,-65.92,-996.09,-1.79,0.82,-1.17,-1.65,1.95,-59.25,39.4
2026/04/20 22:47:49.27,IMU,-230.96,-66.89,-1000.00,-1.59,1.64,-2.11,0.45,7.65,-64.65,39.4
2026/04/20 22:47:49.37,IMU,-231.45,-83.01,-998.54,0.89,-0.31,-0.28,1.20,5.85,-64.05,39.5
2026/04/20 22:47:49.47,IMU,-230.96,-75.68,-1005.37,-0.72,1.89,1.69,0.30,6.00,-63.45,39.5
2026/04/20 22:47:49.57,IMU,-229.00,-68.85,-993.65,2.24,-1.10,-0.05,0.30,6.45,-63.45,39.8
2026/04/20 22:47:49.67,IMU,-224.12,-75.20,-1000.00,0.45,0.21,0.27,1.05,5.25,-63.75,39.6
2026/04/20 22:47:49.78,IMU,-232.91,-84.96,-1003.91,0.92,-0.30,0.54,0.90,5.85,-62.25,39.5
2026/04/20 22:47:49.88,IMU,-247.56,-71.78,-1001.46,-0.24,2.27,-0.34,0.60,6.75,-62.70,39.4
2026/04/20 22:47:49.98,IMU,-232.42,-71.29,-998.54,-0.31,1.10,-1.16,1.65,4.65,-63.30,39.2
2026/04/20 22:47:50.08,IMU,-227.05,-78.12,-1003.42,-0.33,0.04,-0.53,-0.45,6.15,-62.55,39.6
2026/04/20 22:47:50.18,IMU,-230.96,-81.54,-1011.23,0.15,-0.05,0.16,0.60,6.00,-61.95,39.6
2026/04/20 22:47:50.28,IMU,-249.02,-83.98,-991.21,0.37,-0.38,-0.47,1.20,5.85,-61.80,39.4
2026/04/20 22:47:50.38,IMU,-226.07,-84.47,-1003.91,-1.85,-1.75,-1.87,1.05,5.25,-63.15,39.6
2026/04/20 22:47:50.48,IMU,-243.65,-82.03,-1004.39,-0.08,0.46,0.64,1.35,6.00,-63.75,39.6
2026/04/20 22:47:50.58,IMU,-231.45,-83.01,-1009.77,0.80,0.28,0.47,1.20,5.85,-62.55,39.6
2026/04/20 22:47:50.68,IMU,-233.89,-64.94,-1000.49,-0.28,0.39,-0.92,-0.60,6.45,-64.50,39.3
2026/04/20 22:47:50.78,IMU,-223.14,-70.80,-997.07,-0.60,0.82,-1.19,0.30,5.55,-64.20,39.6
2026/04/20 22:47:50.88,IMU,-237.30,-82.03,-986.33,0.93,-0.63,2.21,0.45,6.60,-64.05,39.2
2026/04/20 22:47:50.98,IMU,-238.77,-79.59,-1010.25,0.26,-0.24,-2.31,0.30,5.55,-64.20,39.5
2026/04/20 22:47:51.09,IMU,-231.45,-81.54,-1005.37,0.63,0.98,-0.89,-0.30,6.45,-63.75,39.5
2026/04/20 22:47:51.19,IMU,-237.79,-76.17,-993.16,2.09,0.87,0.66,0.00,5.55,-62.70,39.4
2026/04/20 22:47:51.29,IMU,-229.00,-91.31,-999.02,0.13,-1.73,1.15,1.80,6.00,-64.20,39.6
2026/04/20 22:47:51.39,IMU,-216.80,-78.61,-1005.37,0.11,0.83,0.20,0.15,5.10,-63.30,39.6
2026/04/20 22:47:51.49,IMU,-238.77,-83.98,-1012.21,1.01,0.82,0.82,0.90,5.10,-64.65,39.4
2026/04/20 22:47:51.59,IMU,-227.05,-68.36,-1008.79,-0.76,0.67,-1.07,0.60,5.25,-63.15,39.4
2026/04/20 22:47:51.69,IMU,-238.28,-94.73,-1007.81,-0.04,-1.85,1.73,0.60,4.80,-63.75,39.6
2026/04/20 22:47:51.79,IMU,-228.03,-75.20,-991.21,-0.40,0.83,-0.50,-0.30,4.80,-63.45,39.6
2026/04/20 22:47:51.89,IMU,-249.51,-77.15,-1004.39,-0.79,1.55,-0.10,0.15,6.15,-64.35,39.6
2026/04/20 22:47:51.99,IMU,-219.24,-84.47,-988.28,-3.63,1.07,0.24,0.60,6.45,-64.20,39.4
2026/04/20 22:47:52.09,IMU,-220.21,-77.64,-992.19,-0.52,2.02,-1.08,0.60,7.20,-62.70,39.6
2026/04/20 22:47:52.20,IMU,-236.82,-76.66,-1004.88,-0.83,1.68,1.13,0.45,6.90,-64.65,39.5
2026/04/20 22:47:52.30,IMU,-223.14,-65.43,-1002.44,0.93,-0.66,1.99,0.30,5.55,-64.95,39.4
2026/04/20 22:47:52.40,IMU,-225.10,-77.15,-1004.88,-0.19,2.67,1.90,0.00,7.20,-63.75,39.6
2026/04/20 22:47:52.50,IMU,-222.66,-86.43,-994.14,-0.46,-1.30,-1.04,0.15,5.10,-63.60,39.6
2026/04/20 22:47:52.60,IMU,-236.33,-81.54,-1009.28,1.10,0.21,-0.76,-1.05,6.00,-63.45,39.4
2026/04/20 22:47:52.70,IMU,-226.56,-74.71,-997.07,0.52,1.44,-2.11,0.90,5.85,-63.60,39.3
2026/04/20 22:47:52.80,IMU,-233.89,-68.36,-998.05,0.06,1.37,-3.24,-1.05,5.55,-61.65,39.5
2026/04/20 22:47:52.90,IMU,-226.56,-87.89,-1009.77,-0.49,-0.73,1.27,-0.45,5.40,-64.35,39.6
2026/04/20 22:47:53.00,IMU,-218.26,-75.20,-1000.98,0.53,-0.08,-1.69,-0.15,6.15,-63.60,39.6
2026/04/20 22:47:53.10,IMU,-232.91,-74.71,-1002.93,0.18,0.20,0.20,-0.90,5.40,-65.10,39.5
2026/04/20 22:47:53.20,IMU,-239.75,-72.75,-995.12,0.13,0.39,0.24,2.10,7.20,-63.15,39.4
2026/04/20 22:47:53.30,IMU,-225.59,-65.92,-995.12,-2.60,0.05,0.91,0.60,6.00,-64.20,39.6
2026/04/20 22:47:53.41,IMU,-236.33,-74.71,-998.54,-0.03,-0.05,-0.50,0.15,5.40,-64.05,39.4
2026/04/20 22:47:53.51,IMU,-233.40,-75.20,-1002.44,-0.22,1.33,1.47,0.90,5.85,-62.85,39.7
2026/04/20 22:47:53.61,IMU,-227.54,-78.12,-1011.23,1.21,0.22,0.55,0.30,4.80,-63.45,39.5
2026/04/20 22:47:53.71,IMU,-225.10,-63.48,-994.63,-0.30,-0.37,1.21,0.00,5.55,-63.75,39.5
2026/04/20 22:47:53.81,IMU,-224.12,-86.43,-1050.78,1.61,-3.44,1.24,0.30,5.55,-63.45,39.4
2026/04/20 22:47:53.91,IMU,-236.33,-105.96,-1021.48,0.86,2.15,-2.03,0.30,4.80,-64.20,39.6
2026/04/20 22:47:54.01,IMU,-235.35,-73.73,-999.02,0.30,0.89,1.85,1.65,6.15,-62.55,39.5
2026/04/20 22:47:54.11,IMU,-221.19,-68.85,-1001.46,0.18,-2.03,1.22,0.30,6.45,-63.15,39.6
2026/04/20 22:47:54.21,IMU,-231.45,-68.36,-1012.70,0.94,-0.23,0.64,0.15,5.40,-63.60,39.3
2026/04/20 22:47:54.31,IMU,-232.91,-90.82,-1002.44,-0.94,1.39,0.56,-2.10,6.00,-61.65,39.4
2026/04/20 22:47:54.41,IMU,-229.49,-72.27,-1006.35,-0.83,-0.40,1.91,2.10,4.50,-63.15,39.3
2026/04/20 22:47:54.52,IMU,-234.86,-79.59,-1005.86,1.40,-1.09,0.26,0.15,6.60,-63.60,39.6
2026/04/20 22:47:54.62,IMU,-231.93,-85.94,-1001.46,-0.93,-0.24,-0.44,0.15,5.40,-63.30,39.4
2026/04/20 22:47:54.72,IMU,-226.56,-81.54,-1006.84,1.04,1.03,-0.24,2.25,5.40,-62.55,39.3
2026/04/20 22:47:54.82,IMU,-222.66,-78.61,-1003.42,-1.14,2.47,0.65,-0.60,5.25,-64.20,39.3
2026/04/20 22:47:54.92,IMU,-238.28,-58.59,-1006.35,-1.21,-0.34,0.09,1.05,4.80,-64.95,39.7
2026/04/20 22:47:55.02,IMU,-224.12,-69.34,-1017.58,-0.57,1.16,-2.55,0.00,5.25,-63.15,39.4
2026/04/20 22:47:55.12,IMU,-237.30,-68.36,-1002.44,-1.83,-0.50,0.66,0.90,6.15,-63.30,39.3
2026/04/20 22:47:55.22,IMU,-241.70,-81.54,-1014.16,-0.24,2.02,0.85,3.45,5.85,-63.30,39.4
2026/04/20 22:47:55.32,IMU,-222.17,-74.71,-994.63,-1.92,-1.85,2.27,-1.80,3.30,-59.85,39.2
2026/04/20 22:47:55.42,IMU,-230.47,-93.75,-1009.77,1.56,-0.02,-0.06,-0.45,4.65,-63.60,39.6
2026/04/20 22:47:55.52,IMU,-240.23,-87.89,-1007.32,0.67,-0.39,3.53,1.20,5.10,-63.60,39.7
2026/04/20 22:47:55.62,IMU,-219.24,-74.22,-1002.93,1.04,-0.96,-0.71,0.00,5.55,-63.15,39.4
2026/04/20 22:47:55.73,IMU,-223.14,-70.80,-1000.49,-1.13,-0.60,-3.69,0.45,5.40,-63.60,39.3
2026/04/20 22:47:55.83,IMU,-234.86,-87.89,-1003.42,0.64,0.27,1.43,-1.20,5.85,-63.30,39.4
2026/04/20 22:47:55.93,IMU,-231.45,-77.64,-1000.98,-0.64,-0.27,0.01,0.30,4.80,-62.70,39.5
2026/04/20 22:47:56.03,IMU,-218.26,-75.68,-1002.44,-1.05,1.58,0.90,0.15,6.15,-64.05,39.4
2026/04/20 22:47:56.13,IMU,-219.73,-75.68,-996.09,1.38,-0.54,-1.51,0.45,6.60,-64.05,39.5
2026/04/20 22:47:56.23,IMU,-221.19,-98.63,-1001.95,-0.82,0.14,-1.31,0.00,4.80,-62.70,39.6
2026/04/20 22:47:56.34,IMU,-226.07,-83.98,-999.02,-0.74,1.46,-2.20,1.05,6.00,-65.25,39.4
2026/04/20 22:47:56.44,IMU,-226.07,-79.10,-991.70,0.75,-0.33,-0.09,1.05,5.55,-64.95,39.4
2026/04/20 22:47:56.55,IMU,-231.93,-88.87,-995.12,-0.47,0.92,-1.44,-0.45,6.15,-63.30,39.1
2026/04/20 22:47:56.65,IMU,-221.19,-72.27,-1011.72,0.56,-1.37,2.19,0.45,5.40,-64.35,39.4
2026/04/20 22:47:56.75,IMU,-231.93,-68.85,-1005.37,-0.13,0.60,-0.59,0.60,5.55,-63.45,39.4
2026/04/20 22:47:56.85,IMU,-236.82,-81.54,-1000.98,-0.18,1.50,-0.67,0.15,6.15,-62.55,39.3
2026/04/20 22:47:56.95,IMU,-231.93,-72.27,-1017.58,-0.76,-1.96,0.40,0.30,6.75,-63.45,39.3
2026/04/20 22:47:57.05,IMU,-229.98,-78.12,-1017.09,0.08,-0.15,-2.33,0.30,7.50,-63.15,39.4
2026/04/20 22:47:57.15,IMU,-226.56,-87.89,-1008.30,-1.91,2.11,-1.93,-0.15,4.65,-64.05,39.6
2026/04/20 22:47:57.25,IMU,-220.21,-72.75,-1012.70,-0.24,-0.16,-0.50,0.60,4.50,-63.45,39.3
2026/04/20 22:47:57.35,IMU,-226.07,-84.47,-1009.77,0.22,1.17,-1.76,1.20,6.60,-63.60,39.1
2026/04/20 22:47:57.45,IMU,-218.26,-74.71,-992.68,0.31,-0.32,2.29,-0.45,5.40,-64.65,39.4
2026/04/20 22:47:57.55,IMU,-228.52,-92.77,-995.61,-1.72,-2.07,0.89,1.05,6.45,-63.45,39.3
2026/04/20 22:47:57.65,IMU,-225.10,-82.03,-998.05,-0.21,0.92,1.36,0.00,6.00,-64.95,39.3
2026/04/20 22:47:57.76,IMU,-244.63,-75.20,-997.56,1.00,2.50,-3.15,-0.15,6.90,-62.85,39.5
2026/04/20 22:47:57.86,IMU,-234.38,-81.54,-994.63,-0.69,0.96,1.17,0.30,5.25,-62.70,39.2
2026/04/20 22:47:57.97,IMU,-240.72,-80.08,-1000.49,0.57,1.08,-0.51,1.05,5.55,-63.45,39.6
2026/04/20 22:47:58.07,IMU,-246.09,-76.66,-997.56,0.05,0.03,0.34,2.25,5.10,-63.60,39.5
2026/04/20 22:47:58.17,IMU,-235.84,-68.36,-1007.32,0.66,0.48,-1.78,0.60,4.80,-63.15,39.2
2026/04/20 22:47:58.27,IMU,-227.05,-79.59,-998.54,-0.69,0.47,-0.54,0.15,6.60,-63.30,39.4
2026/04/20 22:47:58.37,IMU,-225.10,-84.96,-1003.42,-0.31,1.51,2.05,0.90,7.20,-63.15,39.4
2026/04/20 22:47:58.47,IMU,-234.38,-61.52,-1005.86,-0.36,-0.37,0.08,-1.35,6.00,-62.70,39.4
2026/04/20 22:47:58.57,IMU,-240.23,-87.89,-998.54,-1.37,-1.94,-1.46,0.45,5.85,-63.60,39.4
2026/04/20 22:47:58.67,IMU,-217.29,-91.31,-1005.86,-0.43,1.03,-3.93,0.60,5.55,-64.20,39.6
2026/04/20 22:47:58.77,IMU,-226.07,-81.54,-1007.81,-0.43,0.69,-0.15,-0.15,4.35,-63.30,39.2
2026/04/20 22:47:58.88,IMU,-232.42,-81.54,-1010.74,-1.10,2.28,-1.05,0.45,5.10,-62.85,39.4
2026/04/20 22:47:58.98,IMU,-221.19,-83.50,-997.56,-0.64,0.65,-1.78,0.45,6.60,-64.05,39.4
2026/04/20 22:47:59.08,IMU,-240.72,-81.54,-1013.67,0.74,1.57,-2.11,-0.30,6.45,-62.70,39.4
2026/04/20 22:47:59.18,IMU,-228.03,-83.01,-993.65,1.13,-0.69,-2.14,0.30,4.50,-62.70,39.2
2026/04/20 22:47:59.28,IMU,-235.84,-83.01,-989.75,0.52,-0.98,-1.34,1.35,6.00,-63.45,39.4
2026/04/20 22:47:59.38,IMU,-246.09,-65.92,-989.26,1.41,-0.64,-1.01,1.20,6.90,-63.60,39.4
2026/04/20 22:47:59.48,IMU,-237.79,-84.47,-1007.32,1.25,0.82,-1.72,0.15,6.15,-62.55,39.3
2026/04/20 22:47:59.58,IMU,-234.38,-83.01,-1009.77,-0.38,0.92,0.18,-0.60,6.75,-63.75,39.4
2026/04/20 22:47:59.68,IMU,-221.19,-73.24,-1004.39,0.56,-0.45,-1.79,-0.30,6.00,-64.20,39.4
2026/04/20 22:47:59.78,IMU,-225.10,-73.73,-995.61,-1.19,-1.60,0.17,0.90,5.85,-62.85,39.4
2026/04/20 22:47:59.88,IMU,-229.98,-80.08,-1010.74,0.18,-0.26,-0.53,-1.05,6.45,-64.20,39.4
2026/04/20 22:47:59.98,IMU,-229.00,-71.29,-1014.65,0.60,1.05,1.67,1.05,5.25,-63.75,39.3
2026/04/20 22:48:00.09,IMU,-224.61,-84.96,-999.51,1.31,0.73,1.06,-0.15,6.90,-64.65,39.0
2026/04/20 22:48:00.19,IMU,-227.54,-71.78,-998.05,1.82,-2.79,-0.34,-1.80,4.80,-64.50,39.2
2026/04/20 22:48:00.29,IMU,-215.82,-88.87,-1000.00,0.95,1.73,0.08,0.60,7.95,-64.20,39.6
2026/04/20 22:48:00.39,IMU,-231.93,-73.24,-1000.98,-0.08,-1.26,1.08,0.90,7.35,-63.60,39.2
2026/04/20 22:48:00.49,IMU,-223.63,-82.03,-1005.86,0.75,1.61,-1.06,1.35,5.55,-62.70,39.4
2026/04/20 22:48:00.59,IMU,-223.63,-79.59,-1008.30,0.66,1.39,-1.11,-0.30,5.55,-64.20,39.4
2026/04/20 22:48:00.69,IMU,-235.84,-80.57,-991.21,0.20,0.80,-1.69,-0.15,5.40,-63.30,39.2
2026/04/20 22:48:00.79,IMU,-223.14,-83.98,-998.05,2.82,-0.74,1.04,0.00,5.55,-64.95,39.2
2026/04/20 22:48:00.89,IMU,-228.03,-83.01,-1002.44,0.82,1.27,0.44,-0.90,5.40,-63.60,39.3
2026/04/20 22:48:00.99,IMU,-231.45,-73.73,-994.14,-0.98,-0.80,-3.85,-0.15,5.10,-64.05,39.6
2026/04/20 22:48:01.09,IMU,-229.00,-88.38,-996.09,-0.63,-2.36,0.58,-0.45,4.65,-62.25,39.1
2026/04/20 22:48:01.20,IMU,-216.31,-70.80,-994.63,0.76,1.82,-0.29,1.80,5.25,-62.70,39.0
2026/04/20 22:48:01.30,IMU,-235.84,-79.10,-1007.32,3.40,-1.37,-0.99,0.15,5.85,-63.60,39.3
2026/04/20 22:48:01.40,IMU,-223.14,-68.85,-999.51,0.21,-0.08,0.15,0.15,4.65,-63.60,39.1
2026/04/20 22:48:01.50,IMU,-235.35,-73.24,-988.77,1.41,-1.73,-1.67,-0.45,6.15,-64.05,39.1
2026/04/20 22:48:01.60,IMU,-232.42,-77.15,-1002.44,-1.61,-1.71,-0.22,0.00,6.45,-62.70,39.1
2026/04/20 22:48:01.70,IMU,-240.23,-80.57,-1008.30,-0.40,-0.40,1.16,0.60,7.20,-65.25,38.9
2026/04/20 22:48:01.80,IMU,-217.29,-78.61,-992.68,-0.19,-0.58,0.40,-0.30,5.25,-63.45,39.1
2026/04/20 22:48:01.90,IMU,-229.98,-92.77,-1013.18,-0.70,-1.43,0.18,0.45,5.40,-62.55,39.1
2026/04/20 22:48:02.00,IMU,-230.47,-78.61,-987.79,-0.26,-0.22,-1.60,-0.15,5.85,-62.55,39.3
2026/04/20 22:48:02.11,IMU,-233.89,-72.75,-998.54,0.96,1.77,-1.32,-4.95,4.35,-58.20,39.1
2026/04/20 22:48:02.21,IMU,-232.42,-76.17,-1012.21,-1.89,0.18,-0.19,0.60,7.20,-63.75,39.1
2026/04/20 22:48:02.31,IMU,-221.19,-73.24,-995.12,1.76,-0.61,0.18,0.90,5.40,-63.60,39.1
2026/04/20 22:48:02.41,IMU,-240.72,-81.54,-1000.49,-0.45,2.21,-1.12,0.45,5.40,-63.30,39.3
2026/04/20 22:48:02.51,IMU,-241.70,-71.78,-997.56,-1.93,-0.55,-0.82,-3.00,4.65,-60.45,39.3
2026/04/20 22:48:02.61,IMU,-221.68,-80.57,-994.14,-0.31,3.21,0.49,0.45,6.60,-62.85,39.4
2026/04/20 22:48:02.72,IMU,-235.84,-69.34,-989.26,0.41,-0.10,0.23,0.15,6.15,-62.85,39.2
2026/04/20 22:48:02.82,IMU,-221.68,-63.96,-1012.70,-1.37,1.27,-0.46,0.60,5.25,-64.20,39.2
2026/04/20 22:48:02.92,IMU,-227.05,-72.27,-996.58,-2.18,0.12,1.27,-0.15,6.90,-64.35,39.4
2026/04/20 22:48:03.02,IMU,-223.63,-71.29,-1000.98,1.02,-2.22,-1.07,1.20,6.90,-65.10,39.1
2026/04/20 22:48:03.12,IMU,-230.47,-79.59,-1013.18,1.10,-1.61,-0.56,0.00,6.45,-63.45,39.1
2026/04/20 22:48:03.22,IMU,-227.54,-60.06,-1003.91,-0.84,0.47,-0.71,-0.15,5.10,-64.05,39.1
2026/04/20 22:48:03.32,IMU,-235.35,-79.59,-999.02,0.11,-1.68,-1.97,0.00,6.45,-63.75,39.1
2026/04/20 22:48:03.42,IMU,-234.38,-63.48,-998.05,1.31,0.55,1.44,0.45,6.90,-63.30,39.3
2026/04/20 22:48:03.52,IMU,-239.26,-79.10,-994.63,0.60,0.17,-2.37,-2.10,4.05,-59.85,39.1
2026/04/20 22:48:03.62,IMU,-220.70,-79.59,-997.07,0.76,1.73,-1.97,-0.15,3.90,-63.60,39.1
2026/04/20 22:48:03.72,IMU,-226.56,-87.40,-999.02,1.27,0.12,1.83,0.90,5.85,-62.85,39.5
2026/04/20 22:48:03.83,IMU,-216.31,-80.57,-1002.93,-0.24,-1.17,-0.11,0.60,5.55,-61.95,39.3
2026/04/20 22:48:03.93,IMU,-215.33,-77.64,-1003.42,-1.49,0.00,1.39,0.30,7.20,-65.25,39.4
2026/04/20 22:48:04.03,IMU,-222.66,-77.64,-1009.77,0.79,1.55,-1.78,-0.45,6.60,-63.60,39.1
2026/04/20 22:48:04.13,IMU,-226.07,-86.91,-1004.88,-0.93,-0.18,1.25,0.45,6.60,-64.05,39.1
2026/04/20 22:48:04.23,IMU,-238.28,-64.94,-1000.49,0.93,1.39,0.96,-0.30,6.00,-64.95,39.1
2026/04/20 22:48:04.33,IMU,-230.47,-69.34,-993.65,-0.08,0.08,0.68,0.30,6.45,-63.75,39.1
2026/04/20 22:48:04.43,IMU,-217.29,-79.10,-1006.84,0.56,0.11,2.92,1.20,5.10,-63.30,39.1
2026/04/20 22:48:04.54,IMU,-240.72,-77.15,-1000.98,0.05,0.63,-2.42,0.45,5.40,-63.30,39.2
2026/04/20 22:48:04.64,IMU,-223.14,-72.27,-995.61,-1.10,-0.40,0.15,0.15,5.40,-63.30,39.2
2026/04/20 22:48:04.74,IMU,-221.68,-84.47,-995.61,2.44,-0.69,-0.10,0.45,7.65,-64.05,39.1
2026/04/20 22:48:04.84,IMU,-238.28,-73.73,-1004.88,-0.61,-2.14,0.81,0.15,5.10,-63.30,39.1
2026/04/20 22:48:04.94,IMU,-225.10,-88.38,-992.19,0.52,0.43,-1.30,0.00,3.30,-63.15,39.1
2026/04/20 22:48:05.04,IMU,-224.61,-68.85,-992.68,-1.25,0.19,0.32,0.00,5.55,-63.75,39.1
2026/04/20 22:48:05.14,IMU,-234.86,-70.80,-1007.81,-1.72,-0.18,1.84,0.90,5.10,-64.05,39.2
2026/04/20 22:48:05.25,IMU,-224.12,-73.73,-1003.91,-0.56,-1.15,-0.28,-0.30,5.25,-62.40,39.3
2026/04/20 22:48:05.35,IMU,-220.21,-83.98,-1012.70,0.00,1.85,-0.36,0.60,7.20,-63.75,39.4
2026/04/20 22:48:05.45,IMU,-238.28,-73.73,-999.51,0.79,1.86,-0.47,0.15,6.60,-62.85,39.1
2026/04/20 22:48:05.55,IMU,-233.89,-75.68,-1000.00,-0.73,0.40,-0.47,2.25,6.60,-63.60,39.4
2026/04/20 22:48:05.65,IMU,-233.40,-84.47,-993.16,-1.69,1.00,1.29,-0.90,6.60,-65.10,39.0
2026/04/20 22:48:05.75,IMU,-217.29,-77.15,-989.75,0.78,1.92,1.15,-0.45,6.60,-64.05,39.3
2026/04/20 22:48:05.85,IMU,-239.26,-82.03,-1004.39,-0.08,0.43,1.35,1.05,4.80,-63.75,39.3
2026/04/20 22:48:05.96,IMU,-237.79,-81.54,-1004.88,0.73,-0.82,-0.36,-0.15,5.40,-63.60,39.3
2026/04/20 22:48:06.06,IMU,-228.52,-78.12,-1004.39,-0.26,0.52,0.56,1.05,4.80,-62.40,39.1
2026/04/20 22:48:06.16,IMU,-222.17,-78.61,-1002.93,-0.06,0.63,-0.73,0.60,6.45,-63.45,39.3
2026/04/20 22:48:06.26,IMU,-229.98,-65.43,-998.54,-1.48,1.76,-1.11,-0.45,6.15,-64.35,39.3
2026/04/20 22:48:06.36,IMU,-235.35,-69.82,-999.51,0.68,-1.35,-2.06,1.20,5.40,-63.60,39.3
2026/04/20 22:48:06.46,IMU,-233.40,-70.31,-998.54,-1.64,1.29,-0.64,0.30,5.55,-63.75,39.2
2026/04/20 22:48:06.56,IMU,-227.54,-64.45,-998.54,-0.40,-0.12,0.69,1.20,5.40,-64.35,39.1
2026/04/20 22:48:06.66,IMU,-220.70,-74.22,-999.51,-0.89,0.91,1.47,0.30,6.45,-64.20,39.1
2026/04/20 22:48:06.76,IMU,-221.68,-79.10,-1011.23,-1.41,1.82,-0.97,-0.60,5.25,-62.40,39.1
2026/04/20 22:48:06.87,IMU,-237.30,-78.61,-1005.86,-1.15,-2.29,-0.54,0.60,6.00,-63.45,39.4
2026/04/20 22:48:06.97,IMU,-226.56,-75.20,-997.56,-1.77,-0.99,1.64,-0.45,5.40,-65.85,39.1
2026/04/20 22:48:07.07,IMU,-208.98,-80.08,-998.54,-0.41,-1.01,0.34,0.00,6.45,-62.40,39.1
2026/04/20 22:48:07.17,IMU,-235.35,-75.68,-999.02,1.19,-0.63,1.51,0.30,5.25,-63.75,39.3
2026/04/20 22:48:07.27,IMU,-223.14,-86.91,-994.14,0.43,2.02,0.74,0.15,6.90,-64.05,39.3
2026/04/20 22:48:07.37,IMU,-228.03,-72.75,-999.51,-0.34,-0.50,1.41,-0.60,5.55,-64.20,39.6
2026/04/20 22:48:07.47,IMU,-218.75,-87.89,-1000.00,-0.11,-0.56,0.85,-0.45,5.40,-64.05,39.5
2026/04/20 22:48:07.57,IMU,-233.40,-61.52,-1010.25,0.31,0.72,1.37,-0.45,3.15,-62.85,39.4
2026/04/20 22:48:07.67,IMU,-227.54,-80.08,-1001.46,0.14,-1.60,0.03,1.20,6.15,-63.60,39.1
2026/04/20 22:48:07.77,IMU,-232.91,-86.91,-1003.91,0.05,0.50,-0.57,-0.45,5.40,-63.60,39.4
2026/04/20 22:48:07.87,IMU,-234.38,-80.08,-1002.93,0.82,0.92,1.68,1.20,6.15,-64.35,39.4
2026/04/20 22:48:07.98,IMU,-225.10,-82.52,-992.68,0.73,-0.43,0.73,0.60,6.75,-62.70,39.4
2026/04/20 22:48:08.08,IMU,-220.21,-73.24,-995.12,-1.50,0.71,-1.71,1.20,5.85,-64.35,39.1
2026/04/20 22:48:08.18,IMU,-228.52,-71.78,-1001.95,2.27,-0.37,-0.46,-0.15,6.90,-62.85,39.6
2026/04/20 22:48:08.28,IMU,-221.19,-87.40,-995.61,1.31,1.81,0.53,2.25,4.65,-63.30,39.5
2026/04/20 22:48:08.38,IMU,-220.21,-77.15,-1002.44,0.81,-0.44,1.72,0.60,6.00,-63.45,39.5
2026/04/20 22:48:08.48,IMU,-228.52,-90.82,-1007.81,-2.29,1.68,0.08,0.90,5.85,-62.55,39.4
2026/04/20 22:48:08.58,IMU,-229.00,-69.34,-992.68,-0.02,-1.00,0.21,0.45,6.15,-63.60,39.5
2026/04/20 22:48:08.68,IMU,-227.54,-80.08,-995.61,0.88,0.73,-0.70,0.90,5.85,-64.05,39.4
2026/04/20 22:48:08.78,IMU,-224.12,-68.85,-1000.49,1.17,-1.22,1.58,-0.15,5.40,-64.05,39.3
2026/04/20 22:48:08.88,IMU,-229.49,-67.38,-992.68,-0.69,1.53,0.68,1.35,5.25,-63.45,39.3
2026/04/20 22:48:08.98,IMU,-228.03,-75.20,-998.05,1.58,0.42,-3.17,0.15,5.40,-63.60,39.5
2026/04/20 22:48:09.09,IMU,-229.98,-74.71,-1004.88,1.73,-0.44,1.36,-0.45,5.40,-63.30,39.2
2026/04/20 22:48:09.19,IMU,-228.03,-74.22,-1003.42,-0.40,-0.78,-2.36,1.20,3.90,-64.05,39.5
2026/04/20 22:48:09.29,IMU,-218.26,-79.10,-997.56,1.34,1.11,-1.27,0.30,5.25,-63.15,39.6
2026/04/20 22:48:09.39,IMU,-235.35,-72.75,-997.56,0.34,2.09,-1.69,0.15,7.35,-64.35,39.4
2026/04/20 22:48:09.49,IMU,-214.36,-74.71,-1005.37,0.07,-1.11,-1.09,0.15,6.90,-61.80,39.4
2026/04/20 22:48:09.59,IMU,-232.42,-81.05,-1011.23,-0.63,-0.04,2.37,-0.30,6.00,-64.20,39.1
2026/04/20 22:48:09.69,IMU,-227.05,-72.27,-983.89,-0.37,0.27,-1.59,-0.15,6.15,-63.60,39.4
2026/04/20 22:48:09.79,IMU,-237.79,-70.80,-992.68,1.28,1.06,-0.19,0.00,5.55,-64.50,39.3
2026/04/20 22:48:09.89,IMU,-227.05,-81.54,-997.07,-0.36,0.09,1.39,-0.45,5.40,-63.30,39.4
2026/04/20 22:48:09.99,IMU,-229.00,-80.57,-1003.91,1.59,0.02,0.21,-0.15,7.35,-64.35,39.6
2026/04/20 22:48:10.09,IMU,-222.17,-72.27,-994.63,-0.24,-0.05,0.09,0.60,6.00,-62.70,39.5
2026/04/20 22:48:10.19,IMU,-244.14,-83.01,-1005.37,0.04,1.37,1.32,0.45,6.60,-63.60,39.8
2026/04/20 22:48:10.30,IMU,-236.33,-81.05,-986.82,0.13,0.85,0.60,0.15,5.40,-64.05,39.4
2026/04/20 22:48:10.40,IMU,-235.35,-78.61,-987.30,2.03,-1.60,-0.95,1.05,6.45,-64.50,39.6
2026/04/20 22:48:10.50,IMU,-233.89,-75.68,-1007.81,1.49,0.11,-0.27,0.60,5.25,-62.40,39.7
2026/04/20 22:48:10.60,IMU,-238.77,-82.52,-996.58,2.06,0.81,-0.63,1.35,5.55,-63.15,39.6
2026/04/20 22:48:10.70,IMU,-230.96,-77.64,-990.23,-2.06,-1.68,-1.58,-1.80,5.55,-62.40,39.7
2026/04/20 22:48:10.80,IMU,-239.75,-64.94,-1001.95,0.69,-0.50,-2.77,-0.45,5.85,-64.35,39.4
2026/04/20 22:48:10.90,IMU,-235.84,-83.50,-1007.32,-0.95,-0.18,-1.43,-0.60,5.25,-63.45,39.6
2026/04/20 22:48:11.00,IMU,-217.77,-79.59,-990.23,0.70,-0.38,0.82,0.15,5.40,-64.05,39.6
2026/04/20 22:48:11.10,IMU,-226.56,-75.20,-1014.16,-0.33,0.47,2.08,0.15,6.15,-63.60,39.6
2026/04/20 22:48:11.20,IMU,-237.79,-75.68,-996.09,0.27,-0.25,0.00,0.45,5.40,-64.05,39.4
2026/04/20 22:48:11.30,IMU,-218.26,-83.98,-1002.44,0.41,2.13,-0.89,-0.30,4.05,-64.20,39.7
2026/04/20 22:48:11.40,IMU,-228.52,-75.68,-998.05,-0.74,-2.06,1.95,-0.30,5.25,-64.20,39.7
2026/04/20 22:48:11.51,IMU,-228.03,-70.80,-990.72,0.92,0.69,1.70,0.45,5.40,-64.35,39.6
2026/04/20 22:48:11.61,IMU,-222.66,-74.22,-1008.79,-0.56,-0.10,0.03,1.20,5.85,-62.55,39.6
2026/04/20 22:48:11.71,IMU,-233.89,-81.05,-993.65,0.66,0.47,-2.37,-3.60,3.75,-58.80,39.3
2026/04/20 22:48:11.81,IMU,-229.98,-72.27,-992.68,-0.50,-0.15,-1.56,-0.30,6.45,-63.75,39.6
2026/04/20 22:48:11.91,IMU,-246.09,-82.52,-1005.37,0.80,0.37,-0.37,-1.65,5.40,-60.00,39.9
2026/04/20 22:48:12.01,IMU,-240.23,-65.43,-998.54,-1.03,-0.58,-0.06,-0.45,5.40,-63.30,39.7
2026/04/20 22:48:12.11,IMU,-234.38,-79.10,-999.02,0.27,-0.31,1.99,1.05,6.00,-64.20,39.6
2026/04/20 22:48:12.21,IMU,-229.49,-70.80,-1005.86,1.49,-0.41,-0.87,0.30,6.45,-63.75,39.8
2026/04/20 22:48:12.31,IMU,-245.12,-74.22,-995.61,-0.93,-1.51,0.40,0.15,5.40,-63.30,39.8
2026/04/20 22:48:12.41,IMU,-237.30,-75.68,-1002.93,0.50,0.53,0.82,-0.30,5.55,-63.75,39.6
2026/04/20 22:48:12.51,IMU,-230.47,-82.03,-1002.44,-0.53,1.18,1.74,-1.05,6.00,-62.70,39.8
2026/04/20 22:48:12.62,IMU,-228.03,-77.15,-994.14,-1.98,-2.24,1.57,-0.15,7.35,-62.55,39.6
2026/04/20 22:48:12.72,IMU,-240.23,-87.40,-1005.86,-0.23,-0.28,-1.07,-0.15,5.10,-63.60,39.8
2026/04/20 22:48:12.82,IMU,-233.89,-83.50,-997.07,-1.53,0.14,0.09,1.80,6.45,-63.15,40.0
2026/04/20 22:48:12.92,IMU,-228.03,-86.91,-1000.49,-1.85,-0.45,-2.88,-0.45,6.90,-62.55,39.8
2026/04/20 22:48:13.02,IMU,-234.86,-78.61,-1002.93,-0.11,-0.76,1.08,1.65,6.60,-63.60,39.9
2026/04/20 22:48:13.12,IMU,-224.61,-82.03,-982.91,-0.32,0.69,-0.17,2.10,6.45,-61.95,40.0
2026/04/20 22:48:13.22,IMU,-226.07,-72.75,-988.77,-0.17,-0.70,-1.80,0.60,4.50,-63.45,39.9
2026/04/20 22:48:13.32,IMU,-241.21,-78.61,-1010.25,-0.28,0.60,-1.66,-0.15,6.60,-64.05,39.7
2026/04/20 22:48:13.42,IMU,-235.35,-71.29,-997.56,0.37,-0.50,-0.36,1.35,4.50,-64.50,39.8
2026/04/20 22:48:13.52,IMU,-232.91,-75.20,-992.19,-0.50,1.87,0.27,-1.05,6.00,-63.45,39.7
2026/04/20 22:48:13.62,IMU,-231.93,-70.80,-994.63,2.17,0.08,0.83,0.45,5.10,-63.60,40.0
2026/04/20 22:48:13.73,IMU,-222.66,-77.15,-989.26,0.95,0.89,2.85,0.30,5.25,-62.40,39.9
2026/04/20 22:48:13.83,IMU,-227.54,-85.45,-998.05,0.98,0.27,-0.02,0.00,7.50,-62.40,39.8
2026/04/20 22:48:13.94,IMU,-228.03,-74.71,-1010.74,-1.80,0.67,-0.75,-1.20,5.85,-64.35,40.0
2026/04/20 22:48:14.04,IMU,-238.77,-81.54,-1002.93,0.13,2.37,1.05,0.30,6.00,-63.75,39.8
2026/04/20 22:48:14.14,IMU,-232.91,-81.54,-1004.88,0.25,-0.63,-0.85,-0.60,6.45,-64.95,40.0
2026/04/20 22:48:14.24,IMU,-227.54,-79.10,-993.65,-0.37,-1.02,-2.20,2.85,5.55,-64.50,40.0
2026/04/20 22:48:14.34,IMU,-232.91,-79.59,-990.23,-0.08,0.73,-0.14,-0.30,6.00,-63.15,40.0
2026/04/20 22:48:14.44,IMU,-229.98,-81.54,-1006.35,0.15,0.38,3.00,0.45,6.60,-63.30,40.0
2026/04/20 22:48:14.54,IMU,-224.61,-77.15,-1000.00,-0.76,0.00,-0.07,0.45,5.10,-65.40,40.0
2026/04/20 22:48:14.65,IMU,-232.91,-75.20,-1001.46,-1.69,-1.21,1.51,0.15,6.15,-64.35,40.0
2026/04/20 22:48:14.75,IMU,-233.40,-80.57,-999.51,0.24,-0.96,-4.21,1.20,5.10,-62.85,39.8
2026/04/20 22:48:14.85,IMU,-232.91,-72.75,-1001.95,0.15,-0.73,-3.02,0.15,6.15,-63.30,39.9
2026/04/20 22:48:14.95,IMU,-231.45,-72.75,-1010.74,-1.68,2.41,-1.01,0.15,6.15,-63.60,40.2
2026/04/20 22:48:15.05,IMU,-234.38,-82.52,-999.51,3.65,-1.24,-2.87,0.30,6.75,-63.75,39.8
2026/04/20 22:48:15.15,IMU,-226.56,-80.57,-1000.00,0.53,1.08,-0.21,0.90,5.85,-62.25,39.9
2026/04/20 22:48:15.25,IMU,-226.07,-63.96,-1000.49,1.18,-0.43,-2.17,0.45,5.10,-62.25,40.0
2026/04/20 22:48:15.35,IMU,-229.49,-69.82,-1000.00,1.51,1.18,-0.02,1.05,6.00,-63.15,40.0
2026/04/20 22:48:15.45,IMU,-240.23,-85.94,-994.14,-1.38,-0.32,-0.08,-0.30,5.55,-64.50,39.7
2026/04/20 22:48:15.55,IMU,-223.14,-80.57,-1000.98,0.72,-0.95,1.60,0.00,6.75,-63.15,40.2
2026/04/20 22:48:15.65,IMU,-241.21,-80.08,-986.33,0.06,1.58,0.06,0.45,5.40,-63.60,40.0
2026/04/20 22:48:15.76,IMU,-232.42,-82.03,-1006.35,-0.73,0.98,-1.27,0.00,4.05,-64.20,40.0
2026/04/20 22:48:15.86,IMU,-232.42,-79.10,-999.02,0.14,-1.03,2.02,-1.20,6.90,-62.85,39.9
2026/04/20 22:48:15.96,IMU,-242.19,-67.38,-1008.30,-0.57,1.21,0.98,-1.65,5.85,-64.05,40.2
2026/04/20 22:48:16.06,IMU,-236.33,-72.75,-998.05,0.13,1.51,0.51,1.05,4.80,-63.15,40.1
2026/04/20 22:48:16.16,IMU,-227.54,-74.22,-1003.42,-0.63,0.95,-0.51,0.90,4.65,-64.35,40.0
2026/04/20 22:48:16.26,IMU,-229.00,-72.27,-1015.14,-0.67,-0.02,0.52,0.45,5.40,-64.35,40.2
2026/04/20 22:48:16.36,IMU,-224.61,-77.64,-996.09,0.27,-0.20,1.41,-0.45,6.60,-62.25,39.9
2026/04/20 22:48:16.46,IMU,-229.98,-84.47,-1003.91,-2.53,1.54,-0.24,0.00,5.25,-63.15,40.2
2026/04/20 22:48:16.56,IMU,-215.82,-74.22,-1009.28,0.07,0.91,0.02,0.45,6.15,-63.30,40.0
2026/04/20 22:48:16.66,IMU,-233.89,-69.82,-1009.77,-1.14,1.66,-0.32,0.45,5.40,-62.85,40.0
2026/04/20 22:48:16.76,IMU,-231.93,-78.12,-1006.35,-0.87,0.89,-0.99,0.45,5.85,-64.35,40.1
2026/04/20 22:48:16.87,IMU,-227.05,-78.61,-996.09,-0.66,1.37,0.26,-0.90,6.90,-61.80,40.1
2026/04/20 22:48:16.97,IMU,-223.63,-63.96,-998.05,-0.44,0.15,1.63,0.30,7.20,-63.75,40.3
2026/04/20 22:48:17.07,IMU,-234.38,-88.38,-1014.65,-0.89,-0.78,-0.34,0.90,6.60,-63.60,40.3
2026/04/20 22:48:17.17,IMU,-225.10,-79.59,-999.02,-2.11,2.08,-1.88,-0.45,5.85,-62.55,40.2
2026/04/20 22:48:17.27,IMU,-227.54,-75.68,-1005.86,-0.17,-1.73,0.55,0.60,4.80,-63.75,40.2
2026/04/20 22:48:17.37,IMU,-234.86,-76.66,-1012.21,-0.40,-1.93,0.08,-0.30,5.55,-61.35,40.2
2026/04/20 22:48:17.47,IMU,-228.52,-84.96,-997.56,-0.32,0.73,-1.80,-0.30,4.80,-63.45,40.3
2026/04/20 22:48:17.57,IMU,-242.68,-84.96,-993.16,-0.39,0.82,1.07,-0.15,6.60,-63.30,40.3
2026/04/20 22:48:17.67,IMU,-233.89,-65.43,-1015.63,-0.55,1.30,-0.32,-0.90,5.40,-63.30,40.3
2026/04/20 22:48:17.77,IMU,-231.45,-89.84,-1000.49,1.04,-2.55,-3.32,0.90,6.60,-62.85,40.0
2026/04/20 22:48:17.87,IMU,-221.68,-69.82,-997.07,-1.76,1.00,0.15,-1.05,6.75,-62.40,40.5
2026/04/20 22:48:17.98,IMU,-242.68,-78.12,-991.21,-0.39,0.26,0.71,-0.15,5.10,-64.05,40.0
2026/04/20 22:48:18.08,IMU,-220.70,-71.78,-994.14,1.24,-3.31,0.52,0.15,5.10,-61.80,40.3
2026/04/20 22:48:18.18,IMU,-233.89,-99.12,-1003.42,-0.63,-1.35,-2.82,-0.15,6.60,-63.30,40.2
2026/04/20 22:48:18.28,IMU,-235.84,-73.73,-1007.32,-1.27,0.67,0.92,-0.15,5.10,-62.25,40.2
2026/04/20 22:48:18.38,IMU,-220.70,-85.45,-996.09,-1.10,-2.21,-1.92,1.05,6.75,-63.45,40.3
2026/04/20 22:48:18.48,IMU,-234.38,-81.05,-1005.86,0.79,0.09,-0.75,-0.30,5.25,-61.95,40.1
2026/04/20 22:48:18.58,IMU,-234.86,-76.17,-1001.46,-0.13,0.53,0.79,0.60,6.00,-63.45,40.3
2026/04/20 22:48:18.68,IMU,-235.84,-76.17,-1013.18,-0.11,-0.61,-1.56,0.60,6.00,-63.45,40.3
2026/04/20 22:48:18.78,IMU,-224.12,-71.29,-995.12,0.69,0.97,2.19,0.15,6.15,-64.35,40.3
2026/04/20 22:48:18.89,IMU,-235.35,-62.01,-1004.88,0.27,0.04,2.96,-3.00,5.10,-57.15,40.3
2026/04/20 22:48:18.99,IMU,-219.24,-82.03,-1004.39,1.24,-1.34,-1.60,1.95,5.10,-61.80,40.0
2026/04/20 22:48:19.09,IMU,-239.75,-87.89,-1002.44,0.05,-1.08,2.31,-0.30,6.00,-63.15,40.0
2026/04/20 22:48:19.19,IMU,-231.93,-77.64,-1018.07,-1.70,2.18,2.85,0.45,6.90,-61.50,40.2
2026/04/20 22:48:19.29,IMU,-235.84,-81.54,-1000.00,0.45,1.27,1.10,1.20,6.15,-64.35,40.3
2026/04/20 22:48:19.39,IMU,-224.12,-72.75,-1020.02,-1.62,0.08,1.69,-0.45,5.85,-64.05,40.3
2026/04/20 22:48:19.49,IMU,-240.23,-69.82,-1024.90,2.02,0.16,0.33,0.45,6.90,-62.85,40.0
2026/04/20 22:48:19.59,IMU,-221.68,-73.24,-1012.70,0.55,-1.77,2.54,0.60,7.20,-64.50,40.1
2026/04/20 22:48:19.69,IMU,-229.98,-69.82,-1016.60,1.34,-1.91,1.15,0.45,5.40,-62.25,40.3
2026/04/20 22:48:19.80,IMU,-232.91,-75.20,-1006.35,0.12,-3.13,0.25,1.20,5.10,-62.55,40.4
2026/04/20 22:48:19.90,IMU,-244.14,-82.52,-1005.86,-0.28,0.82,-0.72,-0.15,6.15,-63.60,40.3
2026/04/20 22:48:20.00,IMU,-229.49,-77.64,-994.63,-0.89,-1.82,-0.04,0.60,4.50,-63.15,40.2
2026/04/20 22:48:20.10,IMU,-232.42,-72.27,-986.82,1.00,-0.79,-1.73,0.30,4.80,-63.45,40.2
2026/04/20 22:48:20.20,IMU,-223.63,-74.71,-1003.91,1.07,1.30,-0.05,1.65,5.40,-64.05,40.2
2026/04/20 22:48:20.30,IMU,-244.14,-81.54,-1003.91,-0.39,-0.63,-0.01,0.45,6.90,-65.10,40.1
2026/04/20 22:48:20.40,IMU,-233.89,-80.57,-1013.67,-0.19,-0.97,-2.66,0.45,6.15,-63.30,40.2
2026/04/20 22:48:20.51,IMU,-231.45,-78.12,-1024.41,-1.27,1.37,0.31,0.45,5.40,-64.05,40.0
2026/04/20 22:48:20.61,IMU,-229.98,-75.68,-997.56,-3.00,0.96,3.04,-0.45,4.35,-62.85,40.0
2026/04/20 22:48:20.71,IMU,-229.98,-75.68,-1007.32,-0.22,0.11,-1.83,-0.30,6.00,-63.45,40.1
2026/04/20 22:48:20.81,IMU,-238.28,-81.54,-1008.79,0.81,-0.47,-2.01,0.60,6.00,-61.95,40.2
2026/04/20 22:48:20.91,IMU,-223.14,-70.31,-1010.74,-1.11,-0.67,-0.08,-0.15,6.60,-62.25,40.1
2026/04/20 22:48:21.01,IMU,-209.47,-71.78,-998.54,0.85,0.01,0.08,0.00,4.80,-63.45,40.0
2026/04/20 22:48:21.11,IMU,-228.52,-79.10,-1002.44,-1.30,-0.39,-0.43,-0.90,4.65,-62.85,40.0
2026/04/20 22:48:21.21,IMU,-216.31,-82.52,-1029.30,0.61,0.50,1.53,-0.15,5.10,-63.30,40.0
2026/04/20 22:48:21.31,IMU,-223.63,-74.71,-1002.44,-0.50,-2.82,-0.10,0.15,5.40,-64.35,40.1
2026/04/20 22:48:21.41,IMU,-242.68,-76.66,-1008.79,0.89,0.51,1.68,0.15,4.65,-63.60,40.0
2026/04/20 22:48:21.51,IMU,-228.03,-78.61,-992.19,-1.19,-1.40,-1.31,0.15,6.90,-63.60,40.0
2026/04/20 22:48:21.62,IMU,-230.47,-89.84,-998.54,0.27,-1.15,-1.66,-0.45,5.85,-61.80,40.0
2026/04/20 22:48:21.72,IMU,-232.42,-77.64,-1021.00,-0.41,0.08,-1.93,-0.30,6.45,-61.95,39.9
2026/04/20 22:48:21.82,IMU,-225.59,-71.29,-1005.86,0.18,-1.56,1.02,-0.90,4.65,-63.60,39.9
2026/04/20 22:48:21.92,IMU,-234.38,-89.84,-1009.77,0.12,0.89,-0.11,0.45,5.85,-62.55,39.8
2026/04/20 22:48:22.02,IMU,-226.56,-80.08,-1010.74,0.38,0.73,-1.24,0.45,5.40,-62.25,40.1
2026/04/20 22:48:22.12,IMU,-230.96,-78.61,-997.07,-1.20,-0.97,0.29,1.95,6.15,-63.30,39.8
2026/04/20 22:48:22.22,IMU,-222.66,-84.96,-1000.49,0.56,0.34,-0.41,1.20,6.60,-63.60,39.9
2026/04/20 22:48:22.32,IMU,-216.31,-76.66,-1011.23,1.00,1.82,-0.42,0.90,5.40,-64.65,40.0
2026/04/20 22:48:22.42,IMU,-235.84,-82.52,-1013.18,-1.42,-1.15,-1.08,-0.15,6.15,-62.85,40.0
2026/04/20 22:48:22.52,IMU,-224.12,-76.17,-999.51,-0.28,-0.63,-0.78,37.35,6.15,-63.30,39.9
2026/04/20 22:48:22.62,IMU,-219.73,-83.50,-1003.91,1.05,0.70,0.78,0.90,6.15,-62.85,40.1
2026/04/20 22:48:22.73,IMU,-253.42,-98.14,-1003.91,-0.46,0.99,0.44,0.15,4.65,-64.35,39.8
2026/04/20 22:48:22.83,IMU,-226.56,-80.57,-1007.32,2.33,-0.25,-0.76,-0.30,5.55,-64.95,39.7
2026/04/20 22:48:22.93,IMU,-235.84,-85.94,-1001.46,0.28,1.99,-0.98,-0.90,6.15,-62.55,39.7
2026/04/20 22:48:23.03,IMU,-228.03,-82.03,-1022.95,0.40,-0.89,-0.85,-0.15,5.85,-64.05,39.6
2026/04/20 22:48:23.14,IMU,-236.82,-76.66,-999.02,1.49,-0.45,0.87,0.60,7.20,-64.20,40.0
2026/04/20 22:48:23.24,IMU,-242.19,-82.03,-993.65,0.35,-0.85,1.79,1.95,6.60,-62.85,39.8
2026/04/20 22:48:23.34,IMU,-222.66,-67.87,-992.19,-0.86,2.24,-2.33,0.30,6.75,-63.15,39.6
2026/04/20 22:48:23.44,IMU,-233.89,-78.12,-1015.14,0.32,0.28,-0.05,0.60,4.80,-63.75,40.0
2026/04/20 22:48:23.54,IMU,-226.07,-81.05,-1005.37,-0.31,0.05,0.21,-0.90,6.60,-63.60,39.6
2026/04/20 22:48:23.64,IMU,-212.40,-74.71,-1009.77,-0.46,1.54,0.62,0.30,5.25,-63.45,39.9
2026/04/20 22:48:23.74,IMU,-233.40,-83.50,-1014.16,0.04,-1.50,-1.21,2.55,5.25,-65.55,39.7
2026/04/20 22:48:23.84,IMU,-228.52,-81.05,-1004.88,-0.74,-1.30,1.20,0.15,4.35,-63.30,39.6
2026/04/20 22:48:23.94,IMU,-232.91,-72.27,-1006.84,-1.31,0.45,0.61,0.00,7.50,-63.75,39.8
2026/04/20 22:48:24.04,IMU,-242.68,-72.27,-1002.93,-0.53,0.16,-0.96,1.35,5.55,-64.20,39.7
2026/04/20 22:48:24.14,IMU,-223.63,-82.03,-1012.21,-1.89,-1.80,-0.72,0.45,6.15,-63.60,39.9
2026/04/20 22:48:24.25,IMU,-231.45,-87.40,-987.30,-1.14,-1.99,1.53,-0.15,4.65,-64.05,39.7
2026/04/20 22:48:24.35,IMU,-235.35,-81.54,-1007.81,-1.00,0.72,0.69,1.35,5.55,-63.75,39.8
2026/04/20 22:48:24.45,IMU,-216.80,-83.50,-1011.23,0.48,0.52,-0.20,-0.15,3.90,-63.60,39.8
2026/04/20 22:48:24.55,IMU,-220.70,-75.68,-1000.98,0.58,-0.41,-0.32,-0.90,4.65,-64.35,39.9
2026/04/20 22:48:24.65,IMU,-239.26,-67.38,-1014.16,-0.40,0.70,1.51,0.15,7.35,-64.05,39.9
2026/04/20 22:48:24.75,IMU,-236.82,-85.94,-993.16,-1.23,-0.15,1.34,0.45,4.65,-61.05,39.6
2026/04/20 22:48:24.85,IMU,-233.89,-80.08,-1006.84,-0.73,-1.42,-1.67,-1.35,6.75,-62.70,39.8
2026/04/20 22:48:24.95,IMU,-234.86,-77.64,-989.26,0.59,0.14,-0.40,0.60,6.45,-63.45,39.8
2026/04/20 22:48:25.05,IMU,-226.56,-72.27,-993.16,0.48,-0.64,0.58,-0.45,7.35,-63.30,39.8
2026/04/20 22:48:25.15,IMU,-228.03,-76.66,-996.09,0.51,1.73,0.15,0.15,6.15,-61.80,39.8
2026/04/20 22:48:25.25,IMU,-229.00,-98.14,-1009.28,-0.02,-2.52,-0.68,1.35,6.00,-63.45,39.6
2026/04/20 22:48:25.36,IMU,-225.59,-62.01,-1009.77,-0.22,0.44,-1.79,0.00,5.55,-63.15,39.7
2026/04/20 22:48:25.46,IMU,-232.91,-80.57,-987.79,0.77,0.66,-1.02,0.90,6.90,-64.05,39.7
2026/04/20 22:48:25.56,IMU,-234.86,-89.36,-1003.91,1.46,-0.01,-1.43,0.90,6.90,-64.65,39.6
2026/04/20 22:48:25.66,IMU,-226.07,-80.57,-997.07,0.40,-0.42,0.25,0.30,6.45,-65.25,39.6
2026/04/20 22:48:25.76,IMU,-232.91,-77.15,-1002.44,0.63,-0.52,-3.08,0.45,5.40,-63.60,39.6
2026/04/20 22:48:25.86,IMU,-231.45,-91.80,-1003.42,-0.27,-2.05,0.05,0.15,4.65,-63.45,39.6
2026/04/20 22:48:25.96,IMU,-231.93,-75.68,-1009.77,0.29,1.14,0.82,0.30,5.55,-63.75,39.6
2026/04/20 22:48:26.06,IMU,-222.66,-74.22,-1001.95,0.90,-1.19,-0.63,-3.60,4.80,-59.10,39.6
2026/04/20 22:48:26.16,IMU,-219.24,-86.91,-993.16,-1.15,2.28,1.48,0.90,5.40,-63.30,39.8
2026/04/20 22:48:26.26,IMU,-224.12,-77.15,-997.07,-1.03,-1.35,-1.72,0.45,6.15,-63.60,39.6
2026/04/20 22:48:26.36,IMU,-233.40,-74.22,-1005.86,1.00,1.02,-0.41,0.45,5.10,-64.35,39.4
2026/04/20 22:48:26.47,IMU,-248.05,-82.03,-1002.44,-0.19,-2.07,2.67,0.45,4.35,-64.05,39.5
2026/04/20 22:48:26.57,IMU,-230.96,-85.45,-1007.32,-1.18,-0.60,-0.53,1.20,6.15,-62.55,39.4
2026/04/20 22:48:26.67,IMU,-233.40,-71.29,-1000.98,-0.98,-0.78,-2.44,0.15,7.65,-63.60,39.7
2026/04/20 22:48:26.77,IMU,-227.54,-66.89,-1003.42,0.03,-1.17,-0.15,-0.60,6.45,-63.75,39.6
2026/04/20 22:48:26.87,IMU,-229.00,-58.11,-996.58,-0.71,0.41,-1.64,0.90,4.65,-62.85,39.8
2026/04/20 22:48:26.97,IMU,-223.14,-86.91,-1001.95,1.33,-0.97,-0.08,0.60,5.55,-63.15,39.6
2026/04/20 22:48:27.08,IMU,-229.00,-75.68,-994.63,-0.85,-1.07,0.98,-1.80,3.00,-60.60,39.7
2026/04/20 22:48:27.18,IMU,-237.79,-84.96,-1001.46,-0.79,1.61,0.79,0.30,4.50,-63.15,39.7
2026/04/20 22:48:27.28,IMU,-217.77,-76.17,-1013.18,0.77,1.24,-0.79,1.05,6.00,-62.40,39.6
2026/04/20 22:48:27.38,IMU,-233.89,-81.54,-1001.46,0.71,0.52,-0.66,0.00,4.80,-63.75,39.6
2026/04/20 22:48:27.48,IMU,-233.40,-62.50,-992.19,2.34,-2.62,-0.04,2.55,6.45,-63.45,39.8
2026/04/20 22:48:27.59,IMU,-231.93,-93.26,-1001.95,2.21,0.75,-0.02,-0.45,4.65,-64.35,39.6
2026/04/20 22:48:27.69,IMU,-230.47,-69.34,-1007.81,0.78,-0.92,-0.75,0.60,5.25,-63.45,39.8
2026/04/20 22:48:27.79,IMU,-226.07,-51.27,-996.09,1.12,-1.24,0.07,0.15,6.60,-63.60,39.6
2026/04/20 22:48:27.89,IMU,-229.98,-71.29,-1008.79,-1.77,0.32,0.53,-0.60,6.75,-64.95,39.4
2026/04/20 22:48:27.99,IMU,-233.89,-81.54,-1003.42,1.29,-0.15,-0.34,-0.60,7.20,-61.95,39.8
2026/04/20 22:48:28.09,IMU,-223.63,-74.71,-1001.46,-1.49,-0.61,2.82,-2.55,4.05,-59.85,39.4
2026/04/20 22:48:28.19,IMU,-241.70,-79.59,-1013.18,0.37,0.67,0.56,1.20,7.35,-63.60,39.9
2026/04/20 22:48:28.29,IMU,-229.49,-80.57,-1003.42,-0.31,-0.15,0.73,0.45,5.85,-62.55,39.8
2026/04/20 22:48:28.39,IMU,-229.00,-66.41,-1006.84,2.21,0.47,1.53,1.95,5.85,-63.30,39.6
2026/04/20 22:48:28.49,IMU,-239.26,-76.66,-1008.79,-1.65,-1.39,0.60,-0.15,5.10,-64.35,39.7
2026/04/20 22:48:28.59,IMU,-226.56,-84.96,-1008.30,-0.38,0.37,-2.07,-0.30,6.75,-62.40,39.5
2026/04/20 22:48:28.70,IMU,-229.00,-72.75,-1004.39,0.42,-0.72,-0.82,0.30,5.25,-64.20,39.7
2026/04/20 22:48:28.80,IMU,-242.19,-69.82,-988.77,0.61,-0.72,-1.73,0.90,5.10,-62.25,39.6
2026/04/20 22:48:28.90,IMU,-225.10,-75.68,-1010.74,0.41,-1.15,3.15,2.10,4.80,-64.95,39.7
2026/04/20 22:48:29.00,IMU,-223.14,-81.05,-989.75,1.13,-1.08,0.79,-0.15,4.65,-63.60,39.6
2026/04/20 22:48:29.10,IMU,-283.69,-34.67,-1003.42,-1.31,-2.23,1.85,0.00,5.25,-62.70,39.7
2026/04/20 22:48:29.20,IMU,-218.26,-75.20,-991.21,-0.85,1.55,-1.31,0.00,5.25,-63.45,39.9
2026/04/20 22:48:29.30,IMU,-218.75,-63.96,-1008.30,4.66,-2.11,-1.34,-0.30,4.05,-65.25,40.0
2026/04/20 22:48:29.40,IMU,-218.75,-131.84,-1036.13,1.30,-4.58,0.18,1.05,5.55,-62.70,39.6
2026/04/20 22:48:29.50,IMU,-219.24,-67.87,-1003.42,2.01,1.50,1.65,0.45,6.60,-65.10,39.7
2026/04/20 22:48:29.60,IMU,-224.12,-55.18,-1003.91,0.47,-0.01,-0.96,0.90,5.40,-62.85,39.8
2026/04/20 22:48:29.70,IMU,-230.47,-67.38,-1009.28,1.43,0.48,-0.08,0.00,5.25,-63.15,39.9
2026/04/20 22:48:29.81,IMU,-229.00,-89.36,-1005.37,1.08,-2.02,-0.09,-0.15,4.35,-64.05,39.8
2026/04/20 22:48:29.91,IMU,-232.42,-76.66,-997.56,1.18,-1.19,-0.33,0.15,5.10,-65.85,40.0
2026/04/20 22:48:30.01,IMU,-240.23,-80.08,-1001.46,1.44,1.18,0.66,1.35,4.80,-64.20,39.7
2026/04/20 22:48:30.11,IMU,-239.75,-136.72,-983.89,-1.89,1.25,0.24,-0.15,5.40,-64.05,39.8
2026/04/20 22:48:30.21,IMU,-357.42,29.79,-911.62,3.13,-10.74,0.64,1.65,6.60,-64.05,40.1
2026/04/20 22:48:30.31,IMU,-275.88,-67.87,-968.75,-4.38,10.35,1.16,1.35,6.00,-63.45,40.0
2026/04/20 22:48:30.41,IMU,-191.89,-78.12,-986.33,-2.36,1.79,-1.75,0.60,8.25,-64.50,39.8
2026/04/20 22:48:30.51,IMU,-235.84,-72.75,-999.02,1.31,-0.95,1.35,1.80,6.75,-63.15,39.8
2026/04/20 22:48:30.61,IMU,-225.10,-59.57,-1010.25,-1.67,0.64,-0.37,0.00,6.00,-61.95,39.6
2026/04/20 22:48:30.71,IMU,-237.30,-64.45,-1005.37,0.80,-1.69,2.07,-0.15,6.60,-64.65,39.9
2026/04/20 22:48:30.81,IMU,-236.33,-96.68,-1002.44,-0.11,1.53,0.02,1.65,6.60,-64.65,39.9
2026/04/20 22:48:30.92,IMU,-235.84,-61.52,-998.54,0.70,-0.84,0.44,0.00,6.00,-63.15,39.8
2026/04/20 22:48:31.02,IMU,-246.58,-78.12,-987.30,-0.04,-1.28,-0.08,0.30,4.50,-63.15,39.7
2026/04/20 22:48:31.12,IMU,-247.56,-78.61,-1009.28,-0.71,0.69,-0.08,-0.15,6.15,-64.05,39.9
2026/04/20 22:48:31.22,IMU,-218.75,-67.38,-1002.93,-2.73,-0.69,-0.29,0.30,6.00,-63.75,39.9
2026/04/20 22:48:31.32,IMU,-223.63,-58.11,-1017.58,0.13,-0.34,-0.18,1.20,5.85,-62.85,39.7
2026/04/20 22:48:31.42,IMU,-229.98,-66.89,-1018.55,-0.40,0.85,2.21,1.05,4.80,-63.15,40.0
2026/04/20 22:48:31.52,IMU,-225.10,-81.54,-1001.46,0.98,-1.28,-1.35,0.15,5.85,-62.85,39.7
2026/04/20 22:48:31.62,IMU,-252.93,-77.64,-997.56,-1.35,-0.43,1.45,-0.45,6.15,-62.25,39.8
2026/04/20 22:48:31.72,IMU,-256.35,-79.10,-995.12,0.25,0.50,1.82,0.45,6.15,-62.55,39.7
2026/04/20 22:48:31.82,IMU,-246.58,-87.89,-988.77,0.90,-0.29,0.16,1.65,5.85,-63.30,39.9
2026/04/20 22:48:31.92,IMU,-221.19,-59.08,-1026.86,-1.31,3.66,0.10,0.30,6.00,-62.70,40.0
2026/04/20 22:48:32.03,IMU,-214.84,-85.94,-999.51,0.93,-1.40,0.42,0.90,4.35,-64.05,39.9
2026/04/20 22:48:32.13,IMU,-249.51,-56.64,-992.68,1.08,0.24,2.63,0.60,5.55,-63.75,40.0
2026/04/20 22:48:32.23,IMU,-234.38,-71.78,-1001.46,-2.04,2.66,-1.02,-1.65,5.40,-60.45,39.7
2026/04/20 22:48:32.33,IMU,-232.91,-90.82,-1012.21,-0.18,2.07,-0.21,1.05,4.50,-61.95,39.8
2026/04/20 22:48:32.43,IMU,-241.70,-48.83,-992.68,0.56,2.85,-1.11,-0.45,5.85,-62.55,39.6
2026/04/20 22:48:32.53,IMU,-218.26,-81.54,-1009.77,0.59,1.46,1.24,1.05,5.55,-63.75,39.7
2026/04/20 22:48:32.63,IMU,-220.21,-101.56,-1016.60,-3.32,2.18,0.82,1.05,5.55,-64.50,40.0
2026/04/20 22:48:32.73,IMU,-189.45,-58.11,-1019.04,-0.33,-3.43,1.05,-0.45,6.90,-63.60,40.0
2026/04/20 22:48:32.83,IMU,-215.33,-76.66,-1010.74,-0.09,-2.48,1.93,0.00,7.50,-61.65,39.7
2026/04/20 22:48:32.95,IMU,-249.02,-95.21,-989.75,0.07,-1.76,0.33,0.15,5.85,-62.85,39.8
2026/04/20 22:48:33.05,IMU,-246.09,-97.66,-997.56,-1.37,-1.01,-0.76,-0.45,6.60,-64.05,39.9
2026/04/20 22:48:33.15,IMU,-254.88,-122.07,-1003.91,-1.32,2.93,-1.34,1.05,5.25,-63.45,40.1
2026/04/20 22:48:33.25,IMU,-232.42,-80.57,-1008.30,-2.66,1.79,-1.32,-1.35,5.55,-59.85,39.8
2026/04/20 22:48:33.35,IMU,-252.93,-73.24,-1007.32,-0.89,2.91,-3.35,1.05,4.80,-63.75,40.0
2026/04/20 22:48:33.45,IMU,-249.02,-139.16,-990.72,-0.54,1.37,1.31,-0.45,5.40,-65.40,39.8
2026/04/20 22:48:33.55,IMU,-230.96,-103.52,-998.54,-2.13,2.83,-1.27,1.05,5.55,-64.20,40.0
2026/04/20 22:48:33.65,IMU,-361.33,-2.44,-928.71,1.31,2.14,-0.21,-0.30,2.55,-62.70,39.8
2026/04/20 22:48:33.75,IMU,-322.27,-73.24,-958.98,-5.66,8.69,-1.40,-0.60,6.75,-62.70,39.9
2026/04/20 22:48:33.85,IMU,-284.67,-61.52,-961.91,-1.12,-0.08,-2.43,-0.90,5.40,-62.25,40.0
2026/04/20 22:48:33.96,IMU,-269.04,-91.80,-978.52,-2.73,1.85,0.88,0.30,6.00,-62.70,39.7
2026/04/20 22:48:34.06,IMU,-216.80,-96.19,-996.58,-0.34,1.96,2.47,0.00,6.00,-62.70,39.8
2026/04/20 22:48:34.16,IMU,-225.10,-72.75,-994.14,-0.50,-0.97,1.70,0.00,5.55,-64.50,40.0
2026/04/20 22:48:34.26,IMU,-232.91,-76.17,-998.54,1.33,-0.11,2.05,-2.10,3.30,-57.30,39.6
2026/04/20 22:48:34.36,IMU,-217.77,-78.61,-1003.42,-0.47,0.70,1.02,0.45,6.60,-62.85,39.9
2026/04/20 22:48:34.46,IMU,-224.61,-74.22,-1000.49,0.85,1.47,1.36,-1.35,6.00,-63.45,39.9
2026/04/20 22:48:34.56,IMU,-257.32,-74.22,-1000.49,0.26,2.79,-0.56,1.05,6.00,-63.45,39.7
2026/04/20 22:48:34.66,IMU,-221.19,-79.10,-1006.84,-1.20,1.60,-2.32,1.35,6.45,-64.20,40.0
2026/04/20 22:48:34.76,IMU,-235.35,-59.57,-1015.63,-0.78,1.62,-0.22,-0.90,6.90,-63.30,39.7
2026/04/20 22:48:34.86,IMU,-206.54,-67.87,-1014.65,1.13,1.89,1.49,0.60,5.55,-61.95,39.6
2026/04/20 22:48:34.96,IMU,-233.89,-73.73,-1013.67,1.61,-0.48,1.33,0.15,5.40,-62.85,39.8
2026/04/20 22:48:35.07,IMU,-234.38,-69.82,-992.68,1.53,0.42,0.50,-0.60,6.75,-63.45,39.4
2026/04/20 22:48:35.17,IMU,-222.17,-51.76,-1004.88,1.37,1.82,-1.82,-0.30,5.55,-64.20,39.8
2026/04/20 22:48:35.27,IMU,-213.87,-132.81,-1020.02,0.24,-4.02,-3.17,0.15,6.90,-63.30,39.6
2026/04/20 22:48:35.37,IMU,-281.25,-50.29,-995.12,2.23,0.02,2.59,1.05,4.50,-63.15,39.9
2026/04/20 22:48:35.47,IMU,-225.10,-103.03,-1000.49,-1.02,2.44,-0.52,0.60,6.00,-64.95,39.7
2026/04/20 22:48:35.57,IMU,-236.33,-64.45,-1009.77,-1.11,3.08,-2.40,1.20,5.40,-62.55,39.9
2026/04/20 22:48:35.67,IMU,-210.45,-88.87,-1001.95,0.37,0.97,-1.56,0.30,4.80,-63.15,40.0
2026/04/20 22:48:35.77,IMU,-224.61,-83.98,-1017.09,-0.90,2.05,-2.68,-0.15,6.15,-64.05,39.8
2026/04/20 22:48:35.87,IMU,-217.77,-77.15,-1003.91,0.17,-0.32,-0.13,1.35,6.75,-61.95,39.8
2026/04/20 22:48:35.97,IMU,-251.95,-70.31,-1006.84,1.67,-2.29,-1.39,0.60,5.55,-62.40,39.8
2026/04/20 22:48:36.07,IMU,-230.47,-94.24,-998.05,-0.54,1.00,-0.30,-0.15,8.10,-64.65,39.8
2026/04/20 22:48:36.18,IMU,-251.95,-58.59,-1002.93,0.61,-1.08,-0.50,0.15,6.90,-64.05,40.2
2026/04/20 22:48:36.28,IMU,-235.84,-69.82,-987.30,-2.44,1.18,-1.37,0.30,5.25,-62.40,40.0
2026/04/20 22:48:36.38,IMU,-226.07,-93.26,-1003.91,0.97,0.75,-1.47,0.30,5.55,-61.95,39.7
2026/04/20 22:48:36.48,IMU,-225.10,-73.24,-1006.35,0.91,-0.47,0.20,-0.30,6.75,-63.15,40.0
2026/04/20 22:48:36.58,IMU,-133.30,-33.69,-1077.15,-6.85,7.52,-4.55,1.05,6.75,-63.45,40.0
2026/04/20 22:48:36.68,IMU,-206.54,-39.55,-1024.41,1.52,-3.71,-3.30,-0.45,6.60,-64.05,39.7
2026/04/20 22:48:36.78,IMU,-216.31,-73.24,-1039.06,1.04,-1.05,3.33,0.00,5.25,-61.95,40.0
2026/04/20 22:48:36.88,IMU,-201.17,-80.57,-1008.30,-0.28,-1.31,1.40,1.20,5.10,-61.80,40.0
2026/04/20 22:48:36.98,IMU,-233.40,-39.06,-999.02,4.01,-0.40,0.62,0.15,6.90,-62.85,40.0
2026/04/20 22:48:37.08,IMU,-232.91,-92.77,-1002.93,-0.57,0.45,-1.91,0.90,4.65,-62.85,39.9
2026/04/20 22:48:37.18,IMU,-241.21,-64.94,-1005.86,0.60,0.15,0.47,1.65,6.90,-61.50,40.1
2026/04/20 22:48:37.29,IMU,-237.30,-72.75,-982.91,0.60,1.85,-1.99,-1.35,6.75,-63.45,40.3
2026/04/20 22:48:37.39,IMU,-239.75,-71.78,-1022.46,0.21,-0.13,-1.16,1.35,6.75,-63.75,40.0
2026/04/20 22:48:37.49,IMU,-232.91,-85.94,-1000.98,0.19,-2.61,0.73,1.35,7.50,-63.45,39.8
2026/04/20 22:48:37.59,IMU,-240.72,-79.10,-1003.42,0.08,0.26,1.15,0.45,6.90,-62.55,40.2
2026/04/20 22:48:37.69,IMU,-230.96,-73.24,-993.65,0.03,0.11,-0.03,0.00,6.45,-62.40,39.9
2026/04/20 22:48:37.79,IMU,-250.98,-109.37,-1009.77,-1.41,1.87,-2.76,-0.45,5.85,-62.55,39.9
2026/04/20 22:48:37.89,IMU,-237.30,-55.66,-997.56,-1.50,4.34,-2.01,-0.15,6.15,-62.55,39.8
2026/04/20 22:48:37.99,IMU,-231.93,-83.50,-1007.81,1.26,-1.86,-1.26,1.35,4.80,-64.20,40.1
2026/04/20 22:48:38.09,IMU,-228.52,-86.91,-1007.81,1.27,-0.46,-0.82,0.60,7.50,-63.15,40.1
2026/04/20 22:48:38.19,IMU,-224.12,-64.94,-1006.35,-0.53,2.13,-1.31,-0.45,5.85,-63.30,40.0
2026/04/20 22:48:38.29,IMU,-221.68,-62.99,-1015.63,-1.02,-0.60,1.58,1.80,5.25,-63.75,40.0
2026/04/20 22:48:38.40,IMU,-247.07,-80.57,-1004.88,1.02,-1.14,-0.73,-0.30,5.55,-63.75,40.1
2026/04/20 22:48:38.50,IMU,-222.17,-81.05,-1005.37,2.56,0.66,0.37,2.10,4.50,-63.75,40.1
2026/04/20 22:48:38.60,IMU,-236.33,-80.08,-1000.49,-0.63,0.58,0.76,-0.15,6.15,-63.60,40.0
2026/04/20 22:48:38.70,IMU,-220.70,-83.01,-1005.37,1.58,-0.56,-3.05,1.05,7.50,-63.15,40.1
2026/04/20 22:48:38.80,IMU,-220.21,-68.85,-1009.77,1.27,0.53,1.58,1.05,5.55,-63.45,40.0
2026/04/20 22:48:38.90,IMU,-225.59,-83.01,-1002.93,1.58,-0.63,1.99,0.15,6.15,-62.25,40.0
2026/04/20 22:48:39.00,IMU,-229.98,-105.96,-1006.84,-0.16,-0.06,-0.46,-0.15,6.60,-63.60,40.1
2026/04/20 22:48:39.10,IMU,-225.10,-78.12,-1019.53,-0.57,0.90,0.08,0.30,6.00,-64.50,40.2
2026/04/20 22:48:39.20,IMU,-233.40,-71.78,-1011.72,-0.50,0.92,0.86,-0.15,7.35,-62.85,39.9
2026/04/20 22:48:39.30,IMU,-236.82,-78.12,-1013.67,-0.23,2.21,0.65,1.80,5.55,-63.45,40.3
2026/04/20 22:48:39.40,IMU,-243.65,-73.73,-1009.77,0.75,1.83,-2.04,-0.60,6.45,-62.40,40.1
2026/04/20 22:48:39.51,IMU,-235.84,-91.80,-1009.77,0.47,-1.24,0.98,0.30,6.45,-61.65,40.2
2026/04/20 22:48:39.61,IMU,-232.91,-93.26,-1007.81,-2.53,-0.49,-1.30,0.00,6.75,-61.35,40.1
2026/04/20 22:48:39.71,IMU,-225.10,-62.99,-1008.30,-2.95,1.67,-0.21,0.60,6.45,-63.45,40.2
2026/04/20 22:48:39.81,IMU,-236.33,-76.17,-990.23,-2.36,0.33,-1.26,1.80,5.55,-62.40,40.2
2026/04/20 22:48:39.91,IMU,-204.10,-40.04,-1021.97,0.24,2.29,1.89,1.20,5.10,-63.30,40.4
2026/04/20 22:48:40.01,IMU,-212.40,-112.30,-1031.25,-4.88,4.72,-6.32,-0.30,6.00,-62.70,40.2
2026/04/20 22:48:40.11,IMU,-188.96,-58.11,-1006.35,0.87,-0.64,2.43,0.30,6.00,-62.70,40.3
2026/04/20 22:48:40.21,IMU,-231.45,-68.85,-1014.65,-0.69,-0.73,1.05,1.05,4.05,-61.35,40.1
2026/04/20 22:48:40.31,IMU,-223.14,-77.64,-1000.98,1.18,-0.29,0.32,1.20,6.90,-62.55,40.0
2026/04/20 22:48:40.41,IMU,-237.79,-86.91,-1001.95,2.17,-2.64,1.45,-2.55,4.05,-60.90,40.3
2026/04/20 22:48:40.51,IMU,-230.47,-75.20,-997.07,0.82,0.70,-1.63,-0.30,6.45,-64.20,40.4
2026/04/20 22:48:40.61,IMU,-240.72,-76.17,-1014.16,-0.57,2.05,0.75,0.15,6.60,-62.85,40.6
2026/04/20 22:48:40.72,IMU,-228.03,-82.03,-1005.86,-0.30,1.02,-0.95,0.45,6.15,-62.85,40.3
2026/04/20 22:48:40.82,IMU,-227.05,-83.01,-1004.39,-1.07,0.34,-2.74,1.80,6.00,-63.75,40.2
2026/04/20 22:48:40.93,IMU,-228.03,-84.96,-1014.65,-0.73,0.96,0.33,0.45,5.10,-64.05,40.1
2026/04/20 22:48:41.03,IMU,-226.07,-78.12,-997.56,0.18,-0.54,0.79,-0.15,6.15,-62.85,40.3
2026/04/20 22:48:41.13,IMU,-238.77,-74.22,-1017.09,0.52,0.89,-0.06,0.90,5.10,-64.35,40.3
2026/04/20 22:48:41.23,IMU,-210.94,-71.29,-995.61,-1.22,-0.23,0.92,-0.60,4.05,-63.45,40.4
2026/04/20 22:48:41.33,IMU,-227.54,-85.94,-1004.39,-1.08,1.15,-1.19,0.30,6.45,-63.15,40.3
2026/04/20 22:48:41.43,IMU,-246.58,-75.20,-1003.42,-1.53,1.76,-1.08,-2.70,3.90,-57.45,40.5
2026/04/20 22:48:41.53,IMU,-240.23,-79.59,-999.02,-0.15,1.03,1.37,0.30,7.20,-62.40,40.3
2026/04/20 22:48:41.64,IMU,-245.12,-81.05,-1001.46,-0.84,-1.25,-2.85,0.30,5.25,-63.15,40.7
2026/04/20 22:48:41.74,IMU,-242.19,-82.52,-982.42,1.01,0.96,1.01,0.00,3.30,-63.75,40.7
2026/04/20 22:48:41.84,IMU,-242.68,-73.73,-989.26,-0.47,0.77,0.78,0.00,5.55,-64.20,40.4
2026/04/20 22:48:41.94,IMU,-244.14,-71.78,-999.51,-0.08,-0.15,-0.89,-1.35,5.25,-63.45,40.7
2026/04/20 22:48:42.04,IMU,-232.42,-67.38,-990.23,-0.40,-0.50,-2.01,0.00,6.00,-63.15,40.3
2026/04/20 22:48:42.14,IMU,-229.00,-78.12,-999.02,0.50,-0.72,-0.03,0.90,5.10,-64.05,40.5
2026/04/20 22:48:42.24,IMU,-236.33,-73.73,-1009.28,-0.24,1.95,0.56,-0.60,4.50,-63.15,40.7
2026/04/20 22:48:42.34,IMU,-235.35,-89.84,-1000.00,-0.16,0.14,1.79,0.00,6.00,-62.55,40.4
2026/04/20 22:48:42.46,IMU,-232.42,-80.57,-998.54,-0.55,0.15,-0.10,1.20,5.40,-62.25,40.5
2026/04/20 22:48:42.56,IMU,-221.19,-75.20,-1011.72,0.40,2.15,-1.63,0.00,7.20,-62.40,40.7
2026/04/20 22:48:42.66,IMU,-222.66,-82.03,-999.51,-1.04,-1.52,0.11,-0.45,5.85,-63.60,40.5
2026/04/20 22:48:42.76,IMU,-233.89,-78.61,-1005.37,-1.28,-1.05,-0.75,-0.15,5.85,-62.85,40.7
2026/04/20 22:48:42.86,IMU,-225.59,-76.17,-993.16,-0.21,0.05,-1.38,0.00,6.45,-63.15,40.7
2026/04/20 22:48:42.96,IMU,-234.86,-67.38,-1009.28,-0.34,-0.59,-2.69,0.30,4.80,-63.75,40.7
2026/04/20 22:48:43.06,IMU,-227.54,-90.33,-998.54,0.47,1.39,2.55,-0.15,5.85,-64.05,40.7
2026/04/20 22:48:43.16,IMU,-224.12,-72.75,-996.58,0.27,0.33,0.92,-0.45,5.10,-62.55,40.7
2026/04/20 22:48:43.26,IMU,-231.45,-79.59,-987.79,0.66,-0.76,-2.00,-0.15,5.10,-63.60,40.7
2026/04/20 22:48:43.36,IMU,-234.86,-76.17,-1008.30,0.84,1.79,-1.37,0.15,5.85,-62.55,40.6
2026/04/20 22:48:43.46,IMU,-231.93,-77.64,-996.58,-0.13,-0.74,-1.11,1.05,4.80,-64.95,40.7
2026/04/20 22:48:43.57,IMU,-224.61,-78.12,-997.07,0.69,-1.02,-0.56,0.60,5.55,-64.20,40.8
2026/04/20 22:48:43.67,IMU,-237.79,-88.38,-1006.35,0.00,2.27,0.05,1.80,6.00,-61.95,40.7
2026/04/20 22:48:43.77,IMU,-229.49,-78.61,-1000.49,-2.82,0.22,1.93,1.20,5.85,-62.55,40.8
2026/04/20 22:48:43.87,IMU,-218.75,-70.31,-991.70,2.63,0.00,1.89,0.60,6.00,-63.45,40.9
2026/04/20 22:48:43.97,IMU,-228.52,-70.31,-993.65,0.60,-0.06,1.15,0.90,5.10,-63.30,41.1
2026/04/20 22:48:44.07,IMU,-216.31,-78.12,-1011.23,-0.07,0.32,-0.13,-0.90,5.10,-64.05,40.7
2026/04/20 22:48:44.17,IMU,-251.46,-79.10,-995.12,-1.02,0.85,-0.18,-0.90,4.65,-63.30,40.8
2026/04/20 22:48:44.27,IMU,-229.49,-81.05,-1013.67,1.33,2.01,-0.65,0.45,6.60,-62.55,40.5
2026/04/20 22:48:44.37,IMU,-233.89,-87.89,-995.12,-1.08,-0.35,-0.34,0.00,6.45,-63.15,40.9
2026/04/20 22:48:44.47,IMU,-219.24,-73.24,-1013.18,-3.30,-1.16,-0.29,-1.65,5.40,-63.30,40.7
2026/04/20 22:48:44.57,IMU,-222.17,-81.54,-1015.63,2.47,-0.78,0.20,0.15,5.85,-63.60,40.7
2026/04/20 22:48:44.67,IMU,-245.12,-78.12,-990.72,0.70,1.76,-1.17,0.45,6.15,-62.55,40.9
2026/04/20 22:48:44.78,IMU,-227.54,-82.03,-1010.74,0.40,-0.78,0.55,0.45,6.60,-61.80,40.9
2026/04/20 22:48:44.88,IMU,-234.38,-76.17,-1000.98,-0.18,1.90,-1.23,-0.30,6.75,-63.15,41.0
2026/04/20 22:48:44.98,IMU,-227.05,-85.45,-1000.49,0.33,-0.46,-2.64,1.20,5.40,-62.55,40.8
2026/04/20 22:48:45.08,IMU,-237.30,-81.54,-1004.39,2.61,-0.07,-0.27,0.45,5.40,-60.00,41.0
2026/04/20 22:48:45.18,IMU,-234.38,-73.24,-1003.91,-0.20,0.15,-0.94,-0.45,5.85,-64.05,40.9
2026/04/20 22:48:45.28,IMU,-223.63,-78.12,-1004.39,-1.33,1.72,1.54,-0.30,5.55,-62.70,40.7
2026/04/20 22:48:45.38,IMU,-231.93,-79.59,-999.02,1.87,0.73,1.20,-1.05,6.75,-63.75,40.5
2026/04/20 22:48:45.48,IMU,-242.68,-85.94,-1014.65,0.19,1.73,-0.13,0.45,6.90,-63.60,41.0
2026/04/20 22:48:45.58,IMU,-227.05,-66.89,-1011.23,-0.97,0.03,0.64,0.30,6.00,-61.95,41.0
2026/04/20 22:48:45.68,IMU,-233.89,-74.22,-1006.84,-1.13,-0.19,-2.60,1.95,7.65,-64.65,40.7
2026/04/20 22:48:45.78,IMU,-230.96,-78.61,-1008.79,-0.59,-2.60,-1.59,1.95,3.90,-62.25,40.5
2026/04/20 22:48:45.89,IMU,-237.30,-87.40,-997.07,-0.37,1.85,2.59,-0.15,6.15,-62.55,40.9
2026/04/20 22:48:45.99,IMU,-230.96,-78.12,-1002.93,-0.95,-1.67,-1.42,-1.05,6.00,-63.45,40.5
2026/04/20 22:48:46.09,IMU,-233.89,-85.45,-1000.98,-1.24,2.37,-0.34,0.15,6.60,-63.60,41.0
2026/04/20 22:48:46.19,IMU,-217.29,-78.61,-1004.88,-0.21,-0.94,-0.44,0.90,5.40,-63.30,40.8
2026/04/20 22:48:46.29,IMU,-230.96,-78.12,-1006.35,0.29,0.52,3.27,0.60,6.45,-63.45,40.7
2026/04/20 22:48:46.39,IMU,-240.23,-75.20,-1001.46,0.98,-0.63,-0.37,-0.45,5.40,-64.05,41.0
2026/04/20 22:48:46.49,IMU,-227.54,-64.94,-1005.37,-1.12,1.04,0.76,1.05,6.45,-64.20,41.1
2026/04/20 22:48:46.59,IMU,-235.35,-58.59,-1010.74,-0.56,1.02,-0.79,-0.60,6.45,-63.15,40.8
2026/04/20 22:48:46.69,IMU,-224.12,-89.84,-1003.91,0.87,1.91,-1.94,0.60,7.20,-62.40,41.0
2026/04/20 22:48:46.79,IMU,-242.68,-82.52,-1015.14,-0.33,-1.41,0.38,-1.05,6.45,-62.70,41.1
2026/04/20 22:48:46.90,IMU,-229.98,-67.87,-988.28,-2.27,0.53,0.98,-1.35,5.55,-62.40,41.0
2026/04/20 22:48:47.00,IMU,-237.30,-69.34,-998.54,0.44,1.44,-2.24,2.10,6.00,-61.35,41.1
2026/04/20 22:48:47.10,IMU,-211.43,-84.96,-991.21,0.14,-1.87,-0.35,0.30,6.75,-62.40,40.9
2026/04/20 22:48:47.20,IMU,-225.10,-100.59,-1000.49,-0.09,-0.53,-1.80,-0.15,5.10,-62.25,41.0
2026/04/20 22:48:47.30,IMU,-219.73,-74.22,-998.54,-0.63,-2.24,-0.74,0.00,6.00,-62.40,41.2
2026/04/20 22:48:47.40,IMU,-250.49,-76.66,-998.05,1.48,1.11,-1.64,0.15,6.90,-62.55,41.1
2026/04/20 22:48:47.50,IMU,-227.05,-80.57,-1003.42,1.12,0.05,-0.77,0.30,6.75,-63.45,41.0
2026/04/20 22:48:47.60,IMU,-239.26,-72.75,-1008.30,-0.82,-0.26,1.33,-0.30,4.05,-60.15,41.2
2026/04/20 22:48:47.70,IMU,-229.00,-83.01,-1005.86,0.08,0.84,-0.45,1.20,6.15,-61.50,41.0
2026/04/20 22:48:47.80,IMU,-233.89,-72.75,-994.14,-0.68,0.24,-0.42,0.30,7.20,-61.95,41.1
2026/04/20 22:48:47.90,IMU,-224.12,-83.98,-998.05,0.40,-0.27,0.89,0.00,6.00,-63.15,41.1
2026/04/20 22:48:48.01,IMU,-235.35,-60.06,-987.79,1.36,0.55,-0.24,1.05,5.55,-62.70,41.1
2026/04/20 22:48:48.12,IMU,-215.33,-80.57,-1000.98,-0.32,3.07,-0.95,1.05,7.20,-63.15,41.2
2026/04/20 22:48:48.22,IMU,-235.35,-76.66,-1000.49,-2.05,-0.85,-1.66,0.15,5.85,-62.55,41.0
2026/04/20 22:48:48.32,IMU,-223.14,-83.98,-1015.63,-1.34,1.22,0.69,-1.35,6.00,-62.40,41.1
2026/04/20 22:48:48.42,IMU,-245.61,-72.75,-1005.37,-0.55,-0.23,1.27,0.15,4.65,-62.55,41.1
2026/04/20 22:48:48.52,IMU,-234.38,-86.91,-1011.72,-0.23,1.40,3.24,0.60,5.55,-63.45,41.0
2026/04/20 22:48:48.62,IMU,-236.33,-90.82,-994.14,0.56,0.87,0.28,-3.00,4.35,-60.75,41.2
2026/04/20 22:48:48.72,IMU,-241.21,-79.59,-997.07,1.07,-1.24,0.74,0.15,5.40,-64.05,41.1
2026/04/20 22:48:48.82,IMU,-235.35,-81.05,-1000.98,1.65,-2.05,-1.55,1.05,4.80,-62.70,41.3
2026/04/20 22:48:48.92,IMU,-238.77,-79.59,-1005.86,-0.45,1.61,0.09,-2.85,6.00,-61.35,41.2
2026/04/20 22:48:49.03,IMU,-232.42,-73.73,-1009.28,-0.15,0.49,-3.22,-1.05,4.80,-61.65,40.9
2026/04/20 22:48:49.13,IMU,-225.10,-79.10,-995.12,0.89,-0.58,-2.43,-1.05,5.25,-61.95,41.0
2026/04/20 22:48:49.23,IMU,-237.79,-63.48,-1007.81,0.86,1.21,0.92,-1.65,5.85,-62.85,41.0
2026/04/20 22:48:49.33,IMU,-239.26,-72.75,-1006.35,-2.18,1.10,-0.90,-0.45,5.40,-63.60,41.2
2026/04/20 22:48:49.43,IMU,-231.93,-74.22,-999.02,-2.44,0.63,1.31,-1.05,6.00,-62.70,41.0
2026/04/20 22:48:49.53,IMU,-222.66,-81.54,-1003.91,-1.60,-0.83,-0.08,0.90,6.60,-62.55,41.1
2026/04/20 22:48:49.63,IMU,-234.86,-61.52,-1006.35,-0.71,-1.79,1.66,1.05,4.80,-61.95,41.2
2026/04/20 22:48:49.73,IMU,-221.19,-79.10,-1000.49,-0.46,0.16,0.30,0.90,5.10,-62.55,41.1
2026/04/20 22:48:49.84,IMU,-245.61,-92.29,-1000.00,0.45,0.16,-1.46,1.35,5.55,-63.15,41.4
2026/04/20 22:48:49.94,IMU,-238.28,-72.27,-998.05,0.95,2.52,-0.04,-0.30,6.75,-62.70,41.2
2026/04/20 22:48:50.04,IMU,-218.26,-72.75,-1006.84,0.04,-0.68,-3.53,-0.30,8.70,-62.70,41.3
2026/04/20 22:48:50.14,IMU,-225.10,-77.15,-1006.35,-0.71,-1.20,1.10,0.30,6.45,-62.70,41.1
2026/04/20 22:48:50.24,IMU,-232.91,-86.43,-1015.63,0.25,-1.97,1.69,-0.30,4.80,-63.75,41.4
2026/04/20 22:48:50.34,IMU,-232.91,-86.91,-1001.95,0.44,1.59,-0.06,1.20,5.85,-64.05,41.2
2026/04/20 22:48:50.44,IMU,-225.59,-79.59,-1003.42,-1.58,0.41,-1.04,1.35,6.45,-63.15,41.3
2026/04/20 22:48:50.54,IMU,-227.05,-76.66,-987.79,0.37,0.89,-0.70,0.90,4.35,-63.30,41.0
2026/04/20 22:48:50.64,IMU,-234.86,-72.75,-1004.88,0.55,-0.62,2.18,2.25,5.40,-64.05,41.4
2026/04/20 22:48:50.74,IMU,-223.14,-70.31,-989.26,-0.39,0.26,1.47,-0.30,6.00,-63.15,41.4
2026/04/20 22:48:50.84,IMU,-233.89,-73.24,-986.33,0.37,0.71,-1.27,0.60,5.55,-62.70,41.5
2026/04/20 22:48:50.96,IMU,-245.12,-88.87,-1001.46,0.14,-3.69,3.40,0.45,5.10,-62.55,41.3
2026/04/20 22:48:51.06,IMU,-225.59,-75.68,-1000.00,-1.69,1.19,-0.35,1.05,6.75,-61.65,41.3
2026/04/20 22:48:51.16,IMU,-229.49,-79.10,-1018.07,0.69,-0.02,-0.66,0.45,5.85,-62.55,41.3
2026/04/20 22:48:51.26,IMU,-225.59,-85.94,-992.68,-0.82,-2.05,-0.21,2.55,6.00,-61.35,41.3
2026/04/20 22:48:51.36,IMU,-235.84,-82.03,-1001.95,0.80,-2.44,-1.30,0.00,5.55,-62.70,41.3
2026/04/20 22:48:51.46,IMU,-233.89,-77.64,-999.51,-0.96,0.37,-0.26,1.20,5.10,-64.65,41.3
2026/04/20 22:48:51.56,IMU,-219.73,-81.54,-998.05,-1.37,-0.69,-0.13,0.45,5.40,-63.30,41.5
2026/04/20 22:48:51.66,IMU,-238.28,-82.03,-994.63,-0.60,-0.72,-2.33,-1.35,3.75,-64.50,41.4
2026/04/20 22:48:51.76,IMU,-220.21,-81.05,-1008.30,0.74,0.34,-0.61,0.60,4.80,-63.45,41.6
2026/04/20 22:48:51.86,IMU,-224.61,-80.08,-1003.42,1.35,-0.44,-2.25,1.95,6.15,-62.25,41.6
2026/04/20 22:48:51.96,IMU,-232.42,-77.64,-998.54,-2.56,-0.85,2.75,-0.60,6.45,-63.60,41.4
2026/04/20 22:48:52.07,IMU,-218.26,-65.43,-1002.44,0.35,0.18,-1.40,-0.30,5.25,-62.70,41.7
2026/04/20 22:48:52.17,IMU,-246.09,-65.43,-1005.37,0.05,-0.44,3.13,-0.45,6.90,-62.85,41.4
2026/04/20 22:48:52.27,IMU,-233.89,-61.04,-1001.46,-1.21,1.55,2.39,1.80,5.55,-62.40,41.5
2026/04/20 22:48:52.37,IMU,-219.73,-73.24,-1000.98,-0.78,0.30,1.00,0.45,5.40,-62.25,41.4
2026/04/20 22:48:52.47,IMU,-228.52,-83.98,-1013.18,-1.57,-1.63,-0.83,-0.15,6.90,-62.85,41.6
2026/04/20 22:48:52.57,IMU,-222.17,-74.22,-1006.35,-0.17,-1.17,1.37,-0.15,5.10,-62.85,41.4
2026/04/20 22:48:52.67,IMU,-221.68,-77.15,-1006.84,0.44,-0.73,-0.24,0.60,6.75,-61.65,41.4
2026/04/20 22:48:52.77,IMU,-221.19,-80.57,-1010.74,1.51,-0.11,0.18,2.10,5.25,-62.40,41.7
2026/04/20 22:48:52.87,IMU,-229.49,-65.92,-1000.49,0.51,1.63,-0.80,-0.45,4.65,-63.30,41.4
2026/04/20 22:48:52.97,IMU,-238.28,-74.22,-1003.42,-0.15,0.28,1.94,0.15,6.15,-62.25,41.6
2026/04/20 22:48:53.07,IMU,-222.17,-87.89,-1009.77,2.21,-0.52,-0.78,0.90,5.10,-62.85,41.6
2026/04/20 22:48:53.18,IMU,-243.16,-81.54,-1009.77,-2.71,0.85,-0.58,2.70,5.40,-62.55,41.7
2026/04/20 22:48:53.28,IMU,-247.07,-83.98,-996.58,0.81,1.64,-0.98,0.60,3.75,-64.20,41.6
2026/04/20 22:48:53.38,IMU,-256.35,-70.80,-1007.81,-0.27,-1.15,-0.11,-0.15,5.40,-62.85,41.7
2026/04/20 22:48:53.48,IMU,-229.00,-72.27,-1001.95,-0.08,0.04,0.56,1.20,4.65,-63.60,41.5
2026/04/20 22:48:53.58,IMU,-234.86,-83.01,-1008.79,-0.89,-0.85,0.12,-0.90,5.85,-64.35,41.5
2026/04/20 22:48:53.68,IMU,-228.03,-74.71,-1008.30,1.40,-0.48,2.11,-0.30,5.55,-61.95,41.7
2026/04/20 22:48:53.78,IMU,-225.59,-73.24,-998.05,2.21,-0.69,0.43,-0.15,5.85,-62.55,41.5
2026/04/20 22:48:53.88,IMU,-239.75,-85.45,-1010.74,1.47,-1.38,1.95,-0.45,5.10,-61.05,41.8
2026/04/20 22:48:53.98,IMU,-230.96,-66.41,-1008.30,1.46,-2.02,-2.27,0.90,7.35,-63.60,41.9
2026/04/20 22:48:54.08,IMU,-230.47,-78.61,-1000.49,0.79,-1.51,0.72,0.90,5.40,-62.85,41.6
2026/04/20 22:48:54.19,IMU,-232.42,-85.45,-1007.81,1.18,-1.88,-0.08,-0.90,5.40,-63.60,41.5
2026/04/20 22:48:54.29,IMU,-207.52,-72.27,-1043.95,-0.04,1.31,0.66,-0.60,4.80,-63.15,41.7
2026/04/20 22:48:54.39,IMU,-207.03,-72.27,-1015.14,0.83,-1.76,-0.22,1.05,5.25,-64.50,41.6
2026/04/20 22:48:54.49,IMU,-216.31,-77.15,-1012.21,2.11,-1.02,1.12,0.90,6.60,-63.60,41.5
2026/04/20 22:48:54.59,IMU,-221.19,-89.36,-999.51,1.34,-3.50,-2.83,-0.15,6.15,-64.05,41.7
2026/04/20 22:48:54.69,IMU,-255.37,-72.27,-990.23,0.42,0.54,1.47,0.45,6.90,-64.05,41.8
2026/04/20 22:48:54.79,IMU,-247.56,-99.12,-985.84,0.76,1.49,0.31,-0.30,5.55,-64.20,41.7
2026/04/20 22:48:54.89,IMU,-229.00,-84.47,-1013.67,-1.78,0.05,-2.24,0.90,4.65,-61.50,41.9
2026/04/20 22:48:54.99,IMU,-222.17,-84.47,-1020.02,0.04,2.35,1.76,0.15,6.60,-63.60,41.7
2026/04/20 22:48:55.09,IMU,-232.91,-94.24,-1014.16,-0.09,-0.60,-1.40,0.30,6.00,-63.15,41.7
2026/04/20 22:48:55.19,IMU,-229.00,-78.12,-1012.70,-0.97,-1.88,-1.36,0.90,6.15,-64.05,41.7
2026/04/20 22:48:55.30,IMU,-229.98,-84.96,-1010.74,-3.23,-2.73,1.43,0.15,6.15,-62.25,41.7
2026/04/20 22:48:55.40,IMU,-285.16,-126.46,-940.92,0.63,2.57,-0.46,1.80,6.00,-61.95,41.8
2026/04/20 22:48:55.50,IMU,-301.76,-116.21,-979.98,-2.90,0.40,-1.31,0.30,5.55,-63.15,41.5
2026/04/20 22:48:55.60,IMU,-311.04,-147.46,-969.24,1.15,-3.55,2.34,-0.45,6.15,-63.30,41.9
2026/04/20 22:48:55.70,IMU,-296.39,-124.02,-955.08,3.75,-7.44,3.78,0.45,6.15,-63.30,41.7
2026/04/20 22:48:55.80,IMU,-258.30,-73.24,-980.47,7.48,-11.91,4.93,-3.30,3.00,-58.35,41.7
2026/04/20 22:48:55.90,IMU,-236.33,-86.43,-1006.35,-0.63,-1.46,3.44,1.65,5.40,-63.60,41.9
2026/04/20 22:48:56.00,IMU,-252.44,-76.66,-991.70,1.17,-3.75,1.24,1.05,4.80,-63.45,41.9
2026/04/20 22:48:56.10,IMU,-247.07,-80.08,-990.72,1.22,-1.14,1.88,0.30,4.80,-62.40,41.9
2026/04/20 22:48:56.20,IMU,-237.30,-80.08,-993.65,1.78,-3.11,-1.90,1.05,4.50,-63.45,41.7
2026/04/20 22:48:56.30,IMU,-243.65,-75.20,-1000.00,2.32,-0.47,-1.24,1.05,6.75,-63.45,41.7
2026/04/20 22:48:56.41,IMU,-230.96,-70.80,-990.23,0.31,2.87,0.18,0.60,5.55,-61.65,41.9
2026/04/20 22:48:56.51,IMU,-228.03,-72.75,-994.14,0.16,0.27,-1.05,0.15,4.65,-63.60,41.7
2026/04/20 22:48:56.61,IMU,-224.12,-74.22,-1005.37,-0.69,0.08,0.20,0.30,5.25,-62.40,41.9
2026/04/20 22:48:56.71,IMU,-219.24,-72.75,-1000.98,-1.11,0.61,-0.69,-0.30,7.20,-63.45,41.7
2026/04/20 22:48:56.82,IMU,-227.05,-89.84,-1002.44,-0.35,1.02,-0.92,-2.85,3.30,-57.75,41.8
2026/04/20 22:48:56.92,IMU,-242.68,-70.80,-995.61,-0.24,-1.40,0.94,-0.30,6.45,-62.70,41.9
2026/04/20 22:48:57.02,IMU,-237.30,-75.68,-1003.91,-0.74,-0.89,-0.08,0.60,5.55,-62.40,41.9
2026/04/20 22:48:57.12,IMU,-232.91,-75.68,-999.02,1.00,1.90,-2.18,0.00,4.80,-62.70,41.7
2026/04/20 22:48:57.22,IMU,-228.03,-76.66,-1001.95,-1.48,-0.55,-0.83,-0.90,6.90,-64.65,41.9
2026/04/20 22:48:57.32,IMU,-226.56,-73.73,-1001.95,1.00,0.01,-0.17,-0.30,5.55,-63.45,42.0
2026/04/20 22:48:57.42,IMU,-245.61,-74.71,-1000.00,-0.03,-1.86,-1.62,-0.30,5.55,-63.45,42.0
2026/04/20 22:48:57.52,IMU,-237.79,-78.12,-1006.84,-1.53,0.81,0.44,-0.30,6.45,-61.95,41.7
2026/04/20 22:48:57.62,IMU,-231.93,-79.59,-1000.49,0.34,-0.21,0.76,1.65,6.60,-61.80,41.9
2026/04/20 22:48:57.72,IMU,-233.40,-83.50,-1013.18,0.01,0.18,-1.92,-0.30,4.50,-60.90,41.9
2026/04/20 22:48:57.83,IMU,-233.89,-69.82,-1000.98,-0.12,0.48,2.26,-1.35,6.00,-62.40,42.1
2026/04/20 22:48:57.93,IMU,-233.89,-93.75,-997.56,1.26,-1.37,0.19,-0.15,6.60,-62.25,42.1
2026/04/20 22:48:58.03,IMU,-241.21,-79.10,-987.30,0.18,1.70,-0.39,-0.90,5.40,-63.30,41.9
2026/04/20 22:48:58.13,IMU,-227.54,-87.89,-1011.72,-0.79,-1.53,-0.43,0.00,6.75,-63.75,41.9
2026/04/20 22:48:58.23,IMU,-236.82,-87.89,-1003.91,-0.15,0.37,0.85,-0.45,5.85,-63.60,42.1
2026/04/20 22:48:58.33,IMU,-233.40,-77.64,-1008.30,0.78,0.47,0.00,0.00,4.80,-62.70,41.9
2026/04/20 22:48:58.43,IMU,-235.84,-72.27,-1004.39,-0.36,-1.38,-0.44,-0.45,5.85,-63.30,41.9
2026/04/20 22:48:58.53,IMU,-233.40,-70.80,-1012.70,-0.21,-0.87,-0.93,0.00,7.20,-63.15,41.9
2026/04/20 22:48:58.63,IMU,-230.96,-80.57,-1013.18,-0.91,4.27,0.92,0.90,5.40,-62.55,41.9
2026/04/20 22:48:58.73,IMU,-231.45,-88.87,-1009.28,0.05,0.88,-0.18,0.60,6.45,-64.95,41.8
2026/04/20 22:48:58.84,IMU,-243.65,-72.27,-1009.77,1.13,-0.95,1.84,0.30,6.00,-62.70,41.9
2026/04/20 22:48:58.94,IMU,-233.89,-78.61,-1009.28,2.10,-0.38,-2.38,0.30,6.00,-61.95,41.7
2026/04/20 22:48:59.04,IMU,-237.79,-73.73,-998.05,-0.69,1.21,-1.05,0.30,4.80,-62.40,41.9
2026/04/20 22:48:59.15,IMU,-229.49,-78.12,-1012.21,-1.48,-0.02,0.24,-0.45,5.85,-62.25,41.8
2026/04/20 22:48:59.25,IMU,-232.42,-73.24,-1021.97,-0.41,0.63,0.62,-0.45,5.85,-63.60,42.1
2026/04/20 22:48:59.35,IMU,-231.93,-74.22,-1012.70,-1.92,0.72,-0.05,0.90,6.60,-63.60,41.9
2026/04/20 22:48:59.45,IMU,-226.07,-62.50,-1015.14,1.11,1.68,1.07,-0.15,6.15,-63.30,41.9
2026/04/20 22:48:59.55,IMU,-244.63,-93.26,-997.07,1.17,-0.44,-1.32,-0.45,6.60,-62.85,41.9
2026/04/20 22:48:59.65,IMU,-239.75,-85.45,-1003.91,-1.64,1.35,-1.15,1.05,5.55,-63.45,41.9
2026/04/20 22:48:59.75,IMU,-219.24,-67.38,-1003.91,-0.35,-0.48,0.08,0.45,5.10,-62.55,41.8
2026/04/20 22:48:59.85,IMU,-232.42,-76.17,-1005.37,0.69,-1.34,-2.10,1.05,5.25,-62.70,42.1
2026/04/20 22:48:59.96,IMU,-244.14,-68.85,-994.14,-0.89,1.78,0.30,0.45,4.35,-62.85,41.7
2026/04/20 22:49:00.06,IMU,-221.68,-76.17,-997.07,1.31,-0.81,0.86,-2.10,7.20,-62.70,41.9
2026/04/20 22:49:00.16,IMU,-229.00,-74.71,-1002.93,-0.51,0.08,-1.79,-0.90,6.90,-62.25,42.0
2026/04/20 22:49:00.26,IMU,-229.00,-84.96,-1005.37,-0.36,-0.80,0.02,-0.15,4.65,-64.35,41.9
2026/04/20 22:49:00.36,IMU,-250.49,-79.10,-1004.88,0.51,1.02,-1.47,0.90,6.15,-63.30,42.3
2026/04/20 22:49:00.47,IMU,-231.45,-67.87,-1004.88,-1.92,1.67,1.94,1.35,6.45,-62.40,41.7
2026/04/20 22:49:00.57,IMU,-223.63,-88.87,-1005.37,-0.80,-1.60,-1.85,-0.90,5.40,-60.75,41.9
2026/04/20 22:49:00.67,IMU,-237.30,-79.59,-1008.79,2.06,0.47,-1.04,0.45,5.40,-62.85,41.8
2026/04/20 22:49:00.77,IMU,-228.03,-78.12,-1003.91,0.24,1.94,0.07,0.30,6.45,-63.45,42.1
2026/04/20 22:49:00.87,IMU,-226.07,-85.45,-1010.74,2.76,-0.13,-0.58,0.15,7.65,-62.55,42.1
2026/04/20 22:49:00.97,IMU,-239.26,-69.34,-1000.98,-0.69,-1.48,2.00,-1.35,5.25,-62.70,41.7
2026/04/20 22:49:01.07,IMU,-229.49,-61.52,-1001.95,-1.32,0.56,1.52,-0.30,4.50,-61.95,42.0
2026/04/20 22:49:01.17,IMU,-242.68,-71.78,-1008.79,-1.02,1.15,-0.60,1.95,4.65,-61.80,42.1
2026/04/20 22:49:01.27,IMU,-227.05,-70.80,-1014.65,-0.46,-1.23,0.34,1.35,6.00,-63.15,42.0
2026/04/20 22:49:01.37,IMU,-230.96,-80.08,-1007.32,0.24,0.60,-2.61,0.60,4.80,-63.75,42.2
2026/04/20 22:49:01.48,IMU,-244.63,-65.92,-1002.44,1.62,2.44,0.67,-0.15,5.85,-62.25,42.2
2026/04/20 22:49:01.58,IMU,-229.98,-77.64,-1000.00,-1.45,2.04,-1.08,-0.15,5.40,-62.85,41.9
2026/04/20 22:49:01.68,IMU,-229.98,-69.82,-987.79,1.63,0.81,-0.95,1.20,6.60,-62.85,42.2
2026/04/20 22:49:01.78,IMU,-231.93,-79.59,-1018.07,-0.82,-1.02,-0.74,-0.45,4.35,-63.30,42.1
2026/04/20 22:49:01.88,IMU,-243.16,-83.50,-1010.74,0.40,2.61,0.05,0.45,6.15,-63.30,42.3
2026/04/20 22:49:01.98,IMU,-225.59,-85.94,-998.05,0.02,2.80,-0.89,-0.30,6.75,-62.70,41.9
2026/04/20 22:49:02.08,IMU,-236.33,-81.05,-1014.16,0.82,-1.02,-0.09,0.15,4.35,-61.80,42.1
2026/04/20 22:49:02.18,IMU,-238.77,-74.22,-1007.81,0.45,0.16,0.82,0.00,5.55,-61.95,42.4
2026/04/20 22:49:02.28,IMU,-240.72,-67.38,-988.77,-0.66,0.72,1.54,0.60,4.80,-63.45,42.0
2026/04/20 22:49:02.38,IMU,-232.91,-86.91,-1015.14,0.23,0.06,-0.02,1.05,5.25,-63.75,41.9
2026/04/20 22:49:02.48,IMU,-229.49,-83.50,-1003.91,-1.03,-0.77,-0.76,0.60,7.20,-61.65,42.3
2026/04/20 22:49:02.59,IMU,-237.30,-84.96,-994.14,0.23,-1.44,0.47,0.15,5.85,-61.50,42.3
2026/04/20 22:49:02.69,IMU,-238.28,-71.78,-999.02,-1.16,1.00,0.53,-0.90,5.85,-62.25,42.3
2026/04/20 22:49:02.79,IMU,-235.35,-88.87,-1011.23,-1.51,-1.14,-1.37,0.60,3.75,-62.40,42.3
2026/04/20 22:49:02.89,IMU,-229.98,-83.50,-992.19,-0.28,-0.75,-1.65,-0.60,5.55,-64.50,42.4
2026/04/20 22:49:02.99,IMU,-236.33,-72.75,-1004.39,1.02,-0.13,0.02,2.55,7.20,-62.70,42.1
2026/04/20 22:49:03.09,IMU,-238.28,-78.12,-1002.93,-0.83,1.37,0.40,0.15,6.60,-62.25,42.4
2026/04/20 22:49:03.19,IMU,-229.00,-85.45,-1002.93,0.11,-1.08,-0.53,0.90,5.85,-62.55,42.3
2026/04/20 22:49:03.29,IMU,-232.91,-81.05,-1005.86,-1.27,1.53,-1.50,1.20,5.10,-61.05,42.1
2026/04/20 22:49:03.39,IMU,-231.45,-80.08,-1014.16,-0.20,0.35,4.40,0.45,5.40,-62.85,42.3
2026/04/20 22:49:03.49,IMU,-221.19,-73.24,-1014.16,-0.14,-0.34,-0.10,-0.60,5.25,-64.20,42.2
2026/04/20 22:49:03.59,IMU,-237.79,-92.77,-1004.39,1.95,1.02,-0.73,1.65,6.15,-62.85,42.3
2026/04/20 22:49:03.70,IMU,-250.98,-80.08,-999.02,0.05,-1.14,-1.51,0.45,5.85,-62.55,42.3
2026/04/20 22:49:03.80,IMU,-245.12,-62.99,-992.68,-0.87,-0.50,0.39,0.60,6.45,-62.70,42.3
2026/04/20 22:49:03.90,IMU,-238.28,-78.61,-1003.91,-1.56,-3.19,-3.08,-0.45,5.85,-61.80,42.3
2026/04/20 22:49:04.00,IMU,-215.82,-72.75,-997.56,-0.08,0.97,-0.53,-2.55,3.30,-60.15,42.3
2026/04/20 22:49:04.10,IMU,-216.80,-52.73,-1021.00,1.38,1.83,-1.68,0.00,5.55,-63.15,42.3
2026/04/20 22:49:04.20,IMU,-220.70,-73.24,-1017.58,-0.23,-0.46,0.67,0.45,6.15,-61.50,42.1
2026/04/20 22:49:04.30,IMU,-244.14,-76.66,-1001.46,1.24,-0.26,0.69,-0.60,6.75,-61.95,42.5
2026/04/20 22:49:04.40,IMU,-231.93,-91.80,-997.07,-0.82,-1.36,-3.27,1.20,6.15,-63.60,42.5
2026/04/20 22:49:04.50,IMU,-239.75,-80.08,-1006.35,-0.15,0.77,1.66,2.25,6.60,-63.30,42.4
2026/04/20 22:49:04.60,IMU,-234.86,-78.12,-1003.42,-0.43,2.79,1.02,-0.90,4.65,-63.30,42.3
2026/04/20 22:49:04.71,IMU,-236.82,-73.73,-1005.37,-0.70,-0.41,-0.29,1.05,6.75,-63.15,42.5
2026/04/20 22:49:04.81,IMU,-229.98,-79.10,-990.23,-1.85,1.22,1.65,0.60,6.00,-63.15,42.3
2026/04/20 22:49:04.91,IMU,-221.68,-89.36,-992.68,0.94,-2.59,-1.89,-2.10,4.05,-62.70,42.7
2026/04/20 22:49:05.02,IMU,-240.23,-82.03,-999.51,-0.85,-1.59,-0.05,-3.00,3.90,-58.20,42.3
2026/04/20 22:49:05.12,IMU,-232.91,-80.08,-1002.44,1.80,1.92,-1.56,-1.05,3.75,-60.15,42.6
2026/04/20 22:49:05.22,IMU,-244.14,-82.03,-1002.44,-0.15,-0.54,-0.28,-0.60,6.00,-62.40,42.6
2026/04/20 22:49:05.32,IMU,-244.63,-79.10,-991.21,0.38,-0.21,-0.47,-1.65,6.90,-62.55,42.4
2026/04/20 22:49:05.42,IMU,-225.59,-86.43,-985.84,-0.63,1.18,-2.31,-0.45,4.65,-62.85,42.6
2026/04/20 22:49:05.52,IMU,-232.42,-79.59,-998.05,0.31,-0.22,-0.08,0.15,6.15,-62.85,42.6
2026/04/20 22:49:05.62,IMU,-235.35,-70.31,-1003.91,0.16,-2.13,-0.27,0.00,6.00,-62.40,42.4
2026/04/20 22:49:05.72,IMU,-242.19,-75.20,-1005.37,0.72,0.40,-0.34,1.80,5.25,-63.45,42.5
2026/04/20 22:49:05.82,IMU,-236.82,-92.29,-996.09,0.40,1.31,1.18,-0.30,4.80,-63.45,42.5
2026/04/20 22:49:05.92,IMU,-239.75,-80.08,-997.56,-0.29,-0.97,-0.59,-0.60,6.45,-61.65,42.6
2026/04/20 22:49:06.03,IMU,-229.98,-84.47,-1006.84,0.75,-0.65,-0.82,1.35,6.75,-64.50,42.6
