Timestamp,Sensor,AccX,AccY,AccZ,GyrX,GyrY,GyrZ,MagX,MagY,MagZ,Temp
2026/04/22 21:51:04.02,IMU,64.45,135.25,-903.32,-10.36,-36.17,-96.66,21.60,-174.15,-398.40,27.3
2026/04/22 21:51:04.12,IMU,-154.30,146.48,-952.15,17.66,-35.47,-140.73,27.30,-177.75,-402.60,27.2
2026/04/22 21:51:04.22,IMU,-252.44,56.15,-1039.55,7.83,-16.49,-133.63,26.40,-187.50,-403.50,27.1
2026/04/22 21:51:04.32,IMU,-277.34,65.43,-1152.34,2.63,-1.72,-105.07,20.55,-196.65,-404.25,27.2
2026/04/22 21:51:04.42,IMU,-55.18,119.63,-923.83,-16.73,1.27,-135.10,13.65,-200.25,-406.50,27.3
2026/04/22 21:51:04.52,IMU,-169.92,-53.71,-1016.11,32.62,40.63,-153.11,1.35,-203.10,-408.15,27.3
2026/04/22 21:51:04.62,IMU,-337.40,-185.55,-1024.41,3.53,-3.94,-94.53,-10.80,-204.75,-404.40,27.3
2026/04/22 21:51:04.72,IMU,-375.00,-49.32,-1025.39,9.97,0.17,-23.76,-11.85,-203.25,-404.40,27.1
2026/04/22 21:51:04.82,IMU,-310.55,-14.16,-1011.23,-20.25,11.66,49.22,-11.85,-202.50,-405.75,27.0
2026/04/22 21:51:04.92,IMU,-170.41,-34.67,-861.82,19.60,-5.59,60.89,-9.90,-203.85,-405.30,27.1
2026/04/22 21:51:05.02,IMU,-309.08,-19.04,-997.07,86.94,17.13,71.13,-3.30,-209.85,-400.20,27.1
2026/04/22 21:51:05.12,IMU,-125.98,-169.92,-1068.85,18.22,31.11,71.56,-1.80,-214.80,-397.35,27.2
2026/04/22 21:51:05.22,IMU,-64.45,-268.07,-925.29,-8.95,-8.56,40.89,1.95,-217.65,-396.45,27.1
2026/04/22 21:51:05.32,IMU,-210.45,-306.64,-1152.83,41.56,18.16,29.23,7.80,-219.60,-392.40,27.0
2026/04/22 21:51:05.42,IMU,-50.29,-124.02,-1015.14,-16.05,26.82,44.21,7.65,-218.70,-393.30,27.5
2026/04/22 21:51:05.52,IMU,-141.11,-133.30,-981.45,1.55,-5.49,-26.34,6.75,-216.15,-392.85,27.5
2026/04/22 21:51:05.62,IMU,-176.27,-201.66,-1022.46,-38.21,23.15,-26.24,4.35,-215.25,-394.50,27.3
2026/04/22 21:51:05.72,IMU,-116.70,-40.53,-929.20,-27.56,-18.13,-12.10,1.05,-211.80,-396.60,27.1
2026/04/22 21:51:05.82,IMU,-194.34,-14.65,-957.52,-6.99,0.21,-2.15,1.65,-209.70,-396.75,27.5
2026/04/22 21:51:05.92,IMU,-117.68,-34.67,-1048.83,-6.29,5.82,5.11,1.05,-209.10,-399.90,27.4
2026/04/22 21:51:06.04,IMU,-136.72,-80.08,-978.52,-10.42,-2.68,-3.50,1.65,-208.20,-399.30,27.3
2026/04/22 21:51:06.14,IMU,-132.81,-36.62,-998.05,12.89,17.22,6.44,1.35,-208.05,-399.15,27.5
2026/04/22 21:51:06.24,IMU,-64.45,-28.81,-1054.20,2.54,8.21,11.14,2.70,-208.20,-398.55,26.8
2026/04/22 21:51:06.34,IMU,-63.48,20.51,-1001.46,8.89,-2.34,8.40,1.80,-210.30,-398.40,27.1
2026/04/22 21:51:06.44,IMU,-93.75,-62.99,-1079.10,3.30,0.11,2.08,0.45,-210.45,-397.80,27.3
2026/04/22 21:51:06.54,IMU,-96.68,-112.30,-1007.81,8.66,-3.88,1.39,1.05,-209.85,-396.60,26.9
2026/04/22 21:51:06.64,IMU,-104.49,-91.31,-995.61,14.24,0.40,-2.02,0.60,-211.35,-396.90,27.4
2026/04/22 21:51:06.74,IMU,-124.02,-63.48,-1016.11,1.81,-9.54,-0.71,0.90,-212.40,-396.00,26.9
2026/04/22 21:51:06.84,IMU,-142.58,-108.89,-998.54,7.40,-14.76,-12.74,0.60,-212.10,-396.30,27.2
2026/04/22 21:51:06.94,IMU,-188.48,-132.81,-1013.67,-8.66,2.73,-9.36,1.80,-212.10,-395.10,27.0
2026/04/22 21:51:07.04,IMU,-168.46,-87.40,-988.77,8.61,3.45,9.73,1.65,-210.45,-395.70,27.6
2026/04/22 21:51:07.14,IMU,-138.18,-108.40,-979.00,-1.90,2.69,-0.34,2.25,-211.95,-394.20,27.0
2026/04/22 21:51:07.24,IMU,-132.32,-96.68,-1028.32,-4.09,11.49,13.89,1.95,-211.65,-394.65,27.3
2026/04/22 21:51:07.34,IMU,-131.84,-122.56,-1032.71,0.24,1.89,6.31,1.65,-212.70,-396.00,27.3
2026/04/22 21:51:07.44,IMU,-147.46,-108.40,-976.56,-3.24,2.98,9.94,1.80,-211.05,-394.80,27.1
2026/04/22 21:51:07.54,IMU,-93.75,-84.96,-1018.55,-0.55,2.65,9.41,3.30,-211.05,-395.55,27.6
2026/04/22 21:51:07.64,IMU,-107.91,-78.12,-1032.23,-1.18,-2.24,0.82,3.90,-209.10,-395.85,26.8
2026/04/22 21:51:07.74,IMU,-94.73,-78.12,-1013.67,-6.61,-8.11,5.19,3.45,-209.70,-395.40,27.5
2026/04/22 21:51:07.84,IMU,-188.96,-83.98,-1045.90,10.11,-19.92,-0.69,3.45,-208.50,-396.75,27.1
2026/04/22 21:51:07.94,IMU,-185.55,-88.87,-955.57,-9.52,-5.25,8.34,6.75,-208.20,-397.20,27.3
2026/04/22 21:51:08.04,IMU,-171.39,-73.24,-908.69,1.97,2.56,8.67,7.05,-207.45,-397.80,27.3
2026/04/22 21:51:08.15,IMU,-139.65,-62.50,-1002.44,6.18,4.82,8.46,6.90,-207.60,-397.35,27.5
2026/04/22 21:51:08.25,IMU,-150.88,-79.10,-1028.32,6.24,-4.92,-2.11,7.95,-209.55,-396.30,27.5
2026/04/22 21:51:08.35,IMU,-164.06,-84.47,-1018.07,-0.59,1.51,-3.09,6.15,-210.60,-396.30,27.3
2026/04/22 21:51:08.45,IMU,-167.97,-92.29,-975.10,-3.16,-3.11,-6.11,7.50,-209.25,-396.45,27.5
2026/04/22 21:51:08.55,IMU,-203.13,-96.68,-981.45,0.14,-0.68,-2.87,6.75,-208.20,-397.80,27.5
2026/04/22 21:51:08.65,IMU,-181.15,-99.61,-966.80,-3.60,2.79,-1.94,6.00,-210.90,-396.45,27.5
2026/04/22 21:51:08.75,IMU,-172.36,-82.03,-992.19,1.89,1.09,-0.78,3.90,-209.55,-395.55,27.5
2026/04/22 21:51:08.85,IMU,-166.99,-86.43,-1003.91,3.48,-2.47,1.66,5.25,-209.70,-397.20,27.5
2026/04/22 21:51:08.95,IMU,-184.08,-115.23,-1006.84,-2.10,4.10,1.53,5.70,-208.95,-397.50,27.5
2026/04/22 21:51:09.05,IMU,-183.59,-94.73,-1002.93,1.14,2.92,2.41,6.60,-211.80,-396.90,27.5
2026/04/22 21:51:09.15,IMU,-128.42,-113.77,-945.31,-1.18,3.61,3.02,5.40,-210.30,-395.85,27.4
2026/04/22 21:51:09.25,IMU,-161.62,-132.32,-1018.55,37.95,-11.87,-16.76,5.10,-212.55,-395.55,27.3
2026/04/22 21:51:09.35,IMU,-167.97,-166.99,-1056.15,9.76,-0.44,-20.70,6.00,-213.45,-392.40,27.4
2026/04/22 21:51:09.45,IMU,-192.38,-217.29,-967.29,17.84,-6.95,-19.71,5.10,-217.05,-391.50,27.5
2026/04/22 21:51:09.55,IMU,-215.33,-263.18,-931.15,14.91,-19.15,-10.37,1.80,-217.80,-387.60,27.1
2026/04/22 21:51:09.65,IMU,-235.35,-315.92,-975.10,20.02,-7.61,-7.73,1.80,-219.45,-388.65,27.5
2026/04/22 21:51:09.75,IMU,-203.13,-322.75,-1015.14,-6.66,2.16,6.69,1.95,-219.15,-385.95,27.5
2026/04/22 21:51:09.85,IMU,-187.50,-254.88,-916.50,3.18,-25.86,-1.79,3.60,-219.75,-385.05,27.4
2026/04/22 21:51:09.95,IMU,-319.34,-239.75,-797.85,40.55,17.30,-26.20,3.45,-219.60,-386.25,27.5
2026/04/22 21:51:10.05,IMU,-334.96,-346.68,-1026.37,-13.71,23.03,-9.76,1.20,-223.35,-381.60,27.5
2026/04/22 21:51:10.15,IMU,-210.45,-453.13,-898.93,-24.05,-20.37,7.85,-1.20,-224.55,-379.80,27.5
2026/04/22 21:51:10.25,IMU,-203.13,-344.73,-913.09,-29.98,29.11,35.67,3.45,-221.10,-385.20,27.5
2026/04/22 21:51:10.35,IMU,-141.11,-182.13,-981.45,-36.31,31.69,32.96,6.90,-217.05,-387.15,27.5
2026/04/22 21:51:10.45,IMU,-124.02,-117.68,-1027.83,-43.73,25.76,37.17,8.40,-215.55,-391.95,27.3
2026/04/22 21:51:10.55,IMU,-97.66,-18.55,-965.82,-53.29,7.47,44.48,9.75,-209.70,-396.75,27.5
2026/04/22 21:51:10.65,IMU,29.30,94.73,-1020.51,-34.90,68.63,85.95,13.65,-204.45,-398.55,27.3
2026/04/22 21:51:10.75,IMU,65.92,10.25,-1031.74,40.34,9.89,8.38,11.40,-200.40,-401.25,27.5
2026/04/22 21:51:10.85,IMU,145.02,30.76,-916.50,28.67,2.40,-37.18,12.00,-201.60,-400.20,27.5
2026/04/22 21:51:10.95,IMU,102.54,-84.96,-1070.80,42.81,6.37,-75.83,3.45,-207.00,-397.50,27.2
2026/04/22 21:51:11.05,IMU,-120.61,-266.11,-997.56,-28.11,-25.71,-35.40,-1.20,-210.90,-393.90,27.5
2026/04/22 21:51:11.17,IMU,-65.43,-137.21,-881.84,13.60,-12.98,-13.26,-6.00,-210.90,-388.50,27.3
2026/04/22 21:51:11.27,IMU,-76.17,-94.24,-1001.46,-11.70,7.82,-35.61,-3.00,-210.90,-391.05,27.3
2026/04/22 21:51:11.37,IMU,-73.24,-54.20,-996.58,-13.02,-21.79,-47.44,-8.55,-208.20,-391.65,27.2
2026/04/22 21:51:11.47,IMU,4.39,-41.02,-923.83,-13.98,31.73,-25.67,-10.20,-210.30,-390.45,27.5
2026/04/22 21:51:11.57,IMU,35.64,-115.72,-1038.57,21.06,-12.16,5.19,-10.95,-211.05,-390.45,27.5
2026/04/22 21:51:11.67,IMU,-33.69,-97.17,-1006.35,7.00,1.52,-0.77,-11.55,-211.95,-394.20,27.6
2026/04/22 21:51:11.77,IMU,18.07,-109.37,-1031.74,4.67,5.67,-8.20,-12.00,-212.10,-396.30,27.6
2026/04/22 21:51:11.87,IMU,18.07,-137.21,-1028.32,10.43,-13.18,2.37,-12.45,-213.00,-396.30,27.3
2026/04/22 21:51:11.97,IMU,28.81,-155.76,-1031.25,25.82,-29.86,4.41,-11.70,-212.10,-395.85,27.5
2026/04/22 21:51:12.07,IMU,-157.23,-196.78,-938.48,6.18,-51.09,-9.85,-8.40,-211.80,-394.50,27.5
2026/04/22 21:51:12.17,IMU,-166.99,-167.97,-974.61,-11.37,7.60,9.76,-6.30,-213.15,-393.15,27.5
2026/04/22 21:51:12.27,IMU,-136.72,-176.27,-990.72,11.60,-10.31,-2.45,-7.05,-212.70,-393.60,27.5
2026/04/22 21:51:12.37,IMU,-221.68,-223.63,-1032.71,-30.59,-23.18,8.33,-5.25,-212.40,-395.70,27.6
2026/04/22 21:51:12.47,IMU,-238.28,-35.64,-922.36,-8.40,-46.82,-4.85,-0.60,-209.55,-396.90,27.5
2026/04/22 21:51:12.57,IMU,-231.93,-96.19,-1017.58,-20.02,6.80,2.54,1.20,-209.70,-394.95,27.5
2026/04/22 21:51:12.67,IMU,-187.99,-110.84,-922.85,-4.16,10.80,-32.05,0.00,-209.10,-398.40,27.1
2026/04/22 21:51:12.77,IMU,-226.07,-44.43,-995.61,-18.65,9.10,-3.04,-3.30,-208.35,-399.90,27.5
2026/04/22 21:51:12.87,IMU,-245.61,-155.27,-959.47,2.19,-3.68,-29.15,-5.25,-208.20,-401.40,27.5
2026/04/22 21:51:12.98,IMU,-172.85,-73.73,-886.23,-15.80,15.06,7.31,-7.65,-207.30,-402.00,27.5
2026/04/22 21:51:13.08,IMU,-231.93,-77.64,-1001.95,13.75,20.81,0.00,-7.65,-209.55,-402.30,27.3
2026/04/22 21:51:13.18,IMU,-168.46,-57.62,-1064.45,-22.82,-2.65,12.10,-12.60,-207.75,-403.95,27.3
2026/04/22 21:51:13.28,IMU,-82.52,4.39,-901.86,-30.18,31.55,20.77,-11.40,-205.35,-405.60,27.6
2026/04/22 21:51:13.38,IMU,43.95,36.62,-1009.77,-11.73,43.54,-6.50,-13.65,-205.50,-406.20,27.6
2026/04/22 21:51:13.48,IMU,-2.44,-52.73,-1019.53,6.13,-9.21,-14.81,-17.40,-207.75,-405.45,27.3
2026/04/22 21:51:13.58,IMU,-88.87,-10.25,-1017.09,-0.20,-0.15,-1.15,-17.40,-207.00,-403.65,27.6
2026/04/22 21:51:13.68,IMU,-57.13,-29.79,-935.55,37.48,4.22,18.26,-18.00,-209.10,-404.25,27.3
2026/04/22 21:51:13.78,IMU,84.47,-87.89,-1131.35,3.88,0.77,55.04,-18.00,-211.05,-400.95,27.6
2026/04/22 21:51:13.88,IMU,-80.08,-71.29,-1000.00,-18.68,-6.39,-8.10,-13.95,-211.35,-403.80,27.3
2026/04/22 21:51:13.98,IMU,-50.78,-28.81,-1028.81,-15.98,5.99,11.94,-12.60,-210.45,-405.15,27.6
2026/04/22 21:51:14.08,IMU,-70.31,83.01,-965.33,-38.19,-33.13,-4.88,-11.70,-207.60,-406.65,27.4
2026/04/22 21:51:14.18,IMU,19.53,95.21,-920.90,-49.10,76.41,8.38,-12.45,-205.35,-407.85,27.5
2026/04/22 21:51:14.28,IMU,2.44,56.15,-1010.25,17.85,15.13,-8.56,-17.25,-201.90,-407.40,27.3
2026/04/22 21:51:14.38,IMU,-17.09,6.84,-1337.40,22.47,-39.67,-6.37,-18.15,-204.45,-407.55,27.6
2026/04/22 21:51:14.48,IMU,91.31,76.17,-964.36,4.21,36.05,23.92,-18.30,-205.65,-407.40,27.6
2026/04/22 21:51:14.58,IMU,158.20,11.72,-1023.44,23.53,22.85,-3.86,-19.65,-208.95,-407.25,27.6
2026/04/22 21:51:14.68,IMU,123.54,43.95,-991.70,14.34,11.94,9.20,-20.85,-209.85,-403.05,27.5
2026/04/22 21:51:14.78,IMU,57.62,-61.04,-1037.60,-0.84,-10.42,4.32,-20.55,-211.35,-401.70,27.5
2026/04/22 21:51:14.88,IMU,115.72,-37.11,-977.54,-10.52,-7.82,16.40,-19.05,-210.60,-403.05,27.7
2026/04/22 21:51:14.98,IMU,59.57,-15.14,-1091.80,-18.60,-12.31,-3.53,-17.70,-210.15,-402.60,27.6
2026/04/22 21:51:15.09,IMU,97.17,-3.42,-1011.23,-2.76,0.28,-7.58,-15.90,-209.25,-405.45,27.6
2026/04/22 21:51:15.19,IMU,33.69,-8.79,-1045.41,-16.19,-7.38,-13.30,-14.85,-207.45,-404.70,27.5
2026/04/22 21:51:15.29,IMU,-36.13,67.87,-1018.07,-42.42,-34.79,-30.70,-14.25,-204.90,-407.85,27.5
2026/04/22 21:51:15.39,IMU,-108.89,106.93,-947.27,-18.11,-10.33,-16.53,-14.70,-202.65,-408.15,27.6
2026/04/22 21:51:15.49,IMU,-60.55,163.09,-960.45,6.63,-24.00,-15.95,-14.10,-201.30,-410.10,27.7
2026/04/22 21:51:15.59,IMU,-101.56,127.93,-988.77,-7.04,-0.14,-15.84,-14.40,-198.75,-412.35,27.3
2026/04/22 21:51:15.69,IMU,-26.86,165.53,-935.55,-0.26,11.39,-5.60,-15.90,-199.50,-410.85,27.5
2026/04/22 21:51:15.79,IMU,-73.73,-12.70,-1028.81,36.47,-7.04,62.21,-19.20,-199.80,-410.85,27.6
2026/04/22 21:51:15.89,IMU,-134.77,73.24,-953.61,33.64,7.98,28.60,-8.70,-204.15,-411.00,27.6
2026/04/22 21:51:15.99,IMU,-11.72,109.37,-1071.78,54.19,15.64,61.24,-9.75,-207.75,-408.00,27.5
2026/04/22 21:51:16.09,IMU,1.46,-83.50,-1046.88,8.08,-8.21,3.44,-6.75,-213.45,-406.95,27.6
2026/04/22 21:51:16.19,IMU,-28.32,-112.30,-1013.18,-3.71,8.67,54.30,-6.30,-211.65,-406.20,27.5
2026/04/22 21:51:16.29,IMU,-166.50,-234.38,-945.80,7.74,5.15,28.01,-3.30,-209.10,-405.60,27.7
2026/04/22 21:51:16.39,IMU,56.64,79.10,-978.52,-10.94,-20.53,24.46,1.20,-208.50,-405.15,27.8
2026/04/22 21:51:16.49,IMU,-110.35,11.23,-1028.81,-9.93,-19.84,-2.35,2.70,-208.20,-403.95,27.5
2026/04/22 21:51:16.59,IMU,-41.02,2.44,-1024.41,-50.98,8.52,-29.04,3.60,-206.55,-406.05,27.9
2026/04/22 21:51:16.69,IMU,-122.56,17.58,-940.43,20.73,39.21,-63.12,-1.95,-201.75,-408.75,27.6
2026/04/22 21:51:16.79,IMU,88.38,104.49,-998.05,-6.72,11.80,6.16,-6.00,-202.50,-408.30,27.6
2026/04/22 21:51:16.89,IMU,45.90,-10.25,-907.23,0.20,-32.62,8.23,-0.60,-202.65,-409.65,27.6
2026/04/22 21:51:16.99,IMU,-25.88,31.74,-1078.61,53.41,-11.12,27.05,2.25,-205.20,-406.20,27.4
2026/04/22 21:51:17.09,IMU,-82.03,-25.39,-1009.28,1.35,-9.64,6.05,4.20,-207.75,-405.45,27.8
2026/04/22 21:51:17.19,IMU,-81.54,15.14,-1028.81,-1.28,3.68,-9.04,5.10,-207.30,-404.55,27.6
2026/04/22 21:51:17.29,IMU,-38.09,-48.83,-1035.16,-2.69,11.83,-3.82,1.05,-211.80,-400.20,27.5
2026/04/22 21:51:17.39,IMU,-5.86,21.00,-980.47,-10.95,0.34,-0.66,2.85,-206.55,-405.30,27.5
2026/04/22 21:51:17.49,IMU,19.04,-23.44,-922.36,-25.16,-28.73,-15.80,1.95,-205.20,-408.30,27.5
2026/04/22 21:51:17.59,IMU,-109.86,39.55,-991.21,22.80,3.60,-6.02,4.35,-205.35,-406.35,27.6
2026/04/22 21:51:17.69,IMU,-72.27,18.07,-1029.30,2.84,3.21,0.87,3.90,-207.30,-406.05,27.5
2026/04/22 21:51:17.80,IMU,-57.62,21.00,-1024.41,-1.81,-2.73,6.05,4.20,-206.70,-405.45,27.5
2026/04/22 21:51:17.90,IMU,-114.75,20.02,-1046.39,-1.91,2.02,11.00,4.20,-205.95,-405.75,27.6
2026/04/22 21:51:18.00,IMU,-7.32,21.97,-990.23,2.74,-0.64,-1.90,2.85,-206.10,-404.85,27.3
2026/04/22 21:51:18.10,IMU,-50.78,11.72,-1004.88,-1.81,-0.44,-0.72,4.50,-205.50,-406.50,27.6
2026/04/22 21:51:18.20,IMU,-89.36,40.53,-1008.79,-0.50,-2.89,0.47,3.00,-206.70,-404.40,27.5
2026/04/22 21:51:18.31,IMU,-64.94,62.50,-999.51,-37.34,9.32,22.76,1.80,-206.10,-402.75,27.3
2026/04/22 21:51:18.41,IMU,21.48,85.45,-959.47,11.29,-0.16,-6.47,4.50,-205.20,-407.55,27.2
2026/04/22 21:51:18.51,IMU,-45.90,39.55,-1024.90,4.76,-4.57,-5.65,4.95,-205.20,-406.50,27.6
2026/04/22 21:51:18.61,IMU,-76.17,51.27,-1019.04,3.10,-3.46,-1.91,3.00,-205.95,-407.55,27.3
2026/04/22 21:51:18.71,IMU,-72.27,17.58,-1035.16,-0.18,0.43,5.08,4.50,-205.50,-406.20,27.3
2026/04/22 21:51:18.81,IMU,-63.96,36.13,-1016.60,1.81,4.46,-1.48,4.20,-205.95,-406.95,27.6
2026/04/22 21:51:18.91,IMU,-38.57,39.06,-997.07,1.78,-3.40,-1.46,5.10,-205.65,-406.05,27.6
2026/04/22 21:51:19.01,IMU,-93.75,30.27,-1028.32,-4.64,7.29,1.93,4.50,-206.70,-405.75,27.5
2026/04/22 21:51:19.11,IMU,-11.23,52.73,-1006.84,-2.77,1.86,-1.39,3.75,-205.20,-406.95,27.4
2026/04/22 21:51:19.21,IMU,-49.32,27.83,-1016.11,-1.49,-1.60,-5.26,3.60,-205.65,-407.40,27.5
2026/04/22 21:51:19.31,IMU,-42.48,37.11,-1016.60,2.88,-5.29,-4.18,4.20,-204.75,-405.75,27.5
2026/04/22 21:51:19.41,IMU,-58.11,27.83,-1012.21,-0.24,-0.02,-1.88,3.75,-205.50,-408.00,27.5
2026/04/22 21:51:19.51,IMU,-87.40,32.23,-938.48,6.92,0.93,-1.69,3.30,-204.90,-406.65,27.5
2026/04/22 21:51:19.61,IMU,-55.18,52.73,-1022.46,-0.46,0.97,-0.66,1.80,-204.90,-405.60,27.4
2026/04/22 21:51:19.71,IMU,-44.43,35.16,-1001.95,-0.63,5.38,3.92,3.30,-204.90,-407.40,27.6
2026/04/22 21:51:19.81,IMU,-58.11,46.88,-1021.00,2.65,-4.50,-5.98,5.10,-204.90,-407.10,27.5
2026/04/22 21:51:19.91,IMU,-44.92,32.23,-1009.77,-1.89,0.34,1.82,4.95,-205.95,-406.20,27.5
2026/04/22 21:51:20.01,IMU,-61.04,14.16,-1021.00,-0.69,2.76,-0.43,2.85,-206.55,-407.10,27.3
2026/04/22 21:51:20.11,IMU,-68.85,39.55,-1007.81,0.37,0.64,-0.78,3.75,-205.95,-407.25,27.3
2026/04/22 21:51:20.22,IMU,-60.55,40.04,-1029.30,-0.19,4.18,5.13,3.00,-206.25,-406.20,27.5
2026/04/22 21:51:20.32,IMU,-64.94,37.60,-1010.74,-0.55,0.34,-0.40,3.45,-206.25,-406.95,27.3
2026/04/22 21:51:20.42,IMU,-62.01,35.16,-1030.27,2.53,-1.79,-0.33,4.20,-205.20,-406.50,27.5
2026/04/22 21:51:20.52,IMU,-55.66,41.02,-1018.07,2.22,-0.21,1.24,4.65,-206.55,-407.40,27.3
2026/04/22 21:51:20.62,IMU,-47.36,17.09,-1018.55,-0.85,-0.25,1.25,3.75,-207.45,-406.20,27.3
2026/04/22 21:51:20.72,IMU,-61.04,16.11,-1001.95,0.09,-0.32,-2.74,3.30,-205.35,-406.05,27.2
2026/04/22 21:51:20.82,IMU,-52.73,34.67,-987.79,-2.46,6.29,2.56,3.45,-206.70,-408.30,27.2
2026/04/22 21:51:20.93,IMU,-41.50,22.46,-1011.72,1.98,1.90,-1.34,3.30,-205.35,-406.65,27.5
2026/04/22 21:51:21.03,IMU,-36.13,13.67,-1041.02,1.46,4.64,0.01,2.70,-205.95,-407.25,27.4
2026/04/22 21:51:21.13,IMU,-34.18,15.63,-1009.77,-0.32,-3.15,-3.58,2.10,-205.35,-406.05,27.4
2026/04/22 21:51:21.23,IMU,-33.69,22.95,-1001.95,-0.76,-1.02,-1.13,1.65,-205.50,-405.45,27.3
2026/04/22 21:51:21.33,IMU,-27.83,32.71,-1002.44,-1.66,-2.11,-5.09,2.25,-205.20,-407.25,27.5
2026/04/22 21:51:21.43,IMU,-48.83,33.69,-1022.46,-0.74,-1.77,-1.30,2.10,-205.35,-406.35,27.3
2026/04/22 21:51:21.53,IMU,-35.16,19.04,-1010.74,0.92,0.27,2.59,2.55,-206.55,-406.35,27.3
2026/04/22 21:51:21.63,IMU,-42.97,31.25,-1006.35,0.26,0.48,0.32,3.90,-205.65,-407.10,27.1
2026/04/22 21:51:21.73,IMU,-50.29,29.79,-1006.35,1.50,0.59,2.40,3.30,-205.65,-406.35,27.3
2026/04/22 21:51:21.83,IMU,-15.14,24.41,-1006.84,2.83,-3.63,-0.26,2.85,-204.90,-406.05,27.1
2026/04/22 21:51:21.93,IMU,-95.21,6.35,-1019.04,-2.11,-2.78,-1.36,4.50,-206.25,-404.40,27.5
2026/04/22 21:51:22.03,IMU,-56.64,23.93,-1006.84,-0.17,-0.57,2.26,4.50,-206.70,-405.15,27.2
2026/04/22 21:51:22.13,IMU,-74.22,23.93,-1012.21,-1.83,2.19,4.72,5.70,-207.45,-405.75,27.3
2026/04/22 21:51:22.23,IMU,-78.61,27.83,-1023.93,0.28,-2.24,-2.14,5.25,-205.20,-406.50,27.5
2026/04/22 21:51:22.33,IMU,-70.80,17.09,-987.79,0.43,2.59,2.18,4.20,-207.45,-405.45,27.3
2026/04/22 21:51:22.43,IMU,-62.99,18.55,-1009.77,-0.39,-2.40,-0.97,4.65,-206.85,-404.55,27.1
2026/04/22 21:51:22.53,IMU,-54.69,20.02,-1000.98,1.15,-1.51,-1.36,4.65,-207.30,-405.60,27.3
2026/04/22 21:51:22.63,IMU,-73.24,31.25,-1013.18,0.05,1.84,-0.28,6.00,-207.00,-405.75,27.3
2026/04/22 21:51:22.73,IMU,-68.36,24.90,-1009.77,1.24,-1.29,1.24,4.50,-206.25,-405.15,27.3
2026/04/22 21:51:22.84,IMU,-64.45,11.72,-1014.16,0.31,0.21,1.34,5.40,-206.85,-406.65,27.3
2026/04/22 21:51:22.94,IMU,-70.31,16.60,-1014.65,2.09,-2.87,-2.63,3.75,-207.45,-406.50,27.1
2026/04/22 21:51:23.04,IMU,-75.68,7.32,-1022.95,-0.98,-0.53,-2.20,4.50,-205.50,-405.75,27.2
2026/04/22 21:51:23.14,IMU,-74.22,8.79,-1011.72,0.19,1.22,0.55,5.25,-207.00,-405.75,27.1
2026/04/22 21:51:23.24,IMU,-81.05,3.42,-1016.60,0.57,0.48,-3.48,6.15,-206.85,-406.65,27.3
2026/04/22 21:51:23.34,IMU,-68.85,27.34,-1008.79,0.84,3.31,0.66,4.65,-206.85,-404.55,27.2
2026/04/22 21:51:23.44,IMU,-72.27,25.39,-1003.42,1.15,-4.87,-2.76,5.25,-207.45,-407.25,27.2
2026/04/22 21:51:23.54,IMU,-83.98,16.11,-1016.11,1.35,-1.62,-0.39,5.85,-206.55,-405.60,27.0
2026/04/22 21:51:23.64,IMU,-61.04,3.91,-1031.25,0.76,1.87,2.47,4.65,-206.85,-404.85,27.3
2026/04/22 21:51:23.74,IMU,-72.75,0.49,-1003.42,-2.03,6.03,-1.32,5.10,-208.05,-406.05,27.2
2026/04/22 21:51:23.84,IMU,-82.52,17.09,-1017.09,1.09,0.18,-2.37,4.35,-206.85,-405.60,27.2
2026/04/22 21:51:23.94,IMU,-56.64,11.23,-1010.25,3.01,0.64,-1.66,3.75,-207.45,-404.70,27.1
2026/04/22 21:51:24.04,IMU,-63.48,9.28,-1023.44,0.82,3.51,-0.36,4.35,-207.30,-406.35,27.2
2026/04/22 21:51:24.14,IMU,-71.78,4.39,-1013.18,1.58,1.01,-1.41,3.75,-207.00,-406.20,27.5
2026/04/22 21:51:24.24,IMU,-47.85,-2.93,-1002.44,1.16,-2.00,3.34,3.75,-207.00,-404.40,27.0
2026/04/22 21:51:24.34,IMU,-94.73,9.28,-1026.86,0.85,1.24,2.53,3.90,-208.05,-405.30,27.5
2026/04/22 21:51:24.44,IMU,-66.89,-3.42,-1013.67,0.21,0.15,-3.41,1.65,-209.70,-401.10,27.6
2026/04/22 21:51:24.54,IMU,-68.85,7.32,-1010.25,-1.19,0.96,-1.46,4.65,-208.05,-404.85,27.2
2026/04/22 21:51:24.64,IMU,-93.26,13.67,-1017.58,3.18,-5.34,-1.92,5.25,-207.45,-404.70,27.1
2026/04/22 21:51:24.74,IMU,-95.21,4.88,-1016.60,-1.23,1.34,4.92,6.00,-208.20,-404.70,27.1
2026/04/22 21:51:24.84,IMU,-88.38,-1.95,-1016.60,2.32,1.74,3.68,4.65,-208.80,-405.60,27.5
2026/04/22 21:51:24.94,IMU,-74.71,8.30,-1013.18,1.11,-0.94,-1.67,5.25,-208.20,-404.70,27.3
2026/04/22 21:51:25.05,IMU,-105.96,16.11,-1042.97,0.97,-1.73,-3.28,6.60,-208.80,-404.85,27.3
2026/04/22 21:51:25.15,IMU,-83.50,7.32,-997.56,1.39,1.67,1.26,5.70,-207.75,-403.95,27.2
2026/04/22 21:51:25.25,IMU,-56.64,-2.44,-994.63,0.11,2.63,0.30,6.75,-207.45,-405.15,27.5
2026/04/22 21:51:25.35,IMU,-86.43,0.00,-1003.91,-0.45,-0.11,-4.97,4.50,-207.75,-404.40,27.2
2026/04/22 21:51:25.45,IMU,-104.98,-9.28,-1013.67,-2.38,2.46,0.40,1.35,-211.35,-399.90,27.3
2026/04/22 21:51:25.55,IMU,-74.71,2.93,-1004.39,1.54,-2.31,-5.28,4.95,-207.45,-404.40,27.4
2026/04/22 21:51:25.65,IMU,-78.61,4.88,-1009.77,-1.28,-0.19,-0.03,5.85,-208.80,-403.80,27.3
2026/04/22 21:51:25.75,IMU,-112.30,0.98,-1013.67,0.26,3.54,3.92,4.95,-208.95,-406.20,27.2
2026/04/22 21:51:25.85,IMU,-63.48,-5.86,-999.02,0.03,3.44,2.34,5.25,-207.75,-406.50,27.1
2026/04/22 21:51:25.95,IMU,-76.66,-1.95,-1014.16,2.18,-3.23,-5.87,5.25,-208.95,-406.50,27.3
2026/04/22 21:51:26.06,IMU,-84.96,17.58,-1003.42,-1.69,2.42,-0.15,4.95,-208.95,-404.70,27.2
2026/04/22 21:51:26.16,IMU,-103.03,-0.98,-1020.02,0.47,-1.05,1.45,5.85,-208.80,-404.25,27.3
2026/04/22 21:51:26.26,IMU,-97.66,-7.32,-1010.74,2.50,-4.04,3.07,4.65,-207.30,-403.05,27.0
2026/04/22 21:51:26.36,IMU,-94.73,-11.72,-1021.97,-0.95,0.47,4.10,5.25,-207.75,-404.70,27.4
2026/04/22 21:51:26.47,IMU,-92.29,-2.93,-1019.53,1.05,1.18,2.17,2.70,-211.20,-400.35,27.2
2026/04/22 21:51:26.57,IMU,-71.78,2.93,-1007.32,-1.33,0.04,-2.24,6.00,-208.95,-404.40,27.2
2026/04/22 21:51:26.67,IMU,-112.30,-6.35,-1003.91,0.58,-1.58,-3.24,6.15,-209.10,-404.55,27.5
2026/04/22 21:51:26.77,IMU,-86.91,-0.49,-999.51,0.44,3.70,2.69,5.40,-207.60,-404.55,27.3
2026/04/22 21:51:26.87,IMU,-67.38,-5.86,-1022.46,-1.43,2.04,-1.02,5.70,-207.45,-405.45,27.3
2026/04/22 21:51:26.97,IMU,-98.14,-0.49,-995.61,-0.02,0.99,-12.11,5.40,-208.80,-404.25,27.3
2026/04/22 21:51:27.07,IMU,-77.64,-20.51,-1029.79,-1.18,6.70,-3.94,5.40,-206.85,-405.30,27.0
2026/04/22 21:51:27.17,IMU,-69.82,11.72,-995.61,-5.13,4.79,-0.57,4.50,-209.25,-403.95,27.5
2026/04/22 21:51:27.27,IMU,-1.46,-17.09,-1002.44,-15.76,34.80,1.17,2.25,-207.00,-405.75,27.1
2026/04/22 21:51:27.37,IMU,-65.92,90.82,-1027.83,25.60,-27.07,-18.50,0.90,-208.20,-406.50,27.1
2026/04/22 21:51:27.47,IMU,-23.44,-31.74,-1021.48,-16.45,17.94,37.07,1.20,-207.45,-405.45,27.3
2026/04/22 21:51:27.57,IMU,72.75,-21.48,-975.59,21.56,-22.85,-18.21,3.00,-208.95,-405.15,27.3
2026/04/22 21:51:27.67,IMU,-109.37,-21.00,-1036.13,10.66,-21.75,-17.81,3.90,-210.60,-404.55,27.1
2026/04/22 21:51:27.77,IMU,-111.82,-19.53,-1007.32,-6.92,5.27,7.31,4.20,-210.90,-402.15,27.2
2026/04/22 21:51:27.87,IMU,-88.87,-61.04,-1034.67,8.16,-18.02,2.21,4.95,-210.15,-403.20,27.4
2026/04/22 21:51:27.97,IMU,-159.18,-70.31,-1061.52,-2.61,11.47,-8.92,6.15,-211.35,-401.70,27.3
2026/04/22 21:51:28.07,IMU,-105.47,-23.44,-1049.32,-5.16,8.39,-12.94,4.95,-211.20,-403.20,27.3
2026/04/22 21:51:28.17,IMU,-43.46,-45.41,-1023.93,4.88,12.34,-2.90,1.35,-211.05,-403.05,27.2
2026/04/22 21:51:28.27,IMU,-125.98,-34.67,-1003.91,1.78,6.74,0.35,2.10,-213.30,-403.05,27.4
2026/04/22 21:51:28.37,IMU,-6.35,-54.20,-1011.23,7.92,-1.63,5.73,-0.45,-212.70,-402.60,27.3
2026/04/22 21:51:28.47,IMU,-32.71,-29.79,-997.56,11.85,-29.69,-3.30,1.80,-213.00,-403.50,27.0
2026/04/22 21:51:28.57,IMU,-103.52,-64.94,-1025.39,-8.58,14.06,4.10,0.90,-213.45,-401.40,27.1
2026/04/22 21:51:28.67,IMU,-32.71,-54.20,-1000.98,0.49,-1.31,-2.89,0.90,-212.70,-401.40,27.5
2026/04/22 21:51:28.77,IMU,-63.96,-73.24,-1029.79,7.79,-0.52,-6.24,0.90,-213.15,-400.05,27.2
2026/04/22 21:51:28.89,IMU,-86.91,-43.95,-1039.55,-6.38,18.68,-3.95,-1.95,-213.45,-401.10,27.5
2026/04/22 21:51:28.99,IMU,-24.41,-69.34,-1018.55,0.76,-1.63,-6.14,-1.05,-212.10,-402.00,27.5
2026/04/22 21:51:29.09,IMU,-49.32,-48.34,-1004.88,-6.84,0.96,-10.34,-3.30,-212.10,-401.25,27.5
2026/04/22 21:51:29.19,IMU,-48.83,-37.11,-1034.18,3.84,-6.70,-3.11,-4.65,-213.00,-401.70,27.5
2026/04/22 21:51:29.29,IMU,-4.39,-47.85,-1010.25,-5.86,10.39,6.17,-3.45,-212.40,-402.15,27.5
2026/04/22 21:51:29.39,IMU,-43.95,-42.97,-1023.93,-2.25,-2.54,-2.39,-2.70,-211.65,-401.85,27.3
2026/04/22 21:51:29.49,IMU,-82.03,-16.60,-990.23,1.45,5.11,6.08,-1.35,-212.55,-402.00,27.3
2026/04/22 21:51:29.59,IMU,3.91,-44.92,-1003.91,2.21,0.96,7.34,-1.95,-213.90,-401.85,27.4
2026/04/22 21:51:29.69,IMU,-65.92,-68.36,-1025.88,5.58,-6.18,-4.44,-1.65,-213.90,-401.85,27.5
2026/04/22 21:51:29.79,IMU,-27.83,-22.95,-999.51,-0.69,5.35,0.80,-2.70,-212.55,-401.70,27.3
2026/04/22 21:51:29.89,IMU,-39.06,-37.11,-1016.11,-1.91,4.52,2.27,-1.95,-213.45,-401.85,27.5
2026/04/22 21:51:29.99,IMU,-52.73,-26.86,-1011.23,0.63,0.82,2.83,-1.05,-213.75,-402.00,27.0
2026/04/22 21:51:30.09,IMU,-29.30,-47.85,-1018.55,2.63,-0.62,2.23,-2.10,-213.00,-402.00,27.2
2026/04/22 21:51:30.19,IMU,-29.79,-51.27,-1002.93,-1.05,0.57,-3.16,-1.20,-212.40,-401.40,27.3
2026/04/22 21:51:30.29,IMU,-31.74,-39.06,-1032.71,0.69,0.50,-10.11,-1.80,-212.55,-401.70,27.2
2026/04/22 21:51:30.39,IMU,-44.43,-61.52,-980.47,-0.31,7.43,0.55,-3.00,-212.40,-402.60,27.3
2026/04/22 21:51:30.49,IMU,-3.91,-42.48,-1000.00,1.37,-7.22,-5.60,-4.20,-214.20,-402.60,27.2
2026/04/22 21:51:30.59,IMU,-64.94,-40.04,-1026.37,-0.75,2.53,-0.96,-4.20,-211.95,-401.85,27.5
2026/04/22 21:51:30.69,IMU,-20.51,-43.46,-1016.60,-0.02,3.43,-3.33,-5.25,-212.40,-401.40,27.3
2026/04/22 21:51:30.79,IMU,-12.70,-21.00,-1011.72,-0.82,-0.91,0.74,-4.50,-211.20,-402.15,27.0
2026/04/22 21:51:30.89,IMU,-6.84,-21.97,-1006.84,-0.04,-3.34,3.14,-3.00,-212.40,-402.60,27.5
2026/04/22 21:51:30.99,IMU,-15.14,-31.25,-996.58,-4.05,1.87,1.22,-0.60,-213.00,-401.70,27.3
2026/04/22 21:51:31.09,IMU,-135.25,-125.49,-1117.68,0.19,5.88,4.06,-2.85,-212.55,-403.50,27.2
2026/04/22 21:51:31.19,IMU,3.91,-65.92,-982.91,-0.98,-2.78,3.21,-2.55,-212.10,-402.75,27.5
2026/04/22 21:51:31.29,IMU,-31.25,-32.71,-1016.11,2.95,-3.46,0.10,-1.95,-212.70,-402.60,27.3
2026/04/22 21:51:31.39,IMU,-41.50,-35.16,-1021.48,-0.28,0.13,-1.23,-1.80,-211.35,-403.05,27.5
2026/04/22 21:51:31.49,IMU,-46.39,-49.32,-1001.95,-0.14,-0.33,0.43,-2.25,-213.45,-402.60,27.3
2026/04/22 21:51:31.59,IMU,-46.88,-55.18,-1010.25,1.27,-3.63,1.15,-1.65,-212.40,-402.15,27.4
2026/04/22 21:51:31.69,IMU,-34.18,-55.66,-1013.67,1.05,1.96,1.14,-1.95,-213.45,-401.40,27.1
2026/04/22 21:51:31.80,IMU,-42.48,-43.46,-1022.95,-0.82,-0.21,-2.64,-1.20,-213.15,-402.90,27.5
2026/04/22 21:51:31.90,IMU,-30.76,-31.25,-1008.30,-0.38,1.08,-2.22,-1.05,-214.05,-402.30,27.5
2026/04/22 21:51:32.00,IMU,-38.57,-31.74,-1009.28,-1.52,-0.44,-1.08,-1.65,-211.95,-401.10,27.1
2026/04/22 21:51:32.10,IMU,-40.53,-40.04,-1016.60,0.05,0.82,0.23,-2.25,-211.65,-402.15,27.5
2026/04/22 21:51:32.20,IMU,-45.90,-57.13,-1007.32,1.15,-4.79,-1.18,-1.95,-213.15,-402.60,27.3
2026/04/22 21:51:32.30,IMU,-34.18,-55.18,-1017.58,2.92,1.31,3.07,-1.95,-211.95,-402.60,27.3
2026/04/22 21:51:32.40,IMU,-45.41,-45.41,-1016.60,0.41,-1.48,-3.16,-2.85,-212.10,-402.75,27.3
2026/04/22 21:51:32.50,IMU,-55.66,-40.04,-1012.70,-0.30,0.19,3.50,-1.20,-213.15,-400.35,27.3
2026/04/22 21:51:32.60,IMU,-36.13,-43.95,-1015.63,-1.20,0.07,-0.36,-5.40,-214.50,-398.10,27.5
2026/04/22 21:51:32.70,IMU,-38.09,-35.16,-1010.25,2.25,0.68,-2.31,-2.25,-213.45,-402.90,27.4
2026/04/22 21:51:32.80,IMU,-35.64,-46.39,-1009.77,0.28,2.35,-3.27,-1.65,-213.15,-402.60,27.5
2026/04/22 21:51:32.90,IMU,-51.76,-33.69,-1035.16,-0.85,0.62,-0.57,-3.90,-212.55,-402.00,27.3
2026/04/22 21:51:33.00,IMU,-47.85,-34.67,-1017.58,0.79,-1.54,0.74,-2.55,-213.75,-403.05,27.3
2026/04/22 21:51:33.10,IMU,-35.64,-36.13,-1011.23,0.58,-1.55,-2.27,-1.35,-211.80,-402.00,27.5
2026/04/22 21:51:33.20,IMU,-36.13,-47.85,-1006.84,-0.15,1.69,1.38,-0.60,-211.80,-402.00,27.3
2026/04/22 21:51:33.30,IMU,-55.18,-33.69,-1031.25,-1.79,1.47,-1.58,-2.10,-212.55,-403.80,27.3
2026/04/22 21:51:33.40,IMU,-32.71,-36.62,-1011.23,1.77,-2.74,-1.20,-2.55,-212.55,-402.30,27.5
2026/04/22 21:51:33.50,IMU,-46.88,-33.69,-1003.91,-1.64,0.98,-1.03,-0.45,-211.65,-402.60,27.1
2026/04/22 21:51:33.60,IMU,-45.90,-38.57,-1004.88,-2.19,-0.11,3.11,-4.35,-215.25,-398.40,27.2
2026/04/22 21:51:33.70,IMU,-51.76,-40.04,-1019.04,1.24,0.02,1.21,-1.35,-213.30,-403.05,27.5
2026/04/22 21:51:33.80,IMU,-51.27,-35.16,-1000.00,1.86,-1.13,-0.61,-1.65,-212.70,-402.60,27.1
2026/04/22 21:51:33.90,IMU,-62.99,-45.90,-1015.14,1.10,-5.04,0.94,-0.15,-213.15,-402.60,27.5
2026/04/22 21:51:34.00,IMU,-58.59,-34.67,-1034.67,0.12,1.40,-3.21,-1.65,-211.95,-403.65,27.5
2026/04/22 21:51:34.11,IMU,-37.11,-20.02,-1011.72,2.83,-3.82,-2.58,-0.60,-213.30,-403.80,27.5
2026/04/22 21:51:34.21,IMU,-50.29,-46.88,-1019.53,-2.05,0.31,-0.35,-0.15,-213.90,-401.85,27.5
2026/04/22 21:51:34.31,IMU,-65.92,-48.34,-1030.27,0.72,-0.18,6.08,-1.20,-213.15,-401.10,27.3
2026/04/22 21:51:34.41,IMU,-28.81,-35.64,-999.51,1.69,-1.15,-0.01,-0.45,-212.40,-400.80,27.3
2026/04/22 21:51:34.51,IMU,-57.13,-41.99,-1005.37,0.08,-2.21,-0.53,-2.10,-213.75,-402.30,27.5
2026/04/22 21:51:34.61,IMU,-60.55,-38.09,-1028.32,-0.87,1.15,2.22,-0.45,-211.95,-402.90,27.3
2026/04/22 21:51:34.71,IMU,-57.62,-40.53,-1002.44,0.66,1.25,0.61,-0.15,-214.20,-401.85,27.3
2026/04/22 21:51:34.81,IMU,-70.80,-39.06,-1011.72,-0.41,0.89,3.22,-1.35,-213.30,-401.70,27.5
2026/04/22 21:51:34.91,IMU,-56.15,-27.83,-1007.32,-0.71,-0.73,-5.02,-0.45,-211.65,-403.20,27.5
2026/04/22 21:51:35.01,IMU,-32.71,-40.04,-1010.74,-3.49,5.93,-0.90,-0.45,-212.40,-402.60,27.3
2026/04/22 21:51:35.11,IMU,-26.86,-25.39,-1029.30,-3.28,11.63,-5.59,-1.95,-212.40,-402.90,27.3
2026/04/22 21:51:35.21,IMU,-44.92,-15.63,-1024.41,-2.67,0.15,-0.23,-1.05,-210.60,-403.80,27.6
2026/04/22 21:51:35.31,IMU,-28.81,-38.09,-1001.95,-2.48,3.97,0.41,-2.55,-212.55,-403.05,27.6
2026/04/22 21:51:35.41,IMU,-34.67,-9.28,-1024.90,0.91,-2.06,-1.15,-2.70,-211.95,-403.20,27.5
2026/04/22 21:51:35.51,IMU,-39.06,-28.32,-1005.86,4.44,-5.92,3.42,-2.55,-212.10,-403.50,27.5
2026/04/22 21:51:35.61,IMU,-47.36,-41.99,-1013.67,1.28,-1.66,2.71,-3.00,-212.40,-401.85,27.5
2026/04/22 21:51:35.71,IMU,-47.85,-46.39,-1011.72,3.60,-3.34,-0.67,-2.10,-212.10,-403.05,27.5
2026/04/22 21:51:35.81,IMU,-55.18,-48.83,-1027.83,1.28,-2.96,-2.60,-1.80,-214.05,-402.75,27.5
2026/04/22 21:51:35.91,IMU,-68.36,-55.18,-1024.41,0.95,-3.31,1.32,-1.80,-213.30,-402.00,27.5
2026/04/22 21:51:36.01,IMU,-73.73,-44.43,-1004.39,2.80,-2.34,1.43,-0.45,-213.45,-401.85,27.5
2026/04/22 21:51:36.11,IMU,-63.96,-57.13,-1015.14,2.20,-5.11,1.60,-0.90,-214.65,-401.10,27.5
2026/04/22 21:51:36.21,IMU,-121.58,-79.59,-1039.06,8.16,-11.15,-3.76,0.30,-214.80,-402.30,27.3
2026/04/22 21:51:36.31,IMU,-77.15,-54.69,-999.02,-0.10,-2.27,0.66,1.05,-214.80,-402.30,27.6
2026/04/22 21:51:36.41,IMU,-87.40,-48.34,-1014.16,-0.77,1.89,0.68,1.35,-214.05,-400.50,27.5
2026/04/22 21:51:36.51,IMU,-103.03,-54.69,-1002.93,-1.53,-0.95,-0.50,0.90,-213.90,-401.40,27.6
2026/04/22 21:51:36.61,IMU,-88.38,-57.62,-1013.67,2.19,-2.56,0.05,1.20,-213.45,-400.80,27.5
2026/04/22 21:51:36.71,IMU,-99.61,-58.59,-1025.88,3.15,-3.47,-0.96,1.35,-214.05,-400.95,27.5
2026/04/22 21:51:36.81,IMU,-108.89,-73.73,-1013.67,-0.77,4.44,1.45,0.60,-214.80,-401.70,27.3
2026/04/22 21:51:36.91,IMU,-102.05,-65.43,-1026.37,0.05,1.38,1.89,1.35,-214.05,-400.95,27.3
2026/04/22 21:51:37.01,IMU,-90.82,-62.50,-1008.30,-0.41,2.26,0.89,1.05,-213.00,-402.30,27.6
2026/04/22 21:51:37.11,IMU,-91.80,-71.29,-1017.09,2.55,-1.89,1.05,-0.30,-214.50,-401.25,27.5
2026/04/22 21:51:37.21,IMU,-115.23,-72.27,-1010.25,0.51,2.61,-1.90,2.10,-214.50,-400.95,27.5
2026/04/22 21:51:37.32,IMU,-82.52,-67.38,-1017.09,-6.23,4.35,2.21,1.05,-214.80,-401.25,27.5
2026/04/22 21:51:37.42,IMU,-77.64,-63.96,-1010.25,-2.44,5.63,-1.04,0.90,-214.95,-400.80,27.6
2026/04/22 21:51:37.52,IMU,-68.85,-42.48,-1007.81,-0.63,1.98,-0.89,0.90,-211.95,-402.15,27.6
2026/04/22 21:51:37.62,IMU,-67.38,-58.11,-1012.70,-2.37,3.92,-0.58,0.60,-213.30,-401.70,27.8
2026/04/22 21:51:37.72,IMU,-122.07,-62.99,-1011.72,0.71,0.95,-6.00,0.60,-213.30,-402.00,27.5
2026/04/22 21:51:37.82,IMU,-62.50,-37.11,-981.45,17.48,19.65,5.69,-0.45,-211.95,-401.85,27.6
2026/04/22 21:51:37.92,IMU,-43.95,-60.06,-1027.34,-0.81,5.37,10.36,-1.80,-213.00,-402.75,27.7
2026/04/22 21:51:38.02,IMU,-33.69,-71.29,-1005.37,0.23,-3.11,-2.44,-1.80,-212.55,-400.95,27.7
2026/04/22 21:51:38.12,IMU,-45.90,-85.45,-1005.86,-0.29,-2.50,-3.92,-1.20,-210.45,-400.80,27.6
2026/04/22 21:51:38.22,IMU,-33.69,-55.18,-1021.97,-0.70,-0.48,2.60,-0.30,-213.75,-400.50,27.4
2026/04/22 21:51:38.32,IMU,-51.76,-77.15,-1020.51,-2.80,2.19,1.07,0.90,-211.95,-397.80,27.6
2026/04/22 21:51:38.42,IMU,-44.43,-58.59,-1011.23,0.31,-0.46,-1.82,-0.45,-210.90,-400.05,27.8
2026/04/22 21:51:38.52,IMU,-23.93,-42.97,-1000.00,-1.95,1.56,2.47,0.00,-211.80,-399.45,27.7
2026/04/22 21:51:38.62,IMU,-58.11,-52.73,-1016.60,-0.70,-3.21,1.04,0.30,-211.35,-399.45,27.6
2026/04/22 21:51:38.72,IMU,-64.45,-103.03,-1045.90,4.26,1.82,-1.95,-2.10,-210.30,-396.60,27.5
2026/04/22 21:51:38.82,IMU,-67.38,-59.08,-1015.14,0.71,-1.77,3.92,1.80,-210.30,-399.45,27.5
2026/04/22 21:51:38.92,IMU,-37.11,-53.22,-1038.09,0.22,5.00,2.08,1.20,-209.25,-399.30,27.9
2026/04/22 21:51:39.02,IMU,-54.69,-43.46,-1037.60,-4.76,7.24,0.68,0.45,-209.25,-400.35,27.6
2026/04/22 21:51:39.12,IMU,-15.63,-18.55,-1000.98,-10.94,13.17,-1.00,0.00,-207.60,-402.30,27.7
2026/04/22 21:51:39.22,IMU,-17.09,10.25,-1016.11,-2.37,5.26,-0.31,-1.20,-206.70,-402.15,27.8
2026/04/22 21:51:39.32,IMU,23.93,-4.39,-1020.02,-3.81,14.79,2.24,-1.65,-205.95,-402.60,27.5
2026/04/22 21:51:39.42,IMU,48.34,-4.39,-1062.50,-1.76,10.58,-5.45,-2.55,-207.60,-404.25,27.6
2026/04/22 21:51:39.52,IMU,71.78,13.67,-1035.16,-6.89,21.35,3.42,-3.30,-206.85,-404.85,27.5
2026/04/22 21:51:39.62,IMU,125.49,7.81,-993.65,-3.01,7.66,4.44,-5.70,-207.00,-406.50,27.5
2026/04/22 21:51:39.73,IMU,126.46,19.04,-946.29,3.58,-4.69,-5.30,-8.70,-206.55,-400.95,27.6
2026/04/22 21:51:39.83,IMU,122.07,32.71,-1015.14,-5.49,5.21,-1.91,-5.25,-206.25,-405.15,27.5
2026/04/22 21:51:39.93,IMU,110.35,31.74,-1017.09,-6.57,12.54,5.92,-7.80,-204.75,-401.40,27.6
2026/04/22 21:51:40.03,IMU,155.76,47.36,-992.19,-6.44,12.01,0.21,-7.80,-203.70,-406.20,27.6
2026/04/22 21:51:40.13,IMU,149.41,47.36,-1003.42,4.26,-2.05,1.83,-6.90,-204.60,-406.65,27.4
2026/04/22 21:51:40.23,IMU,194.34,62.50,-984.86,-0.51,0.33,0.57,-7.95,-203.10,-406.35,27.6
2026/04/22 21:51:40.33,IMU,171.39,49.32,-1003.91,-2.12,1.08,3.47,-7.35,-203.85,-406.65,27.5
2026/04/22 21:51:40.43,IMU,148.93,50.29,-996.58,0.53,-5.38,1.31,-6.90,-204.15,-406.05,27.5
2026/04/22 21:51:40.53,IMU,170.90,42.48,-1000.49,1.18,0.40,-1.08,-7.65,-204.60,-405.60,27.6
2026/04/22 21:51:40.63,IMU,160.64,37.11,-1004.88,1.53,0.82,1.37,-6.75,-203.25,-405.45,27.5
2026/04/22 21:51:40.73,IMU,155.76,57.13,-990.72,1.49,-3.75,-1.25,-8.55,-204.75,-405.45,27.6
2026/04/22 21:51:40.83,IMU,161.62,51.76,-983.40,0.69,-1.33,-0.29,-7.95,-203.40,-406.05,27.6
2026/04/22 21:51:40.93,IMU,143.07,40.53,-1010.74,2.50,-0.99,-1.40,-7.80,-203.70,-406.20,27.5
2026/04/22 21:51:41.03,IMU,166.99,35.64,-992.19,1.50,-3.05,0.10,-6.30,-203.70,-406.50,27.5
2026/04/22 21:51:41.13,IMU,155.27,55.66,-989.26,1.82,-0.69,-1.78,-6.60,-203.40,-406.05,27.5
2026/04/22 21:51:41.23,IMU,153.81,44.92,-1002.44,0.16,2.15,3.47,-6.60,-203.40,-406.05,27.5
2026/04/22 21:51:41.33,IMU,147.95,36.62,-1001.46,-0.37,0.92,1.47,-6.75,-203.70,-406.20,27.5
2026/04/22 21:51:41.43,IMU,156.25,48.34,-983.40,-2.91,0.60,1.28,-5.40,-204.90,-406.05,27.5
2026/04/22 21:51:41.53,IMU,164.06,17.58,-1022.95,1.20,10.41,1.23,-6.90,-203.10,-407.10,27.5
2026/04/22 21:51:41.63,IMU,142.58,50.78,-1005.37,-0.97,4.25,-5.22,-6.75,-203.70,-406.95,27.5
2026/04/22 21:51:41.73,IMU,169.92,71.78,-957.03,4.60,-3.14,-3.44,-8.40,-203.40,-405.30,27.8
2026/04/22 21:51:41.84,IMU,160.64,64.45,-998.54,-2.41,7.66,3.27,-7.65,-204.15,-405.60,27.6
2026/04/22 21:51:41.94,IMU,213.87,66.89,-981.45,-7.26,24.37,6.08,-9.75,-202.50,-406.50,27.6
2026/04/22 21:51:42.04,IMU,254.39,64.94,-965.33,-4.66,16.59,2.85,-10.35,-202.50,-406.50,27.6
2026/04/22 21:51:42.14,IMU,258.79,81.54,-958.01,-5.24,0.86,2.15,-12.75,-203.85,-406.65,27.3
2026/04/22 21:51:42.24,IMU,258.30,70.31,-975.59,4.73,-4.44,3.47,-10.80,-204.00,-408.30,27.6
2026/04/22 21:51:42.34,IMU,248.54,58.11,-993.65,4.94,-4.36,-1.22,-10.80,-202.50,-408.00,27.5
2026/04/22 21:51:42.44,IMU,221.68,65.43,-977.54,10.59,-6.95,-1.36,-9.75,-203.25,-407.25,27.5
2026/04/22 21:51:42.54,IMU,221.19,63.48,-977.54,1.08,-5.24,2.90,-9.15,-204.60,-406.35,27.5
2026/04/22 21:51:42.64,IMU,212.89,20.51,-995.61,2.54,0.82,0.80,-7.35,-205.65,-405.60,27.6
2026/04/22 21:51:42.74,IMU,216.80,54.69,-984.86,1.88,-2.01,-0.38,-9.45,-204.60,-406.05,27.6
2026/04/22 21:51:42.84,IMU,213.38,53.71,-985.84,-0.11,0.26,-1.18,-9.45,-203.85,-406.35,27.6
2026/04/22 21:51:42.94,IMU,218.75,42.48,-978.03,2.63,2.11,2.37,-9.15,-204.15,-407.10,27.3
2026/04/22 21:51:43.05,IMU,221.68,48.83,-986.82,0.99,0.39,2.65,-8.25,-204.75,-405.75,27.2
2026/04/22 21:51:43.15,IMU,210.94,49.32,-979.98,1.56,-1.15,2.41,-9.00,-205.50,-406.20,27.4
2026/04/22 21:51:43.25,IMU,197.75,22.95,-1004.88,6.14,-5.11,0.01,-7.65,-205.35,-406.65,27.5
2026/04/22 21:51:43.35,IMU,219.73,33.69,-985.35,1.98,1.63,-2.17,-7.50,-205.20,-406.50,27.5
2026/04/22 21:51:43.45,IMU,215.33,13.67,-994.14,2.82,-0.41,-2.60,-7.80,-206.70,-406.95,27.5
2026/04/22 21:51:43.55,IMU,210.94,26.37,-983.40,0.85,0.41,0.92,-10.20,-205.35,-406.05,27.5
2026/04/22 21:51:43.65,IMU,231.93,30.27,-992.68,0.26,2.44,1.53,-9.15,-206.10,-404.55,27.5
2026/04/22 21:51:43.75,IMU,198.73,24.90,-1006.84,-0.31,1.92,-3.00,-9.00,-205.20,-405.15,27.1
2026/04/22 21:51:43.85,IMU,210.45,21.97,-1008.30,-2.31,9.52,0.53,-9.30,-205.50,-405.15,27.5
2026/04/22 21:51:43.95,IMU,211.43,44.43,-1046.88,0.05,2.20,0.62,-10.05,-205.20,-406.20,27.3
2026/04/22 21:51:44.05,IMU,218.26,19.04,-1012.70,-3.70,-4.69,-0.15,-9.90,-204.60,-404.85,27.3
2026/04/22 21:51:44.15,IMU,221.68,20.51,-979.00,-1.05,0.90,-4.16,-9.90,-204.15,-407.40,27.3
2026/04/22 21:51:44.25,IMU,202.64,47.85,-992.68,4.15,-5.55,1.24,-9.45,-204.15,-406.35,27.3
2026/04/22 21:51:44.35,IMU,215.33,35.16,-985.84,-1.55,1.65,0.53,-8.55,-204.75,-406.95,27.5
2026/04/22 21:51:44.45,IMU,206.54,39.06,-1004.39,0.06,4.69,2.62,-9.00,-204.75,-405.75,27.5
2026/04/22 21:51:44.55,IMU,202.15,35.64,-986.82,3.83,-2.22,-3.34,-8.55,-205.20,-405.15,27.5
2026/04/22 21:51:44.65,IMU,213.38,35.16,-996.09,0.35,0.22,-0.85,-9.15,-204.90,-406.05,27.5
2026/04/22 21:51:44.75,IMU,227.54,44.92,-972.17,0.69,-1.86,1.10,-9.75,-205.50,-405.15,27.6
2026/04/22 21:51:44.85,IMU,190.92,36.62,-994.63,0.28,-1.33,0.05,-7.80,-205.20,-405.15,27.3
2026/04/22 21:51:44.95,IMU,207.52,48.34,-983.40,0.27,-3.66,-3.66,-9.90,-203.10,-406.65,27.3
2026/04/22 21:51:45.05,IMU,195.31,30.76,-980.47,0.89,-2.02,2.98,-7.65,-204.60,-406.35,27.1
2026/04/22 21:51:45.15,IMU,228.52,40.53,-979.98,0.83,1.11,-0.65,-8.70,-204.90,-406.65,27.5
2026/04/22 21:51:45.25,IMU,216.80,26.37,-983.40,-4.78,2.26,1.17,-7.50,-204.75,-406.50,27.3
2026/04/22 21:51:45.35,IMU,189.45,53.22,-981.93,2.45,-3.25,4.36,-9.00,-205.95,-406.95,27.3
2026/04/22 21:51:45.45,IMU,205.57,27.34,-985.84,-4.61,8.17,7.08,-7.80,-204.75,-406.95,27.4
2026/04/22 21:51:45.55,IMU,210.94,41.02,-1016.60,1.45,2.37,-7.12,-8.55,-204.75,-405.15,27.3
2026/04/22 21:51:45.65,IMU,264.16,86.43,-915.53,-1.99,4.06,0.37,-10.65,-203.40,-406.05,27.3
2026/04/22 21:51:45.75,IMU,228.03,39.55,-1022.95,-19.70,13.65,-3.71,-9.75,-203.25,-408.30,27.0
2026/04/22 21:51:45.85,IMU,279.30,89.36,-921.39,-4.15,5.30,1.11,-12.30,-202.50,-404.70,27.5
2026/04/22 21:51:45.95,IMU,263.67,85.94,-979.49,1.34,-1.31,2.25,-9.30,-202.80,-408.00,27.1
2026/04/22 21:51:46.06,IMU,286.62,76.17,-938.48,3.85,-2.15,-1.27,-10.95,-201.90,-408.90,27.3
2026/04/22 21:51:46.16,IMU,283.20,87.89,-958.98,-1.43,1.33,-1.74,-10.95,-201.90,-408.45,27.0
2026/04/22 21:51:46.26,IMU,250.98,84.96,-967.29,-1.82,-0.23,3.82,-11.10,-202.05,-406.95,27.4
2026/04/22 21:51:46.36,IMU,283.20,81.54,-974.61,0.47,-0.15,-0.79,-11.40,-202.65,-407.10,27.2
2026/04/22 21:51:46.46,IMU,265.63,84.47,-962.40,0.30,0.76,-2.08,-11.10,-202.05,-408.30,27.2
2026/04/22 21:51:46.56,IMU,251.95,78.12,-979.49,0.18,-0.24,0.84,-12.45,-201.15,-404.85,27.3
2026/04/22 21:51:46.66,IMU,246.09,76.66,-993.65,-2.96,1.79,-1.08,-11.40,-199.95,-407.85,27.1
2026/04/22 21:51:46.76,IMU,250.00,75.20,-976.07,0.64,-1.27,1.51,-10.65,-202.65,-408.15,27.5
2026/04/22 21:51:46.87,IMU,267.09,78.12,-969.73,0.78,-1.34,-0.40,-14.40,-204.45,-402.90,27.3
2026/04/22 21:51:46.97,IMU,267.09,83.98,-975.59,-0.26,-1.01,-0.19,-10.35,-203.25,-407.55,27.3
2026/04/22 21:51:47.07,IMU,235.35,69.34,-983.89,0.98,-1.18,-0.08,-9.75,-203.25,-406.95,27.3
2026/04/22 21:51:47.17,IMU,275.39,66.41,-972.66,-0.71,1.62,1.92,-10.05,-203.70,-406.50,27.0
2026/04/22 21:51:47.27,IMU,252.44,66.41,-969.73,0.20,-4.26,-3.19,-9.15,-202.65,-408.45,27.1
2026/04/22 21:51:47.37,IMU,288.57,91.80,-947.27,-2.41,2.54,5.76,-11.55,-203.25,-406.20,26.9
2026/04/22 21:51:47.47,IMU,252.44,82.03,-987.79,-4.64,6.32,3.25,-11.85,-201.75,-405.45,27.3
2026/04/22 21:51:47.57,IMU,261.23,84.96,-978.52,-1.21,-4.02,-2.15,-10.95,-202.65,-406.65,27.4
2026/04/22 21:51:47.67,IMU,275.39,92.29,-954.59,-1.79,0.18,3.66,-11.85,-201.75,-408.00,27.0
2026/04/22 21:51:47.77,IMU,241.70,74.22,-974.12,0.72,-2.57,-3.27,-11.40,-203.10,-407.40,27.0
2026/04/22 21:51:47.87,IMU,247.56,72.27,-966.80,-0.77,1.69,2.21,-10.65,-202.35,-407.85,27.2
2026/04/22 21:51:47.97,IMU,254.39,74.22,-969.24,1.21,-0.47,0.86,-10.20,-201.90,-407.85,27.0
2026/04/22 21:51:48.07,IMU,251.46,78.61,-974.61,1.66,-2.36,-1.44,-11.85,-202.05,-406.95,27.2
2026/04/22 21:51:48.17,IMU,253.42,72.75,-981.45,2.27,-0.04,-3.88,-10.35,-202.80,-408.30,27.2
2026/04/22 21:51:48.27,IMU,240.72,78.12,-965.33,-0.99,-0.05,3.32,-10.95,-202.35,-405.30,26.8
2026/04/22 21:51:48.37,IMU,228.03,71.78,-974.61,-2.44,-0.08,-0.89,-9.75,-202.80,-408.30,27.0
2026/04/22 21:51:48.47,IMU,245.61,88.38,-980.96,0.60,0.11,1.80,-10.65,-203.40,-407.85,26.8
2026/04/22 21:51:48.57,IMU,242.19,77.64,-984.38,2.50,-0.92,-2.03,-9.75,-204.00,-406.95,27.1
2026/04/22 21:51:48.68,IMU,238.77,71.78,-980.96,-0.18,0.69,0.78,-9.90,-202.35,-406.65,27.0
2026/04/22 21:51:48.78,IMU,236.82,82.03,-979.49,-0.36,-3.79,-2.03,-9.45,-202.65,-404.85,27.2
2026/04/22 21:51:48.88,IMU,250.00,66.41,-966.31,1.45,0.75,0.57,-9.15,-203.85,-406.65,27.0
2026/04/22 21:51:48.98,IMU,244.63,60.55,-972.17,0.67,3.18,-1.64,-9.15,-202.65,-406.65,27.0
2026/04/22 21:51:49.08,IMU,243.65,75.20,-985.35,-5.14,15.31,3.67,-10.95,-203.10,-407.10,27.2
2026/04/22 21:51:49.18,IMU,251.95,53.71,-1051.27,-38.45,44.76,-7.49,-10.05,-201.30,-408.30,27.1
2026/04/22 21:51:49.28,IMU,449.22,177.25,-742.19,-31.01,27.61,4.72,-15.60,-196.05,-410.55,27.2
2026/04/22 21:51:49.38,IMU,370.61,263.18,-884.77,-16.20,-5.02,-22.50,-18.90,-193.80,-412.35,26.9
2026/04/22 21:51:49.48,IMU,272.95,227.05,-943.85,36.13,-26.39,-47.15,-17.25,-193.95,-412.05,27.3
2026/04/22 21:51:49.58,IMU,230.47,83.50,-1015.14,57.29,-8.63,20.53,-16.65,-197.10,-409.80,27.1
2026/04/22 21:51:49.68,IMU,246.09,102.05,-684.57,-41.06,-4.71,-27.99,-18.75,-199.65,-407.40,27.2
2026/04/22 21:51:49.78,IMU,352.05,191.89,-1085.94,-70.15,-15.54,13.52,-15.90,-192.60,-412.35,27.1
2026/04/22 21:51:49.88,IMU,242.68,305.18,-895.02,48.27,0.06,-17.38,-15.45,-189.75,-413.55,27.0
2026/04/22 21:51:49.98,IMU,366.21,230.96,-903.81,9.53,17.79,-11.82,-18.00,-193.95,-411.45,27.2
2026/04/22 21:51:50.08,IMU,292.48,242.68,-954.10,-9.36,-6.53,8.73,-18.45,-195.30,-410.55,27.1
2026/04/22 21:51:50.18,IMU,249.51,261.23,-992.68,-23.60,23.44,-9.97,-17.55,-193.95,-410.25,27.0
2026/04/22 21:51:50.28,IMU,344.24,258.79,-937.01,68.91,89.62,-31.44,-22.95,-191.85,-411.15,26.8
2026/04/22 21:51:50.38,IMU,727.05,34.67,-746.09,63.51,-50.09,42.58,-25.65,-193.20,-409.20,27.0
2026/04/22 21:51:50.48,IMU,151.37,141.11,-1013.67,3.92,-26.60,14.29,-20.40,-200.55,-408.75,26.8
2026/04/22 21:51:50.58,IMU,194.82,115.23,-986.82,16.38,-28.99,39.44,-15.75,-202.35,-408.90,27.1
2026/04/22 21:51:50.68,IMU,221.19,85.45,-970.21,15.69,-34.76,-4.34,-14.10,-204.45,-409.05,27.1
2026/04/22 21:51:50.78,IMU,4.88,-71.29,-1416.02,31.08,-88.22,0.33,-9.00,-205.95,-408.30,27.1
2026/04/22 21:51:50.89,IMU,76.17,25.39,-1035.16,-0.27,-1.10,-2.28,-6.30,-206.70,-405.45,27.0
2026/04/22 21:51:50.99,IMU,61.04,34.67,-1030.27,-6.92,16.42,0.18,-7.05,-205.20,-406.95,27.0
2026/04/22 21:51:51.09,IMU,228.52,109.37,-740.23,-28.76,58.11,4.05,-12.30,-204.00,-409.05,26.8
2026/04/22 21:51:51.19,IMU,187.50,104.49,-995.61,-0.56,0.89,2.10,-14.85,-204.45,-409.05,27.1
2026/04/22 21:51:51.29,IMU,180.66,79.59,-1040.04,2.15,-5.94,-0.56,-12.60,-203.70,-409.80,27.1
2026/04/22 21:51:51.39,IMU,189.94,93.75,-993.65,-3.29,4.04,0.00,-12.45,-203.85,-408.45,27.2
2026/04/22 21:51:51.49,IMU,185.06,97.17,-979.98,-1.53,5.18,0.15,-13.35,-202.05,-409.35,27.0
2026/04/22 21:51:51.59,IMU,188.48,78.12,-997.56,-0.37,-1.34,-1.03,-13.65,-202.50,-408.75,27.0
2026/04/22 21:51:51.69,IMU,190.92,89.84,-989.75,-1.33,2.05,0.98,-14.25,-203.40,-407.85,27.0
2026/04/22 21:51:51.80,IMU,184.57,87.40,-993.65,0.74,-0.66,1.98,-15.15,-203.25,-410.55,26.8
2026/04/22 21:51:51.90,IMU,188.48,88.87,-982.42,-0.92,2.19,1.57,-12.60,-203.70,-409.35,27.0
2026/04/22 21:51:52.00,IMU,183.59,95.21,-976.07,-0.98,0.38,-1.24,-14.70,-203.40,-410.25,27.0
2026/04/22 21:51:52.10,IMU,182.62,82.52,-977.05,1.01,-2.27,0.82,-12.75,-203.40,-409.95,27.0
2026/04/22 21:51:52.20,IMU,179.69,99.61,-996.58,1.97,0.15,1.36,-13.95,-201.60,-409.65,26.7
2026/04/22 21:51:52.30,IMU,189.94,87.89,-994.14,-1.12,-0.84,1.56,-13.05,-202.05,-410.55,27.0
2026/04/22 21:51:52.40,IMU,175.29,83.01,-996.09,0.44,-3.06,-0.12,-13.20,-203.40,-409.20,26.9
2026/04/22 21:51:52.50,IMU,189.45,86.43,-999.02,1.18,-0.01,0.56,-13.50,-201.60,-410.25,26.9
2026/04/22 21:51:52.60,IMU,179.69,94.73,-1014.16,-0.15,0.40,-0.99,-14.10,-203.25,-409.05,27.2
2026/04/22 21:51:52.70,IMU,175.78,84.96,-993.16,1.33,0.38,-0.63,-14.25,-202.35,-409.65,26.9
2026/04/22 21:51:52.80,IMU,174.80,76.66,-997.56,0.30,2.56,0.09,-14.70,-201.15,-409.95,26.8
2026/04/22 21:51:52.90,IMU,180.66,81.05,-1002.44,1.50,-4.35,0.48,-13.35,-202.80,-409.35,27.1
2026/04/22 21:51:53.00,IMU,171.39,89.36,-984.86,1.50,0.24,0.44,-16.50,-204.15,-405.60,26.8
2026/04/22 21:51:53.10,IMU,179.20,78.12,-993.65,-1.23,2.56,0.00,-14.25,-203.10,-410.70,26.7
2026/04/22 21:51:53.20,IMU,168.95,90.33,-1009.28,1.20,-0.73,-0.10,-13.20,-203.10,-408.90,26.9
2026/04/22 21:51:53.30,IMU,168.95,93.26,-1003.91,-0.65,0.68,1.93,-13.65,-203.70,-410.55,26.8
2026/04/22 21:51:53.40,IMU,167.97,83.50,-1003.91,0.08,1.77,-1.08,-13.65,-201.75,-409.35,26.9
2026/04/22 21:51:53.50,IMU,161.62,84.47,-1002.44,0.44,0.02,-1.09,-12.00,-201.15,-409.65,27.2
2026/04/22 21:51:53.60,IMU,181.15,90.82,-977.54,0.47,1.56,0.53,-13.20,-203.10,-410.25,26.7
2026/04/22 21:51:53.70,IMU,173.34,91.80,-994.14,-0.26,1.30,0.70,-13.95,-203.40,-409.65,27.1
2026/04/22 21:51:53.80,IMU,183.59,90.82,-998.05,-0.92,0.94,2.02,-12.75,-201.15,-409.20,26.8
2026/04/22 21:51:53.90,IMU,180.18,94.73,-988.77,-0.09,0.53,-0.94,-14.25,-202.35,-409.95,26.8
2026/04/22 21:51:54.01,IMU,175.29,83.50,-978.03,-0.85,3.02,-1.65,-15.15,-204.00,-406.35,27.1
2026/04/22 21:51:54.11,IMU,174.32,93.75,-985.35,1.77,-1.93,0.76,-12.75,-203.40,-409.95,26.8
2026/04/22 21:51:54.21,IMU,166.50,85.45,-997.07,0.47,2.14,-1.19,-11.85,-201.75,-409.35,26.8
2026/04/22 21:51:54.31,IMU,171.88,78.61,-983.40,0.69,-3.11,1.20,-13.50,-203.10,-409.65,26.8
2026/04/22 21:51:54.41,IMU,157.71,93.26,-985.84,-0.65,-4.51,1.77,-13.50,-201.90,-409.95,26.9
2026/04/22 21:51:54.51,IMU,168.46,81.54,-982.42,1.51,2.23,0.80,-13.65,-201.75,-409.80,26.9
2026/04/22 21:51:54.61,IMU,168.46,81.05,-980.96,-0.23,0.39,-0.50,-13.05,-202.05,-410.10,26.8
2026/04/22 21:51:54.71,IMU,159.67,82.52,-992.19,1.43,-1.52,0.35,-11.70,-202.65,-409.95,26.9
2026/04/22 21:51:54.81,IMU,163.09,85.45,-1004.88,-0.67,1.18,1.63,-13.35,-203.25,-409.05,26.8
2026/04/22 21:51:54.91,IMU,169.92,86.43,-983.89,-0.82,2.16,-0.16,-13.05,-202.50,-409.05,26.9
2026/04/22 21:51:55.01,IMU,178.22,92.77,-985.35,0.37,0.56,1.51,-13.50,-201.60,-408.45,26.9
2026/04/22 21:51:55.11,IMU,165.04,86.91,-972.66,1.02,0.74,-1.40,-12.60,-203.70,-410.10,26.9
2026/04/22 21:51:55.21,IMU,162.60,81.54,-1000.98,2.12,-0.18,-0.37,-13.20,-202.65,-411.00,26.9
2026/04/22 21:51:55.31,IMU,174.32,83.50,-985.35,2.79,2.05,-1.38,-12.30,-202.80,-409.80,26.7
2026/04/22 21:51:55.41,IMU,155.76,90.33,-973.14,1.60,1.56,1.24,-13.95,-202.65,-410.25,26.8
2026/04/22 21:51:55.51,IMU,175.29,78.12,-971.68,1.90,2.10,0.81,-12.60,-203.70,-409.35,26.5
2026/04/22 21:51:55.61,IMU,175.29,78.12,-967.29,-0.15,0.56,-1.55,-12.30,-202.05,-410.55,26.8
2026/04/22 21:51:55.71,IMU,164.55,81.05,-976.07,0.80,-1.23,0.05,-13.20,-201.90,-410.70,26.7
2026/04/22 21:51:55.81,IMU,167.97,103.03,-983.89,0.40,-0.93,-2.71,-12.75,-203.40,-409.95,27.0
2026/04/22 21:51:55.91,IMU,167.97,91.80,-1008.79,0.04,2.06,1.75,-13.20,-203.10,-409.20,27.0
2026/04/22 21:51:56.01,IMU,185.55,93.26,-996.09,-1.22,2.29,1.60,-11.55,-202.50,-410.55,26.7
2026/04/22 21:51:56.11,IMU,181.64,89.84,-998.05,-0.10,1.35,-0.12,-13.05,-201.30,-409.80,26.9
2026/04/22 21:51:56.21,IMU,183.59,91.31,-1006.35,-1.05,2.69,-0.73,-13.05,-202.50,-410.55,26.7
2026/04/22 21:51:56.32,IMU,174.80,80.57,-1001.95,0.51,1.65,0.27,-12.00,-202.65,-409.95,26.9
2026/04/22 21:51:56.42,IMU,176.27,88.87,-1011.23,1.60,0.00,-0.71,-13.35,-204.45,-409.05,26.9
2026/04/22 21:51:56.52,IMU,174.32,85.94,-999.51,-0.60,1.25,0.06,-13.20,-203.40,-409.65,26.8
2026/04/22 21:51:56.62,IMU,187.99,88.38,-973.63,0.78,0.70,-0.66,-13.95,-202.65,-409.65,26.9
2026/04/22 21:51:56.72,IMU,176.76,87.89,-1017.09,-1.40,5.35,-0.23,-13.95,-203.85,-409.65,26.7
2026/04/22 21:51:56.82,IMU,194.82,100.59,-922.85,1.54,-4.19,1.39,-12.75,-202.35,-410.25,26.8
2026/04/22 21:51:56.92,IMU,161.13,96.68,-989.26,0.11,-0.79,3.54,-13.20,-202.35,-410.70,26.9
2026/04/22 21:51:57.02,IMU,185.55,86.43,-985.35,1.71,0.21,-1.18,-12.75,-203.10,-409.20,27.0
2026/04/22 21:51:57.12,IMU,181.15,89.36,-1000.00,-0.49,1.84,-2.16,-13.05,-203.25,-410.10,26.8
2026/04/22 21:51:57.22,IMU,178.22,91.80,-994.14,-0.82,-0.53,-0.24,-13.50,-203.40,-408.90,26.8
2026/04/22 21:51:57.33,IMU,185.55,88.87,-995.61,1.23,-0.89,1.82,-12.30,-201.30,-409.05,26.8
2026/04/22 21:51:57.43,IMU,175.78,88.87,-1003.91,2.33,-5.90,4.33,-13.50,-202.65,-411.00,26.8
2026/04/22 21:51:57.53,IMU,166.99,71.78,-1014.16,-0.08,-1.11,3.28,-11.70,-202.35,-409.20,26.9
2026/04/22 21:51:57.63,IMU,166.50,86.91,-979.98,-0.64,1.81,-0.90,-13.05,-201.75,-409.05,26.5
2026/04/22 21:51:57.73,IMU,153.81,93.75,-1018.07,2.04,-6.25,-0.69,-12.00,-202.65,-411.00,27.0
2026/04/22 21:51:57.83,IMU,159.67,88.38,-999.02,0.11,0.31,-0.79,-11.85,-204.00,-410.55,26.8
2026/04/22 21:51:57.93,IMU,155.27,82.52,-979.49,0.02,1.36,-1.27,-12.45,-202.35,-409.65,26.4
2026/04/22 21:51:58.03,IMU,152.34,78.12,-991.21,-1.14,0.54,-0.78,-12.75,-202.65,-411.00,26.8
2026/04/22 21:51:58.13,IMU,158.20,77.15,-976.56,-0.26,3.11,0.20,-11.40,-203.85,-409.95,26.8
2026/04/22 21:51:58.23,IMU,161.62,88.38,-995.12,1.95,-1.13,0.59,-12.60,-204.45,-410.10,26.9
2026/04/22 21:51:58.33,IMU,171.39,87.40,-994.14,-2.53,2.66,0.81,-11.70,-203.10,-411.00,26.7
2026/04/22 21:51:58.43,IMU,167.97,85.45,-991.21,0.88,-0.76,-0.01,-13.20,-202.65,-410.25,27.0
2026/04/22 21:51:58.53,IMU,184.08,81.05,-977.05,-0.01,1.92,1.73,-14.40,-203.70,-410.10,26.8
2026/04/22 21:51:58.63,IMU,176.76,83.01,-993.65,-1.46,4.09,3.62,-13.05,-203.70,-409.35,26.8
2026/04/22 21:51:58.73,IMU,173.34,88.87,-979.49,-0.43,0.62,0.04,-13.20,-203.85,-409.95,26.8
2026/04/22 21:51:58.83,IMU,173.83,86.43,-994.63,-1.80,0.89,-0.04,-12.30,-204.00,-409.80,26.9
2026/04/22 21:51:58.93,IMU,184.08,87.89,-1001.95,-0.89,1.51,2.76,-13.20,-201.90,-410.70,26.6
2026/04/22 21:51:59.03,IMU,197.27,72.27,-979.98,-0.25,3.76,0.63,-13.05,-202.80,-408.75,26.6
2026/04/22 21:51:59.13,IMU,166.99,84.96,-986.33,-0.63,0.08,0.08,-16.65,-204.00,-406.95,26.5
2026/04/22 21:51:59.23,IMU,194.82,82.52,-979.98,1.33,-1.11,5.85,-13.05,-203.25,-408.75,26.7
2026/04/22 21:51:59.33,IMU,193.85,77.64,-981.45,3.10,-5.56,2.01,-13.05,-205.20,-410.55,26.8
2026/04/22 21:51:59.43,IMU,177.25,86.91,-983.89,0.82,0.03,1.24,-13.05,-203.25,-410.85,26.7
2026/04/22 21:51:59.53,IMU,174.32,68.85,-997.07,0.74,1.01,0.27,-12.00,-202.35,-409.65,26.8
2026/04/22 21:51:59.63,IMU,187.50,75.68,-1024.41,-1.75,1.48,1.98,-11.70,-203.40,-409.95,26.7
2026/04/22 21:51:59.73,IMU,194.34,79.59,-992.19,-0.47,0.18,0.93,-12.30,-203.25,-409.35,26.6
2026/04/22 21:51:59.83,IMU,188.48,80.57,-992.68,-2.02,3.31,-1.21,-11.70,-202.65,-410.25,26.8
2026/04/22 21:51:59.93,IMU,202.15,91.31,-977.54,-1.18,0.97,0.95,-13.35,-202.50,-411.15,26.6
2026/04/22 21:52:00.03,IMU,189.45,92.77,-982.42,2.06,-1.98,-0.34,-13.05,-203.70,-410.10,26.8
2026/04/22 21:52:00.13,IMU,166.99,68.36,-995.61,6.31,-13.76,0.85,-15.00,-204.90,-405.30,26.5
2026/04/22 21:52:00.23,IMU,161.13,78.12,-985.84,3.40,-8.92,-1.32,-13.05,-203.70,-409.05,26.8
2026/04/22 21:52:00.33,IMU,154.30,73.24,-967.29,0.58,-1.01,-1.08,-9.90,-203.40,-409.65,26.8
2026/04/22 21:52:00.44,IMU,152.83,63.48,-1008.79,3.40,1.02,1.02,-11.70,-203.85,-409.65,26.8
2026/04/22 21:52:00.54,IMU,144.53,67.87,-978.52,7.76,-15.21,-1.64,-11.10,-204.45,-409.35,26.8
2026/04/22 21:52:00.64,IMU,120.12,41.50,-1014.65,6.60,-13.31,-1.24,-8.25,-204.00,-407.55,26.9
2026/04/22 21:52:00.74,IMU,89.36,41.99,-1030.27,1.46,-4.32,2.64,-7.50,-205.20,-410.10,26.9
2026/04/22 21:52:00.84,IMU,116.70,46.39,-986.82,1.40,-1.82,-3.34,-9.15,-205.65,-407.40,26.6
2026/04/22 21:52:00.94,IMU,106.45,49.80,-992.19,5.24,-12.19,-6.06,-8.55,-205.95,-408.75,26.7
2026/04/22 21:52:01.04,IMU,76.66,57.62,-1000.49,-2.00,2.50,-4.21,-8.25,-204.75,-406.95,26.9
2026/04/22 21:52:01.15,IMU,98.63,57.13,-1028.81,-11.82,27.78,0.39,-10.95,-206.55,-404.25,26.6
2026/04/22 21:52:01.25,IMU,157.23,72.75,-984.38,-6.16,12.76,-4.87,-11.10,-203.25,-408.75,26.7
2026/04/22 21:52:01.35,IMU,162.60,70.31,-1016.60,-0.44,-3.07,1.41,-11.10,-204.45,-409.05,26.5
2026/04/22 21:52:01.45,IMU,161.62,100.59,-860.84,19.27,-33.91,13.27,-10.95,-203.40,-408.90,26.6
2026/04/22 21:52:01.55,IMU,102.05,52.73,-969.24,8.79,-21.08,3.71,-7.05,-205.95,-408.75,26.6
2026/04/22 21:52:01.65,IMU,62.99,21.97,-1013.67,7.35,-18.50,2.89,-5.25,-206.25,-406.95,26.9
2026/04/22 21:52:01.75,IMU,16.11,4.39,-1064.94,6.24,-6.79,-1.90,-4.35,-206.55,-406.35,26.8
2026/04/22 21:52:01.85,IMU,32.23,84.47,-1017.58,2.79,-4.98,0.40,-3.75,-207.00,-407.25,26.6
2026/04/22 21:52:01.95,IMU,9.77,16.60,-1031.74,-10.83,25.79,-1.90,-3.75,-209.70,-406.50,26.3
2026/04/22 21:52:02.05,IMU,48.34,17.09,-999.02,-16.31,35.62,6.53,-4.50,-208.20,-408.00,26.8
2026/04/22 21:52:02.15,IMU,79.59,11.23,-1012.21,0.78,-2.67,2.52,-4.50,-208.95,-408.30,26.6
2026/04/22 21:52:02.25,IMU,35.64,11.72,-1055.66,7.37,-20.72,1.29,-2.25,-210.45,-408.00,27.0
2026/04/22 21:52:02.35,IMU,32.23,5.37,-1038.09,1.94,-6.56,-5.66,-3.30,-209.55,-407.40,26.5
2026/04/22 21:52:02.45,IMU,7.81,21.48,-989.75,0.98,-3.96,-3.75,-3.30,-209.55,-407.10,26.8
2026/04/22 21:52:02.55,IMU,-10.25,23.44,-840.82,-4.23,4.82,7.17,-2.70,-206.70,-405.75,26.9
2026/04/22 21:52:02.65,IMU,-7.32,12.21,-991.70,8.16,-18.67,-0.89,-2.70,-209.70,-405.45,26.7
2026/04/22 21:52:02.75,IMU,0.98,0.00,-974.61,7.42,-12.79,-7.70,-1.20,-208.50,-404.40,26.9
2026/04/22 21:52:02.85,IMU,-22.46,-12.70,-968.75,3.19,-8.99,-4.37,-1.35,-210.60,-403.80,26.8
2026/04/22 21:52:02.95,IMU,-65.92,-22.46,-1010.74,0.11,-1.47,-0.47,0.00,-209.85,-403.80,26.6
2026/04/22 21:52:03.05,IMU,-70.80,-30.27,-981.93,-2.34,7.89,1.50,0.90,-210.45,-402.90,26.4
2026/04/22 21:52:03.15,IMU,-93.26,-32.71,-1003.91,7.95,-18.95,1.41,0.30,-209.55,-402.00,26.7
2026/04/22 21:52:03.26,IMU,-120.12,-49.80,-1034.67,6.05,-8.14,-0.61,1.05,-210.60,-402.75,26.7
2026/04/22 21:52:03.36,IMU,-60.55,-31.74,-996.58,-3.59,10.73,-0.35,0.90,-210.15,-401.40,27.0
2026/04/22 21:52:03.46,IMU,-57.62,-14.65,-967.77,7.79,-13.56,-1.73,0.15,-210.45,-400.05,26.5
2026/04/22 21:52:03.56,IMU,-72.75,-27.34,-1002.93,-5.48,13.61,-2.46,0.90,-210.45,-398.55,26.7
2026/04/22 21:52:03.66,IMU,-68.36,-36.13,-1017.58,0.20,0.33,1.65,-0.15,-209.70,-399.60,26.8
2026/04/22 21:52:03.76,IMU,-67.87,-35.16,-1015.63,0.33,3.11,-0.78,1.65,-208.50,-399.00,26.8
2026/04/22 21:52:03.86,IMU,-68.36,-30.27,-995.61,1.00,0.69,-0.82,2.10,-210.60,-399.15,26.9
2026/04/22 21:52:03.96,IMU,-70.80,-21.00,-1001.46,-2.45,6.65,1.34,1.05,-209.55,-398.10,26.4
2026/04/22 21:52:04.06,IMU,-57.62,-24.90,-1021.00,-6.33,12.92,2.17,1.65,-209.70,-397.80,26.7
2026/04/22 21:52:04.16,IMU,-49.32,-17.58,-996.58,1.86,-5.22,-1.95,-0.15,-209.70,-397.80,26.7
2026/04/22 21:52:04.26,IMU,-69.82,-21.48,-1014.16,-3.42,2.63,-0.29,2.10,-208.35,-398.70,26.8
2026/04/22 21:52:04.36,IMU,-69.34,-9.28,-1015.14,0.10,-1.05,0.82,1.95,-208.20,-399.30,26.6
2026/04/22 21:52:04.46,IMU,-38.09,-7.81,-998.05,-7.49,20.14,7.02,0.60,-208.35,-398.40,26.6
2026/04/22 21:52:04.56,IMU,-4.88,-1.46,-982.42,4.50,-7.69,9.02,2.70,-208.20,-399.60,26.5
2026/04/22 21:52:04.66,IMU,-50.29,-14.65,-995.12,6.95,-23.08,-0.02,3.00,-209.70,-398.25,26.7
2026/04/22 21:52:04.76,IMU,-99.12,-41.02,-1024.90,6.90,-12.04,-3.35,4.65,-209.10,-397.35,26.8
2026/04/22 21:52:04.86,IMU,-85.94,-36.13,-994.63,6.86,-18.84,-8.66,5.10,-210.30,-398.10,26.5
2026/04/22 21:52:04.96,IMU,-108.40,-31.74,-1011.23,3.31,-6.63,-0.80,5.70,-208.95,-396.45,26.7
2026/04/22 21:52:05.06,IMU,-77.15,-38.57,-984.38,-0.68,3.24,-0.33,5.25,-208.50,-398.25,26.7
2026/04/22 21:52:05.16,IMU,-82.52,-24.41,-1011.72,-1.05,2.70,-0.10,6.00,-210.15,-398.55,26.9
2026/04/22 21:52:05.26,IMU,-60.55,-32.23,-1016.11,-4.50,12.15,-2.92,4.50,-209.25,-399.60,26.7
2026/04/22 21:52:05.36,IMU,-52.25,-18.55,-1006.84,-3.44,10.01,-1.45,3.75,-209.25,-399.60,26.4
2026/04/22 21:52:05.46,IMU,-14.65,-3.91,-994.63,-11.55,27.09,1.68,2.85,-209.10,-402.00,26.8
2026/04/22 21:52:05.56,IMU,-0.49,5.37,-1017.58,3.77,-4.53,-1.00,1.80,-208.05,-401.25,26.5
2026/04/22 21:52:05.66,IMU,-21.00,-10.25,-1047.36,-2.53,-2.35,-6.76,2.10,-208.35,-402.30,26.7
2026/04/22 21:52:05.76,IMU,-36.62,-3.91,-1053.22,-2.77,2.91,-0.92,2.10,-209.55,-402.00,26.7
2026/04/22 21:52:05.86,IMU,-17.09,-0.98,-1016.60,5.21,-8.76,-0.28,1.65,-208.50,-402.90,26.6
2026/04/22 21:52:05.96,IMU,3.42,-6.84,-994.14,-2.62,4.99,0.79,3.75,-209.70,-402.15,26.8
2026/04/22 21:52:06.07,IMU,-8.79,0.98,-994.63,4.18,-6.63,-1.23,3.75,-208.20,-402.90,26.6
2026/04/22 21:52:06.17,IMU,-14.65,3.42,-991.70,4.04,-6.94,-0.30,4.20,-208.95,-402.15,26.8
2026/04/22 21:52:06.27,IMU,-41.02,-30.76,-1000.49,7.15,-16.84,-0.87,4.50,-208.20,-401.85,26.4
2026/04/22 21:52:06.37,IMU,-62.01,-28.32,-1013.18,-2.83,0.81,-0.42,6.30,-209.70,-400.35,26.6
2026/04/22 21:52:06.47,IMU,-63.96,-17.09,-1009.28,1.22,-3.23,-0.38,4.65,-209.85,-399.90,26.5
2026/04/22 21:52:06.57,IMU,-65.92,-29.79,-1015.14,3.37,-3.60,-0.08,5.10,-209.55,-400.20,26.6
2026/04/22 21:52:06.67,IMU,-74.22,-24.41,-1000.00,1.83,-2.98,-2.83,6.75,-208.95,-398.25,26.8
2026/04/22 21:52:06.77,IMU,-80.57,-28.32,-1000.98,2.47,-5.65,-2.42,6.90,-211.05,-398.40,26.4
2026/04/22 21:52:06.87,IMU,-107.91,-37.60,-1019.04,1.82,0.68,-2.22,6.15,-211.05,-400.95,26.5
2026/04/22 21:52:06.97,IMU,-98.14,-44.43,-996.58,-1.70,4.39,-1.85,6.30,-211.95,-399.00,26.9
2026/04/22 21:52:07.07,IMU,-71.78,-25.88,-1007.81,0.54,1.13,-0.45,5.70,-211.95,-400.05,26.9
2026/04/22 21:52:07.17,IMU,-62.99,-11.23,-998.05,1.21,-0.92,-0.70,4.50,-210.15,-400.35,26.8
2026/04/22 21:52:07.27,IMU,-69.82,-25.39,-1024.90,0.65,-0.62,-1.34,2.25,-211.95,-395.70,26.7
2026/04/22 21:52:07.37,IMU,-67.38,-21.48,-1010.74,1.63,-0.65,0.59,6.30,-210.15,-401.40,26.8
2026/04/22 21:52:07.47,IMU,-80.08,-23.93,-1009.77,-2.05,4.46,0.79,5.25,-209.70,-398.55,26.6
2026/04/22 21:52:07.57,IMU,-74.22,-21.00,-1014.16,-2.36,2.34,0.70,5.40,-209.85,-399.45,26.8
2026/04/22 21:52:07.67,IMU,-53.22,-18.07,-1031.74,-1.80,5.39,2.55,4.50,-209.70,-399.30,26.9
2026/04/22 21:52:07.77,IMU,-59.57,-12.70,-1004.88,-1.89,4.05,-0.77,5.85,-209.85,-400.50,26.6
2026/04/22 21:52:07.87,IMU,-65.43,1.95,-1035.16,-0.67,2.76,1.72,4.20,-210.15,-400.80,26.6
2026/04/22 21:52:07.97,IMU,-48.83,-8.30,-1033.20,-2.27,3.19,1.90,4.35,-210.60,-400.20,26.3
2026/04/22 21:52:08.07,IMU,-59.57,-21.48,-1020.51,-4.81,9.66,-1.35,5.10,-209.85,-401.70,26.5
2026/04/22 21:52:08.17,IMU,-23.44,15.63,-1015.14,-4.95,9.36,2.53,3.00,-208.95,-400.35,26.6
2026/04/22 21:52:08.27,IMU,-28.32,18.07,-1028.81,3.29,-2.44,-1.55,3.90,-208.80,-400.95,26.7
2026/04/22 21:52:08.37,IMU,-39.06,-0.49,-1013.67,2.25,-3.92,-1.11,3.75,-209.70,-401.40,26.3
2026/04/22 21:52:08.47,IMU,-45.90,0.49,-1008.79,1.69,-0.78,0.31,3.75,-209.70,-402.15,26.6
2026/04/22 21:52:08.57,IMU,-42.97,1.46,-1024.41,-0.93,4.79,1.07,4.95,-209.70,-401.10,26.7
2026/04/22 21:52:08.67,IMU,-17.09,8.79,-996.58,-0.32,0.05,0.49,2.85,-209.10,-401.70,27.1
2026/04/22 21:52:08.77,IMU,-24.90,4.88,-1017.09,-0.87,1.34,-0.30,3.75,-208.95,-401.10,26.7
2026/04/22 21:52:08.87,IMU,-35.16,-3.42,-1012.21,-0.04,2.67,2.85,2.55,-209.85,-402.30,26.3
2026/04/22 21:52:08.98,IMU,-24.41,9.77,-993.16,-1.84,2.98,0.24,2.25,-209.25,-401.85,26.4
2026/04/22 21:52:09.08,IMU,-4.88,15.63,-999.51,0.15,0.62,2.82,4.35,-210.30,-402.30,26.4
2026/04/22 21:52:09.18,IMU,-18.55,11.23,-981.45,2.88,-4.13,1.69,3.90,-209.85,-402.30,26.7
2026/04/22 21:52:09.28,IMU,-22.46,5.37,-1018.07,0.16,-1.18,0.64,3.00,-209.70,-402.90,26.4
2026/04/22 21:52:09.38,IMU,-34.18,-1.95,-1024.90,1.09,-1.21,-0.07,4.20,-209.70,-402.15,26.6
2026/04/22 21:52:09.48,IMU,-12.21,3.91,-994.14,-3.05,5.43,-0.53,3.90,-209.10,-402.75,26.6
2026/04/22 21:52:09.58,IMU,-6.35,11.23,-1006.35,-2.95,6.56,0.86,1.95,-209.70,-402.90,26.4
2026/04/22 21:52:09.68,IMU,-4.39,10.74,-1020.51,-1.04,2.86,-1.51,3.45,-209.25,-403.20,26.8
2026/04/22 21:52:09.78,IMU,-0.98,26.37,-1011.23,-0.12,1.63,0.47,1.65,-210.45,-402.15,26.6
2026/04/22 21:52:09.88,IMU,-0.49,14.65,-1031.74,0.02,-0.10,-0.15,1.95,-209.25,-402.90,26.6
2026/04/22 21:52:09.98,IMU,16.60,39.06,-1010.25,-2.76,3.92,-1.39,3.75,-209.25,-403.65,26.5
2026/04/22 21:52:10.08,IMU,20.02,23.93,-1018.07,2.05,-1.41,-0.48,2.25,-210.15,-403.20,26.4
2026/04/22 21:52:10.18,IMU,7.81,32.23,-995.61,0.87,-2.63,2.40,3.00,-210.90,-403.20,26.4
2026/04/22 21:52:10.28,IMU,20.02,25.88,-998.54,-1.52,-1.18,-1.44,3.45,-209.25,-402.15,26.4
2026/04/22 21:52:10.38,IMU,5.37,15.14,-1016.11,0.60,2.05,1.20,1.80,-209.55,-403.50,26.5
2026/04/22 21:52:10.48,IMU,17.58,16.11,-1018.55,0.31,-0.11,-0.46,2.25,-209.25,-401.85,26.4
2026/04/22 21:52:10.58,IMU,-2.93,20.02,-1029.79,2.42,-0.11,-0.40,2.55,-208.35,-402.75,26.6
2026/04/22 21:52:10.68,IMU,10.74,20.02,-1024.90,0.10,1.21,-0.09,1.05,-209.85,-403.80,26.6
2026/04/22 21:52:10.78,IMU,17.58,22.46,-1010.25,1.70,-1.63,2.76,2.85,-209.85,-401.25,26.5
2026/04/22 21:52:10.88,IMU,6.35,11.72,-1019.04,2.37,-0.73,-0.86,-0.60,-211.05,-399.90,26.2
2026/04/22 21:52:10.98,IMU,12.21,14.16,-1014.65,-1.08,2.66,0.63,2.70,-208.35,-403.50,26.5
2026/04/22 21:52:11.08,IMU,-2.44,15.14,-1031.74,-2.81,-0.73,0.09,2.85,-209.55,-402.75,26.8
2026/04/22 21:52:11.18,IMU,0.00,19.04,-1028.32,1.06,-2.44,0.15,3.60,-209.55,-403.50,26.3
2026/04/22 21:52:11.28,IMU,-8.79,25.39,-995.61,-0.10,-1.97,2.65,2.70,-209.70,-403.65,26.4
2026/04/22 21:52:11.38,IMU,6.35,21.97,-1017.09,-1.55,2.54,-0.06,3.75,-208.95,-402.90,26.4
2026/04/22 21:52:11.48,IMU,-0.98,26.37,-1043.95,-0.30,0.66,3.02,2.10,-208.80,-404.55,26.4
2026/04/22 21:52:11.58,IMU,-16.60,10.74,-980.96,0.37,-1.17,0.18,2.25,-208.95,-402.60,26.4
2026/04/22 21:52:11.68,IMU,-7.32,12.70,-1022.95,-0.26,1.66,2.48,1.95,-210.90,-401.85,26.6
2026/04/22 21:52:11.78,IMU,6.35,16.11,-1012.21,0.54,2.16,0.76,4.20,-208.50,-404.25,26.4
2026/04/22 21:52:11.88,IMU,-4.88,10.25,-1021.00,1.10,-3.80,-1.09,2.55,-209.85,-402.75,26.6
2026/04/22 21:52:11.98,IMU,-1.95,20.51,-998.54,3.22,-4.26,1.95,1.95,-208.95,-402.60,26.6
2026/04/22 21:52:12.09,IMU,-24.41,15.63,-1001.46,1.80,-0.24,-1.61,3.00,-208.95,-402.90,26.3
2026/04/22 21:52:12.19,IMU,-5.37,10.74,-993.16,-2.11,2.25,0.93,3.90,-208.80,-403.05,26.6
2026/04/22 21:52:12.29,IMU,-5.37,11.23,-1015.63,1.08,1.40,0.31,3.30,-209.55,-403.80,26.4
2026/04/22 21:52:12.39,IMU,4.88,18.07,-1016.60,0.79,0.99,-1.45,1.80,-211.35,-399.90,26.5
2026/04/22 21:52:12.49,IMU,-11.72,8.30,-1015.63,1.94,0.68,-0.15,4.50,-210.45,-402.90,26.3
2026/04/22 21:52:12.59,IMU,-14.65,9.28,-1008.30,0.42,-0.49,0.20,2.10,-210.30,-402.75,26.4
2026/04/22 21:52:12.69,IMU,-0.49,17.09,-1032.71,1.40,-0.02,-2.46,3.75,-211.20,-402.15,26.4
2026/04/22 21:52:12.79,IMU,5.86,13.18,-1026.86,-3.07,6.05,-7.81,3.30,-211.05,-403.80,26.3
2026/04/22 21:52:12.90,IMU,-14.16,19.53,-1010.74,-1.15,2.61,-3.21,1.35,-211.05,-401.70,26.5
2026/04/22 21:52:13.00,IMU,14.65,21.00,-984.38,3.76,-6.97,-6.20,3.45,-209.70,-401.85,26.6
2026/04/22 21:52:13.10,IMU,2.44,15.14,-1007.81,2.02,-5.25,-6.75,1.80,-210.30,-402.30,26.4
2026/04/22 21:52:13.20,IMU,-13.67,6.35,-1027.34,1.56,2.17,-6.75,1.65,-210.15,-401.85,26.6
2026/04/22 21:52:13.30,IMU,-10.74,0.00,-1024.41,-0.15,-1.73,-2.16,1.35,-210.60,-403.05,26.4
2026/04/22 21:52:13.40,IMU,24.90,10.74,-1030.76,-2.77,5.05,-9.97,-1.65,-211.20,-398.25,26.5
2026/04/22 21:52:13.50,IMU,-13.18,16.11,-1016.60,1.73,-2.78,0.27,-0.30,-211.05,-402.00,26.4
2026/04/22 21:52:13.60,IMU,5.86,5.37,-938.96,0.16,0.92,0.50,-0.60,-210.30,-403.05,26.4
2026/04/22 21:52:13.70,IMU,5.86,25.88,-995.61,-3.37,7.88,-0.60,0.15,-211.20,-402.15,26.4
2026/04/22 21:52:13.80,IMU,10.74,27.34,-960.45,1.38,-2.05,-0.48,0.90,-210.45,-402.90,26.4
2026/04/22 21:52:13.90,IMU,28.81,34.67,-981.93,2.67,-3.57,4.00,0.45,-209.25,-402.15,26.4
2026/04/22 21:52:14.00,IMU,14.65,13.67,-1018.55,-2.24,5.27,-0.15,-0.15,-208.50,-403.20,26.5
2026/04/22 21:52:14.10,IMU,48.34,38.57,-985.35,-3.44,2.27,-14.87,0.30,-209.55,-403.05,26.4
2026/04/22 21:52:14.20,IMU,59.57,43.46,-999.51,-2.24,3.15,-14.89,-0.90,-210.45,-402.90,26.6
2026/04/22 21:52:14.30,IMU,40.04,57.13,-988.28,0.18,5.00,-9.06,-2.55,-209.10,-403.05,26.5
2026/04/22 21:52:14.41,IMU,101.07,56.15,-1038.09,-5.18,47.37,0.96,-7.05,-210.90,-399.00,26.4
2026/04/22 21:52:14.51,IMU,395.02,87.40,-1150.39,-33.43,73.50,3.28,-9.00,-208.20,-402.90,26.4
2026/04/22 21:52:14.61,IMU,198.73,129.88,-1119.14,-13.34,7.73,10.82,-10.95,-206.55,-404.55,26.7
2026/04/22 21:52:14.71,IMU,279.79,166.99,-954.10,-8.95,5.70,8.25,-12.00,-204.15,-406.65,26.4
2026/04/22 21:52:14.81,IMU,251.95,138.18,-1071.78,0.27,15.92,8.21,-12.60,-202.05,-408.00,26.4
2026/04/22 21:52:14.91,IMU,536.13,178.71,-890.14,-36.56,63.93,9.34,-16.50,-201.15,-411.00,26.4
2026/04/22 21:52:15.01,IMU,401.37,183.11,-916.99,-29.38,20.23,22.53,-17.10,-201.30,-409.80,26.4
2026/04/22 21:52:15.11,IMU,445.31,222.17,-822.27,-12.73,-7.73,22.77,-17.70,-197.10,-411.60,26.4
2026/04/22 21:52:15.21,IMU,472.66,243.65,-729.98,-18.84,-5.22,13.56,-15.60,-197.10,-411.90,26.5
2026/04/22 21:52:15.31,IMU,517.09,157.23,-832.52,19.54,-35.92,11.09,-16.35,-199.50,-410.55,26.4
2026/04/22 21:52:15.41,IMU,267.09,187.50,-1040.04,50.63,-59.18,-9.28,-11.70,-202.65,-408.15,26.6
2026/04/22 21:52:15.51,IMU,182.62,95.70,-1092.29,2.08,-32.73,15.60,-7.50,-204.45,-407.25,26.3
2026/04/22 21:52:15.62,IMU,194.34,-24.41,-914.06,-7.09,-36.52,10.50,-5.10,-204.60,-408.45,26.3
2026/04/22 21:52:15.72,IMU,259.28,2.44,-1011.23,6.98,-19.22,2.04,-2.70,-203.70,-408.75,26.4
2026/04/22 21:52:15.82,IMU,135.25,65.92,-934.08,18.47,34.25,6.27,-2.10,-206.10,-407.10,26.4
2026/04/22 21:52:15.92,IMU,242.68,107.42,-940.92,24.62,1.83,-3.53,-5.85,-206.10,-408.15,26.3
2026/04/22 21:52:16.02,IMU,259.28,-45.90,-1301.27,16.99,7.44,7.21,-7.05,-207.75,-405.75,26.4
2026/04/22 21:52:16.12,IMU,186.52,0.00,-1042.48,-6.78,-58.10,-33.08,-5.40,-206.85,-406.05,26.4
2026/04/22 21:52:16.22,IMU,27.83,-80.57,-898.93,4.93,15.43,-26.81,-7.35,-204.60,-405.30,26.4
2026/04/22 21:52:16.32,IMU,-16.60,-18.07,-941.41,10.36,-6.36,-0.58,-9.00,-204.00,-403.65,26.2
2026/04/22 21:52:16.42,IMU,53.22,-11.72,-922.85,5.62,9.05,20.46,-6.60,-206.55,-399.90,26.3
2026/04/22 21:52:16.52,IMU,212.89,-35.64,-958.98,4.80,9.77,-3.00,-5.85,-206.85,-402.00,26.3
2026/04/22 21:52:16.62,IMU,171.39,-41.02,-1055.18,5.79,-0.47,-7.08,-6.00,-207.45,-400.05,26.4
2026/04/22 21:52:16.72,IMU,163.57,-37.11,-981.93,-1.44,6.51,-1.89,-4.50,-207.75,-399.00,26.4
2026/04/22 21:52:16.82,IMU,125.00,-52.25,-992.19,8.59,-1.79,2.60,-4.65,-207.30,-400.20,26.4
2026/04/22 21:52:16.92,IMU,201.17,-70.31,-1031.25,-11.57,21.14,-12.59,-5.25,-208.20,-400.35,26.2
2026/04/22 21:52:17.02,IMU,128.42,-36.62,-960.94,-17.72,19.53,-6.02,-8.70,-207.30,-401.25,26.3
2026/04/22 21:52:17.12,IMU,220.70,0.49,-1025.39,-5.74,-7.17,-2.55,-7.80,-205.95,-400.05,26.5
2026/04/22 21:52:17.22,IMU,171.39,53.22,-999.02,3.73,6.02,1.47,-7.50,-206.70,-401.10,26.4
2026/04/22 21:52:17.32,IMU,206.05,-99.61,-1113.77,5.76,6.79,7.31,-7.95,-208.05,-400.95,26.4
2026/04/22 21:52:17.42,IMU,165.53,2.44,-1081.05,-22.37,10.43,-3.21,-9.75,-206.70,-400.80,26.5
2026/04/22 21:52:17.52,IMU,200.68,-40.04,-981.45,-9.98,3.38,-3.98,-8.70,-204.15,-401.70,26.6
2026/04/22 21:52:17.62,IMU,210.94,0.98,-1029.30,0.01,2.38,-0.92,-9.90,-204.90,-400.95,26.5
2026/04/22 21:52:17.72,IMU,231.45,-6.35,-981.45,1.92,8.76,11.15,-9.30,-204.00,-401.85,26.2
2026/04/22 21:52:17.82,IMU,283.20,-9.28,-961.91,-34.52,32.69,30.46,-10.05,-202.80,-403.65,26.3
2026/04/22 21:52:17.92,IMU,381.84,65.92,-988.77,8.31,-2.11,13.50,-10.05,-202.80,-404.70,26.3
2026/04/22 21:52:18.02,IMU,321.78,31.74,-926.76,-4.77,-13.99,-5.81,-9.90,-203.10,-404.85,26.6
2026/04/22 21:52:18.12,IMU,293.46,46.39,-977.54,-13.30,-14.94,-3.66,-8.25,-201.75,-405.45,26.4
2026/04/22 21:52:18.22,IMU,279.79,57.62,-953.61,-0.06,-19.47,5.95,-7.50,-203.25,-404.40,26.4
2026/04/22 21:52:18.32,IMU,213.38,35.16,-989.26,11.26,-28.23,1.37,-6.00,-201.30,-405.15,26.5
2026/04/22 21:52:18.42,IMU,307.13,-210.45,-956.54,3.43,-0.08,-4.41,-2.55,-203.10,-405.30,26.3
2026/04/22 21:52:18.52,IMU,152.34,47.85,-930.18,2.91,-7.92,1.53,-2.70,-203.70,-403.65,26.5
2026/04/22 21:52:18.62,IMU,105.47,41.99,-967.77,12.34,-25.20,-13.93,-2.70,-205.20,-403.20,26.4
2026/04/22 21:52:18.72,IMU,119.63,-4.39,-1078.13,-3.46,8.78,3.61,-3.30,-204.60,-403.50,26.3
2026/04/22 21:52:18.82,IMU,237.30,56.64,-906.25,-39.08,38.81,6.76,-4.35,-201.15,-406.05,26.6
2026/04/22 21:52:18.93,IMU,246.09,71.29,-976.56,-9.88,13.85,-2.05,-6.00,-201.00,-406.50,26.4
2026/04/22 21:52:19.03,IMU,268.07,99.61,-979.49,-5.76,6.43,7.30,-6.90,-201.60,-406.65,26.4
2026/04/22 21:52:19.13,IMU,265.14,79.59,-947.27,-7.53,17.17,11.75,-6.60,-201.15,-405.30,26.4
2026/04/22 21:52:19.24,IMU,332.03,105.47,-989.75,-1.25,14.39,-0.40,-7.05,-199.80,-407.55,26.2
2026/04/22 21:52:19.34,IMU,282.71,84.47,-971.19,2.18,2.09,4.61,-7.50,-199.80,-407.55,26.4
2026/04/22 21:52:19.44,IMU,284.67,80.08,-929.69,17.96,-1.79,0.95,-8.55,-201.30,-405.45,26.4
2026/04/22 21:52:19.54,IMU,299.80,62.99,-963.38,1.40,1.19,3.76,-7.05,-202.50,-407.25,26.3
2026/04/22 21:52:19.64,IMU,247.56,38.09,-945.31,0.64,0.11,-1.63,-7.95,-202.35,-407.10,26.3
2026/04/22 21:52:19.74,IMU,263.18,60.55,-938.96,-1.53,0.71,2.05,-9.30,-202.50,-406.20,26.5
2026/04/22 21:52:19.84,IMU,282.71,61.04,-975.10,-2.94,-0.35,10.18,-8.55,-203.25,-405.45,26.4
2026/04/22 21:52:19.94,IMU,311.04,68.85,-967.77,-11.02,6.56,3.17,-7.50,-202.50,-408.00,26.3
2026/04/22 21:52:20.04,IMU,265.63,80.57,-945.31,-8.48,-6.47,5.43,-7.35,-200.40,-407.10,26.4
2026/04/22 21:52:20.14,IMU,243.65,55.18,-952.64,-5.54,-16.12,12.37,-5.25,-199.50,-409.35,26.4
2026/04/22 21:52:20.24,IMU,317.38,103.52,-1061.52,-0.77,-13.75,-3.08,-1.35,-199.65,-410.25,26.6
2026/04/22 21:52:20.34,IMU,250.49,104.98,-1003.91,5.63,8.06,0.34,-2.55,-199.95,-409.20,26.3
2026/04/22 21:52:20.44,IMU,15.63,31.25,-1311.04,6.73,58.93,5.79,-2.85,-202.35,-407.85,26.4
2026/04/22 21:52:20.54,IMU,309.57,93.75,-889.65,-12.73,-13.36,-9.82,-5.70,-202.80,-405.75,26.3
2026/04/22 21:52:20.64,IMU,244.14,65.92,-985.35,-9.03,11.86,-5.50,-1.95,-201.00,-408.00,26.4
2026/04/22 21:52:20.74,IMU,370.12,85.94,-1026.86,76.10,90.18,-37.65,-3.90,-201.90,-408.15,26.2
2026/04/22 21:52:20.84,IMU,411.62,-69.82,-1043.46,-71.58,-56.33,4.69,-10.95,-208.35,-404.25,26.4
2026/04/22 21:52:20.94,IMU,342.29,153.81,-881.35,-48.76,-16.85,-7.29,-8.70,-199.95,-409.65,26.3
2026/04/22 21:52:21.04,IMU,227.54,99.61,-928.71,26.85,-16.90,2.35,-6.75,-198.75,-409.35,26.4
2026/04/22 21:52:21.14,IMU,219.73,127.93,-1001.95,8.51,-5.95,18.98,-7.50,-201.30,-408.30,26.3
2026/04/22 21:52:21.24,IMU,333.01,64.94,-900.39,11.24,4.18,-34.11,-6.30,-201.75,-407.25,26.2
2026/04/22 21:52:21.34,IMU,82.52,-26.37,-1137.21,4.40,0.60,7.30,-8.40,-204.90,-404.55,26.2
2026/04/22 21:52:21.44,IMU,329.10,84.96,-1045.41,-0.52,3.60,-5.98,-9.15,-205.65,-404.85,26.2
2026/04/22 21:52:21.55,IMU,208.01,1.95,-1006.35,0.63,4.56,4.47,-10.20,-206.55,-401.25,26.3
2026/04/22 21:52:21.65,IMU,190.43,15.63,-959.47,2.79,9.07,7.49,-8.55,-205.20,-405.15,26.1
2026/04/22 21:52:21.75,IMU,282.23,57.62,-944.82,-4.97,-0.50,7.93,-7.95,-205.35,-406.05,26.1
2026/04/22 21:52:21.86,IMU,252.44,-23.44,-1031.74,18.88,9.36,15.50,-8.25,-204.75,-405.75,26.1
2026/04/22 21:52:21.96,IMU,276.86,10.25,-899.90,9.72,-6.15,4.49,-7.50,-207.45,-405.45,25.9
2026/04/22 21:52:22.06,IMU,226.07,-63.48,-1046.39,-1.33,-2.98,-9.05,-7.35,-207.60,-404.25,26.2
2026/04/22 21:52:22.16,IMU,228.03,-18.07,-977.05,1.00,5.98,-16.29,-9.45,-208.05,-402.00,26.1
2026/04/22 21:52:22.26,IMU,297.85,-106.93,-978.52,24.50,-14.51,-7.90,-9.90,-209.55,-402.75,26.3
2026/04/22 21:52:22.36,IMU,233.89,-58.59,-1050.29,-19.04,0.83,6.73,-9.45,-209.55,-401.25,26.1
2026/04/22 21:52:22.46,IMU,297.85,-9.28,-933.11,-8.27,13.34,-6.00,-9.75,-207.45,-403.95,25.4
2026/04/22 21:52:22.57,IMU,306.15,3.91,-887.70,1.59,1.88,-1.68,-13.50,-207.60,-398.40,26.0
2026/04/22 21:52:22.67,IMU,235.35,-3.91,-1006.84,5.37,9.03,3.02,-9.15,-207.60,-403.50,26.2
2026/04/22 21:52:22.77,IMU,297.85,-51.27,-961.91,4.55,0.90,10.04,-10.80,-208.50,-403.20,26.0
2026/04/22 21:52:22.87,IMU,316.89,-21.48,-950.20,-10.61,-7.23,-7.10,-10.80,-208.50,-404.40,26.0
2026/04/22 21:52:22.97,IMU,312.50,-32.23,-990.72,-1.96,3.11,-2.85,-10.35,-206.70,-404.70,25.9
2026/04/22 21:52:23.07,IMU,307.62,-25.88,-969.73,2.75,0.81,1.03,-9.45,-206.85,-404.55,26.0
2026/04/22 21:52:23.17,IMU,255.37,-25.88,-949.22,-0.47,2.54,-11.18,-10.65,-206.55,-405.30,26.1
2026/04/22 21:52:23.27,IMU,278.32,-1.46,-966.80,-13.21,3.22,0.04,-9.90,-205.35,-405.30,26.1
2026/04/22 21:52:23.37,IMU,259.28,9.77,-934.08,-1.78,-0.69,5.09,-11.85,-205.95,-404.70,25.9
2026/04/22 21:52:23.47,IMU,294.43,-0.98,-941.41,3.75,0.88,3.21,-10.80,-205.50,-404.40,25.9
2026/04/22 21:52:23.57,IMU,323.24,3.91,-956.54,0.27,1.52,-0.02,-10.20,-206.10,-404.55,25.9
2026/04/22 21:52:23.67,IMU,330.57,4.88,-966.31,-4.76,5.49,-2.84,-12.45,-205.65,-405.60,25.7
2026/04/22 21:52:23.77,IMU,284.18,3.91,-960.94,2.51,1.11,-0.70,-10.65,-206.10,-404.85,26.0
2026/04/22 21:52:23.87,IMU,290.04,-10.25,-960.94,0.59,-3.16,0.38,-13.05,-205.95,-403.65,26.0
2026/04/22 21:52:23.97,IMU,323.73,-2.93,-984.38,1.37,-1.02,5.70,-12.60,-205.95,-404.70,25.7
2026/04/22 21:52:24.07,IMU,275.88,-4.39,-963.87,0.37,-1.37,2.47,-11.10,-206.25,-404.70,25.9
2026/04/22 21:52:24.17,IMU,362.30,-7.81,-994.14,-0.85,2.81,1.85,-11.85,-207.00,-405.15,25.9
2026/04/22 21:52:24.28,IMU,351.07,-7.32,-1001.95,-10.92,12.36,3.68,-11.55,-207.00,-405.45,25.8
2026/04/22 21:52:24.38,IMU,292.48,29.30,-941.89,-2.18,-6.69,1.05,-12.45,-204.90,-406.65,25.7
2026/04/22 21:52:24.48,IMU,353.52,31.25,-960.45,2.89,0.15,-0.76,-11.40,-204.60,-405.60,25.6
2026/04/22 21:52:24.58,IMU,320.80,-12.70,-964.36,1.36,1.13,5.27,-11.10,-205.20,-406.20,25.7
2026/04/22 21:52:24.68,IMU,306.15,5.37,-967.77,0.11,-1.24,-0.96,-12.45,-205.35,-406.05,25.8
2026/04/22 21:52:24.78,IMU,284.67,-3.42,-945.80,-1.44,-1.89,-3.06,-11.40,-206.55,-407.10,25.7
2026/04/22 21:52:24.88,IMU,322.27,5.86,-968.26,4.60,-2.29,1.36,-10.95,-206.10,-405.60,25.7
2026/04/22 21:52:24.98,IMU,324.71,-18.07,-979.00,9.37,6.50,0.26,-12.45,-206.85,-404.25,25.4
2026/04/22 21:52:25.08,IMU,283.20,-15.63,-975.59,3.61,-4.87,-3.89,-11.55,-207.45,-405.45,25.6
2026/04/22 21:52:25.18,IMU,309.08,-16.60,-949.22,1.11,5.47,-0.69,-10.35,-208.95,-403.95,25.4
2026/04/22 21:52:25.28,IMU,320.31,-36.62,-935.06,7.92,-4.22,-7.82,-11.70,-206.85,-404.55,25.7
2026/04/22 21:52:25.38,IMU,308.59,-23.93,-1030.27,6.40,1.07,-0.79,-11.55,-209.25,-403.95,25.3
2026/04/22 21:52:25.48,IMU,272.95,-40.53,-941.41,0.31,5.53,4.29,-12.45,-209.85,-404.55,25.4
2026/04/22 21:52:25.58,IMU,340.33,-75.20,-929.20,5.55,3.43,-6.19,-12.45,-211.05,-403.80,25.7
2026/04/22 21:52:25.68,IMU,328.13,-53.22,-983.89,8.63,-2.44,-1.04,-11.85,-210.15,-402.15,25.7
2026/04/22 21:52:25.78,IMU,313.96,-35.16,-933.59,-1.61,6.44,-3.31,-12.30,-210.15,-404.40,25.7
2026/04/22 21:52:25.88,IMU,328.13,-51.76,-922.85,-1.56,2.58,2.07,-11.40,-211.05,-402.75,25.3
2026/04/22 21:52:25.98,IMU,334.96,-58.11,-943.36,2.00,0.39,-2.58,-12.75,-211.05,-403.05,25.4
2026/04/22 21:52:26.08,IMU,303.71,-64.94,-922.36,3.03,3.44,-2.46,-12.00,-210.60,-403.50,25.6
2026/04/22 21:52:26.18,IMU,297.85,-60.55,-977.05,-0.47,-0.98,-4.04,-11.85,-212.40,-402.60,25.2
2026/04/22 21:52:26.28,IMU,326.17,-61.04,-963.87,1.08,0.89,-0.79,-11.70,-211.35,-403.50,25.4
2026/04/22 21:52:26.38,IMU,300.78,-95.21,-959.47,-0.82,3.11,-2.14,-13.20,-212.55,-402.75,25.3
2026/04/22 21:52:26.48,IMU,330.57,-62.01,-933.11,0.89,-0.11,-4.05,-12.45,-211.05,-403.50,25.6
2026/04/22 21:52:26.58,IMU,313.48,-72.27,-957.03,2.81,1.01,-4.34,-11.55,-211.65,-403.65,25.4
2026/04/22 21:52:26.68,IMU,298.34,-70.80,-956.54,-4.69,2.29,3.78,-12.00,-211.35,-402.00,25.4
2026/04/22 21:52:26.78,IMU,273.93,-70.80,-951.17,-0.47,-3.34,5.31,-12.00,-210.30,-404.25,25.4
2026/04/22 21:52:26.88,IMU,317.38,-53.22,-961.91,-0.76,-2.41,2.02,-12.30,-210.15,-402.15,25.4
2026/04/22 21:52:26.98,IMU,333.01,-48.34,-992.19,-6.91,-3.20,9.23,-10.95,-210.60,-403.80,25.5
2026/04/22 21:52:27.08,IMU,282.71,-75.20,-943.36,0.46,-8.19,3.85,-9.45,-208.35,-403.50,25.4
2026/04/22 21:52:27.18,IMU,321.29,-57.62,-919.92,-0.53,-2.46,2.82,-10.80,-209.70,-402.90,25.2
2026/04/22 21:52:27.28,IMU,310.55,-41.50,-975.59,5.04,0.98,0.85,-9.75,-209.25,-403.65,25.6
2026/04/22 21:52:27.38,IMU,299.32,-79.10,-923.83,5.73,-9.08,-4.39,-10.20,-211.35,-403.80,25.3
2026/04/22 21:52:27.48,IMU,269.04,-114.26,-942.87,19.11,-16.31,-7.82,-7.80,-211.95,-400.80,25.4
2026/04/22 21:52:27.58,IMU,262.70,-119.14,-1040.04,11.40,-1.32,-4.78,-10.80,-212.40,-399.30,25.5
2026/04/22 21:52:27.69,IMU,212.89,-133.79,-1006.35,-5.44,-1.50,-0.57,-12.75,-213.00,-395.55,25.1
2026/04/22 21:52:27.79,IMU,223.14,-116.21,-942.87,-4.44,0.90,3.69,-9.30,-211.20,-398.55,25.3
2026/04/22 21:52:27.89,IMU,240.23,-144.53,-996.58,1.17,0.98,8.08,-9.45,-211.80,-400.50,25.4
2026/04/22 21:52:27.99,IMU,261.72,-135.25,-1018.07,2.54,-3.21,0.69,-8.40,-211.35,-399.45,25.3
2026/04/22 21:52:28.09,IMU,231.45,-108.89,-967.29,1.98,-3.04,4.36,-9.00,-211.95,-401.10,25.4
2026/04/22 21:52:28.19,IMU,211.43,-136.72,-1019.53,1.27,10.39,4.98,-7.05,-211.65,-400.80,25.0
2026/04/22 21:52:28.29,IMU,237.79,-157.71,-994.14,3.53,3.15,4.31,-7.50,-213.90,-400.35,25.2
2026/04/22 21:52:28.39,IMU,280.76,-121.09,-975.10,5.15,1.02,-1.29,-7.80,-213.90,-400.05,25.4
2026/04/22 21:52:28.49,IMU,247.07,-143.55,-992.68,2.84,2.02,-3.17,-8.25,-213.90,-399.00,25.1
2026/04/22 21:52:28.59,IMU,286.13,-146.97,-1005.37,-0.96,-1.38,0.99,-7.50,-214.95,-398.55,25.2
2026/04/22 21:52:28.69,IMU,235.35,-136.72,-975.10,-15.08,-11.89,2.73,-10.95,-216.75,-395.55,25.2
2026/04/22 21:52:28.79,IMU,241.70,-100.59,-998.54,-16.69,-0.61,18.47,-7.35,-213.30,-402.30,25.2
2026/04/22 21:52:28.89,IMU,282.71,-53.71,-934.08,-7.69,-1.47,1.87,-5.25,-210.90,-402.90,25.2
2026/04/22 21:52:28.99,IMU,204.10,-111.33,-1025.39,5.39,9.31,-6.68,-7.05,-210.90,-405.15,25.2
2026/04/22 21:52:29.09,IMU,305.18,-58.59,-988.77,6.05,2.26,-3.40,-7.05,-211.20,-402.90,25.3
2026/04/22 21:52:29.19,IMU,231.93,-99.12,-962.40,6.05,7.58,2.16,-8.25,-210.45,-402.90,25.2
2026/04/22 21:52:29.29,IMU,295.41,-87.89,-965.82,10.18,5.98,5.44,-7.35,-213.30,-400.95,25.3
2026/04/22 21:52:29.39,IMU,290.04,-128.91,-963.87,9.40,-2.13,-2.11,-9.15,-213.00,-399.90,25.0
2026/04/22 21:52:29.49,IMU,298.83,-127.93,-974.61,2.18,7.08,-5.56,-6.60,-213.75,-399.90,25.2
2026/04/22 21:52:29.59,IMU,289.55,-126.95,-951.66,2.85,10.40,-4.78,-9.30,-214.65,-400.35,25.3
2026/04/22 21:52:29.69,IMU,319.34,-125.98,-1003.42,-1.45,4.30,5.00,-9.90,-215.25,-400.50,25.3
2026/04/22 21:52:29.79,IMU,294.43,-127.93,-975.59,-1.24,4.26,1.65,-10.20,-216.00,-399.15,25.2
2026/04/22 21:52:29.89,IMU,333.01,-126.46,-953.61,-1.75,2.06,2.02,-11.40,-215.25,-401.25,25.2
2026/04/22 21:52:29.99,IMU,310.06,-119.14,-933.59,-1.27,2.44,0.16,-9.45,-215.25,-400.20,25.3
2026/04/22 21:52:30.09,IMU,313.48,-121.58,-949.22,4.71,-1.72,-6.15,-10.95,-214.80,-400.20,25.2
2026/04/22 21:52:30.19,IMU,326.17,-137.70,-957.03,2.07,-0.95,-4.27,-11.10,-214.20,-401.40,25.3
2026/04/22 21:52:30.30,IMU,309.08,-137.21,-965.33,2.90,-0.07,-3.19,-11.10,-213.90,-400.80,25.2
2026/04/22 21:52:30.40,IMU,334.47,-130.86,-947.27,2.31,-0.90,-2.17,-11.85,-215.40,-400.35,25.1
2026/04/22 21:52:30.50,IMU,300.29,-106.45,-946.78,-1.33,-3.93,0.02,-12.00,-216.00,-400.20,25.2
2026/04/22 21:52:30.60,IMU,313.48,-129.88,-943.85,-0.31,3.15,4.82,-11.70,-215.55,-399.90,25.2
2026/04/22 21:52:30.70,IMU,306.64,-132.32,-959.96,1.65,2.44,4.18,-10.80,-216.15,-400.80,25.3
2026/04/22 21:52:30.80,IMU,324.22,-139.16,-955.57,-0.46,2.53,6.60,-11.10,-217.35,-400.35,25.3
2026/04/22 21:52:30.90,IMU,324.71,-154.79,-950.20,1.01,-0.51,2.08,-11.40,-217.05,-400.20,25.0
2026/04/22 21:52:31.00,IMU,300.29,-149.41,-976.07,1.82,-1.68,2.34,-10.65,-219.00,-399.90,25.3
2026/04/22 21:52:31.10,IMU,335.94,-146.00,-939.45,0.53,0.79,-1.25,-10.65,-217.50,-400.95,25.2
2026/04/22 21:52:31.20,IMU,316.41,-151.37,-956.05,1.46,-0.44,-2.74,-11.70,-217.05,-400.20,25.2
2026/04/22 21:52:31.30,IMU,308.59,-163.09,-975.59,2.95,3.72,0.94,-9.45,-218.70,-402.00,25.3
2026/04/22 21:52:31.40,IMU,325.20,-149.90,-958.01,-2.08,1.18,-0.92,-11.10,-216.15,-400.35,25.2
2026/04/22 21:52:31.50,IMU,323.73,-157.71,-930.66,-1.16,0.68,0.81,-11.40,-216.00,-400.95,25.1
2026/04/22 21:52:31.60,IMU,291.50,-150.39,-953.13,2.80,-4.05,-1.22,-12.30,-216.60,-401.10,25.2
2026/04/22 21:52:31.70,IMU,305.18,-153.32,-952.64,-5.43,-0.74,-0.11,-11.40,-217.80,-400.50,25.3
2026/04/22 21:52:31.80,IMU,305.66,-140.63,-962.89,-1.55,-1.60,0.37,-10.05,-218.40,-400.05,25.1
2026/04/22 21:52:31.90,IMU,312.01,-133.79,-959.96,-2.60,-3.50,-0.06,-11.55,-215.40,-402.15,24.9
2026/04/22 21:52:32.00,IMU,255.86,-155.76,-969.73,-1.51,-1.07,1.21,-11.55,-215.40,-401.85,24.9
2026/04/22 21:52:32.11,IMU,338.38,-87.40,-993.65,-2.72,-2.76,5.39,-11.40,-216.00,-401.25,25.2
2026/04/22 21:52:32.21,IMU,310.06,-135.25,-939.45,-9.69,-15.79,-0.44,-12.45,-214.50,-402.75,25.2
2026/04/22 21:52:32.31,IMU,251.95,-106.93,-970.21,-3.93,-27.15,-10.68,-10.95,-213.75,-402.30,25.1
2026/04/22 21:52:32.41,IMU,223.14,-98.63,-927.25,11.76,0.44,0.73,-12.30,-212.40,-403.65,25.2
2026/04/22 21:52:32.51,IMU,196.29,-130.37,-916.02,-2.97,10.94,-8.29,-11.10,-212.70,-403.65,25.2
2026/04/22 21:52:32.61,IMU,221.19,-115.72,-956.05,-10.78,-4.74,7.01,-10.80,-213.45,-403.65,24.9
2026/04/22 21:52:32.71,IMU,236.33,-72.75,-906.25,7.64,-28.37,-2.08,-7.50,-211.20,-402.90,25.2
2026/04/22 21:52:32.81,IMU,177.25,-108.89,-975.59,33.69,-0.51,-26.12,-7.50,-214.95,-402.60,25.2
2026/04/22 21:52:32.91,IMU,147.95,-192.38,-989.75,5.08,8.20,1.90,-11.55,-215.85,-401.40,24.9
2026/04/22 21:52:33.01,IMU,207.03,-187.99,-1058.11,-3.44,2.01,10.91,-11.10,-216.60,-400.80,25.3
2026/04/22 21:52:33.11,IMU,193.36,-145.02,-1044.43,-1.79,-7.86,18.63,-10.65,-217.50,-402.00,24.9
2026/04/22 21:52:33.21,IMU,184.57,-170.41,-1012.70,-1.66,2.68,-0.25,-9.15,-215.25,-402.00,25.2
2026/04/22 21:52:33.31,IMU,174.80,-127.93,-958.98,-0.22,-20.02,4.13,-7.50,-214.65,-402.60,24.9
2026/04/22 21:52:33.41,IMU,97.17,-126.46,-987.79,2.18,-8.92,-0.91,-8.25,-214.95,-401.85,25.2
2026/04/22 21:52:33.51,IMU,151.37,-175.78,-989.75,10.66,-14.53,-8.53,-9.00,-214.20,-403.65,25.2
2026/04/22 21:52:33.61,IMU,30.27,-185.55,-1028.81,6.70,12.82,34.25,-6.15,-217.50,-402.75,25.1
2026/04/22 21:52:33.71,IMU,166.50,-171.39,-971.68,-14.31,11.66,4.07,-4.65,-217.50,-402.00,25.2
2026/04/22 21:52:33.81,IMU,207.03,-143.55,-996.09,-14.08,2.52,-12.54,-6.15,-213.30,-404.25,25.2
2026/04/22 21:52:33.91,IMU,142.09,-106.45,-987.30,-2.06,2.34,-12.24,-5.70,-213.15,-403.95,25.2
2026/04/22 21:52:34.01,IMU,186.52,-100.59,-983.89,4.79,6.98,-6.25,-7.35,-213.30,-403.80,24.9
2026/04/22 21:52:34.11,IMU,151.86,-144.04,-1021.48,3.69,13.33,-10.44,-9.15,-212.55,-404.85,25.0
2026/04/22 21:52:34.21,IMU,242.68,-111.33,-974.61,-4.74,16.10,2.21,-10.05,-213.45,-404.40,25.2
2026/04/22 21:52:34.31,IMU,256.84,-91.80,-964.36,4.21,0.05,-0.21,-10.65,-213.00,-403.05,25.0
2026/04/22 21:52:34.41,IMU,187.01,-140.14,-991.21,-2.41,4.25,-5.18,-10.05,-212.70,-404.70,25.0
2026/04/22 21:52:34.51,IMU,246.09,-112.30,-1003.42,-14.08,8.33,1.16,-10.65,-213.00,-406.05,24.9
2026/04/22 21:52:34.61,IMU,239.26,-93.26,-981.93,3.53,4.82,0.07,-9.75,-211.20,-405.75,25.1
2026/04/22 21:52:34.71,IMU,237.79,-90.82,-958.50,-0.99,-8.90,-6.70,-8.70,-213.30,-404.55,24.9
2026/04/22 21:52:34.82,IMU,209.96,-99.61,-1001.46,-5.87,-5.41,-7.21,-11.55,-212.40,-402.15,25.2
2026/04/22 21:52:34.92,IMU,203.13,-72.27,-981.45,-8.29,-2.52,-2.48,-9.15,-210.60,-406.05,24.7
2026/04/22 21:52:35.02,IMU,232.91,-72.75,-992.68,-3.50,-1.10,3.06,-7.95,-209.55,-406.35,25.0
2026/04/22 21:52:35.12,IMU,222.66,-65.43,-992.19,4.28,-4.20,-5.12,-8.55,-209.25,-405.75,25.3
2026/04/22 21:52:35.22,IMU,188.96,-76.66,-1008.30,0.62,-5.63,-1.71,-7.80,-210.45,-404.70,25.1
2026/04/22 21:52:35.32,IMU,208.01,-62.50,-944.34,-2.02,-6.92,-3.07,-9.00,-209.25,-404.40,25.2
2026/04/22 21:52:35.42,IMU,161.13,-68.85,-1039.06,-12.87,-5.92,-3.94,-6.90,-208.35,-404.25,25.3
2026/04/22 21:52:35.52,IMU,174.32,4.39,-989.26,-4.82,4.72,-2.28,-7.50,-206.70,-403.95,25.2
2026/04/22 21:52:35.62,IMU,226.56,-8.79,-1011.72,0.91,-9.15,3.37,-7.05,-205.50,-402.60,25.2
2026/04/22 21:52:35.72,IMU,146.97,-34.18,-981.45,12.40,-1.05,-5.60,-6.00,-205.50,-402.15,25.3
2026/04/22 21:52:35.82,IMU,155.76,-51.76,-986.82,5.17,3.75,-3.29,-10.20,-208.80,-399.45,25.0
2026/04/22 21:52:35.93,IMU,182.13,-29.79,-1007.81,2.99,8.47,-2.13,-7.35,-207.30,-407.10,24.9
2026/04/22 21:52:36.03,IMU,206.05,-62.99,-999.51,6.81,3.31,-0.92,-7.95,-208.35,-406.35,24.9
2026/04/22 21:52:36.13,IMU,169.43,-70.31,-994.63,3.85,6.47,-0.91,-9.75,-208.95,-406.50,25.2
2026/04/22 21:52:36.23,IMU,167.97,-88.87,-992.68,-1.27,6.94,-0.95,-9.30,-209.25,-406.50,25.2
2026/04/22 21:52:36.33,IMU,256.84,-72.27,-1008.30,-3.59,11.35,5.11,-9.00,-209.70,-408.30,25.2
2026/04/22 21:52:36.43,IMU,215.82,-68.36,-971.19,4.54,-5.31,-2.21,-8.55,-208.95,-407.55,24.9
2026/04/22 21:52:36.53,IMU,210.45,-76.66,-982.91,1.05,-6.48,-1.04,-7.50,-209.25,-406.95,25.2
2026/04/22 21:52:36.63,IMU,202.64,-59.57,-985.84,0.18,-11.52,-1.78,-6.90,-208.80,-407.10,24.9
2026/04/22 21:52:36.73,IMU,152.34,-80.08,-999.02,8.51,-12.12,-4.36,-7.05,-210.15,-407.25,25.2
2026/04/22 21:52:36.84,IMU,100.59,-85.45,-959.96,3.11,0.70,-14.55,-9.00,-210.15,-402.90,24.9
2026/04/22 21:52:36.94,IMU,71.78,-98.14,-990.23,1.11,2.64,2.42,-5.40,-208.80,-406.35,24.9
2026/04/22 21:52:37.04,IMU,128.42,-69.34,-999.51,-1.34,12.68,3.38,-5.70,-209.25,-405.75,24.9
2026/04/22 21:52:37.14,IMU,180.18,-62.99,-970.70,-2.29,2.63,-1.58,-6.15,-209.55,-406.05,24.9
2026/04/22 21:52:37.24,IMU,143.55,-83.01,-1004.88,-0.03,5.15,8.11,-6.60,-209.85,-407.10,24.9
2026/04/22 21:52:37.34,IMU,167.48,-55.66,-1005.86,-2.67,0.78,-1.68,-6.00,-208.20,-408.30,24.8
2026/04/22 21:52:37.44,IMU,145.51,-83.98,-979.98,1.17,0.85,-1.69,-6.60,-208.35,-408.15,24.9
2026/04/22 21:52:37.54,IMU,160.16,-73.73,-1002.44,-1.79,2.21,-2.71,-7.80,-209.25,-407.25,25.0
2026/04/22 21:52:37.64,IMU,176.27,-72.27,-993.65,-1.58,1.26,1.20,-6.30,-208.20,-409.80,25.0
2026/04/22 21:52:37.75,IMU,174.32,-53.22,-995.61,-4.88,7.75,0.26,-6.90,-207.30,-408.90,24.9
2026/04/22 21:52:37.85,IMU,196.78,-62.01,-1004.39,-0.60,1.01,-0.72,-6.75,-207.45,-409.80,24.9
2026/04/22 21:52:37.95,IMU,187.99,-59.57,-1001.46,-1.25,-1.00,0.47,-6.75,-207.75,-409.05,24.9
2026/04/22 21:52:38.05,IMU,170.90,-45.90,-1003.42,0.36,0.27,-0.72,-7.95,-206.55,-407.10,24.9
2026/04/22 21:52:38.15,IMU,172.85,-53.71,-1008.30,3.37,-1.76,1.32,-4.65,-205.65,-408.90,24.9
2026/04/22 21:52:38.25,IMU,169.92,-64.45,-1004.39,3.08,-1.44,0.86,-5.85,-206.85,-408.90,24.6
2026/04/22 21:52:38.35,IMU,168.95,-64.45,-998.05,3.73,-2.05,1.22,-6.60,-208.80,-409.65,24.9
2026/04/22 21:52:38.45,IMU,155.27,-66.89,-1003.42,2.52,-2.11,0.76,-5.70,-208.20,-409.05,25.1
2026/04/22 21:52:38.55,IMU,149.90,-64.45,-989.75,3.34,3.34,3.63,-7.05,-207.75,-409.05,24.9
2026/04/22 21:52:38.65,IMU,147.95,-64.45,-1001.46,-0.73,3.02,-6.40,-5.40,-206.55,-408.90,25.2
2026/04/22 21:52:38.75,IMU,190.43,-58.59,-996.58,0.89,3.07,-2.00,-7.50,-208.20,-409.80,24.9
2026/04/22 21:52:38.85,IMU,186.52,-56.15,-991.70,3.25,-0.69,-3.45,-6.60,-207.30,-409.20,25.2
2026/04/22 21:52:38.95,IMU,153.81,-57.62,-992.68,0.62,5.19,0.24,-6.75,-208.20,-408.30,25.2
2026/04/22 21:52:39.05,IMU,173.83,-73.24,-1008.79,1.27,0.56,0.97,-6.75,-208.50,-407.25,25.0
2026/04/22 21:52:39.15,IMU,178.71,-68.36,-997.07,0.13,2.55,1.98,-6.90,-207.60,-407.40,25.2
2026/04/22 21:52:39.25,IMU,183.11,-68.36,-997.07,-0.74,1.03,0.42,-6.30,-207.00,-409.35,25.0
2026/04/22 21:52:39.35,IMU,169.43,-70.80,-984.86,2.45,1.89,-0.47,-6.90,-208.05,-408.45,24.7
2026/04/22 21:52:39.45,IMU,182.13,-51.27,-1003.42,-1.79,2.33,-1.37,-6.90,-208.05,-407.85,25.0
2026/04/22 21:52:39.55,IMU,184.08,-40.04,-999.51,1.20,2.55,-1.05,-7.35,-207.60,-407.85,24.9
2026/04/22 21:52:39.65,IMU,193.85,-64.45,-1003.91,-1.58,2.76,2.89,-6.90,-207.30,-408.15,24.9
2026/04/22 21:52:39.75,IMU,173.83,-39.55,-981.93,1.53,0.34,0.65,-8.25,-207.75,-408.30,24.9
2026/04/22 21:52:39.85,IMU,201.66,-64.45,-974.12,9.25,-6.56,-2.72,-7.05,-208.95,-407.25,24.9
2026/04/22 21:52:39.95,IMU,151.37,-84.96,-1012.70,0.15,-6.18,-1.74,-6.00,-208.20,-408.00,25.1
2026/04/22 21:52:40.05,IMU,217.29,-94.24,-1011.72,-0.91,-10.74,6.04,-5.40,-208.35,-408.45,25.1
2026/04/22 21:52:40.15,IMU,92.29,-6.35,-920.41,7.95,-18.42,8.53,-4.35,-206.85,-408.45,25.0
2026/04/22 21:52:40.25,IMU,49.80,-164.55,-1093.75,1.30,4.28,-8.07,-3.90,-211.05,-406.35,25.3
2026/04/22 21:52:40.35,IMU,105.47,-127.93,-956.54,-28.07,29.92,-7.17,-6.90,-209.10,-409.20,24.9
2026/04/22 21:52:40.45,IMU,295.41,32.71,-949.71,-12.82,30.76,22.86,-7.65,-207.30,-409.95,24.7
2026/04/22 21:52:40.55,IMU,237.79,-30.76,-995.61,9.58,-15.40,-11.14,-8.55,-207.75,-410.10,25.2
2026/04/22 21:52:40.65,IMU,134.28,-51.76,-979.49,-1.82,2.66,-2.40,-8.70,-207.60,-409.95,25.0
2026/04/22 21:52:40.75,IMU,227.05,-14.16,-977.54,-0.11,4.41,0.01,-9.00,-205.20,-410.55,24.9
2026/04/22 21:52:40.85,IMU,217.77,-32.71,-993.16,1.47,-12.59,-4.53,-8.40,-205.65,-411.45,25.1
2026/04/22 21:52:40.95,IMU,166.02,-51.27,-994.14,1.15,-5.24,-1.25,-7.35,-206.55,-410.70,24.9
2026/04/22 21:52:41.05,IMU,185.55,-25.88,-1011.23,3.21,-5.89,2.79,-6.75,-206.70,-410.10,25.2
2026/04/22 21:52:41.15,IMU,160.16,-66.41,-998.54,3.04,-1.72,-1.27,-6.60,-207.60,-410.25,25.2
2026/04/22 21:52:41.25,IMU,144.04,-65.92,-1002.93,0.47,1.69,-2.61,-6.60,-207.60,-409.65,25.1
2026/04/22 21:52:41.35,IMU,162.11,-42.48,-998.05,-1.27,3.48,1.59,-6.30,-207.45,-410.10,25.1
2026/04/22 21:52:41.45,IMU,148.93,-54.20,-994.63,-2.27,3.53,1.82,-6.75,-207.00,-411.60,25.3
2026/04/22 21:52:41.56,IMU,183.11,-44.43,-993.65,-0.81,9.21,2.83,-6.00,-207.45,-410.10,24.8
2026/04/22 21:52:41.66,IMU,221.68,-30.27,-1004.88,0.03,-0.61,-1.35,-6.75,-207.75,-410.85,25.2
2026/04/22 21:52:41.76,IMU,167.97,-44.43,-996.09,-1.75,0.72,-2.16,-7.65,-206.85,-410.25,25.2
2026/04/22 21:52:41.86,IMU,212.40,-22.46,-997.07,-0.01,2.58,1.26,-8.25,-207.00,-410.55,25.2
2026/04/22 21:52:41.96,IMU,203.13,-38.57,-987.79,0.85,-0.09,1.55,-10.05,-206.25,-406.50,25.2
2026/04/22 21:52:42.06,IMU,184.57,-49.80,-1000.49,0.76,2.41,-4.24,-7.80,-207.00,-409.80,25.3
2026/04/22 21:52:42.16,IMU,104.00,-45.90,-973.14,-3.06,15.64,7.67,-9.45,-206.85,-409.95,25.2
2026/04/22 21:52:42.26,IMU,329.10,-68.36,-1077.15,-29.32,35.89,16.03,-13.65,-207.75,-408.75,25.2
2026/04/22 21:52:42.36,IMU,387.21,54.69,-886.23,-5.92,5.02,2.11,-16.35,-204.75,-409.05,25.2
2026/04/22 21:52:42.46,IMU,335.94,19.04,-950.20,25.76,-32.74,-2.40,-15.45,-206.55,-407.10,24.9
2026/04/22 21:52:42.56,IMU,164.55,-62.01,-1012.21,36.98,-44.35,-1.85,-12.75,-208.95,-405.75,25.3
2026/04/22 21:52:42.66,IMU,116.70,-155.76,-993.65,30.56,-28.92,13.18,-9.75,-212.70,-402.90,25.2
2026/04/22 21:52:42.76,IMU,104.98,-179.69,-1034.67,12.84,-5.53,7.86,-6.00,-214.65,-401.40,25.0
2026/04/22 21:52:42.86,IMU,94.73,-155.76,-1044.92,-4.53,2.52,-0.59,-10.35,-218.10,-396.75,25.2
2026/04/22 21:52:42.96,IMU,166.02,-115.72,-1033.69,0.83,-9.73,-8.60,-11.85,-215.40,-398.25,25.2
2026/04/22 21:52:43.07,IMU,30.76,-131.35,-994.63,6.27,-0.56,-9.78,-7.80,-212.40,-402.60,25.1
2026/04/22 21:52:43.17,IMU,109.37,-168.95,-988.28,-0.85,7.56,2.44,-9.00,-211.95,-401.85,25.3
2026/04/22 21:52:43.27,IMU,140.14,-143.07,-989.75,2.51,4.12,-4.72,-9.00,-213.15,-402.60,25.2
2026/04/22 21:52:43.37,IMU,134.77,-152.83,-991.21,-0.11,1.37,-0.07,-10.05,-213.90,-401.40,25.3
2026/04/22 21:52:43.47,IMU,119.63,-135.74,-980.47,2.76,5.50,-1.59,-10.05,-213.90,-402.15,25.2
2026/04/22 21:52:43.57,IMU,144.04,-172.85,-1022.95,11.79,9.47,-11.00,-11.10,-214.65,-402.60,25.2
2026/04/22 21:52:43.67,IMU,166.50,-219.73,-991.70,2.24,-1.56,2.18,-10.95,-214.50,-402.00,25.1
2026/04/22 21:52:43.77,IMU,119.63,-160.64,-992.19,-1.60,-1.27,1.15,-11.55,-213.45,-402.15,25.1
2026/04/22 21:52:43.87,IMU,143.07,-162.11,-976.07,2.04,-0.92,2.11,-10.65,-213.30,-402.75,25.2
2026/04/22 21:52:43.98,IMU,129.39,-177.73,-1003.91,-0.07,-0.50,1.43,-13.95,-216.30,-398.10,25.1
2026/04/22 21:52:44.08,IMU,152.83,-169.43,-993.16,-0.25,0.28,0.56,-10.35,-213.45,-401.10,25.2
2026/04/22 21:52:44.18,IMU,120.12,-157.23,-979.98,0.15,1.16,0.29,-11.10,-214.65,-400.05,25.3
2026/04/22 21:52:44.28,IMU,145.02,-165.04,-993.65,1.57,2.89,0.89,-10.80,-213.45,-401.40,25.3
2026/04/22 21:52:44.38,IMU,143.07,-167.48,-992.68,-0.92,-2.69,1.06,-11.40,-213.00,-400.20,25.3
2026/04/22 21:52:44.48,IMU,124.02,-165.53,-992.68,-1.46,-2.78,-1.24,-9.15,-213.75,-402.75,25.4
2026/04/22 21:52:44.58,IMU,138.67,-175.29,-992.68,0.69,-5.56,3.43,-8.70,-214.05,-402.30,25.4
2026/04/22 21:52:44.68,IMU,114.75,-153.32,-988.28,0.98,2.82,1.73,-8.40,-214.50,-401.25,25.2
2026/04/22 21:52:44.78,IMU,101.07,-168.95,-997.07,0.72,-0.11,1.73,-8.70,-214.50,-401.25,25.1
2026/04/22 21:52:44.90,IMU,129.88,-157.71,-1001.46,-1.28,3.76,0.60,-9.30,-212.40,-401.85,25.2
2026/04/22 21:52:45.00,IMU,120.12,-152.83,-997.56,-0.38,-2.16,-0.61,-11.70,-217.05,-396.60,25.4
2026/04/22 21:52:45.10,IMU,106.45,-171.88,-1000.98,1.48,-0.29,-1.08,-6.90,-214.05,-403.50,25.3
2026/04/22 21:52:45.20,IMU,109.37,-165.04,-1006.35,-1.72,-0.51,-3.48,-7.50,-213.15,-403.20,25.1
2026/04/22 21:52:45.30,IMU,122.56,-150.39,-986.82,0.15,-1.95,-1.66,-7.80,-214.20,-402.90,25.3
2026/04/22 21:52:45.40,IMU,118.16,-162.60,-1003.91,0.65,0.24,-1.50,-8.40,-214.05,-402.30,25.2
2026/04/22 21:52:45.50,IMU,125.98,-143.07,-993.16,-0.79,-0.75,-0.93,-8.70,-213.30,-402.00,25.1
2026/04/22 21:52:45.60,IMU,116.70,-160.16,-991.21,0.30,-0.02,-0.98,-8.40,-214.50,-403.05,25.3
2026/04/22 21:52:45.70,IMU,118.16,-153.81,-994.63,0.05,0.23,-1.03,-9.45,-214.50,-400.95,25.3
2026/04/22 21:52:45.80,IMU,123.54,-158.20,-998.54,0.35,3.84,1.60,-9.15,-214.05,-402.00,25.2
2026/04/22 21:52:45.90,IMU,118.16,-157.23,-988.28,3.14,-0.54,0.38,-7.50,-213.15,-401.40,25.3
2026/04/22 21:52:46.00,IMU,119.14,-146.48,-986.82,0.71,2.68,1.58,-9.00,-214.65,-402.15,25.2
2026/04/22 21:52:46.10,IMU,124.51,-151.37,-995.61,0.05,-2.34,0.13,-8.25,-213.90,-402.90,25.3
2026/04/22 21:52:46.20,IMU,147.46,-165.53,-998.05,0.95,0.59,0.92,-9.00,-213.90,-402.90,25.4
2026/04/22 21:52:46.30,IMU,122.07,-148.93,-999.02,-0.69,0.13,0.66,-8.55,-213.90,-401.85,25.4
2026/04/22 21:52:46.40,IMU,143.07,-140.63,-1007.81,0.33,-0.95,3.21,-7.95,-213.30,-400.50,25.4
2026/04/22 21:52:46.50,IMU,119.63,-148.93,-991.70,-1.74,-0.92,-0.49,-8.25,-212.70,-402.60,25.2
2026/04/22 21:52:46.60,IMU,139.16,-155.76,-985.84,-0.50,-0.62,0.39,-7.95,-214.50,-402.30,25.1
2026/04/22 21:52:46.70,IMU,132.81,-165.04,-1056.64,-12.32,-5.66,0.52,-8.55,-214.95,-402.60,25.4
2026/04/22 21:52:46.80,IMU,123.54,-103.52,-973.63,-10.94,-1.23,-0.89,-7.65,-211.35,-405.30,25.3
2026/04/22 21:52:46.90,IMU,121.09,-114.75,-1006.35,1.40,1.63,-2.05,-7.80,-211.65,-405.45,25.2
2026/04/22 21:52:47.00,IMU,134.77,-122.56,-1018.07,-0.89,5.27,5.76,-8.70,-210.60,-404.85,25.3
2026/04/22 21:52:47.10,IMU,125.49,-98.63,-1017.09,-0.45,5.89,2.24,-8.55,-211.65,-403.95,25.2
2026/04/22 21:52:47.20,IMU,148.44,-97.66,-969.73,-6.93,5.50,-0.55,-9.75,-210.45,-406.50,25.3
2026/04/22 21:52:47.30,IMU,145.51,-85.45,-1008.30,0.07,0.92,2.60,-9.00,-210.45,-405.45,25.2
2026/04/22 21:52:47.40,IMU,134.28,-101.56,-1009.28,0.15,-1.55,0.92,-8.70,-209.85,-405.60,25.4
2026/04/22 21:52:47.51,IMU,151.86,-106.93,-1002.44,0.89,1.33,-0.89,-9.15,-211.05,-406.05,25.3
2026/04/22 21:52:47.61,IMU,137.21,-105.47,-979.98,1.46,2.66,-1.50,-7.05,-209.70,-405.45,25.2
2026/04/22 21:52:47.71,IMU,156.74,-95.21,-992.68,1.89,3.56,-1.49,-8.40,-210.60,-405.30,25.1
2026/04/22 21:52:47.81,IMU,149.90,-110.35,-1004.88,0.96,-0.22,-1.33,-8.55,-210.15,-406.50,25.4
2026/04/22 21:52:47.91,IMU,144.04,-96.19,-1013.18,3.56,-0.52,1.76,-9.15,-210.30,-405.30,25.3
2026/04/22 21:52:48.01,IMU,142.09,-102.54,-992.19,1.78,1.75,3.53,-7.65,-211.35,-404.85,25.3
2026/04/22 21:52:48.11,IMU,127.93,-99.61,-1000.49,2.27,-2.00,-4.78,-9.30,-210.45,-405.15,25.4
2026/04/22 21:52:48.21,IMU,135.25,-116.70,-989.75,-1.15,3.95,-1.49,-8.55,-210.90,-406.20,25.1
2026/04/22 21:52:48.31,IMU,146.97,-99.61,-989.75,0.45,0.60,-1.46,-8.70,-210.30,-406.35,25.3
2026/04/22 21:52:48.41,IMU,136.72,-116.70,-1002.44,-1.64,0.35,0.15,-6.90,-209.55,-404.85,25.5
2026/04/22 21:52:48.51,IMU,151.86,-99.61,-1000.98,0.02,1.36,-3.22,-8.55,-211.20,-404.70,25.3
2026/04/22 21:52:48.61,IMU,145.02,-103.52,-1008.30,0.66,1.96,-0.95,-7.35,-211.80,-404.85,25.3
2026/04/22 21:52:48.71,IMU,152.34,-110.35,-1003.42,0.60,0.59,-0.24,-8.25,-211.20,-403.95,25.2
2026/04/22 21:52:48.81,IMU,176.76,-93.75,-1007.32,1.14,1.30,-0.64,-9.00,-211.65,-405.45,25.2
2026/04/22 21:52:48.91,IMU,142.09,-103.52,-1008.30,0.76,-0.79,2.94,-8.70,-209.85,-404.55,25.2
2026/04/22 21:52:49.01,IMU,140.14,-100.59,-993.16,2.43,1.53,0.58,-7.50,-211.95,-405.15,25.4
2026/04/22 21:52:49.11,IMU,148.44,-115.23,-993.65,-0.27,-0.02,-0.06,-8.40,-211.80,-404.85,25.3
2026/04/22 21:52:49.21,IMU,144.04,-100.10,-999.51,-0.17,1.53,-0.03,-7.65,-211.80,-404.25,25.4
2026/04/22 21:52:49.31,IMU,147.95,-109.86,-1001.95,0.10,-0.95,1.02,-7.65,-211.05,-405.30,25.4
2026/04/22 21:52:49.41,IMU,147.95,-114.26,-985.84,-0.11,0.69,-0.66,-7.95,-211.35,-406.05,25.2
2026/04/22 21:52:49.51,IMU,147.95,-105.96,-997.56,-1.23,-1.21,-1.63,-7.35,-211.05,-405.30,25.4
2026/04/22 21:52:49.61,IMU,154.30,-108.89,-1002.93,0.50,1.91,0.11,-6.75,-210.90,-405.45,25.2
2026/04/22 21:52:49.71,IMU,145.02,-98.63,-987.79,0.53,-0.27,1.39,-7.50,-211.65,-404.40,25.4
2026/04/22 21:52:49.81,IMU,144.53,-104.00,-989.75,-1.50,0.28,2.63,-7.50,-210.15,-403.65,25.4
2026/04/22 21:52:49.91,IMU,128.91,-122.56,-1010.25,-0.60,1.15,-2.50,-7.50,-210.90,-406.50,25.3
2026/04/22 21:52:50.01,IMU,141.60,-110.35,-1001.46,-1.14,3.51,1.47,-6.60,-211.05,-405.60,25.3
2026/04/22 21:52:50.11,IMU,158.20,-96.68,-996.09,0.26,-0.36,-0.69,-11.85,-212.70,-402.60,25.2
2026/04/22 21:52:50.21,IMU,140.63,-97.66,-993.65,0.91,-1.54,-1.81,-7.80,-210.90,-404.70,25.2
2026/04/22 21:52:50.31,IMU,132.81,-99.61,-999.51,1.35,-2.82,2.24,-6.90,-211.05,-406.35,25.3
2026/04/22 21:52:50.41,IMU,136.72,-113.28,-1000.00,-0.38,3.61,2.12,-7.80,-209.70,-406.95,25.4
2026/04/22 21:52:50.51,IMU,137.70,-110.84,-991.70,2.31,-2.60,2.38,-8.25,-209.70,-404.70,25.2
2026/04/22 21:52:50.61,IMU,142.09,-111.33,-987.79,-1.95,0.40,-1.27,-7.35,-210.60,-404.55,25.3
2026/04/22 21:52:50.71,IMU,129.88,-109.86,-1004.88,0.83,1.84,-1.27,-7.35,-211.80,-405.30,25.3
2026/04/22 21:52:50.81,IMU,123.54,-100.10,-999.02,0.77,-0.46,3.06,-8.55,-210.90,-405.45,25.2
2026/04/22 21:52:50.91,IMU,124.02,-119.14,-1006.84,-0.68,2.60,1.91,-7.95,-209.85,-405.60,25.3
2026/04/22 21:52:51.02,IMU,147.46,-99.61,-1006.35,-0.11,0.34,1.07,-7.95,-209.85,-405.60,25.5
2026/04/22 21:52:51.12,IMU,142.58,-115.72,-999.51,-1.60,6.84,-2.04,-9.30,-215.40,-403.20,24.9
2026/04/22 21:52:51.22,IMU,190.43,-69.82,-981.45,-3.31,11.59,2.92,-7.65,-210.60,-404.85,25.3
2026/04/22 21:52:51.32,IMU,161.13,-110.35,-1000.49,2.97,13.73,-12.76,-12.45,-210.30,-404.85,25.4
2026/04/22 21:52:51.42,IMU,272.95,-93.75,-1000.00,5.38,11.93,9.13,-13.20,-210.60,-403.80,25.4
2026/04/22 21:52:51.53,IMU,216.31,-104.49,-979.49,9.01,-3.49,-3.58,-13.20,-211.35,-403.80,24.9
2026/04/22 21:52:51.63,IMU,249.51,-165.53,-986.33,17.08,-21.13,4.70,-13.20,-211.35,-402.30,25.3
2026/04/22 21:52:51.73,IMU,129.88,-155.76,-1043.95,20.75,-15.22,-0.89,-10.35,-214.20,-401.40,25.0
2026/04/22 21:52:51.83,IMU,66.89,-121.09,-973.14,-11.10,-17.73,5.08,-11.40,-213.30,-401.70,25.3
2026/04/22 21:52:51.93,IMU,299.80,-105.47,-923.34,-13.49,-10.68,17.31,-10.05,-213.45,-403.20,25.2
2026/04/22 21:52:52.03,IMU,148.93,-157.71,-1003.91,-8.53,-2.79,-7.60,-8.25,-214.20,-404.70,25.1
2026/04/22 21:52:52.14,IMU,200.20,-65.92,-1062.50,-29.09,-4.19,-10.47,-14.70,-214.05,-401.25,25.3
2026/04/22 21:52:52.24,IMU,83.50,-10.74,-1020.02,-29.04,-2.56,8.53,-11.40,-209.55,-409.95,25.2
2026/04/22 21:52:52.34,IMU,49.80,-27.83,-1001.46,-15.81,-34.81,13.33,-8.70,-205.35,-412.80,25.3
2026/04/22 21:52:52.44,IMU,69.82,-84.96,-979.49,-13.24,48.44,62.18,-7.95,-205.65,-415.80,25.3
2026/04/22 21:52:52.54,IMU,276.86,41.02,-984.86,-18.01,21.40,56.93,-8.70,-203.40,-415.05,25.2
2026/04/22 21:52:52.64,IMU,229.98,90.33,-1159.67,7.87,8.15,9.13,-7.05,-201.75,-415.95,25.3
2026/04/22 21:52:52.74,IMU,208.98,43.46,-1053.22,9.25,2.36,-4.34,-5.85,-206.55,-415.05,25.3
2026/04/22 21:52:52.84,IMU,78.12,41.02,-1007.81,22.66,-88.65,9.37,0.00,-205.65,-414.60,25.2
2026/04/22 21:52:52.94,IMU,-9.77,-36.13,-1122.56,9.98,-3.94,70.59,5.40,-206.55,-409.95,25.3
2026/04/22 21:52:53.04,IMU,-10.74,-92.29,-1046.39,-15.11,-14.10,25.44,9.90,-205.35,-411.75,25.3
2026/04/22 21:52:53.14,IMU,20.51,-50.29,-962.89,3.66,-15.73,31.69,15.60,-203.25,-409.80,25.4
2026/04/22 21:52:53.24,IMU,91.80,-18.55,-1062.01,-7.61,-34.57,9.34,18.15,-202.50,-409.05,25.2
2026/04/22 21:52:53.34,IMU,-36.62,-9.77,-992.68,10.45,-23.30,-27.98,20.85,-201.90,-407.40,25.3
2026/04/22 21:52:53.44,IMU,-161.62,-13.67,-996.58,11.16,-26.48,11.72,21.75,-204.75,-405.75,25.4
2026/04/22 21:52:53.54,IMU,-280.76,-9.28,-979.98,0.88,9.95,2.85,22.35,-203.85,-404.85,25.3
2026/04/22 21:52:53.64,IMU,-155.76,-59.08,-954.59,-0.44,20.67,21.02,22.50,-204.45,-405.15,25.2
2026/04/22 21:52:53.74,IMU,-18.07,-21.97,-1021.00,4.69,24.89,17.48,22.35,-201.90,-406.65,25.3
2026/04/22 21:52:53.84,IMU,-57.62,-23.93,-986.82,3.56,1.58,-2.59,22.80,-200.40,-407.85,25.2
2026/04/22 21:52:53.94,IMU,6.84,-31.25,-1023.44,-3.41,5.84,22.17,22.80,-201.90,-406.35,25.3
2026/04/22 21:52:54.04,IMU,-62.99,-51.27,-1010.25,-0.89,-14.37,-1.20,24.45,-201.30,-406.20,25.5
2026/04/22 21:52:54.14,IMU,-53.71,13.67,-995.12,-2.50,-4.44,9.81,24.15,-199.65,-404.85,25.4
2026/04/22 21:52:54.24,IMU,-25.88,40.04,-998.05,-1.60,-8.36,-1.97,26.40,-197.70,-403.80,25.4
2026/04/22 21:52:54.34,IMU,-118.16,-29.79,-993.65,-6.14,-8.22,-2.53,26.40,-198.15,-405.30,25.2
2026/04/22 21:52:54.44,IMU,-104.49,-8.79,-996.09,-3.43,-7.46,-2.34,27.15,-198.45,-404.55,25.2
2026/04/22 21:52:54.55,IMU,-101.07,8.79,-1001.46,-13.80,-8.27,3.05,27.90,-197.40,-403.80,25.3
2026/04/22 21:52:54.65,IMU,-162.11,26.86,-1000.00,0.37,-11.83,7.31,27.75,-196.80,-405.15,25.2
2026/04/22 21:52:54.75,IMU,-138.18,28.32,-1024.90,9.17,-18.00,20.06,29.25,-198.75,-402.90,25.2
2026/04/22 21:52:54.85,IMU,-175.78,25.88,-1026.86,7.64,-21.40,13.05,31.05,-197.10,-401.10,25.3
2026/04/22 21:52:54.95,IMU,-187.99,10.25,-1000.49,0.01,-15.34,-1.76,35.25,-195.90,-399.15,25.4
2026/04/22 21:52:55.05,IMU,-239.26,30.76,-966.80,-5.18,-19.05,-6.24,35.10,-196.05,-398.25,25.3
2026/04/22 21:52:55.15,IMU,-292.48,21.00,-981.45,-1.25,-2.95,1.29,36.75,-195.90,-396.90,25.2
2026/04/22 21:52:55.25,IMU,-251.46,17.58,-972.17,0.24,2.30,1.00,35.85,-194.55,-397.80,25.3
2026/04/22 21:52:55.35,IMU,-272.46,18.07,-963.38,0.02,-2.27,-2.88,36.60,-195.30,-399.00,25.4
2026/04/22 21:52:55.45,IMU,-280.27,6.84,-986.33,0.86,-1.86,2.13,36.75,-195.90,-396.90,25.4
2026/04/22 21:52:55.55,IMU,-268.55,3.42,-1006.35,4.98,5.33,1.13,36.15,-196.35,-396.45,25.2
2026/04/22 21:52:55.65,IMU,-298.34,5.86,-964.36,-0.44,2.58,-9.50,36.00,-197.70,-396.90,25.3
2026/04/22 21:52:55.75,IMU,-259.77,16.11,-973.63,-3.65,-1.18,2.99,36.15,-197.10,-398.25,25.0
2026/04/22 21:52:55.85,IMU,-270.51,18.07,-981.93,-3.03,0.45,-0.79,36.15,-197.55,-397.80,25.2
2026/04/22 21:52:55.95,IMU,-283.69,14.16,-979.98,1.77,-1.09,-1.47,35.55,-197.40,-398.70,25.4
2026/04/22 21:52:56.05,IMU,-266.11,30.76,-989.75,-2.56,-1.06,2.09,36.00,-196.65,-396.60,25.2
2026/04/22 21:52:56.15,IMU,-267.09,30.27,-926.27,0.70,-3.26,-1.71,36.30,-195.45,-397.65,25.4
2026/04/22 21:52:56.25,IMU,-286.13,26.86,-979.49,4.93,1.57,6.82,35.40,-197.10,-397.20,25.3
2026/04/22 21:52:56.35,IMU,-252.93,4.88,-990.23,4.48,3.90,1.88,37.50,-195.90,-397.35,25.5
2026/04/22 21:52:56.45,IMU,-252.93,12.21,-989.26,-0.56,0.30,1.70,36.60,-195.30,-397.50,25.5
2026/04/22 21:52:56.55,IMU,-272.95,16.60,-960.94,-0.58,-4.74,-4.82,35.55,-194.70,-396.60,25.4
2026/04/22 21:52:56.65,IMU,-278.32,13.67,-985.84,-2.50,2.42,6.03,36.15,-196.35,-398.55,25.2
2026/04/22 21:52:56.75,IMU,-255.86,9.77,-975.10,-2.11,1.26,-1.62,34.95,-195.45,-398.40,25.4
2026/04/22 21:52:56.85,IMU,-274.41,36.13,-977.54,1.67,-1.76,2.93,35.85,-196.35,-399.00,25.2
2026/04/22 21:52:56.95,IMU,-265.14,15.14,-996.09,0.43,0.17,-3.15,35.25,-195.90,-396.60,25.6
2026/04/22 21:52:57.05,IMU,-269.53,17.58,-978.03,1.92,0.24,-0.30,37.65,-195.60,-396.75,25.4
2026/04/22 21:52:57.15,IMU,-265.63,27.83,-983.40,-1.37,0.09,-1.81,36.60,-194.85,-397.20,25.2
2026/04/22 21:52:57.25,IMU,-274.90,25.39,-965.33,-1.76,-1.99,0.89,34.95,-195.45,-395.85,25.4
2026/04/22 21:52:57.35,IMU,-249.02,25.88,-985.35,-0.15,1.17,-1.09,37.65,-195.60,-397.20,25.4
2026/04/22 21:52:57.45,IMU,-300.78,18.55,-965.82,0.53,3.35,-5.22,35.85,-196.05,-397.50,25.3
2026/04/22 21:52:57.55,IMU,-283.20,25.88,-970.70,1.98,5.85,1.02,35.10,-196.35,-399.00,25.3
2026/04/22 21:52:57.65,IMU,-259.77,20.02,-963.38,2.79,5.66,0.95,36.30,-197.40,-397.65,25.3
2026/04/22 21:52:57.75,IMU,-250.98,22.46,-991.21,-1.08,0.46,-2.18,35.40,-195.30,-396.75,25.4
2026/04/22 21:52:57.85,IMU,-297.36,6.35,-978.52,-1.16,2.79,-0.64,34.50,-195.90,-398.10,25.4
2026/04/22 21:52:57.95,IMU,-231.45,38.09,-981.93,-1.35,-0.35,-0.89,33.45,-197.70,-395.55,25.4
2026/04/22 21:52:58.05,IMU,-249.02,23.44,-967.77,-0.29,3.29,-2.50,35.10,-194.85,-397.80,25.4
2026/04/22 21:52:58.16,IMU,-253.91,16.60,-983.40,2.69,3.82,1.70,34.95,-196.65,-398.40,25.4
2026/04/22 21:52:58.26,IMU,-247.07,13.67,-983.40,0.56,-0.85,1.56,32.55,-198.00,-393.15,25.3
2026/04/22 21:52:58.36,IMU,-255.86,1.95,-979.00,1.34,3.28,6.90,35.40,-196.05,-398.25,25.4
2026/04/22 21:52:58.46,IMU,-255.86,27.83,-991.21,1.32,-1.35,-5.25,35.10,-196.80,-398.55,25.3
2026/04/22 21:52:58.56,IMU,-241.21,10.74,-979.00,-0.02,1.73,-3.80,33.75,-196.65,-397.65,25.5
2026/04/22 21:52:58.66,IMU,-254.88,14.65,-978.03,0.66,-2.02,-2.74,35.40,-196.35,-399.00,25.4
2026/04/22 21:52:58.76,IMU,-244.14,15.63,-990.72,-1.05,-0.56,0.11,37.05,-196.20,-398.70,25.1
2026/04/22 21:52:58.86,IMU,-247.07,18.55,-973.63,-0.07,-6.93,-1.40,35.40,-196.35,-396.75,25.4
2026/04/22 21:52:58.96,IMU,-240.72,17.09,-991.70,0.86,1.34,2.60,35.55,-197.70,-398.10,25.5
2026/04/22 21:52:59.06,IMU,-265.14,4.39,-986.33,0.05,1.92,-0.20,35.25,-196.65,-398.70,25.3
2026/04/22 21:52:59.16,IMU,-260.25,20.51,-974.12,-0.76,0.20,2.88,36.60,-196.05,-398.25,25.4
2026/04/22 21:52:59.26,IMU,-250.98,14.65,-995.12,0.79,2.75,-2.18,33.75,-197.70,-399.15,25.3
2026/04/22 21:52:59.36,IMU,-240.72,15.63,-971.19,1.01,1.45,2.49,35.10,-196.80,-399.00,25.4
2026/04/22 21:52:59.46,IMU,-269.04,23.93,-956.05,0.69,3.00,0.60,35.85,-196.05,-398.25,25.4
2026/04/22 21:52:59.56,IMU,-239.26,5.37,-977.05,-0.48,1.29,-1.29,35.10,-197.10,-397.80,25.4
2026/04/22 21:52:59.66,IMU,-247.07,21.97,-985.35,-0.89,0.86,2.18,35.10,-197.55,-399.60,25.3
2026/04/22 21:52:59.76,IMU,-258.30,8.30,-989.75,2.33,1.63,0.93,35.25,-197.40,-399.90,25.5
2026/04/22 21:52:59.86,IMU,-242.19,6.84,-991.21,0.68,1.30,-0.79,35.40,-196.35,-396.75,25.4
2026/04/22 21:52:59.97,IMU,-227.05,7.81,-989.75,-0.53,1.48,-0.51,36.75,-196.65,-399.45,25.7
2026/04/22 21:53:00.07,IMU,-232.91,20.51,-971.68,0.27,0.72,0.51,33.60,-196.80,-398.55,25.6
2026/04/22 21:53:00.17,IMU,-253.91,11.72,-991.70,-2.37,1.78,1.21,34.65,-197.10,-399.30,25.5
2026/04/22 21:53:00.27,IMU,-248.54,15.63,-991.21,-1.05,3.05,1.52,35.25,-198.90,-399.45,25.6
2026/04/22 21:53:00.37,IMU,-234.86,12.70,-979.98,0.71,0.47,-0.63,35.40,-197.10,-399.00,25.4
2026/04/22 21:53:00.47,IMU,-245.12,8.79,-985.84,-0.28,1.15,2.82,35.40,-196.80,-399.60,25.8
2026/04/22 21:53:00.57,IMU,-234.38,22.95,-982.42,0.76,-0.52,1.47,34.50,-196.20,-399.45,25.6
2026/04/22 21:53:00.68,IMU,-229.98,10.74,-978.03,-1.21,2.30,-1.80,35.25,-197.70,-397.65,25.7
2026/04/22 21:53:00.78,IMU,-241.70,12.70,-967.77,-1.18,0.50,1.19,33.75,-196.65,-399.15,25.7
2026/04/22 21:53:00.88,IMU,-229.00,17.09,-986.82,-1.54,1.81,4.02,33.90,-196.80,-400.05,25.4
2026/04/22 21:53:00.98,IMU,-241.21,4.88,-982.42,-1.37,1.46,-0.38,34.65,-196.80,-399.30,25.8
2026/04/22 21:53:01.08,IMU,-227.05,2.44,-998.54,-1.48,0.05,-0.77,35.25,-196.20,-398.70,25.8
2026/04/22 21:53:01.18,IMU,-251.95,25.88,-984.38,-0.14,-1.42,-2.69,33.60,-196.05,-401.40,25.4
2026/04/22 21:53:01.28,IMU,-231.45,17.58,-1002.93,2.08,1.30,-1.81,33.60,-196.80,-401.40,25.4
2026/04/22 21:53:01.38,IMU,-245.61,5.86,-980.96,1.42,2.66,-0.66,33.60,-196.35,-399.00,25.4
2026/04/22 21:53:01.48,IMU,-221.68,8.79,-981.45,-0.95,1.13,0.21,33.60,-196.80,-398.55,25.7
2026/04/22 21:53:01.58,IMU,-234.38,6.35,-988.77,0.79,-0.48,1.85,34.95,-195.45,-400.20,25.5
2026/04/22 21:53:01.68,IMU,-235.84,12.70,-986.82,-0.64,0.35,-1.96,33.75,-197.70,-400.50,25.6
2026/04/22 21:53:01.78,IMU,-240.23,35.64,-1075.20,-0.64,-0.95,-0.29,33.60,-198.00,-400.05,25.7
2026/04/22 21:53:01.88,IMU,-241.21,9.77,-998.54,-1.21,0.28,-1.45,33.75,-197.40,-399.90,25.7
2026/04/22 21:53:01.98,IMU,-228.03,13.67,-988.77,0.23,1.18,3.21,33.00,-197.40,-400.20,25.5
2026/04/22 21:53:02.08,IMU,-225.10,18.07,-984.38,0.53,1.62,2.66,34.50,-196.95,-400.50,25.7
2026/04/22 21:53:02.18,IMU,-222.66,23.44,-979.98,1.82,1.11,0.83,33.90,-196.35,-400.05,25.7
2026/04/22 21:53:02.28,IMU,-219.73,21.48,-990.23,0.05,1.79,-2.67,34.95,-196.20,-400.20,25.7
2026/04/22 21:53:02.38,IMU,-216.31,14.65,-984.86,-1.67,0.37,0.76,33.45,-198.45,-398.40,25.7
2026/04/22 21:53:02.48,IMU,-228.52,20.02,-1008.30,-0.53,-1.55,1.69,33.45,-196.65,-399.45,25.7
2026/04/22 21:53:02.58,IMU,-233.40,17.09,-992.68,0.44,-0.63,0.48,34.50,-197.40,-400.95,25.7
2026/04/22 21:53:02.68,IMU,-231.45,28.32,-997.07,2.21,-0.64,-4.76,34.50,-196.65,-399.90,25.8
2026/04/22 21:53:02.78,IMU,-228.03,21.48,-986.82,-0.64,0.44,0.73,34.50,-197.70,-399.15,25.7
2026/04/22 21:53:02.88,IMU,-234.38,21.97,-991.70,0.27,1.30,-0.31,34.35,-197.10,-398.25,25.9
2026/04/22 21:53:02.98,IMU,-243.16,17.58,-980.96,1.01,-1.60,3.67,33.30,-197.55,-400.35,25.6
2026/04/22 21:53:03.08,IMU,-250.98,19.53,-989.26,0.35,3.22,-1.64,32.55,-195.60,-400.35,25.8
2026/04/22 21:53:03.18,IMU,-237.79,-0.49,-989.75,0.85,-1.86,-1.18,34.35,-196.35,-400.05,25.7
2026/04/22 21:53:03.28,IMU,-211.91,20.02,-986.33,1.14,-3.24,1.61,33.60,-196.80,-400.35,25.7
2026/04/22 21:53:03.38,IMU,-244.14,28.81,-983.40,-0.37,-0.38,1.29,33.00,-197.70,-399.90,25.8
2026/04/22 21:53:03.48,IMU,-229.00,20.02,-984.86,-2.75,-0.82,-0.47,33.45,-197.40,-399.45,25.9
2026/04/22 21:53:03.58,IMU,-232.42,19.53,-985.84,-2.48,-0.44,0.86,33.45,-196.95,-400.50,25.8
2026/04/22 21:53:03.68,IMU,-237.30,20.51,-997.07,-0.39,0.29,1.28,33.30,-195.60,-400.80,25.9
2026/04/22 21:53:03.78,IMU,-242.19,15.63,-995.12,-0.21,0.26,0.98,35.25,-198.15,-399.15,25.5
2026/04/22 21:53:03.88,IMU,-223.63,27.34,-964.36,-1.28,0.25,-0.25,34.50,-197.40,-401.25,25.9
2026/04/22 21:53:03.98,IMU,-216.31,27.83,-980.96,-1.26,2.83,-0.63,33.30,-196.35,-400.35,25.9
2026/04/22 21:53:04.09,IMU,-243.65,9.28,-984.38,-2.32,1.80,1.28,33.90,-198.30,-400.05,25.9
2026/04/22 21:53:04.19,IMU,-208.98,20.51,-987.30,-1.24,-0.53,-1.17,33.60,-196.80,-400.35,25.7
2026/04/22 21:53:04.29,IMU,-219.24,23.44,-981.93,0.83,1.05,-0.15,34.50,-197.40,-401.25,25.7
2026/04/22 21:53:04.39,IMU,-223.14,31.74,-974.61,-1.03,2.33,-0.18,31.95,-198.15,-398.10,25.9
2026/04/22 21:53:04.49,IMU,-211.91,21.48,-998.54,-3.36,3.77,-0.13,33.30,-197.55,-400.05,26.1
2026/04/22 21:53:04.59,IMU,-210.94,28.81,-966.80,2.02,5.25,1.82,33.00,-195.90,-399.90,25.8
2026/04/22 21:53:04.69,IMU,-196.29,41.99,-1006.35,1.55,1.21,-0.05,33.00,-195.45,-399.45,25.7
2026/04/22 21:53:04.79,IMU,-198.73,24.41,-1000.98,0.40,-0.66,-7.09,33.60,-195.30,-401.85,25.7
2026/04/22 21:53:04.89,IMU,-217.77,19.53,-1000.49,2.19,-1.89,-0.07,33.00,-196.95,-400.20,25.9
2026/04/22 21:53:04.99,IMU,-160.16,57.62,-987.30,-12.02,3.72,-12.15,32.55,-196.80,-402.15,25.7
2026/04/22 21:53:05.09,IMU,-242.68,23.44,-990.23,-21.27,6.64,-19.25,31.80,-197.55,-403.20,26.1
2026/04/22 21:53:05.19,IMU,-203.61,107.42,-982.42,-22.05,12.56,3.36,31.50,-196.20,-404.55,25.9
2026/04/22 21:53:05.29,IMU,-147.95,97.66,-974.12,-10.50,20.63,-11.92,27.45,-191.70,-407.10,25.9
2026/04/22 21:53:05.39,IMU,-144.53,98.14,-1039.06,-5.67,0.25,0.32,23.25,-195.60,-403.65,26.1
2026/04/22 21:53:05.49,IMU,-184.57,189.45,-930.66,-19.47,-4.52,7.12,26.10,-192.00,-409.20,26.0
2026/04/22 21:53:05.59,IMU,-157.23,158.69,-982.91,-0.63,-3.36,10.66,27.00,-189.90,-408.75,25.6
2026/04/22 21:53:05.69,IMU,-123.54,168.95,-1041.99,-10.95,-3.27,14.04,27.15,-187.80,-408.90,25.9
2026/04/22 21:53:05.80,IMU,-78.12,187.50,-959.47,-3.25,-1.17,-10.08,28.20,-186.00,-408.90,26.2
2026/04/22 21:53:05.90,IMU,-218.26,154.79,-946.29,2.47,-4.32,5.21,27.75,-188.10,-408.30,25.9
2026/04/22 21:53:06.00,IMU,-104.98,187.01,-985.84,2.50,5.81,4.91,28.80,-186.90,-408.30,26.0
2026/04/22 21:53:06.10,IMU,-119.14,179.20,-956.54,10.97,-9.06,-9.78,27.45,-188.25,-407.85,25.9
2026/04/22 21:53:06.20,IMU,-177.25,167.97,-1001.46,2.13,-3.06,4.35,27.90,-189.75,-408.15,25.7
2026/04/22 21:53:06.30,IMU,-133.79,165.04,-997.07,2.00,6.27,3.16,27.90,-188.70,-408.15,25.9
2026/04/22 21:53:06.41,IMU,-145.51,158.20,-973.63,1.25,-5.12,-4.14,23.85,-189.00,-402.75,25.9
2026/04/22 21:53:06.51,IMU,-180.66,161.62,-943.85,13.99,3.33,-0.53,27.30,-189.90,-407.55,25.9
2026/04/22 21:53:06.61,IMU,-116.70,132.81,-1035.64,-3.31,12.98,11.44,27.45,-189.75,-406.65,25.9
2026/04/22 21:53:06.71,IMU,-68.36,152.83,-1055.18,-0.90,-3.15,-10.66,27.15,-190.20,-408.15,25.9
2026/04/22 21:53:06.81,IMU,-164.55,130.86,-980.96,-9.18,-2.52,-7.95,28.05,-189.60,-408.75,25.9
2026/04/22 21:53:06.91,IMU,-121.58,172.85,-983.89,-0.01,2.37,-0.05,28.05,-189.60,-406.20,25.9
2026/04/22 21:53:07.01,IMU,-178.22,184.08,-993.65,4.22,-5.66,-1.17,27.75,-189.15,-406.95,25.8
2026/04/22 21:53:07.11,IMU,-134.77,149.90,-1018.07,-14.14,-0.01,2.01,27.75,-188.85,-408.00,25.9
2026/04/22 21:53:07.21,IMU,-173.83,170.41,-945.80,-7.03,-2.64,3.79,27.30,-188.10,-407.25,26.1
2026/04/22 21:53:07.32,IMU,-93.75,160.16,-1005.37,-3.73,-7.81,11.74,28.50,-185.85,-408.30,26.1
2026/04/22 21:53:07.42,IMU,-168.46,215.82,-948.73,-4.40,-20.14,-10.21,31.35,-185.85,-406.50,26.3
2026/04/22 21:53:07.52,IMU,-257.81,202.15,-911.62,16.82,-8.98,12.46,31.95,-183.75,-405.60,26.2
2026/04/22 21:53:07.62,IMU,-182.62,201.17,-1019.04,-5.08,-6.90,-0.98,32.70,-186.30,-404.55,26.1
2026/04/22 21:53:07.72,IMU,-253.91,171.39,-991.70,-1.03,10.27,-1.75,31.35,-185.85,-404.70,26.1
2026/04/22 21:53:07.82,IMU,-180.18,194.82,-984.86,5.02,7.10,-0.53,29.70,-186.75,-406.05,26.3
2026/04/22 21:53:07.92,IMU,-187.99,182.62,-979.49,1.04,1.39,-5.82,25.65,-190.50,-400.95,25.8
2026/04/22 21:53:08.02,IMU,-195.80,174.80,-973.63,4.63,1.10,0.69,31.35,-187.35,-405.45,26.0
2026/04/22 21:53:08.12,IMU,-196.29,187.01,-980.96,-3.98,-1.13,-4.81,29.55,-188.40,-406.50,26.3
2026/04/22 21:53:08.22,IMU,-205.57,173.83,-964.84,2.59,0.95,-2.91,29.55,-188.85,-405.75,26.2
2026/04/22 21:53:08.33,IMU,-186.52,191.89,-973.14,0.24,-0.56,5.50,30.45,-188.25,-407.10,26.1
2026/04/22 21:53:08.43,IMU,-201.66,175.78,-988.77,1.60,-4.10,1.54,30.30,-188.40,-406.20,26.1
2026/04/22 21:53:08.53,IMU,-178.22,151.37,-998.05,5.51,1.32,4.49,30.15,-188.70,-406.35,26.4
2026/04/22 21:53:08.63,IMU,-211.43,166.99,-993.65,-0.56,-2.99,-1.54,30.30,-189.90,-406.95,26.2
2026/04/22 21:53:08.73,IMU,-186.04,175.29,-987.30,0.91,-3.85,-1.38,29.70,-189.45,-406.65,26.0
2026/04/22 21:53:08.83,IMU,-218.75,146.97,-962.40,-0.16,-0.12,-2.53,30.45,-189.75,-406.65,26.3
2026/04/22 21:53:08.94,IMU,-202.64,160.64,-997.07,2.58,-3.55,-6.68,31.05,-189.60,-405.75,26.2
2026/04/22 21:53:09.04,IMU,-206.05,160.64,-974.12,2.61,-12.34,-6.29,30.90,-189.45,-404.55,26.1
2026/04/22 21:53:09.14,IMU,-259.28,146.48,-964.36,-1.15,6.34,-1.08,32.10,-190.65,-404.70,26.4
2026/04/22 21:53:09.24,IMU,-218.75,156.25,-976.56,-0.07,7.00,-3.24,29.85,-190.65,-406.50,26.3
2026/04/22 21:53:09.34,IMU,-197.75,132.81,-974.61,0.60,15.14,1.20,30.30,-190.65,-407.25,26.3
2026/04/22 21:53:09.44,IMU,-176.76,149.41,-980.96,-0.82,12.08,-2.85,28.80,-189.60,-406.95,26.1
2026/04/22 21:53:09.54,IMU,-162.60,134.28,-989.75,0.61,7.37,3.44,26.85,-190.20,-406.65,26.4
2026/04/22 21:53:09.64,IMU,-150.39,157.71,-987.30,2.82,5.08,4.37,27.15,-189.00,-407.85,26.3
2026/04/22 21:53:09.74,IMU,-142.09,147.46,-1001.46,4.30,1.37,-0.79,27.00,-190.65,-408.00,26.0
2026/04/22 21:53:09.84,IMU,-140.14,155.27,-1001.46,3.40,-0.05,-3.54,26.40,-191.25,-408.45,26.4
2026/04/22 21:53:09.94,IMU,-154.79,128.42,-991.70,3.41,1.70,-4.50,27.30,-193.35,-408.75,26.2
2026/04/22 21:53:10.04,IMU,-135.74,151.37,-984.86,0.08,2.69,0.15,26.25,-191.10,-409.35,26.3
2026/04/22 21:53:10.14,IMU,-132.81,152.83,-988.28,0.08,-0.14,-1.37,24.75,-192.30,-406.95,26.4
2026/04/22 21:53:10.24,IMU,-133.30,136.23,-990.23,3.68,-2.01,-8.39,25.65,-192.75,-407.85,26.3
2026/04/22 21:53:10.34,IMU,-144.04,122.07,-996.58,3.51,1.48,-5.95,26.10,-194.40,-408.15,26.4
2026/04/22 21:53:10.44,IMU,-126.46,113.28,-1007.32,3.67,-2.71,0.70,25.35,-195.15,-408.15,26.3
2026/04/22 21:53:10.54,IMU,-177.25,113.77,-968.26,-7.96,-7.00,-0.93,25.35,-193.95,-407.85,26.4
2026/04/22 21:53:10.64,IMU,-171.39,115.23,-1008.30,6.31,-1.08,-4.07,27.30,-193.35,-407.55,26.3
2026/04/22 21:53:10.74,IMU,-169.43,118.16,-999.02,-4.41,-2.54,-4.03,26.10,-193.50,-407.40,26.5
2026/04/22 21:53:10.84,IMU,-181.15,139.16,-994.14,0.37,0.82,-0.69,27.75,-193.35,-409.05,26.6
2026/04/22 21:53:10.94,IMU,-162.11,130.86,-987.30,-0.88,2.98,0.61,26.10,-192.45,-407.85,26.4
2026/04/22 21:53:11.04,IMU,-196.29,123.05,-995.12,6.05,-1.38,-4.39,25.50,-194.10,-407.25,26.1
2026/04/22 21:53:11.14,IMU,-175.29,102.54,-1003.91,0.64,-0.94,0.34,26.10,-194.70,-407.40,26.7
2026/04/22 21:53:11.24,IMU,-199.22,92.77,-1004.88,0.40,-2.22,-0.39,26.10,-194.70,-407.10,26.3
2026/04/22 21:53:11.34,IMU,-172.85,107.91,-999.51,-2.89,1.70,0.12,26.25,-194.55,-407.25,26.3
2026/04/22 21:53:11.44,IMU,-202.64,120.12,-1004.88,1.76,0.89,1.87,26.25,-194.10,-406.95,26.4
2026/04/22 21:53:11.54,IMU,-173.83,132.81,-997.56,3.08,0.26,-2.66,26.55,-195.30,-408.30,26.6
2026/04/22 21:53:11.64,IMU,-171.39,124.51,-972.17,-0.62,7.95,1.71,26.40,-195.15,-407.85,26.5
2026/04/22 21:53:11.74,IMU,-159.18,127.93,-990.72,-0.18,-0.93,0.57,24.90,-195.15,-408.15,26.6
2026/04/22 21:53:11.84,IMU,-196.29,106.93,-983.40,-1.27,-0.12,3.65,26.25,-194.85,-407.55,26.7
2026/04/22 21:53:11.94,IMU,-177.25,109.86,-986.82,0.35,1.37,14.07,26.25,-194.85,-408.00,26.7
2026/04/22 21:53:12.04,IMU,-163.09,141.11,-999.51,-1.69,1.74,-0.69,26.10,-193.50,-408.45,26.6
2026/04/22 21:53:12.15,IMU,-126.95,146.00,-976.07,6.11,-3.35,6.45,26.85,-191.70,-407.40,26.4
2026/04/22 21:53:12.25,IMU,-176.76,102.54,-1040.53,1.90,-4.16,-1.63,28.65,-193.20,-406.05,26.3
2026/04/22 21:53:12.35,IMU,-228.03,87.89,-972.66,-4.49,6.52,-9.21,28.65,-192.00,-406.05,26.6
2026/04/22 21:53:12.45,IMU,-162.11,148.44,-960.45,-11.76,14.90,0.14,28.65,-191.70,-407.40,26.4
2026/04/22 21:53:12.55,IMU,-146.48,151.37,-1026.37,4.61,6.97,11.98,24.60,-193.50,-405.30,26.7
2026/04/22 21:53:12.65,IMU,-126.95,134.28,-1005.86,6.89,-9.18,-4.05,25.65,-191.70,-408.90,26.4
2026/04/22 21:53:12.75,IMU,-192.87,94.24,-1001.46,-11.02,5.79,-10.27,26.25,-194.10,-408.75,26.7
2026/04/22 21:53:12.85,IMU,-157.23,130.86,-981.45,-3.08,29.63,13.21,25.20,-192.60,-409.35,26.8
2026/04/22 21:53:12.95,IMU,27.34,176.27,-1017.09,8.63,11.45,-1.57,24.00,-193.05,-410.55,26.9
2026/04/22 21:53:13.05,IMU,-96.68,105.47,-1001.46,11.02,-11.34,-22.07,22.80,-194.70,-408.90,26.7
2026/04/22 21:53:13.15,IMU,-165.04,80.57,-984.86,1.27,6.19,-5.52,22.95,-195.60,-408.00,26.5
2026/04/22 21:53:13.25,IMU,-28.81,123.05,-1060.06,-12.18,7.24,3.63,21.60,-195.45,-410.70,26.8
2026/04/22 21:53:13.35,IMU,-128.42,85.45,-1015.63,11.75,-4.14,-6.21,23.70,-194.55,-409.35,26.6
2026/04/22 21:53:13.45,IMU,-82.52,115.72,-845.70,11.98,-4.80,-3.77,22.35,-196.65,-409.95,26.9
2026/04/22 21:53:13.55,IMU,-140.14,-35.16,-1225.10,22.66,19.11,-20.71,15.60,-204.45,-401.85,26.8
2026/04/22 21:53:13.65,IMU,-53.71,0.98,-939.45,-20.30,-2.55,-24.70,18.30,-201.60,-408.45,26.8
2026/04/22 21:53:13.75,IMU,-128.42,32.71,-948.24,11.20,5.81,-24.02,18.75,-201.90,-408.15,26.8
2026/04/22 21:53:13.85,IMU,-64.94,29.30,-1052.73,46.95,2.76,-16.43,18.30,-207.30,-407.85,26.8
2026/04/22 21:53:13.95,IMU,-153.32,-114.26,-1015.63,9.05,-19.86,-17.54,19.05,-210.60,-405.30,26.8
2026/04/22 21:53:14.05,IMU,-180.18,-64.94,-1035.64,-14.11,-2.11,4.05,16.05,-211.35,-404.25,26.8
2026/04/22 21:53:14.15,IMU,-128.42,-27.83,-934.57,3.00,16.50,8.31,15.90,-208.95,-406.50,26.6
2026/04/22 21:53:14.25,IMU,-116.21,-83.50,-1051.27,-9.73,13.80,6.23,16.80,-209.55,-405.60,26.5
2026/04/22 21:53:14.35,IMU,-35.64,-44.43,-956.54,-17.62,0.37,2.18,15.00,-208.35,-408.15,27.1
2026/04/22 21:53:14.45,IMU,-98.14,-8.79,-1060.06,-6.94,3.11,8.12,16.65,-207.45,-408.30,26.8
2026/04/22 21:53:14.55,IMU,-63.96,5.37,-997.07,-5.63,-3.98,1.33,18.15,-203.70,-409.05,26.9
2026/04/22 21:53:14.66,IMU,-116.70,0.00,-991.21,4.02,-7.76,-0.76,17.40,-204.00,-408.75,27.1
2026/04/22 21:53:14.76,IMU,-148.93,-10.25,-1015.63,0.19,-2.16,1.15,17.70,-205.95,-408.00,26.9
2026/04/22 21:53:14.86,IMU,-91.31,15.63,-995.61,-0.76,-0.53,-0.15,19.50,-206.10,-407.10,27.0
2026/04/22 21:53:14.96,IMU,-143.07,2.93,-1010.74,-2.13,-7.26,3.46,18.00,-203.85,-407.85,26.7
2026/04/22 21:53:15.06,IMU,-73.73,-4.39,-1021.48,-1.59,-13.96,2.05,19.95,-204.75,-407.55,26.8
2026/04/22 21:53:15.16,IMU,-187.50,51.27,-947.27,16.03,-59.29,-12.16,21.15,-204.75,-405.75,26.8
2026/04/22 21:53:15.27,IMU,-323.24,-129.39,-943.36,32.71,27.86,-15.56,25.65,-209.85,-402.30,26.9
2026/04/22 21:53:15.37,IMU,-187.01,-155.76,-1074.71,-30.81,40.83,5.50,21.60,-210.30,-402.75,27.2
2026/04/22 21:53:15.47,IMU,-65.92,39.06,-935.06,-3.34,-6.03,19.67,21.60,-208.80,-405.60,26.8
2026/04/22 21:53:15.57,IMU,-195.80,-32.23,-984.38,18.63,-4.76,4.01,21.75,-207.75,-403.65,27.1
2026/04/22 21:53:15.67,IMU,-147.46,-62.99,-1042.48,0.65,-9.66,2.01,22.20,-208.50,-402.90,27.0
2026/04/22 21:53:15.77,IMU,-250.98,-69.82,-993.16,-9.22,-17.29,-11.83,24.75,-209.25,-402.60,27.0
2026/04/22 21:53:15.87,IMU,-229.00,-1.95,-947.75,-0.92,24.59,3.25,24.60,-208.35,-404.25,26.8
2026/04/22 21:53:15.97,IMU,-164.55,-83.01,-1090.33,-11.62,9.88,-6.90,20.85,-206.85,-406.35,27.0
2026/04/22 21:53:16.07,IMU,-153.32,-19.04,-971.19,5.69,9.37,7.30,19.50,-208.05,-407.10,27.0
2026/04/22 21:53:16.17,IMU,-151.37,-46.88,-1003.91,2.80,23.73,5.70,21.45,-206.25,-406.50,27.3
2026/04/22 21:53:16.27,IMU,-77.64,-19.04,-1008.30,-12.29,30.56,2.40,18.15,-206.70,-407.25,27.1
2026/04/22 21:53:16.37,IMU,1.95,9.28,-1031.74,-22.02,20.75,-8.62,16.35,-205.50,-409.80,27.2
2026/04/22 21:53:16.47,IMU,-57.62,41.50,-974.12,-2.08,14.06,1.43,14.85,-204.00,-412.65,26.8
2026/04/22 21:53:16.57,IMU,71.29,10.74,-1040.53,7.90,-17.93,-10.08,13.35,-204.75,-411.15,27.1
2026/04/22 21:53:16.67,IMU,-126.95,-26.86,-993.65,6.13,-5.69,-3.39,14.10,-205.95,-410.10,27.1
2026/04/22 21:53:16.77,IMU,-21.97,21.97,-1015.14,-0.76,-4.42,2.85,15.60,-205.50,-409.35,27.2
2026/04/22 21:53:16.87,IMU,-97.17,38.09,-990.72,-1.11,-1.01,-0.77,17.40,-203.70,-409.35,27.1
2026/04/22 21:53:16.97,IMU,-75.20,-9.28,-1021.97,-6.57,9.85,-0.33,16.05,-205.35,-409.65,26.9
2026/04/22 21:53:17.07,IMU,-13.67,56.64,-987.79,-5.53,7.24,10.63,15.45,-204.90,-410.25,27.2
2026/04/22 21:53:17.17,IMU,-24.41,49.32,-996.09,-1.05,-3.68,-1.16,16.05,-202.35,-412.05,26.8
2026/04/22 21:53:17.27,IMU,-28.32,29.79,-1028.81,4.94,-13.69,-0.91,16.35,-203.70,-409.35,27.3
2026/04/22 21:53:17.37,IMU,-93.75,28.32,-1012.21,2.13,-10.19,-1.88,18.30,-203.40,-410.25,26.6
2026/04/22 21:53:17.47,IMU,-109.86,26.86,-985.84,1.48,6.56,1.01,17.10,-204.75,-410.85,27.2
2026/04/22 21:53:17.57,IMU,-44.43,24.41,-1009.77,-3.49,1.20,1.53,17.25,-203.10,-410.25,27.2
2026/04/22 21:53:17.67,IMU,-62.50,35.64,-1017.09,-0.96,5.69,1.80,15.90,-204.00,-409.80,27.5
2026/04/22 21:53:17.77,IMU,-19.04,28.81,-1010.74,-0.51,7.19,0.17,17.25,-203.40,-410.25,27.0
2026/04/22 21:53:17.88,IMU,-44.43,23.93,-992.19,1.95,-3.45,1.55,16.05,-204.60,-410.70,26.8
2026/04/22 21:53:17.98,IMU,-36.62,16.60,-1013.67,6.15,3.62,-2.66,15.75,-204.15,-410.25,27.3
2026/04/22 21:53:18.08,IMU,-11.72,14.16,-1022.46,-3.44,1.67,3.92,14.40,-205.50,-411.15,27.3
2026/04/22 21:53:18.18,IMU,-35.16,27.34,-995.12,0.06,-5.76,-4.10,14.40,-204.00,-409.80,27.0
2026/04/22 21:53:18.28,IMU,-48.34,39.06,-989.26,2.89,-0.98,0.99,15.15,-204.75,-411.15,27.3
2026/04/22 21:53:18.38,IMU,-48.34,-17.09,-1050.78,-11.64,8.11,-8.39,14.85,-205.95,-411.90,27.1
2026/04/22 21:53:18.48,IMU,2.44,11.23,-1016.11,5.36,-2.81,-14.59,14.25,-203.40,-411.45,27.3
2026/04/22 21:53:18.59,IMU,-45.41,60.55,-970.70,1.66,-1.31,2.98,13.95,-204.15,-411.45,27.5
2026/04/22 21:53:18.69,IMU,-92.77,-14.16,-1017.09,3.86,-4.86,3.45,13.50,-206.10,-411.00,27.1
2026/04/22 21:53:18.79,IMU,-17.09,22.95,-1020.02,2.33,-0.57,5.73,14.10,-204.00,-409.35,27.3
2026/04/22 21:53:18.89,IMU,-80.57,-14.65,-1036.13,0.42,2.48,0.18,13.95,-206.55,-410.70,27.3
2026/04/22 21:53:18.99,IMU,10.74,19.53,-1025.39,-9.91,9.22,-0.93,14.10,-205.95,-411.60,27.4
2026/04/22 21:53:19.09,IMU,-55.18,16.60,-1009.77,-4.83,-0.24,-0.43,13.65,-204.45,-410.85,27.2
2026/04/22 21:53:19.19,IMU,-33.20,52.73,-992.68,-7.96,9.30,5.55,13.50,-202.65,-412.50,27.3
2026/04/22 21:53:19.29,IMU,10.25,41.50,-1028.81,-2.65,4.73,5.74,12.75,-203.40,-413.55,27.5
2026/04/22 21:53:19.39,IMU,-38.57,52.73,-995.61,-0.61,0.40,-1.04,12.30,-203.25,-412.65,27.5
2026/04/22 21:53:19.49,IMU,-25.39,54.20,-1000.00,-1.93,-1.24,-0.28,13.05,-203.25,-411.60,27.2
2026/04/22 21:53:19.59,IMU,10.74,50.78,-1010.25,-3.90,7.18,2.10,12.45,-202.65,-412.05,27.5
2026/04/22 21:53:19.69,IMU,11.72,41.50,-997.56,-1.23,1.71,2.86,10.65,-202.65,-410.25,27.7
2026/04/22 21:53:19.79,IMU,8.79,37.60,-1040.53,2.77,11.78,9.24,12.60,-201.75,-414.15,27.4
2026/04/22 21:53:19.89,IMU,27.34,71.78,-997.56,-10.98,11.07,-0.88,11.55,-201.00,-414.15,27.6
2026/04/22 21:53:19.99,IMU,94.24,92.77,-1072.75,-10.95,9.68,2.69,11.40,-200.40,-413.25,27.4
2026/04/22 21:53:20.09,IMU,27.83,41.50,-1021.00,2.05,-8.63,-1.92,10.20,-198.90,-415.05,27.5
2026/04/22 21:53:20.19,IMU,62.01,102.05,-997.07,10.18,-0.53,7.30,11.55,-200.25,-414.45,27.5
2026/04/22 21:53:20.29,IMU,-4.88,66.41,-1039.06,-0.24,-3.39,-3.63,12.00,-200.85,-413.25,27.5
2026/04/22 21:53:20.39,IMU,57.13,68.36,-1017.09,4.56,9.91,9.06,13.20,-201.60,-413.25,27.5
2026/04/22 21:53:20.49,IMU,40.53,56.15,-1011.72,3.29,-1.89,-6.68,11.85,-200.25,-414.15,27.5
2026/04/22 21:53:20.59,IMU,21.00,78.12,-1016.11,0.77,0.34,1.45,12.60,-200.25,-413.40,27.5
2026/04/22 21:53:20.69,IMU,13.67,74.22,-1011.23,1.28,-0.64,0.57,9.00,-201.00,-408.30,27.5
2026/04/22 21:53:20.79,IMU,37.11,71.29,-1023.44,0.56,-1.41,-3.22,12.45,-201.90,-412.05,27.5
2026/04/22 21:53:20.89,IMU,29.79,55.66,-998.05,3.62,3.95,1.50,11.85,-200.55,-414.15,27.3
2026/04/22 21:53:20.99,IMU,26.86,49.32,-1000.00,3.95,4.27,-0.58,11.55,-201.00,-412.35,27.5
2026/04/22 21:53:21.09,IMU,58.11,73.24,-1000.98,4.14,3.27,-3.76,11.85,-201.00,-411.90,27.6
2026/04/22 21:53:21.19,IMU,13.67,49.32,-995.61,0.38,3.11,-2.85,13.05,-202.05,-412.95,27.5
2026/04/22 21:53:21.30,IMU,67.38,57.62,-961.91,11.29,9.15,-3.09,9.75,-202.80,-412.95,27.6
2026/04/22 21:53:21.40,IMU,111.33,43.95,-935.55,32.05,-21.79,-30.94,10.80,-205.50,-412.95,27.6
2026/04/22 21:53:21.50,IMU,-223.14,-62.99,-1095.70,63.66,54.23,-81.82,6.30,-211.95,-408.30,27.6
2026/04/22 21:53:21.60,IMU,123.05,-140.63,-1056.64,-18.81,31.16,-1.99,-1.35,-217.05,-406.35,27.8
2026/04/22 21:53:21.70,IMU,99.61,-185.55,-1059.08,16.26,-37.23,4.49,-3.00,-217.35,-406.95,27.6
2026/04/22 21:53:21.80,IMU,53.22,-208.50,-1029.79,21.24,-96.32,-26.28,3.30,-218.70,-402.30,27.6
2026/04/22 21:53:21.90,IMU,-27.83,-109.86,-919.92,-7.36,20.12,-8.98,7.65,-218.25,-400.20,27.6
2026/04/22 21:53:22.00,IMU,37.60,-118.65,-975.10,-26.43,16.35,-41.35,3.30,-216.30,-403.50,27.6
2026/04/22 21:53:22.10,IMU,125.49,-140.63,-1221.19,-35.60,7.06,6.49,-0.60,-215.25,-404.85,27.6
2026/04/22 21:53:22.20,IMU,65.43,-241.21,-982.91,-14.56,129.04,3.10,-3.00,-214.95,-406.50,27.6
2026/04/22 21:53:22.30,IMU,318.85,-15.14,-834.47,-20.70,14.05,37.55,-12.30,-210.45,-405.75,27.6
2026/04/22 21:53:22.40,IMU,226.07,48.83,-1308.11,6.40,-26.01,65.23,-4.50,-212.40,-405.75,27.6
2026/04/22 21:53:22.50,IMU,174.32,-104.49,-989.26,30.73,-19.48,-33.49,-4.95,-209.70,-405.75,27.6
2026/04/22 21:53:22.60,IMU,322.27,32.71,-989.26,-35.64,7.72,-24.89,-6.90,-210.30,-404.55,27.8
2026/04/22 21:53:22.70,IMU,125.49,70.80,-1129.88,16.42,-43.25,-34.47,-8.70,-209.10,-406.05,27.6
2026/04/22 21:53:22.80,IMU,195.31,-191.41,-1024.90,-33.74,-20.83,29.35,-7.65,-211.05,-406.05,27.8
2026/04/22 21:53:22.90,IMU,-119.63,36.62,-713.87,113.08,-250.14,-46.29,-5.70,-207.00,-409.05,27.6
2026/04/22 21:53:23.00,IMU,-210.94,-6.35,-1124.51,-7.63,32.85,27.72,-3.45,-216.15,-400.80,27.6
2026/04/22 21:53:23.10,IMU,404.79,-36.13,-941.41,9.74,127.39,88.58,2.70,-213.90,-403.65,27.6
2026/04/22 21:53:23.20,IMU,37.11,-154.79,-1047.85,-15.90,28.21,-13.11,-5.10,-211.05,-407.85,27.8
2026/04/22 21:53:23.30,IMU,164.06,1.46,-1039.55,-3.92,-49.60,0.08,-2.85,-211.35,-406.05,27.7
2026/04/22 21:53:23.40,IMU,31.74,-557.13,-362.30,-118.44,105.49,-33.53,-4.50,-207.45,-409.80,27.6
2026/04/22 21:53:23.50,IMU,228.52,48.34,-851.56,31.05,-30.69,26.21,-6.00,-204.75,-410.55,27.6
2026/04/22 21:53:23.60,IMU,94.73,24.41,-915.04,2.43,-22.15,-22.03,-3.90,-207.30,-407.10,27.6
2026/04/22 21:53:23.70,IMU,87.89,35.16,-986.33,8.05,-35.82,-3.58,-0.90,-209.25,-407.25,27.7
2026/04/22 21:53:23.80,IMU,-72.27,7.32,-935.06,20.77,-77.53,-44.73,3.90,-212.55,-405.30,27.3
2026/04/22 21:53:23.90,IMU,-239.75,16.60,-980.96,1.10,-19.21,2.11,7.50,-211.95,-401.40,27.6
2026/04/22 21:53:24.01,IMU,-106.45,-34.67,-957.03,-1.24,-2.71,2.04,8.55,-212.70,-401.85,27.6
2026/04/22 21:53:24.11,IMU,-24.90,-12.70,-975.59,-10.50,54.85,22.35,6.30,-212.70,-403.20,27.8
2026/04/22 21:53:24.21,IMU,-21.97,30.27,-955.08,-3.75,16.93,13.54,2.70,-208.20,-405.15,27.9
2026/04/22 21:53:24.31,IMU,104.00,-82.03,-1088.87,2.95,-14.92,18.82,2.55,-208.80,-406.05,27.6
2026/04/22 21:53:24.41,IMU,-91.80,-109.37,-992.68,6.31,-34.72,-37.65,6.00,-211.95,-405.45,27.8
2026/04/22 21:53:24.51,IMU,-102.54,-17.58,-1041.99,-0.53,-4.69,-9.57,6.75,-211.20,-403.95,27.8
2026/04/22 21:53:24.61,IMU,-143.55,31.25,-1033.20,-4.04,16.85,1.23,6.30,-210.45,-404.70,27.8
2026/04/22 21:53:24.71,IMU,167.48,67.87,-821.78,-2.80,9.82,0.87,-4.35,-207.30,-410.25,27.9
2026/04/22 21:53:24.81,IMU,180.66,35.64,-1014.16,2.98,1.99,22.21,-4.65,-207.60,-410.70,27.7
2026/04/22 21:53:24.91,IMU,136.23,43.95,-987.79,1.26,-2.09,6.51,-3.90,-209.10,-409.95,27.8
2026/04/22 21:53:25.01,IMU,130.86,37.11,-1003.42,-0.47,-2.23,4.74,-4.95,-207.75,-409.80,27.6
2026/04/22 21:53:25.11,IMU,129.39,32.23,-1016.60,2.21,-4.99,-1.03,-3.30,-208.80,-409.95,27.7
2026/04/22 21:53:25.21,IMU,119.14,28.81,-1005.86,0.22,3.02,-0.56,-2.85,-209.10,-409.95,27.8
2026/04/22 21:53:25.31,IMU,134.28,18.07,-1028.81,0.83,-2.04,4.68,-1.80,-208.05,-411.00,27.8
2026/04/22 21:53:25.41,IMU,109.86,23.44,-998.05,0.53,3.50,4.41,-3.60,-208.80,-411.00,27.5
2026/04/22 21:53:25.51,IMU,137.21,19.53,-986.82,0.96,0.72,0.86,-2.25,-209.70,-409.80,27.6
2026/04/22 21:53:25.61,IMU,136.72,23.44,-1002.44,0.69,-0.56,-0.79,-3.75,-207.45,-410.10,27.5
2026/04/22 21:53:25.71,IMU,117.19,38.09,-998.05,1.85,-1.91,3.87,-1.20,-208.20,-411.90,27.6
2026/04/22 21:53:25.81,IMU,130.37,40.04,-1004.39,2.09,-5.06,4.36,-4.50,-208.95,-407.25,27.8
2026/04/22 21:53:25.91,IMU,115.23,17.58,-1026.37,0.39,-5.67,-3.16,-1.65,-207.75,-410.10,27.6
2026/04/22 21:53:26.01,IMU,120.12,18.55,-993.65,2.04,-3.02,1.20,-1.05,-208.35,-409.95,27.5
2026/04/22 21:53:26.11,IMU,108.40,29.79,-1014.16,0.72,-0.03,0.85,-0.60,-208.80,-411.00,27.8
2026/04/22 21:53:26.21,IMU,96.19,33.69,-975.59,-0.64,5.61,1.31,-1.05,-208.05,-410.70,27.7
2026/04/22 21:53:26.31,IMU,127.93,5.86,-984.38,0.46,-1.66,12.05,-1.05,-207.60,-409.65,27.5
2026/04/22 21:53:26.41,IMU,145.02,3.42,-1000.00,-0.47,-1.51,3.40,-0.60,-209.85,-410.25,27.7
2026/04/22 21:53:26.51,IMU,114.26,23.93,-1015.63,0.36,-3.59,-0.63,1.05,-208.35,-410.25,27.5
2026/04/22 21:53:26.61,IMU,111.33,18.07,-1007.81,-0.72,0.76,-0.03,-0.15,-208.95,-409.35,27.6
2026/04/22 21:53:26.71,IMU,96.19,11.23,-1002.44,-0.66,1.45,-1.24,0.30,-209.10,-410.25,27.8
2026/04/22 21:53:26.82,IMU,100.59,35.64,-1014.16,-2.02,-4.36,1.83,-1.80,-210.30,-407.10,27.5
2026/04/22 21:53:26.92,IMU,110.35,19.04,-1027.34,-0.56,0.50,-1.54,1.05,-208.80,-409.20,27.6
2026/04/22 21:53:27.02,IMU,113.77,17.58,-1026.37,0.19,-0.09,-0.71,0.45,-208.20,-409.05,27.7
2026/04/22 21:53:27.12,IMU,109.37,25.39,-1005.86,-0.12,1.54,-0.51,0.30,-208.05,-409.95,27.5
2026/04/22 21:53:27.22,IMU,107.42,7.32,-1006.35,-0.83,-1.72,1.75,0.30,-208.20,-410.55,27.6
2026/04/22 21:53:27.32,IMU,104.49,10.74,-1000.00,0.50,1.40,0.59,1.65,-209.70,-410.85,27.7
2026/04/22 21:53:27.42,IMU,108.89,13.18,-1019.04,1.71,2.63,0.72,0.00,-208.05,-409.95,27.5
2026/04/22 21:53:27.52,IMU,103.03,20.02,-1008.79,-1.04,3.52,1.06,1.05,-208.80,-408.45,27.7
2026/04/22 21:53:27.62,IMU,114.75,23.93,-994.63,0.82,2.33,1.96,0.15,-206.70,-410.10,27.8
2026/04/22 21:53:27.72,IMU,108.40,23.93,-1022.46,-0.47,-1.00,-1.41,1.35,-208.05,-409.95,27.7
2026/04/22 21:53:27.82,IMU,116.70,15.63,-1033.20,0.95,2.08,-0.19,0.00,-208.35,-409.65,27.8
2026/04/22 21:53:27.92,IMU,122.56,20.51,-988.77,-0.28,5.82,0.36,0.45,-207.45,-410.10,27.7
2026/04/22 21:53:28.02,IMU,114.75,14.65,-975.10,1.35,-0.82,-0.97,0.60,-209.55,-410.70,27.5
2026/04/22 21:53:28.12,IMU,116.70,21.97,-1057.62,1.56,2.14,1.04,1.20,-208.20,-410.85,27.7
2026/04/22 21:53:28.22,IMU,122.56,20.02,-1007.32,-1.39,-0.19,0.32,-0.15,-207.45,-410.55,27.5
2026/04/22 21:53:28.32,IMU,103.03,20.51,-1010.74,2.02,-0.21,-0.61,0.90,-207.45,-411.90,27.5
2026/04/22 21:53:28.42,IMU,113.28,15.14,-1013.18,0.89,0.12,3.43,-0.60,-207.60,-410.70,27.6
2026/04/22 21:53:28.53,IMU,113.28,7.32,-1016.11,-0.96,-0.54,-3.92,-0.15,-207.45,-411.15,27.7
2026/04/22 21:53:28.63,IMU,115.23,9.77,-1000.98,-1.75,8.28,1.96,-0.15,-208.95,-410.55,27.6
2026/04/22 21:53:28.73,IMU,145.02,33.69,-901.37,0.90,-9.31,2.63,0.15,-208.50,-409.80,27.6
2026/04/22 21:53:28.83,IMU,112.79,23.93,-1014.16,1.78,0.66,0.97,-2.10,-208.35,-411.00,27.5
2026/04/22 21:53:28.93,IMU,95.70,17.58,-1051.76,0.00,-2.92,11.40,-2.55,-210.30,-407.10,27.8
2026/04/22 21:53:29.03,IMU,168.95,-26.37,-1074.22,2.08,8.96,38.77,2.10,-209.55,-411.00,27.6
2026/04/22 21:53:29.13,IMU,278.81,-3.42,-923.34,-1.26,68.92,13.53,0.00,-208.35,-411.45,27.7
2026/04/22 21:53:29.23,IMU,508.30,-87.40,-879.39,14.15,80.11,51.27,-5.85,-206.85,-411.00,27.5
2026/04/22 21:53:29.33,IMU,457.52,-21.97,-1123.05,12.80,11.01,-39.52,-3.30,-210.60,-408.15,27.7
2026/04/22 21:53:29.43,IMU,177.73,-16.11,-898.44,-63.94,-15.73,-57.36,-5.40,-208.35,-408.90,27.3
2026/04/22 21:53:29.53,IMU,246.09,156.74,-637.21,-36.50,-111.74,-0.20,-2.10,-199.95,-415.05,27.5
2026/04/22 21:53:29.63,IMU,181.15,-48.34,-849.61,72.11,-29.43,104.45,11.55,-202.05,-411.90,27.6
2026/04/22 21:53:29.73,IMU,72.75,-151.37,-1177.25,87.50,10.02,-7.15,17.70,-211.20,-400.80,28.0
2026/04/22 21:53:29.83,IMU,118.16,-214.36,-1010.25,-17.73,-40.53,-7.69,17.10,-213.45,-400.80,27.6
2026/04/22 21:53:29.93,IMU,-129.88,-201.17,-771.48,-38.87,-70.03,28.53,21.75,-210.45,-399.30,27.3
2026/04/22 21:53:30.03,IMU,-72.27,-9.77,-1025.39,-32.40,20.24,-11.45,28.50,-207.00,-397.80,27.8
2026/04/22 21:53:30.13,IMU,25.39,24.41,-1185.06,6.37,-15.07,-5.26,27.15,-206.10,-399.15,27.6
2026/04/22 21:53:30.23,IMU,-125.98,26.86,-1086.91,1.15,11.43,-46.43,28.20,-208.35,-398.70,27.8
2026/04/22 21:53:30.33,IMU,-32.23,29.79,-989.75,0.64,-38.04,-22.85,26.55,-210.90,-402.60,27.6
2026/04/22 21:53:30.43,IMU,-193.36,15.63,-1057.13,-30.05,24.19,42.16,26.40,-211.35,-406.05,27.6
2026/04/22 21:53:30.53,IMU,116.21,-96.19,-1061.04,18.26,0.50,2.18,35.85,-205.50,-408.75,27.6
2026/04/22 21:53:30.63,IMU,-83.01,-86.91,-964.36,14.39,-14.98,2.51,37.95,-202.80,-410.10,27.5
2026/04/22 21:53:30.73,IMU,39.06,-166.99,-951.17,8.29,17.84,11.55,39.15,-195.60,-411.90,27.5
2026/04/22 21:53:30.83,IMU,-41.50,-197.75,-1003.91,2.14,10.13,12.94,40.05,-190.50,-410.70,27.7
2026/04/22 21:53:30.95,IMU,-21.97,-129.88,-1026.86,10.49,15.98,36.90,36.15,-186.60,-405.45,27.6
2026/04/22 21:53:31.05,IMU,28.32,-59.57,-914.55,5.95,13.84,27.72,34.65,-183.15,-403.95,27.6
2026/04/22 21:53:31.15,IMU,-46.39,-104.00,-1013.67,-16.31,-4.88,20.55,34.20,-182.55,-398.40,27.5
2026/04/22 21:53:31.25,IMU,52.25,-61.52,-1000.00,0.56,-6.60,11.77,34.35,-181.95,-392.40,27.5
2026/04/22 21:53:31.35,IMU,10.25,-48.34,-995.12,12.05,-11.16,-3.66,34.95,-183.30,-388.65,27.4
2026/04/22 21:53:31.45,IMU,-8.79,-90.33,-1123.05,3.08,-1.53,-0.56,34.35,-186.15,-386.70,27.5
2026/04/22 21:53:31.55,IMU,-260.74,-223.63,-1249.51,-46.63,-14.05,2.23,31.35,-187.65,-386.25,27.5
2026/04/22 21:53:31.65,IMU,-197.27,-45.41,-839.36,-43.44,-5.95,49.03,35.10,-184.65,-385.65,27.6
2026/04/22 21:53:31.75,IMU,-8.79,-163.09,-1161.13,-0.74,3.58,28.60,35.25,-180.30,-389.40,27.5
2026/04/22 21:53:31.85,IMU,-15.63,63.48,-770.02,30.34,44.99,21.67,37.20,-177.00,-391.05,27.7
2026/04/22 21:53:31.95,IMU,-67.87,35.16,-969.24,-14.27,-2.92,22.37,31.80,-180.90,-390.30,27.7
2026/04/22 21:53:32.05,IMU,-110.84,14.16,-1318.85,-4.80,-8.44,42.33,36.15,-177.45,-392.40,27.6
2026/04/22 21:53:32.15,IMU,-60.06,46.88,-1092.77,-52.11,15.43,-25.92,39.60,-173.40,-391.50,27.6
2026/04/22 21:53:32.25,IMU,-89.84,147.46,-923.34,-5.41,13.69,-19.43,40.80,-171.60,-394.50,27.5
2026/04/22 21:53:32.35,IMU,103.03,-89.36,-1319.82,35.66,30.02,-66.71,39.60,-171.90,-393.75,27.6
2026/04/22 21:53:32.45,IMU,-70.80,-50.78,-979.49,-4.12,24.79,-17.15,39.15,-175.20,-393.90,27.7
2026/04/22 21:53:32.55,IMU,45.90,39.06,-941.89,-21.27,12.69,4.62,36.15,-173.70,-396.45,27.6
2026/04/22 21:53:32.65,IMU,-7.81,103.52,-865.23,6.54,-15.24,2.09,36.00,-173.10,-393.75,27.5
2026/04/22 21:53:32.75,IMU,27.34,88.87,-940.92,31.19,-28.27,-31.66,34.65,-176.25,-392.10,27.6
2026/04/22 21:53:32.85,IMU,-119.63,7.32,-1011.23,22.11,-4.33,-2.34,34.65,-177.75,-386.70,27.3
2026/04/22 21:53:32.95,IMU,-68.36,-34.67,-1124.02,22.81,18.89,-8.15,32.85,-180.45,-381.60,27.5
2026/04/22 21:53:33.05,IMU,-84.96,-225.10,-1344.24,32.97,21.96,-17.20,33.45,-180.60,-384.30,27.5
2026/04/22 21:53:33.15,IMU,-102.54,-9.77,-865.23,-31.23,-11.85,49.01,32.70,-183.30,-384.30,27.3
2026/04/22 21:53:33.25,IMU,-56.15,-156.74,-1165.53,12.76,10.87,13.12,32.55,-180.90,-384.90,27.6
2026/04/22 21:53:33.35,IMU,60.55,-10.25,-916.02,-1.41,2.62,-5.81,30.15,-180.60,-386.85,27.5
2026/04/22 21:53:33.46,IMU,21.48,22.46,-1145.51,-7.25,-30.45,-29.21,31.05,-182.40,-386.25,27.3
2026/04/22 21:53:33.56,IMU,-207.52,38.09,-956.54,-4.50,25.19,-19.95,33.90,-184.20,-381.60,27.3
2026/04/22 21:53:33.66,IMU,-191.41,80.57,-1085.45,8.61,21.05,4.52,34.95,-186.30,-379.95,27.5
2026/04/22 21:53:33.76,IMU,168.95,-247.07,-1310.55,74.68,-18.32,-32.24,32.10,-186.60,-381.60,27.5
2026/04/22 21:53:33.86,IMU,-22.95,-144.04,-826.66,1.31,28.82,8.10,30.30,-187.65,-380.10,27.1
2026/04/22 21:53:33.96,IMU,-164.06,-187.01,-1006.84,27.70,-38.83,-27.50,25.20,-193.05,-375.90,27.5
2026/04/22 21:53:34.06,IMU,-265.63,-212.89,-1012.21,10.21,-6.65,3.85,26.40,-191.70,-377.40,27.5
2026/04/22 21:53:34.16,IMU,-16.60,-149.41,-859.38,-11.49,-15.34,52.44,33.45,-189.75,-373.80,27.5
2026/04/22 21:53:34.26,IMU,-150.39,-21.48,-972.66,-1.61,13.93,25.44,36.00,-190.20,-373.50,27.5
2026/04/22 21:53:34.36,IMU,-217.29,-75.20,-1124.02,-6.34,-1.07,41.93,36.75,-187.80,-374.25,27.0
2026/04/22 21:53:34.46,IMU,-324.22,-349.61,-1418.46,45.33,32.66,44.35,37.05,-184.50,-372.75,27.5
2026/04/22 21:53:34.56,IMU,17.09,-154.30,-833.98,-7.02,-5.88,62.55,39.00,-180.60,-377.85,27.0
2026/04/22 21:53:34.66,IMU,-59.08,-207.03,-852.05,-0.01,27.39,-3.18,39.15,-179.70,-379.50,27.5
2026/04/22 21:53:34.76,IMU,-95.21,-145.02,-797.36,-0.30,-1.97,-16.79,41.25,-180.90,-380.10,27.5
2026/04/22 21:53:34.86,IMU,93.26,-122.07,-1060.06,42.69,-18.56,-54.41,46.65,-185.25,-376.05,27.5
2026/04/22 21:53:34.96,IMU,-90.82,-138.67,-1101.07,14.95,-2.39,5.70,44.25,-191.85,-372.90,27.1
2026/04/22 21:53:35.06,IMU,-146.00,-149.41,-1051.27,-7.96,14.40,-22.69,47.10,-196.65,-369.15,27.3
2026/04/22 21:53:35.16,IMU,115.72,-337.89,-976.56,48.24,-34.33,-9.08,45.00,-194.10,-369.75,27.3
2026/04/22 21:53:35.26,IMU,-136.23,-261.72,-862.30,-40.06,4.74,-15.47,33.75,-195.15,-376.35,27.3
2026/04/22 21:53:35.36,IMU,-134.28,-207.03,-1090.33,16.73,6.16,-45.13,32.10,-189.90,-378.00,27.3
2026/04/22 21:53:35.47,IMU,-201.17,-389.65,-1086.43,-36.67,-29.19,-11.22,30.45,-194.70,-375.30,27.5
2026/04/22 21:53:35.57,IMU,9.77,-177.73,-724.61,-19.56,0.05,-10.69,33.75,-192.45,-375.30,27.3
2026/04/22 21:53:35.67,IMU,0.49,-157.23,-1006.35,-5.65,30.27,1.05,32.10,-191.55,-376.95,27.5
2026/04/22 21:53:35.77,IMU,-63.48,-179.20,-1037.60,-42.79,-39.10,26.31,34.65,-189.60,-379.05,27.5
2026/04/22 21:53:35.87,IMU,-390.14,-262.21,-1267.58,41.08,23.08,-46.25,35.85,-189.15,-375.45,27.4
2026/04/22 21:53:35.97,IMU,-140.14,-90.82,-933.59,3.22,3.85,33.34,36.90,-189.15,-376.05,27.3
2026/04/22 21:53:36.07,IMU,-268.55,-189.45,-912.11,11.86,-3.80,8.73,34.65,-188.40,-378.30,27.4
2026/04/22 21:53:36.17,IMU,15.14,-64.94,-903.32,38.28,-4.68,33.84,36.60,-188.10,-379.50,27.5
2026/04/22 21:53:36.27,IMU,-122.56,-85.45,-1007.32,-7.73,15.53,-24.50,36.75,-187.50,-376.80,27.1
2026/04/22 21:53:36.37,IMU,-78.61,-215.82,-1199.22,-17.70,57.73,-14.15,34.20,-190.20,-380.70,27.3
2026/04/22 21:53:36.47,IMU,110.84,-323.73,-955.57,12.08,-33.38,-7.08,29.55,-189.15,-385.95,27.3
2026/04/22 21:53:36.57,IMU,-120.61,-241.21,-1107.91,-6.90,13.89,0.53,27.45,-192.75,-382.50,27.4
2026/04/22 21:53:36.67,IMU,83.01,-150.39,-829.10,-17.93,-6.15,-21.32,26.25,-189.60,-385.65,27.5
2026/04/22 21:53:36.77,IMU,-66.41,-223.63,-987.79,1.82,-23.69,-53.92,24.00,-189.90,-384.15,27.3
2026/04/22 21:53:36.87,IMU,-28.32,-148.44,-1008.30,4.32,-7.95,-14.69,25.20,-190.65,-382.05,27.3
2026/04/22 21:53:36.97,IMU,-3.91,-59.08,-1004.88,-8.18,-15.92,-4.38,25.50,-192.30,-381.60,27.2
2026/04/22 21:53:37.08,IMU,-123.54,-36.62,-990.72,-4.98,0.40,-1.65,24.15,-193.95,-380.70,27.5
2026/04/22 21:53:37.18,IMU,-93.26,-104.49,-1059.57,-2.60,15.09,18.93,23.70,-194.55,-380.10,27.0
2026/04/22 21:53:37.28,IMU,-176.27,-88.38,-1113.28,-1.29,-10.30,64.76,28.05,-192.30,-380.85,27.3
2026/04/22 21:53:37.38,IMU,-142.58,-48.83,-956.05,-32.53,11.82,43.29,29.85,-188.85,-383.10,27.3
2026/04/22 21:53:37.48,IMU,-10.25,-132.32,-989.26,33.28,34.47,-6.54,31.80,-188.85,-382.05,27.2
2026/04/22 21:53:37.58,IMU,-42.97,-9.28,-869.14,-22.21,-23.27,-0.82,29.25,-188.85,-382.65,27.5
2026/04/22 21:53:37.68,IMU,-115.23,39.55,-947.75,22.20,5.18,2.82,29.70,-187.80,-382.20,27.5
2026/04/22 21:53:37.78,IMU,-35.64,-2.44,-1041.50,11.74,-5.28,41.05,30.30,-186.60,-380.85,27.5
2026/04/22 21:53:37.88,IMU,-53.22,-53.71,-1132.32,2.76,-0.35,16.57,32.55,-182.70,-379.80,27.5
2026/04/22 21:53:37.98,IMU,-137.21,-285.16,-1314.94,35.78,61.63,-55.05,33.45,-184.80,-376.35,27.3
2026/04/22 21:53:38.08,IMU,87.89,-146.00,-843.26,-20.17,-36.39,27.96,28.20,-184.05,-382.20,27.3
2026/04/22 21:53:38.18,IMU,-179.20,-189.45,-962.89,39.73,-15.56,-94.68,31.80,-188.40,-378.30,27.1
2026/04/22 21:53:38.28,IMU,-209.47,-217.77,-961.43,-51.61,-17.04,7.56,31.20,-194.40,-373.50,27.5
2026/04/22 21:53:38.38,IMU,-131.35,-116.21,-785.16,13.55,13.37,-3.89,36.60,-190.65,-372.60,27.5
2026/04/22 21:53:38.48,IMU,-50.78,-133.79,-1041.02,-14.37,15.69,33.25,35.55,-189.00,-373.80,27.3
2026/04/22 21:53:38.58,IMU,-209.47,-73.73,-1241.21,-8.15,0.30,24.35,38.55,-187.80,-371.70,27.3
2026/04/22 21:53:38.68,IMU,-100.59,-166.99,-1075.68,0.89,10.34,-19.15,40.20,-187.35,-375.45,27.3
2026/04/22 21:53:38.78,IMU,-16.60,-107.91,-822.75,-22.08,14.64,28.57,38.70,-185.85,-378.75,27.3
2026/04/22 21:53:38.88,IMU,-97.17,-188.48,-1000.00,47.44,-10.05,-26.17,37.80,-185.55,-379.20,27.3
2026/04/22 21:53:38.98,IMU,-64.94,-56.64,-961.43,12.19,-8.44,-7.99,37.65,-185.40,-376.95,27.1
2026/04/22 21:53:39.08,IMU,-88.38,-153.81,-1094.24,4.89,4.80,-34.15,33.30,-187.35,-372.90,27.0
2026/04/22 21:53:39.18,IMU,-248.54,-166.50,-930.18,-51.56,-20.82,15.82,34.20,-186.30,-377.10,27.0
2026/04/22 21:53:39.28,IMU,-13.18,-183.59,-992.19,25.14,18.37,-11.06,36.15,-182.70,-377.25,27.1
2026/04/22 21:53:39.38,IMU,-246.58,-108.89,-1204.10,-26.91,16.07,-14.30,31.20,-187.50,-378.60,27.0
2026/04/22 21:53:39.48,IMU,137.21,-186.52,-880.86,15.83,-14.70,-33.01,31.05,-186.60,-379.80,27.3
2026/04/22 21:53:39.58,IMU,-208.01,-189.94,-874.51,5.32,-13.70,-21.93,31.80,-191.55,-376.95,27.5
2026/04/22 21:53:39.68,IMU,-16.11,-92.77,-854.00,29.39,-2.48,14.40,35.25,-192.75,-375.00,27.1
2026/04/22 21:53:39.78,IMU,-93.75,-146.00,-1097.17,-0.02,-0.31,15.23,36.75,-192.45,-372.45,27.2
2026/04/22 21:53:39.88,IMU,-85.45,-167.97,-1162.60,-26.83,25.34,4.59,39.00,-194.40,-372.45,27.2
2026/04/22 21:53:39.99,IMU,35.64,-332.03,-1194.82,38.21,17.16,7.95,39.30,-190.50,-376.80,27.2
2026/04/22 21:53:40.09,IMU,-249.02,-76.17,-886.72,-31.92,-21.43,68.24,37.05,-194.40,-374.25,27.2
2026/04/22 21:53:40.19,IMU,-45.90,-247.07,-963.87,49.04,20.34,-17.11,41.55,-188.70,-379.65,27.3
2026/04/22 21:53:40.29,IMU,-209.96,-152.34,-870.12,-13.15,-21.71,44.91,38.55,-189.00,-377.10,27.0
2026/04/22 21:53:40.39,IMU,-63.96,-131.84,-901.86,30.32,7.05,-9.55,37.65,-186.90,-378.75,27.2
2026/04/22 21:53:40.49,IMU,-55.66,-162.11,-1046.88,-4.88,-1.78,-11.33,34.95,-187.05,-376.80,27.1
2026/04/22 21:53:40.59,IMU,-12.70,-202.64,-1178.71,-34.83,-13.07,1.38,32.70,-189.00,-377.40,27.0
2026/04/22 21:53:40.69,IMU,-400.88,-391.60,-1270.02,43.04,30.73,-66.56,28.20,-191.70,-375.30,27.2
2026/04/22 21:53:40.79,IMU,2.93,-285.16,-900.88,-12.61,13.37,35.06,24.75,-190.65,-378.75,27.2
2026/04/22 21:53:40.89,IMU,3.42,-171.39,-840.82,1.44,-22.22,-28.49,26.85,-189.45,-377.40,26.8
2026/04/22 21:53:40.99,IMU,-31.25,-244.14,-934.57,7.62,-14.50,-0.78,26.55,-191.85,-376.95,27.2
2026/04/22 21:53:41.09,IMU,53.71,-136.72,-998.54,-8.19,0.60,22.34,27.75,-191.10,-374.70,27.0
2026/04/22 21:53:41.19,IMU,-123.05,-141.11,-989.26,-3.26,22.61,-0.40,28.05,-191.55,-374.40,27.1
2026/04/22 21:53:41.29,IMU,-118.65,-149.90,-1090.82,-12.21,1.49,32.99,27.30,-192.60,-375.45,27.0
2026/04/22 21:53:41.39,IMU,-112.30,-305.18,-1247.56,4.38,51.21,2.99,28.95,-188.70,-377.10,27.0
2026/04/22 21:53:41.49,IMU,57.62,-193.36,-899.90,-31.92,-16.35,7.03,29.25,-188.85,-378.30,27.1
2026/04/22 21:53:41.59,IMU,-174.80,-163.09,-904.30,-3.95,-9.40,-32.53,28.05,-191.85,-377.25,26.9
2026/04/22 21:53:41.69,IMU,-111.33,-86.43,-871.09,0.25,6.03,-9.76,27.45,-193.20,-376.35,27.0
2026/04/22 21:53:41.79,IMU,-81.05,-51.27,-1016.60,-3.95,-5.54,-3.24,26.85,-194.40,-375.60,27.1
2026/04/22 21:53:41.89,IMU,-41.99,-96.19,-1072.27,2.37,21.04,-13.40,27.90,-195.15,-378.60,27.0
2026/04/22 21:53:41.99,IMU,49.32,-214.84,-992.68,-1.08,3.82,1.62,25.65,-196.20,-381.15,26.9
2026/04/22 21:53:42.09,IMU,-77.15,-190.92,-1174.32,-12.03,-11.39,12.15,25.35,-196.20,-378.90,26.9
2026/04/22 21:53:42.19,IMU,44.43,-191.41,-1011.72,14.53,-14.50,-8.68,26.25,-193.35,-382.35,26.9
2026/04/22 21:53:42.30,IMU,9.77,-146.97,-873.54,-23.78,-12.80,-10.69,28.20,-195.15,-381.45,27.2
2026/04/22 21:53:42.40,IMU,96.68,-113.77,-930.18,1.50,-9.95,5.87,29.70,-193.95,-382.20,27.1
2026/04/22 21:53:42.50,IMU,45.90,-20.51,-990.72,13.36,-17.82,0.53,31.80,-193.80,-382.65,27.1
2026/04/22 21:53:42.60,IMU,-42.97,-60.55,-1197.27,-6.18,9.03,-7.17,32.10,-195.30,-379.80,26.8
2026/04/22 21:53:42.70,IMU,-154.79,-212.40,-1337.40,3.69,44.18,30.25,33.45,-190.95,-382.50,26.9
2026/04/22 21:53:42.80,IMU,-54.20,-124.02,-976.56,-52.89,-30.25,24.18,31.50,-190.50,-384.00,26.8
2026/04/22 21:53:42.90,IMU,-29.79,-189.45,-888.18,29.51,9.23,-19.35,29.55,-191.10,-383.85,27.1
2026/04/22 21:53:43.00,IMU,-51.27,-32.23,-764.16,-16.18,-6.28,18.76,26.85,-191.25,-383.55,26.8
2026/04/22 21:53:43.10,IMU,21.97,-43.46,-1056.64,44.18,-7.81,-20.50,25.35,-191.70,-381.75,26.8
2026/04/22 21:53:43.20,IMU,-76.66,-42.97,-1031.25,3.98,-8.50,-19.33,23.85,-194.70,-379.20,27.0
2026/04/22 21:53:43.30,IMU,-97.66,-74.71,-1089.84,-5.58,21.91,6.50,24.45,-196.80,-380.55,27.0
2026/04/22 21:53:43.40,IMU,127.44,-308.59,-961.91,25.83,-14.01,-34.98,24.45,-194.85,-380.55,26.8
2026/04/22 21:53:43.50,IMU,-140.63,-224.61,-1038.57,-61.73,-30.05,31.47,25.35,-197.70,-378.15,27.0
2026/04/22 21:53:43.60,IMU,55.66,-200.68,-938.48,26.92,-6.75,-10.00,26.55,-191.55,-381.30,26.9
2026/04/22 21:53:43.70,IMU,49.32,-140.63,-876.46,-12.14,4.27,2.98,30.15,-190.50,-379.95,27.2
2026/04/22 21:53:43.80,IMU,131.35,-29.79,-985.35,18.79,4.36,2.89,30.60,-186.60,-380.55,27.1
2026/04/22 21:53:43.90,IMU,-79.10,-68.36,-1059.57,24.20,-3.31,10.95,31.20,-185.55,-379.20,26.9
2026/04/22 21:53:44.02,IMU,-28.32,-229.00,-1018.07,-27.87,-20.42,38.34,32.25,-183.00,-379.20,26.8
2026/04/22 21:53:44.12,IMU,-285.16,-272.95,-1312.50,-3.16,19.96,-5.73,29.85,-184.20,-378.00,26.8
2026/04/22 21:53:44.22,IMU,-55.66,-166.99,-829.59,-11.49,15.20,-0.44,30.45,-181.35,-376.80,27.0
2026/04/22 21:53:44.32,IMU,-103.52,-83.50,-881.35,-21.69,-33.35,11.76,28.65,-182.55,-376.35,26.6
2026/04/22 21:53:44.42,IMU,-96.19,-6.35,-832.03,-1.92,6.45,-25.79,29.55,-183.15,-374.70,27.1
2026/04/22 21:53:44.52,IMU,-95.21,-11.23,-1032.71,19.40,-2.38,-5.57,28.80,-184.20,-375.15,26.8
2026/04/22 21:53:44.62,IMU,-182.13,-166.02,-1204.59,-1.55,35.76,-1.21,26.55,-186.60,-372.90,27.0
2026/04/22 21:53:44.72,IMU,102.54,-371.58,-1220.70,56.19,11.91,-28.05,26.10,-183.75,-376.05,27.0
2026/04/22 21:53:44.82,IMU,-103.52,-67.38,-691.89,-82.25,-41.92,70.08,26.10,-184.50,-375.60,26.9
2026/04/22 21:53:44.92,IMU,-143.55,-139.65,-1046.88,61.80,31.59,-59.49,27.30,-184.65,-374.40,27.0
2026/04/22 21:53:45.02,IMU,-51.27,-258.30,-991.70,-29.98,-13.45,4.93,28.20,-185.55,-369.15,26.7
2026/04/22 21:53:45.12,IMU,4.39,-125.98,-833.98,-38.95,-24.59,7.14,27.75,-184.20,-366.75,26.8
2026/04/22 21:53:45.22,IMU,-48.34,47.85,-921.88,-3.13,6.19,37.31,31.95,-182.25,-368.40,26.9
2026/04/22 21:53:45.32,IMU,69.34,31.74,-1120.12,11.38,-2.39,11.56,31.35,-182.70,-370.50,26.8
2026/04/22 21:53:45.42,IMU,-105.47,-33.69,-1000.98,17.70,-26.28,0.60,33.00,-179.85,-369.90,27.0
2026/04/22 21:53:45.52,IMU,-270.51,-74.71,-1126.95,-32.26,-5.45,22.34,32.70,-183.75,-371.70,26.9
2026/04/22 21:53:45.62,IMU,-28.81,-96.19,-891.60,36.51,30.31,-23.62,34.50,-183.00,-371.40,26.8
2026/04/22 21:53:45.72,IMU,-229.00,-83.01,-982.42,4.60,-21.23,-9.17,32.70,-185.55,-368.85,26.8
2026/04/22 21:53:45.82,IMU,-28.32,-35.64,-942.87,8.42,4.53,-3.05,33.30,-183.90,-371.10,26.7
2026/04/22 21:53:45.92,IMU,-95.21,-27.83,-1024.90,-18.22,1.52,-10.44,33.60,-186.90,-372.60,27.0
2026/04/22 21:53:46.02,IMU,-168.46,-70.80,-1126.95,-14.29,20.08,-14.10,34.20,-183.75,-371.70,26.9
2026/04/22 21:53:46.12,IMU,-32.23,-312.50,-1227.05,48.65,3.10,-53.85,33.45,-184.50,-372.75,26.8
2026/04/22 21:53:46.22,IMU,-8.30,-222.17,-962.40,-34.14,12.34,32.48,29.85,-186.90,-371.85,26.8
2026/04/22 21:53:46.32,IMU,-30.27,-109.37,-905.27,-7.64,-27.43,-29.05,32.25,-183.75,-375.30,27.0
2026/04/22 21:53:46.42,IMU,-118.65,-61.52,-810.55,3.15,-12.88,-16.71,33.60,-182.70,-373.65,26.7
2026/04/22 21:53:46.52,IMU,-57.13,-164.55,-1095.21,19.11,8.81,-14.43,33.00,-184.05,-371.40,26.6
2026/04/22 21:53:46.62,IMU,-30.76,-110.35,-1042.48,-19.15,8.68,10.55,30.90,-183.75,-373.50,26.8
2026/04/22 21:53:46.72,IMU,-101.07,-44.92,-1104.49,-33.46,-9.56,-4.58,32.85,-185.85,-371.85,26.9
2026/04/22 21:53:46.82,IMU,-300.78,-229.49,-1230.96,9.23,-16.48,-40.21,33.00,-186.75,-368.85,26.7
2026/04/22 21:53:46.92,IMU,-67.38,-115.23,-815.92,-29.29,26.17,39.82,34.20,-184.80,-369.60,26.8
2026/04/22 21:53:47.03,IMU,-111.33,-196.29,-1063.48,33.65,11.27,-33.02,33.30,-184.95,-369.30,26.7
2026/04/22 21:53:47.13,IMU,-47.85,-79.59,-824.22,-22.89,-9.89,4.67,34.50,-186.75,-369.90,26.7
2026/04/22 21:53:47.23,IMU,-153.32,-55.18,-883.79,18.76,-16.61,-29.47,30.15,-187.05,-366.60,27.0
2026/04/22 21:53:47.33,IMU,-141.11,-70.80,-1098.63,-3.89,0.75,-17.94,33.30,-186.60,-369.75,26.7
2026/04/22 21:53:47.43,IMU,-241.21,-14.16,-1067.38,-6.79,3.05,2.38,34.65,-184.65,-370.80,26.4
2026/04/22 21:53:47.53,IMU,19.53,-240.72,-1052.25,30.05,4.01,-24.23,34.20,-182.25,-372.00,27.0
2026/04/22 21:53:47.63,IMU,-162.60,-137.21,-937.01,-32.25,9.96,11.23,30.15,-184.80,-372.75,27.0
2026/04/22 21:53:47.73,IMU,-103.52,-167.97,-946.29,27.89,-6.63,-27.37,29.70,-183.30,-373.20,26.7
2026/04/22 21:53:47.83,IMU,-217.77,-55.66,-896.00,2.39,3.60,8.48,30.30,-186.60,-371.10,26.9
2026/04/22 21:53:47.93,IMU,-45.90,-159.18,-1065.92,8.65,-0.27,-5.05,29.25,-184.95,-371.85,26.8
2026/04/22 21:53:48.03,IMU,8.79,-36.13,-984.86,-21.84,3.63,27.47,28.80,-185.40,-372.60,26.7
2026/04/22 21:53:48.13,IMU,-27.34,-73.24,-1038.57,-5.61,5.92,1.32,29.25,-183.15,-372.30,26.7
2026/04/22 21:53:48.23,IMU,-76.17,-184.08,-1063.96,-0.99,-6.18,-9.01,30.15,-182.55,-372.45,26.7
2026/04/22 21:53:48.33,IMU,-501.95,-112.79,-1097.66,-42.35,1.92,5.34,29.40,-185.25,-369.90,26.7
2026/04/22 21:53:48.43,IMU,-27.83,-145.51,-917.48,1.79,24.04,28.18,31.50,-181.35,-371.70,27.0
2026/04/22 21:53:48.53,IMU,-133.30,-7.81,-958.98,-60.95,0.89,-12.11,30.45,-181.05,-373.80,26.8
2026/04/22 21:53:48.63,IMU,-56.15,73.73,-931.15,13.10,15.00,-16.47,30.30,-181.65,-374.70,26.8
2026/04/22 21:53:48.73,IMU,-125.49,60.06,-993.16,-7.49,3.12,-9.79,27.30,-183.45,-372.30,26.7
2026/04/22 21:53:48.83,IMU,-209.47,29.79,-972.17,1.53,7.53,-3.10,27.45,-184.05,-373.20,26.8
2026/04/22 21:53:48.93,IMU,-58.59,-87.89,-995.12,25.28,-11.13,22.14,26.55,-184.20,-374.40,26.7
2026/04/22 21:53:49.03,IMU,-270.02,-103.52,-1186.04,-11.55,23.31,72.85,23.25,-186.60,-373.65,26.8
2026/04/22 21:53:49.13,IMU,177.25,-133.79,-873.54,7.68,-12.50,38.08,25.50,-180.15,-378.00,26.8
2026/04/22 21:53:49.23,IMU,-85.94,-97.17,-915.53,-6.49,-5.91,5.14,26.55,-179.40,-374.70,26.6
2026/04/22 21:53:49.33,IMU,64.94,-102.54,-1028.81,5.79,12.81,11.84,25.50,-180.15,-376.95,26.4
2026/04/22 21:53:49.43,IMU,101.56,6.84,-920.41,-4.58,3.82,-1.01,25.50,-178.95,-375.90,26.8
2026/04/22 21:53:49.53,IMU,-117.68,-10.74,-1001.46,24.37,-16.60,-4.60,24.60,-182.25,-376.35,26.8
2026/04/22 21:53:49.63,IMU,-173.34,-107.91,-1132.81,13.37,4.90,27.65,27.30,-181.20,-373.65,26.8
2026/04/22 21:53:49.73,IMU,-226.07,-72.27,-981.45,-19.21,8.10,76.44,27.15,-179.85,-374.25,26.7
2026/04/22 21:53:49.84,IMU,-245.12,-174.80,-1176.27,37.31,23.24,77.79,28.50,-175.95,-374.70,26.6
2026/04/22 21:53:49.94,IMU,-130.37,-162.11,-867.68,-0.94,-10.15,103.23,29.85,-169.05,-378.30,26.7
2026/04/22 21:53:50.04,IMU,-171.88,-150.39,-973.14,-7.33,12.92,82.08,28.05,-164.55,-378.30,26.6
2026/04/22 21:53:50.14,IMU,-138.67,-121.58,-1031.74,13.56,5.54,106.15,27.00,-159.90,-378.00,26.7
2026/04/22 21:53:50.24,IMU,-130.37,-60.55,-983.89,4.69,-7.89,83.27,26.40,-154.80,-379.20,26.8
2026/04/22 21:53:50.34,IMU,-101.56,-176.76,-1030.27,32.82,11.36,100.61,24.90,-151.80,-378.15,26.8
2026/04/22 21:53:50.44,IMU,10.74,-167.97,-1012.21,-5.75,25.27,66.37,21.45,-147.45,-379.05,26.4
2026/04/22 21:53:50.54,IMU,-8.30,-176.27,-965.33,26.58,-7.83,51.25,20.10,-146.55,-382.20,26.3
2026/04/22 21:53:50.64,IMU,-32.71,-213.87,-1017.09,12.95,-9.74,20.12,19.65,-147.75,-382.05,26.8
2026/04/22 21:53:50.74,IMU,36.62,-226.07,-987.30,11.19,-5.60,13.78,19.20,-145.95,-382.35,26.5
2026/04/22 21:53:50.84,IMU,-4.39,-214.36,-978.03,3.04,-11.60,-24.11,19.05,-147.60,-382.95,26.6
2026/04/22 21:53:50.94,IMU,-101.07,-229.49,-982.42,0.31,-7.06,-29.10,22.20,-147.45,-381.60,26.6
2026/04/22 21:53:51.04,IMU,-96.68,-252.93,-1004.39,5.23,11.82,-30.05,22.05,-148.80,-383.25,26.5
2026/04/22 21:53:51.14,IMU,-47.85,-241.70,-1022.95,-4.15,-7.18,-27.19,21.75,-151.65,-384.15,26.7
2026/04/22 21:53:51.24,IMU,-122.56,-214.36,-937.50,-13.14,-6.64,-39.47,20.55,-151.35,-381.45,26.7
2026/04/22 21:53:51.34,IMU,-180.66,-164.55,-964.36,-1.14,-1.13,-22.34,22.50,-151.95,-383.40,26.6
2026/04/22 21:53:51.44,IMU,-184.08,-151.86,-1039.55,5.53,3.68,2.71,21.15,-152.70,-383.85,26.4
2026/04/22 21:53:51.54,IMU,-82.03,-163.57,-1003.91,6.89,5.51,24.00,21.15,-153.15,-385.20,27.0
2026/04/22 21:53:51.64,IMU,-90.82,-158.69,-1059.57,-4.53,0.67,40.14,20.70,-151.95,-383.40,26.5
2026/04/22 21:53:51.74,IMU,-153.81,-125.98,-910.16,0.50,11.27,63.34,20.10,-150.60,-384.30,26.7
2026/04/22 21:53:51.84,IMU,-205.08,-160.16,-1062.01,2.62,41.00,91.52,16.65,-147.00,-383.10,26.6
2026/04/22 21:53:51.95,IMU,-97.17,-208.01,-996.09,0.17,50.02,116.22,7.50,-144.75,-384.15,26.7
2026/04/22 21:53:52.05,IMU,-93.75,-262.70,-1033.69,-8.90,60.66,131.24,0.30,-144.90,-384.00,26.7
2026/04/22 21:53:52.15,IMU,56.15,-230.47,-962.89,-10.82,20.60,86.41,-8.55,-144.75,-382.35,26.5
2026/04/22 21:53:52.25,IMU,149.41,-107.42,-989.75,-38.71,16.49,-12.24,-13.05,-145.20,-382.65,26.8
2026/04/22 21:53:52.35,IMU,-9.77,-201.66,-1036.13,7.36,-47.98,-35.90,-13.20,-143.40,-385.05,26.6
2026/04/22 21:53:52.45,IMU,71.78,-170.90,-1056.64,-4.08,-22.47,-6.90,-11.55,-141.30,-386.70,26.5
2026/04/22 21:53:52.55,IMU,7.32,-153.32,-1120.61,-23.02,18.24,20.08,-10.65,-140.40,-387.90,26.7
2026/04/22 21:53:52.65,IMU,236.33,-95.70,-975.10,-9.98,16.48,0.88,-13.20,-138.45,-385.05,26.6
2026/04/22 21:53:52.75,IMU,100.59,-25.39,-1001.46,-4.31,12.75,-16.95,-14.40,-136.35,-386.70,26.4
2026/04/22 21:53:52.86,IMU,140.14,143.55,-798.34,-30.64,16.28,17.85,-14.10,-134.85,-386.25,26.6
2026/04/22 21:53:52.96,IMU,-94.73,-120.12,-1105.47,88.57,-38.02,33.05,-15.45,-136.65,-386.10,26.8
2026/04/22 21:53:53.06,IMU,203.13,-223.14,-1099.61,5.09,-9.69,4.81,-15.15,-141.75,-389.25,26.8
2026/04/22 21:53:53.16,IMU,22.95,-37.60,-993.65,-38.31,24.97,4.60,-16.35,-138.75,-388.80,26.4
2026/04/22 21:53:53.26,IMU,121.09,25.88,-1062.99,-77.65,37.31,55.23,-19.80,-136.65,-386.55,26.5
2026/04/22 21:53:53.36,IMU,186.04,125.00,-954.10,-36.76,47.15,111.03,-29.70,-136.65,-379.65,26.6
2026/04/22 21:53:53.46,IMU,408.20,24.41,-963.87,-47.11,24.26,76.41,-34.35,-136.80,-382.05,26.7
2026/04/22 21:53:53.56,IMU,366.21,0.00,-856.45,21.93,-21.50,1.05,-36.60,-138.75,-381.30,26.7
2026/04/22 21:53:53.66,IMU,254.39,67.38,-958.50,-30.77,33.96,-11.53,-36.30,-139.65,-381.45,26.4
2026/04/22 21:53:53.76,IMU,301.76,64.94,-1021.48,5.40,86.49,-79.33,-37.95,-135.60,-379.50,26.7
2026/04/22 21:53:53.86,IMU,395.51,183.59,-832.03,-15.05,-32.79,14.37,-37.80,-130.95,-374.25,26.6
2026/04/22 21:53:53.96,IMU,346.19,174.80,-856.93,6.21,-46.09,-32.05,-36.60,-131.10,-375.45,26.4
2026/04/22 21:53:54.06,IMU,278.81,155.27,-818.36,4.79,-20.47,-35.07,-34.65,-131.10,-377.70,26.7
2026/04/22 21:53:54.16,IMU,518.07,-65.43,-1096.68,39.51,-0.79,-20.52,-30.30,-131.10,-381.30,26.7
2026/04/22 21:53:54.26,IMU,199.22,83.01,-1044.43,21.01,-34.18,9.21,-26.85,-132.45,-384.15,26.6
2026/04/22 21:53:54.37,IMU,389.65,16.11,-881.35,-12.39,-10.11,-27.60,-29.85,-134.55,-378.30,26.7
2026/04/22 21:53:54.47,IMU,174.80,121.58,-950.20,-5.57,-14.40,-18.98,-24.45,-130.35,-383.40,26.5
2026/04/22 21:53:54.57,IMU,112.79,79.10,-910.64,33.41,-5.21,-26.05,-21.75,-129.15,-384.90,26.5
2026/04/22 21:53:54.67,IMU,189.45,119.63,-924.80,2.40,0.93,-7.64,-20.10,-129.45,-385.35,26.8
2026/04/22 21:53:54.77,IMU,219.73,135.25,-911.62,7.98,-24.96,17.47,-21.75,-132.30,-386.25,26.8
2026/04/22 21:53:54.87,IMU,32.23,86.43,-1024.41,-15.66,-10.43,2.08,-18.45,-133.35,-385.95,26.8
2026/04/22 21:53:54.97,IMU,147.95,-121.58,-1373.05,67.52,-35.11,8.53,-19.95,-133.35,-386.25,26.6
2026/04/22 21:53:55.07,IMU,20.02,-58.59,-796.88,4.57,-27.44,31.37,-19.20,-134.10,-389.55,26.7
2026/04/22 21:53:55.17,IMU,2.44,-116.70,-1233.40,26.73,-0.51,-3.60,-18.30,-139.20,-390.45,26.8
2026/04/22 21:53:55.27,IMU,-47.85,21.48,-796.88,-2.76,17.47,-1.67,-20.70,-137.25,-390.30,26.8
2026/04/22 21:53:55.37,IMU,68.36,-31.74,-1057.62,17.60,-8.65,2.05,-20.70,-138.75,-390.30,26.7
2026/04/22 21:53:55.47,IMU,-31.25,-89.84,-1008.79,-3.42,7.57,-26.20,-19.50,-139.65,-391.20,26.7
2026/04/22 21:53:55.57,IMU,88.87,-118.65,-1145.02,-14.31,-3.36,-10.37,-17.70,-138.75,-389.25,26.6
2026/04/22 21:53:55.67,IMU,24.41,-150.88,-1193.85,47.98,10.63,-27.34,-16.05,-137.70,-390.45,26.5
2026/04/22 21:53:55.77,IMU,302.25,-104.00,-846.68,-3.34,9.82,3.74,-17.55,-137.70,-389.40,26.5
2026/04/22 21:53:55.87,IMU,45.90,-103.52,-935.55,-10.75,5.92,-34.27,-16.80,-136.95,-389.40,26.6
2026/04/22 21:53:55.97,IMU,-108.40,-16.11,-791.50,-19.17,-8.99,-4.69,-13.35,-136.35,-388.05,26.7
2026/04/22 21:53:56.07,IMU,188.48,15.14,-1069.34,32.94,-1.73,19.16,-12.75,-138.15,-389.70,26.4
2026/04/22 21:53:56.17,IMU,117.68,-55.18,-1092.77,-7.74,-15.35,-0.11,-12.00,-140.10,-389.40,26.7
2026/04/22 21:53:56.27,IMU,120.61,-289.55,-1057.62,18.55,-4.68,-23.03,-10.95,-140.10,-390.45,26.8
2026/04/22 21:53:56.37,IMU,0.00,-166.50,-1111.82,-65.11,36.30,7.78,-9.15,-141.90,-389.70,26.7
2026/04/22 21:53:56.47,IMU,112.79,-203.13,-1127.44,20.16,20.23,25.56,-11.40,-140.10,-389.40,26.7
2026/04/22 21:53:56.57,IMU,131.84,-26.86,-820.31,-35.15,22.68,31.34,-16.80,-140.85,-386.55,26.9
2026/04/22 21:53:56.67,IMU,198.24,-77.64,-946.29,14.23,3.27,13.15,-15.00,-139.65,-387.60,26.9
2026/04/22 21:53:56.78,IMU,104.49,-63.48,-850.10,4.15,-0.66,-8.29,-16.80,-139.65,-386.10,26.8
2026/04/22 21:53:56.88,IMU,113.77,-164.06,-1311.52,24.44,-19.89,-25.54,-15.60,-142.50,-389.25,26.8
2026/04/22 21:53:56.98,IMU,113.77,-141.11,-1053.71,58.60,12.13,-35.31,-15.15,-143.70,-389.55,26.8
2026/04/22 21:53:57.08,IMU,247.56,-210.94,-818.36,-16.37,-16.02,15.14,-15.75,-143.40,-389.40,26.6
2026/04/22 21:53:57.18,IMU,79.10,-160.64,-951.66,38.56,-20.77,-3.19,-14.70,-146.85,-389.70,26.7
2026/04/22 21:53:57.28,IMU,56.64,-178.22,-867.19,16.10,-18.70,-23.34,-11.85,-147.00,-391.65,26.8
2026/04/22 21:53:57.39,IMU,-30.27,-218.26,-1088.38,-6.71,27.71,-19.69,-10.95,-148.35,-391.95,26.5
2026/04/22 21:53:57.49,IMU,100.59,-154.79,-957.03,-39.16,15.60,43.34,-16.05,-143.85,-391.50,26.6
2026/04/22 21:53:57.59,IMU,204.10,-306.15,-1032.23,55.55,-20.51,-6.26,-17.25,-142.65,-391.20,26.6
2026/04/22 21:53:57.69,IMU,-10.25,-191.89,-834.96,-34.05,34.32,21.15,-16.35,-144.00,-391.35,26.8
2026/04/22 21:53:57.79,IMU,159.18,-333.98,-1137.21,31.33,-9.92,50.18,-18.45,-145.20,-393.60,26.4
2026/04/22 21:53:57.89,IMU,109.86,-178.22,-767.09,-24.90,17.80,26.53,-20.85,-145.35,-392.70,26.7
2026/04/22 21:53:57.99,IMU,121.09,-204.10,-1027.34,-20.85,2.27,21.69,-21.45,-143.70,-393.15,26.7
2026/04/22 21:53:58.09,IMU,103.52,-181.64,-981.45,-14.37,-8.34,-0.31,-20.85,-141.60,-391.95,26.7
2026/04/22 21:53:58.19,IMU,117.19,-144.04,-1164.06,-3.78,-12.36,-3.18,-19.95,-142.05,-390.60,26.6
2026/04/22 21:53:58.29,IMU,133.30,-233.89,-1261.72,42.10,-22.85,-22.95,-18.15,-144.45,-393.15,26.8
2026/04/22 21:53:58.39,IMU,142.09,-214.36,-810.55,-9.18,0.37,-18.25,-17.55,-142.65,-392.70,26.7
2026/04/22 21:53:58.49,IMU,-7.81,-136.23,-944.34,-8.30,-1.53,-11.11,-15.15,-142.95,-393.90,26.7
2026/04/22 21:53:58.59,IMU,68.85,-100.59,-929.69,11.29,3.01,-12.95,-15.45,-142.65,-393.00,26.6
2026/04/22 21:53:58.69,IMU,72.75,-108.40,-962.40,-0.79,-0.40,-6.37,-14.85,-142.95,-393.60,26.5
2026/04/22 21:53:58.79,IMU,32.23,-171.88,-1007.81,11.34,-4.69,11.73,-15.75,-140.85,-392.70,26.7
2026/04/22 21:53:58.89,IMU,74.22,-384.28,-1032.23,28.26,-4.24,-11.95,-13.20,-140.85,-393.75,26.6
2026/04/22 21:53:58.99,IMU,109.37,-206.54,-938.48,-37.60,3.44,22.76,-13.35,-142.05,-393.90,26.9
2026/04/22 21:53:59.09,IMU,43.46,-385.74,-1095.70,51.21,-6.52,16.85,-14.40,-142.50,-394.20,26.7
2026/04/22 21:53:59.19,IMU,-14.16,-200.20,-789.06,-37.12,14.35,1.56,-13.65,-143.25,-394.65,26.7
2026/04/22 21:53:59.29,IMU,18.07,-198.73,-998.05,-1.41,4.05,11.73,-14.40,-142.50,-393.90,26.6
2026/04/22 21:53:59.39,IMU,0.00,-235.35,-950.20,11.34,-5.65,-8.18,-13.05,-141.30,-392.85,26.8
2026/04/22 21:53:59.49,IMU,80.57,-248.54,-1191.89,20.44,-44.27,3.92,-15.90,-144.00,-390.60,26.7
2026/04/22 21:53:59.59,IMU,-63.48,-290.04,-1196.78,31.41,-3.98,-51.82,-10.95,-144.90,-393.75,26.7
2026/04/22 21:53:59.69,IMU,244.14,-281.25,-910.16,-37.96,-3.53,13.12,-10.65,-143.85,-392.70,26.7
2026/04/22 21:53:59.79,IMU,-61.04,-146.48,-758.79,-24.56,-1.81,-25.27,-9.90,-142.35,-393.30,26.6
2026/04/22 21:53:59.90,IMU,-7.32,-101.07,-831.05,7.30,-1.94,-0.66,-8.55,-142.50,-392.85,26.9
2026/04/22 21:54:00.00,IMU,-19.53,-144.53,-1067.87,8.54,-5.69,15.87,-8.25,-143.70,-391.65,26.8
2026/04/22 21:54:00.10,IMU,34.18,-215.82,-1160.16,-20.66,-6.80,21.10,-9.00,-142.50,-391.65,26.6
2026/04/22 21:54:00.20,IMU,67.38,-505.37,-1243.16,89.38,-31.40,-29.07,-9.45,-144.15,-391.50,27.0
2026/04/22 21:54:00.30,IMU,115.72,-241.70,-614.75,-45.06,3.14,51.08,-10.65,-145.35,-393.75,26.8
2026/04/22 21:54:00.40,IMU,-81.54,-284.67,-1197.75,14.76,7.52,3.43,-11.40,-146.55,-393.75,26.9
2026/04/22 21:54:00.50,IMU,20.51,-169.43,-776.37,6.44,8.42,3.63,-15.60,-145.50,-392.10,26.5
2026/04/22 21:54:00.60,IMU,33.69,-194.82,-909.67,7.73,4.60,-6.85,-15.15,-146.25,-394.65,26.9
2026/04/22 21:54:00.70,IMU,-20.02,-216.31,-1003.91,-12.43,6.95,-11.33,-14.85,-148.50,-395.40,26.8
2026/04/22 21:54:00.81,IMU,19.04,-163.57,-1108.89,-29.39,12.08,-5.94,-16.65,-145.95,-395.70,26.7
2026/04/22 21:54:00.91,IMU,52.73,-242.19,-1350.59,45.03,4.96,-41.06,-15.00,-147.30,-394.80,26.8
2026/04/22 21:54:01.01,IMU,135.25,-318.36,-928.22,19.45,-3.78,-1.31,-16.50,-144.15,-393.75,26.7
2026/04/22 21:54:01.11,IMU,13.18,-201.66,-812.99,-17.73,3.29,-0.76,-16.50,-144.60,-395.10,26.7
2026/04/22 21:54:01.21,IMU,82.52,-164.06,-861.82,-14.89,1.81,3.05,-16.50,-141.90,-394.05,26.7
2026/04/22 21:54:01.31,IMU,67.38,-113.28,-960.94,5.43,-1.48,6.18,-14.70,-142.65,-394.80,26.8
2026/04/22 21:54:01.41,IMU,83.98,-146.97,-1049.32,14.40,-10.85,5.05,-16.65,-143.70,-396.45,26.7
2026/04/22 21:54:01.51,IMU,134.77,-332.03,-1001.46,6.76,-7.26,-6.38,-14.40,-143.25,-394.95,26.8
2026/04/22 21:54:01.61,IMU,-81.54,-198.73,-1012.70,-41.60,-11.87,23.24,-12.75,-144.15,-395.85,27.0
2026/04/22 21:54:01.71,IMU,23.44,-362.79,-1043.46,46.25,0.86,3.16,-14.25,-144.60,-397.65,26.9
2026/04/22 21:54:01.81,IMU,16.60,-202.15,-848.63,-42.64,21.53,14.56,-14.25,-144.90,-396.90,26.5
2026/04/22 21:54:01.91,IMU,68.36,-189.94,-974.12,1.17,13.39,1.69,-15.75,-144.90,-396.90,26.8
2026/04/22 21:54:02.01,IMU,9.77,-188.48,-955.08,0.90,1.82,1.42,-16.65,-144.75,-396.00,26.8
2026/04/22 21:54:02.11,IMU,-13.18,-228.52,-1015.63,7.82,4.67,-9.01,-17.25,-144.90,-396.90,26.8
2026/04/22 21:54:02.21,IMU,169.43,-289.06,-929.20,-1.12,6.98,-9.28,-17.25,-145.80,-395.85,26.8
2026/04/22 21:54:02.32,IMU,-38.09,-240.72,-1174.80,-26.68,11.21,-5.96,-15.90,-148.20,-396.75,27.1
2026/04/22 21:54:02.42,IMU,139.65,-314.94,-1004.39,18.66,1.45,-6.80,-15.45,-144.60,-398.40,26.8
2026/04/22 21:54:02.52,IMU,66.41,-137.70,-785.16,-8.64,5.03,1.33,-15.45,-143.85,-395.85,26.9
2026/04/22 21:54:02.62,IMU,82.52,-153.32,-915.04,1.67,7.35,-6.98,-14.70,-144.90,-396.60,26.7
2026/04/22 21:54:02.72,IMU,69.82,-172.85,-952.64,17.80,-2.82,4.97,-14.25,-144.15,-396.90,26.8
2026/04/22 21:54:02.82,IMU,6.84,-231.45,-1100.59,-12.63,-12.98,0.07,-13.20,-146.55,-395.85,26.8
2026/04/22 21:54:02.92,IMU,-62.50,-398.44,-1355.96,52.34,-28.45,-0.37,-12.60,-148.50,-398.25,26.6
2026/04/22 21:54:03.02,IMU,72.75,-399.41,-796.39,34.27,-4.93,-5.03,-12.60,-148.95,-396.00,27.0
2026/04/22 21:54:03.12,IMU,0.49,-316.89,-1011.72,-41.15,28.82,29.92,-10.05,-151.95,-396.75,26.8
2026/04/22 21:54:03.22,IMU,62.01,-207.52,-838.87,6.69,18.17,15.18,-15.00,-148.35,-395.10,27.1
2026/04/22 21:54:03.32,IMU,77.15,-228.52,-904.30,7.14,1.39,-6.51,-15.75,-149.85,-395.85,26.7
2026/04/22 21:54:03.42,IMU,65.43,-351.56,-1073.24,0.90,-5.02,-18.50,-14.40,-151.65,-397.50,26.9
2026/04/22 21:54:03.52,IMU,172.36,-453.61,-1002.44,43.01,-7.83,-44.31,-14.40,-150.90,-396.00,26.8
2026/04/22 21:54:03.62,IMU,117.68,-329.10,-934.08,-43.82,13.66,27.56,-14.25,-153.00,-397.35,26.9
2026/04/22 21:54:03.72,IMU,102.05,-260.25,-965.33,-4.45,3.79,-18.62,-14.40,-152.40,-396.00,27.0
2026/04/22 21:54:03.82,IMU,50.29,-183.11,-790.53,-1.89,-8.82,-5.85,-13.35,-150.15,-396.45,26.8
2026/04/22 21:54:03.92,IMU,18.55,-216.31,-968.26,5.15,1.93,3.54,-13.35,-152.70,-396.00,26.8
2026/04/22 21:54:04.02,IMU,87.40,-203.61,-1022.95,-3.77,5.29,13.97,-15.75,-152.55,-397.35,27.0
2026/04/22 21:54:04.12,IMU,70.80,-338.87,-990.23,-7.24,-2.41,7.61,-15.00,-151.80,-395.85,27.3
2026/04/22 21:54:04.22,IMU,-194.82,-235.84,-1168.95,-54.46,-2.53,45.84,-15.00,-154.05,-398.70,26.9
2026/04/22 21:54:04.32,IMU,38.09,-404.79,-995.61,59.82,-4.92,11.01,-16.50,-153.00,-398.10,27.1
2026/04/22 21:54:04.42,IMU,-35.16,-271.48,-891.60,-37.04,16.65,22.89,-16.65,-155.40,-399.30,27.0
2026/04/22 21:54:04.52,IMU,31.25,-206.05,-848.63,1.95,11.48,21.40,-18.30,-153.30,-398.70,26.8
2026/04/22 21:54:04.62,IMU,53.71,-216.80,-882.81,-2.79,6.18,4.20,-19.65,-154.20,-399.00,26.7
2026/04/22 21:54:04.72,IMU,3.42,-290.04,-1111.33,1.44,3.25,-10.88,-19.80,-153.30,-398.40,27.1
2026/04/22 21:54:04.82,IMU,204.59,-476.56,-882.32,25.80,0.85,-22.11,-18.90,-152.70,-398.25,27.1
2026/04/22 21:54:04.92,IMU,64.94,-424.80,-941.41,-38.72,20.14,17.39,-18.75,-154.50,-398.70,27.0
2026/04/22 21:54:05.03,IMU,-4.39,-243.65,-974.61,-21.04,-2.72,2.63,-18.90,-155.10,-401.10,27.1
2026/04/22 21:54:05.13,IMU,0.00,-221.68,-798.83,9.29,-12.50,8.70,-18.30,-152.55,-398.70,26.9
2026/04/22 21:54:05.23,IMU,37.60,-251.95,-926.27,7.91,2.40,5.98,-17.55,-153.30,-401.70,27.0
2026/04/22 21:54:05.33,IMU,89.84,-265.63,-1042.97,0.42,-1.96,20.37,-19.65,-153.45,-401.10,26.8
2026/04/22 21:54:05.43,IMU,-1.46,-256.84,-1075.68,-26.63,-4.03,2.33,-19.20,-152.40,-402.60,26.6
2026/04/22 21:54:05.53,IMU,-30.76,-353.52,-1229.49,-30.98,-11.96,-0.19,-18.30,-153.00,-402.30,26.9
2026/04/22 21:54:05.63,IMU,-17.58,-404.79,-1129.39,49.29,-16.13,-7.03,-16.65,-149.70,-401.85,26.8
2026/04/22 21:54:05.73,IMU,50.78,-190.43,-734.38,-22.22,16.05,9.83,-16.80,-149.10,-401.70,26.8
2026/04/22 21:54:05.83,IMU,62.50,-252.44,-891.11,1.69,10.41,-35.79,-17.55,-147.60,-401.70,27.0
2026/04/22 21:54:05.93,IMU,19.53,-234.38,-1042.48,-8.86,2.59,-2.52,-15.90,-149.70,-402.60,26.8
2026/04/22 21:54:06.03,IMU,13.18,-253.42,-1032.71,-8.21,-7.34,-23.67,-15.60,-148.50,-400.05,26.9
2026/04/22 21:54:06.13,IMU,145.51,-256.35,-935.55,-13.96,-13.03,-34.12,-13.95,-146.10,-400.50,26.7
2026/04/22 21:54:06.23,IMU,-41.50,-303.71,-1174.32,-30.62,-3.00,-18.97,-7.95,-147.60,-401.25,26.8
2026/04/22 21:54:06.33,IMU,69.34,-282.71,-959.96,8.40,-11.36,-8.47,-9.90,-146.10,-400.20,26.7
2026/04/22 21:54:06.43,IMU,17.58,-121.09,-837.40,-8.97,-4.33,-3.79,-8.40,-146.10,-402.30,26.7
2026/04/22 21:54:06.53,IMU,-32.71,-107.42,-895.02,11.60,7.74,-8.43,-9.45,-145.80,-401.70,26.6
2026/04/22 21:54:06.63,IMU,-6.84,-197.75,-979.49,-4.85,4.28,8.77,-11.40,-146.10,-402.00,26.8
2026/04/22 21:54:06.73,IMU,34.67,-294.92,-1098.63,-7.86,1.21,13.62,-10.05,-147.75,-401.40,26.8
2026/04/22 21:54:06.83,IMU,-67.38,-306.15,-1310.55,2.79,2.96,10.27,-12.75,-148.05,-401.25,27.0
2026/04/22 21:54:06.93,IMU,152.34,-312.50,-764.65,18.66,24.38,-1.43,-15.00,-145.80,-400.50,26.5
2026/04/22 21:54:07.03,IMU,211.43,-189.94,-949.71,-14.01,-1.02,29.89,-15.45,-147.60,-400.50,26.9
2026/04/22 21:54:07.13,IMU,-25.88,-237.79,-924.80,12.50,13.39,-43.94,-15.45,-146.85,-400.95,26.6
2026/04/22 21:54:07.23,IMU,119.14,-169.92,-914.06,-4.63,-27.95,-9.91,-15.60,-148.20,-401.10,26.8
2026/04/22 21:54:07.33,IMU,2.44,-192.38,-950.68,5.60,5.66,-60.85,-12.00,-147.30,-400.95,26.5
2026/04/22 21:54:07.43,IMU,44.43,-184.57,-879.88,-12.89,-11.06,-30.48,-9.45,-144.60,-403.50,26.8
2026/04/22 21:54:07.53,IMU,-335.45,-223.14,-1237.79,10.57,10.50,-27.05,-4.95,-147.75,-403.20,27.0
2026/04/22 21:54:07.64,IMU,249.51,-270.02,-1010.74,-9.69,-6.45,32.67,-10.20,-146.85,-403.50,26.9
2026/04/22 21:54:07.74,IMU,128.91,-233.40,-837.89,1.37,19.66,24.31,-11.55,-145.50,-403.95,27.0
2026/04/22 21:54:07.85,IMU,6.35,-226.56,-915.04,4.73,13.05,41.60,-12.45,-147.60,-402.75,26.9
2026/04/22 21:54:07.95,IMU,135.25,-245.12,-1006.84,12.98,8.91,42.54,-18.15,-149.70,-404.40,26.9
2026/04/22 21:54:08.05,IMU,121.58,-266.60,-1041.50,9.76,2.36,26.33,-21.45,-151.65,-406.95,26.9
2026/04/22 21:54:08.15,IMU,188.48,-270.51,-1028.81,-17.20,15.57,66.39,-25.20,-150.45,-406.20,26.6
2026/04/22 21:54:08.25,IMU,302.73,-291.02,-984.86,16.70,-3.59,22.80,-27.75,-151.95,-405.15,26.8
2026/04/22 21:54:08.35,IMU,-145.02,-123.05,-1053.71,-19.95,27.19,3.91,-26.10,-152.25,-405.60,26.7
2026/04/22 21:54:08.45,IMU,56.15,-362.79,-1091.80,12.50,-7.69,-27.87,-24.15,-150.60,-405.30,26.8
2026/04/22 21:54:08.55,IMU,-9.77,-228.52,-738.28,-26.76,-9.34,-7.44,-22.05,-148.35,-404.55,27.1
2026/04/22 21:54:08.65,IMU,-73.73,-198.24,-867.19,11.38,-2.12,-12.21,-25.35,-149.85,-401.25,27.1
2026/04/22 21:54:08.75,IMU,-126.95,-295.41,-1001.46,-8.34,21.16,-40.11,-21.45,-148.20,-405.75,27.0
2026/04/22 21:54:08.85,IMU,30.76,-413.09,-987.30,53.00,22.63,-20.72,-23.70,-146.25,-404.70,26.8
2026/04/22 21:54:08.95,IMU,278.32,-344.73,-590.33,27.73,-106.37,48.96,-25.35,-149.55,-404.25,26.9
2026/04/22 21:54:09.05,IMU,-177.73,-428.71,-1196.29,12.79,86.86,-40.35,-23.55,-155.55,-407.85,27.0
2026/04/22 21:54:09.15,IMU,227.54,-367.68,-824.71,-13.56,29.95,44.74,-29.70,-153.30,-405.30,27.1
2026/04/22 21:54:09.25,IMU,208.98,-487.79,-920.41,33.61,-22.63,17.48,-30.15,-152.55,-404.85,27.0
2026/04/22 21:54:09.36,IMU,132.32,-347.17,-872.56,10.27,-16.50,2.10,-29.70,-154.50,-404.25,26.7
2026/04/22 21:54:09.46,IMU,128.91,-583.01,-980.47,28.73,-14.06,-3.56,-28.20,-157.05,-403.80,27.1
2026/04/22 21:54:09.56,IMU,23.44,-529.79,-881.84,-58.40,24.50,-11.72,-27.90,-158.25,-405.60,26.7
2026/04/22 21:54:09.66,IMU,-120.61,-432.13,-834.47,28.05,27.40,10.37,-27.45,-156.75,-402.30,26.9
2026/04/22 21:54:09.76,IMU,163.57,-573.73,-865.23,3.47,7.60,-5.99,-30.15,-157.50,-402.00,26.8
2026/04/22 21:54:09.86,IMU,-192.87,-481.93,-990.72,21.99,-8.51,-17.86,-28.80,-157.65,-403.20,26.9
2026/04/22 21:54:09.96,IMU,131.35,-415.04,-871.09,5.19,4.79,20.47,-29.25,-157.65,-401.10,26.7
2026/04/22 21:54:10.06,IMU,78.12,-607.42,-893.07,-2.59,-30.37,-23.61,-27.75,-158.10,-403.20,27.0
2026/04/22 21:54:10.16,IMU,26.86,-669.92,-945.80,17.79,-16.40,-31.04,-25.65,-155.25,-403.50,27.0
2026/04/22 21:54:10.26,IMU,109.86,-388.67,-894.53,-41.89,17.95,44.12,-27.90,-158.25,-404.85,26.8
2026/04/22 21:54:10.36,IMU,137.21,-416.99,-651.86,15.61,-12.06,-33.29,-27.75,-155.40,-402.60,26.7
2026/04/22 21:54:10.46,IMU,96.68,-397.95,-960.45,13.92,-1.31,-2.70,-25.35,-157.50,-403.80,27.1
2026/04/22 21:54:10.56,IMU,-26.37,-408.20,-983.40,11.23,0.25,-13.24,-24.75,-158.40,-403.65,27.1
2026/04/22 21:54:10.66,IMU,149.41,-509.77,-1063.48,-41.50,0.89,20.44,-23.85,-157.05,-403.05,26.9
2026/04/22 21:54:10.76,IMU,37.11,-479.00,-819.34,0.44,-36.69,-30.89,-22.80,-153.75,-401.70,27.0
2026/04/22 21:54:10.86,IMU,-130.37,-444.34,-1040.53,6.85,-1.87,-17.95,-19.50,-157.95,-403.80,27.2
2026/04/22 21:54:10.96,IMU,95.70,-524.41,-684.08,8.70,-9.53,-3.14,-21.75,-156.90,-397.80,27.0
2026/04/22 21:54:11.06,IMU,-117.19,-438.96,-940.92,4.46,-25.12,-14.79,-16.05,-157.95,-401.70,27.1
2026/04/22 21:54:11.16,IMU,-36.13,-388.67,-768.07,19.96,-6.05,-9.18,-14.10,-157.35,-400.05,26.8
2026/04/22 21:54:11.26,IMU,-111.33,-514.16,-1042.48,10.06,-18.72,-27.88,-14.25,-159.45,-399.15,27.3
2026/04/22 21:54:11.36,IMU,24.41,-543.95,-1026.86,-11.34,-12.23,-27.47,-12.00,-158.70,-399.90,27.0
2026/04/22 21:54:11.46,IMU,53.22,-626.46,-1049.32,4.40,27.61,-80.65,-9.30,-157.65,-399.60,27.3
2026/04/22 21:54:11.56,IMU,158.69,-394.53,-752.93,-26.01,8.45,38.76,-11.85,-157.35,-399.60,27.0
2026/04/22 21:54:11.66,IMU,175.29,-451.17,-724.61,16.05,-42.50,-36.21,-10.95,-156.75,-400.50,27.0
2026/04/22 21:54:11.76,IMU,6.84,-339.36,-804.69,-4.93,-10.94,-11.75,-6.75,-158.10,-400.35,27.1
2026/04/22 21:54:11.86,IMU,6.84,-425.78,-1036.62,17.12,-12.53,-27.00,-5.70,-159.90,-397.80,27.0
2026/04/22 21:54:11.96,IMU,96.68,-417.97,-916.02,-15.73,-4.20,19.50,-5.10,-160.50,-396.60,27.0
2026/04/22 21:54:12.06,IMU,-43.95,-686.04,-1172.36,66.38,-32.16,-47.34,-5.70,-161.85,-397.50,27.1
2026/04/22 21:54:12.16,IMU,174.80,-593.26,-735.84,-11.18,22.47,-2.50,-3.45,-161.10,-396.75,27.0
2026/04/22 21:54:12.27,IMU,-46.88,-475.10,-839.84,-23.13,14.21,17.37,-4.35,-162.75,-396.90,27.2
2026/04/22 21:54:12.37,IMU,51.76,-444.82,-779.30,1.27,-9.87,5.85,-6.15,-161.25,-396.60,26.8
2026/04/22 21:54:12.47,IMU,-8.79,-444.82,-870.61,-6.63,-4.76,5.66,-4.20,-161.10,-397.20,27.1
2026/04/22 21:54:12.57,IMU,151.37,-433.11,-966.31,-6.72,-5.61,-0.59,-5.10,-160.20,-395.85,27.0
2026/04/22 21:54:12.67,IMU,172.36,-416.02,-966.80,-19.25,-29.91,-25.73,-2.85,-159.00,-395.10,27.1
2026/04/22 21:54:12.77,IMU,-369.63,-330.57,-1183.11,27.18,-8.52,-49.76,-1.05,-162.00,-396.90,27.0
2026/04/22 21:54:12.87,IMU,236.33,-426.27,-773.93,25.25,-19.13,43.44,0.00,-159.75,-396.60,27.0
2026/04/22 21:54:12.97,IMU,-25.88,-328.13,-747.07,-21.37,2.84,-33.59,-1.80,-161.70,-397.65,26.8
2026/04/22 21:54:13.07,IMU,100.59,-416.99,-992.68,-8.94,0.08,2.86,-0.30,-161.25,-396.90,27.3
2026/04/22 21:54:13.17,IMU,48.83,-385.74,-936.52,-7.53,-4.61,-0.37,-2.10,-161.25,-397.65,27.0
2026/04/22 21:54:13.27,IMU,-19.53,-348.14,-913.09,-21.85,-26.64,-1.88,-0.15,-161.10,-397.80,27.1
2026/04/22 21:54:13.37,IMU,242.19,-714.84,-994.14,40.91,-17.81,-31.54,1.80,-160.20,-395.85,27.1
2026/04/22 21:54:13.47,IMU,5.86,-506.84,-852.05,-42.31,4.44,6.80,4.35,-159.45,-397.35,27.2
2026/04/22 21:54:13.57,IMU,-58.11,-242.19,-919.92,-21.66,20.07,9.47,2.85,-160.20,-397.65,27.4
2026/04/22 21:54:13.67,IMU,51.76,-363.77,-930.66,11.50,-4.29,-13.24,2.70,-160.35,-396.75,27.4
2026/04/22 21:54:13.77,IMU,-128.91,-431.15,-818.36,9.78,-9.81,-42.47,1.05,-159.75,-393.00,27.3
2026/04/22 21:54:13.87,IMU,-30.76,-381.35,-1111.33,-15.24,2.13,10.02,4.35,-160.95,-398.10,26.9
2026/04/22 21:54:13.97,IMU,-7.81,-463.38,-1050.29,55.56,-14.19,-74.39,7.80,-158.85,-396.75,27.1
2026/04/22 21:54:14.07,IMU,193.36,-421.39,-644.53,-46.18,20.07,30.36,6.30,-156.60,-396.75,27.4
2026/04/22 21:54:14.17,IMU,22.95,-286.62,-1002.44,-16.82,7.92,-0.78,6.75,-159.15,-397.20,27.3
2026/04/22 21:54:14.27,IMU,-71.29,-266.11,-890.63,17.83,-10.64,-0.04,7.35,-159.00,-396.90,27.2
2026/04/22 21:54:14.37,IMU,-118.65,-171.39,-957.52,-2.61,6.87,25.79,7.50,-158.10,-397.80,27.3
2026/04/22 21:54:14.47,IMU,23.44,-255.37,-1011.23,-9.94,6.27,14.51,6.60,-158.25,-398.70,27.1
2026/04/22 21:54:14.57,IMU,29.79,-398.93,-967.29,-5.95,-12.67,-11.16,6.90,-156.75,-399.45,27.3
2026/04/22 21:54:14.67,IMU,117.68,-388.18,-991.70,20.06,-7.52,-24.71,9.90,-155.55,-396.30,27.3
2026/04/22 21:54:14.77,IMU,-20.51,-352.54,-835.94,3.69,12.32,-6.11,6.90,-158.25,-394.05,27.1
2026/04/22 21:54:14.87,IMU,-18.55,-372.56,-1107.42,-9.53,10.70,11.17,9.75,-158.40,-399.60,27.0
2026/04/22 21:54:14.98,IMU,-32.71,-354.98,-920.90,-15.24,9.73,4.15,9.45,-156.00,-399.45,27.3
2026/04/22 21:54:15.08,IMU,-121.09,-333.01,-809.08,-13.82,0.46,7.52,9.45,-156.75,-400.50,27.0
2026/04/22 21:54:15.18,IMU,53.22,-270.51,-948.24,17.91,-14.40,27.90,9.15,-157.05,-399.45,27.3
2026/04/22 21:54:15.28,IMU,-169.92,-247.07,-988.77,-17.77,5.83,-19.68,11.10,-155.85,-398.25,27.2
2026/04/22 21:54:15.38,IMU,-23.93,-266.60,-995.12,1.74,-15.90,-10.21,11.10,-153.15,-397.20,27.3
2026/04/22 21:54:15.48,IMU,-255.37,-260.74,-1126.95,15.13,3.82,-13.24,13.05,-156.90,-396.75,27.3
2026/04/22 21:54:15.58,IMU,125.49,-284.67,-765.63,1.52,2.88,34.12,12.00,-152.25,-396.30,27.2
2026/04/22 21:54:15.68,IMU,19.04,-342.77,-1169.43,31.79,5.82,20.36,10.80,-156.15,-397.20,27.2
2026/04/22 21:54:15.79,IMU,-13.67,-230.96,-813.96,-17.36,12.93,0.07,6.75,-158.10,-393.15,27.3
2026/04/22 21:54:15.89,IMU,-65.92,-271.00,-910.16,9.95,2.47,5.95,10.05,-153.90,-397.50,27.1
2026/04/22 21:54:15.99,IMU,33.69,-353.52,-976.07,-4.15,-3.06,6.60,7.05,-154.65,-397.80,27.3
2026/04/22 21:54:16.09,IMU,-48.34,-384.77,-1093.26,33.42,2.02,-4.63,8.55,-156.15,-399.00,27.3
2026/04/22 21:54:16.19,IMU,36.13,-334.47,-882.32,-43.54,18.00,-12.93,7.95,-155.25,-397.35,27.2
2026/04/22 21:54:16.29,IMU,-57.13,-333.50,-970.21,8.25,4.50,14.10,6.60,-155.25,-398.70,27.1
2026/04/22 21:54:16.39,IMU,94.24,-293.95,-923.83,-0.05,26.01,-1.49,3.00,-154.20,-399.00,27.5
2026/04/22 21:54:16.49,IMU,172.36,-411.13,-946.29,9.52,-1.42,-46.79,2.85,-155.25,-398.70,27.1
2026/04/22 21:54:16.59,IMU,93.26,-397.95,-1139.65,-13.14,-30.55,-19.85,5.70,-157.35,-399.00,27.3
2026/04/22 21:54:16.70,IMU,106.93,-424.80,-802.73,21.36,-38.06,-77.81,9.15,-155.25,-398.70,27.0
2026/04/22 21:54:16.80,IMU,-91.31,-210.45,-974.61,-49.88,21.00,-31.47,11.55,-158.85,-398.25,27.4
2026/04/22 21:54:16.90,IMU,130.37,-148.93,-1042.97,-8.81,18.01,-7.22,10.95,-157.50,-398.40,27.5
2026/04/22 21:54:17.00,IMU,-169.92,-212.89,-798.83,5.58,16.05,-20.53,9.30,-157.35,-398.55,27.3
2026/04/22 21:54:17.10,IMU,11.72,-278.32,-961.91,60.15,-13.65,5.97,11.55,-162.60,-398.55,27.5
2026/04/22 21:54:17.20,IMU,200.68,-430.18,-669.92,-7.25,-11.40,-37.85,8.70,-163.20,-399.45,27.6
2026/04/22 21:54:17.30,IMU,373.05,-753.91,-1295.41,96.02,-67.38,41.25,6.90,-165.90,-402.00,27.5
2026/04/22 21:54:17.40,IMU,160.16,-585.94,-1060.06,-6.82,-4.34,-30.86,7.35,-167.40,-402.00,27.5
2026/04/22 21:54:17.50,IMU,89.36,-605.96,-1287.60,3.15,-1.41,-12.75,5.85,-170.40,-403.50,27.5
2026/04/22 21:54:17.60,IMU,156.25,-484.86,-987.30,11.05,17.41,23.13,4.20,-170.25,-403.95,27.5
2026/04/22 21:54:17.70,IMU,138.18,-463.38,-800.29,52.47,-13.35,41.27,1.95,-172.80,-402.15,27.2
2026/04/22 21:54:17.80,IMU,250.00,-703.13,-588.38,27.05,-17.01,-51.96,0.60,-173.40,-403.05,27.5
2026/04/22 21:54:17.90,IMU,171.39,-648.93,-613.77,37.36,2.62,-83.81,6.15,-175.65,-402.00,27.2
2026/04/22 21:54:18.00,IMU,212.40,-627.44,-589.84,28.11,-29.80,-82.10,6.15,-181.05,-401.70,27.2
2026/04/22 21:54:18.10,IMU,-75.20,-612.79,-523.93,-10.07,-11.37,-32.37,7.95,-183.00,-401.70,27.5
2026/04/22 21:54:18.20,IMU,157.23,-754.88,-821.78,1.50,3.06,-76.09,10.20,-183.75,-400.50,27.6
2026/04/22 21:54:18.30,IMU,302.73,-556.15,-671.88,-0.55,21.14,-20.66,8.70,-185.25,-400.95,27.5
2026/04/22 21:54:18.40,IMU,316.89,-503.91,-657.71,34.21,17.69,-24.98,7.05,-183.90,-401.40,27.0
2026/04/22 21:54:18.50,IMU,60.55,-411.62,-585.94,15.23,31.33,-18.03,5.25,-185.85,-401.40,27.3
2026/04/22 21:54:18.60,IMU,187.99,-565.92,-952.64,25.05,-16.56,-17.01,4.35,-190.95,-399.15,27.3
2026/04/22 21:54:18.70,IMU,198.73,-745.61,-871.58,23.73,-8.79,10.77,2.70,-192.30,-399.00,27.3
2026/04/22 21:54:18.80,IMU,164.55,-618.65,-604.00,-3.60,-25.02,45.61,6.30,-190.65,-397.20,27.6
2026/04/22 21:54:18.90,IMU,256.84,-737.79,-818.85,-4.16,4.57,-1.30,7.35,-190.50,-397.35,27.3
2026/04/22 21:54:19.00,IMU,375.00,-677.73,-687.01,5.89,0.98,-21.63,5.25,-190.65,-398.55,27.5
2026/04/22 21:54:19.10,IMU,211.91,-613.28,-627.93,13.41,1.38,-15.05,6.90,-190.95,-398.40,27.3
2026/04/22 21:54:19.20,IMU,235.35,-697.27,-625.98,7.61,7.76,-36.79,6.75,-191.55,-398.25,27.6
2026/04/22 21:54:19.30,IMU,186.52,-645.02,-631.35,-15.76,-1.45,10.92,4.65,-193.20,-397.35,27.5
2026/04/22 21:54:19.41,IMU,289.06,-691.89,-804.69,0.14,22.55,-20.41,4.50,-193.35,-398.25,27.5
2026/04/22 21:54:19.51,IMU,267.58,-580.08,-739.75,-17.95,-1.69,9.93,4.35,-191.25,-398.40,27.2
2026/04/22 21:54:19.61,IMU,486.33,-671.39,-659.67,26.31,20.51,2.74,3.90,-192.45,-396.90,27.3
2026/04/22 21:54:19.71,IMU,187.01,-646.97,-703.61,-4.78,-0.74,8.51,1.05,-192.75,-397.65,27.1
2026/04/22 21:54:19.81,IMU,566.89,-820.80,-698.73,1.92,-15.24,-4.90,3.30,-192.45,-397.35,27.5
2026/04/22 21:54:19.91,IMU,262.70,-646.97,-535.16,1.83,-33.78,88.21,5.25,-193.05,-397.80,27.4
2026/04/22 21:54:20.01,IMU,297.85,-774.90,-653.81,12.61,-5.65,-54.98,8.70,-193.20,-395.55,27.3
2026/04/22 21:54:20.11,IMU,218.26,-748.05,-636.23,-6.05,-15.73,5.90,9.00,-194.10,-394.95,27.6
2026/04/22 21:54:20.21,IMU,62.50,-665.53,-668.46,-5.25,7.38,0.98,9.15,-193.50,-393.75,27.3
2026/04/22 21:54:20.31,IMU,66.41,-576.17,-825.68,-9.55,14.72,45.15,7.65,-193.20,-394.50,27.3
2026/04/22 21:54:20.41,IMU,-37.11,-512.21,-633.30,-21.47,23.11,67.30,8.70,-189.45,-396.90,27.5
2026/04/22 21:54:20.51,IMU,134.77,-626.95,-702.15,-37.08,7.51,26.31,10.65,-186.30,-397.35,27.5
2026/04/22 21:54:20.61,IMU,142.58,-692.87,-743.16,-25.75,-13.37,5.85,9.90,-183.75,-398.10,27.3
2026/04/22 21:54:20.71,IMU,167.48,-604.00,-742.19,-32.98,-41.53,-18.28,10.95,-183.30,-397.35,27.3
2026/04/22 21:54:20.81,IMU,0.49,-596.68,-735.35,-1.86,-55.37,-13.37,14.70,-179.85,-395.55,27.3
2026/04/22 21:54:20.91,IMU,30.27,-617.68,-864.75,11.28,-36.40,1.01,14.85,-183.45,-389.55,27.3
2026/04/22 21:54:21.01,IMU,62.50,-584.96,-842.29,18.02,-30.04,6.13,17.40,-180.45,-390.30,27.5
2026/04/22 21:54:21.11,IMU,-50.29,-642.58,-988.28,5.79,-16.31,-19.54,17.25,-183.00,-387.90,27.5
2026/04/22 21:54:21.21,IMU,-58.11,-601.56,-933.11,-15.27,1.21,9.30,14.85,-184.95,-385.95,27.4
2026/04/22 21:54:21.31,IMU,84.96,-620.12,-829.10,-24.56,5.92,21.60,12.45,-183.75,-385.35,27.3
2026/04/22 21:54:21.41,IMU,157.23,-589.84,-896.00,-26.39,16.94,-23.94,10.95,-184.05,-384.75,27.5
2026/04/22 21:54:21.52,IMU,-143.55,-526.37,-618.65,25.49,-1.12,-5.60,7.80,-182.70,-384.90,27.3
2026/04/22 21:54:21.62,IMU,155.76,-597.17,-756.84,13.81,-105.44,16.34,17.55,-180.30,-379.95,27.4
2026/04/22 21:54:21.72,IMU,-250.49,-767.58,-1031.25,-0.87,-41.92,-68.40,22.05,-183.00,-379.20,27.3
2026/04/22 21:54:21.82,IMU,-18.07,-659.67,-1068.85,-1.40,-111.95,6.11,28.65,-184.50,-378.15,27.6
2026/04/22 21:54:21.92,IMU,-380.37,-461.43,-554.20,-23.56,-73.02,-48.79,30.90,-185.55,-376.80,27.5
2026/04/22 21:54:22.02,IMU,-153.32,-461.43,-717.29,-17.92,-31.55,44.72,34.95,-184.80,-373.20,27.3
2026/04/22 21:54:22.12,IMU,-316.89,-524.90,-799.80,16.14,4.06,-35.08,35.55,-186.30,-372.45,27.3
2026/04/22 21:54:22.22,IMU,-352.54,-633.30,-798.34,-10.50,-0.15,-33.63,34.35,-187.35,-369.75,27.3
2026/04/22 21:54:22.32,IMU,-212.40,-542.97,-735.35,3.70,-25.74,17.99,32.55,-188.10,-369.00,27.3
2026/04/22 21:54:22.42,IMU,-390.63,-582.03,-677.25,-5.82,-17.98,-19.11,33.00,-187.50,-367.35,27.3
2026/04/22 21:54:22.52,IMU,-302.73,-655.27,-771.97,-8.84,-16.66,6.05,35.25,-186.30,-366.30,27.3
2026/04/22 21:54:22.62,IMU,-319.82,-564.94,-562.50,-14.29,-6.51,22.82,35.85,-186.15,-361.05,27.5
2026/04/22 21:54:22.72,IMU,-502.93,-659.67,-836.91,-65.50,-9.20,-5.15,36.30,-185.25,-360.15,27.5
2026/04/22 21:54:22.82,IMU,-396.97,-417.48,-623.54,-93.93,-4.37,-6.78,37.50,-182.55,-361.65,27.3
2026/04/22 21:54:22.92,IMU,-555.18,-494.63,-853.52,18.64,-57.45,0.30,38.40,-181.65,-361.05,27.6
2026/04/22 21:54:23.02,IMU,-432.62,-418.95,-830.08,-73.31,-86.98,-7.44,38.55,-182.25,-359.10,27.5
2026/04/22 21:54:23.12,IMU,-505.37,-320.31,-802.25,-50.46,-14.93,1.68,38.55,-183.30,-358.35,27.5
2026/04/22 21:54:23.22,IMU,-538.09,-483.40,-657.23,44.15,-2.47,-19.34,40.35,-182.55,-357.60,27.1
2026/04/22 21:54:23.32,IMU,-485.84,-409.18,-898.44,28.16,-25.35,-39.21,38.55,-184.05,-355.05,27.5
2026/04/22 21:54:23.42,IMU,-828.13,-519.53,-737.30,18.52,-78.48,2.71,36.15,-189.90,-349.20,27.3
2026/04/22 21:54:23.52,IMU,-699.22,-524.41,-539.06,14.63,-33.44,34.03,39.00,-187.05,-345.30,27.5
2026/04/22 21:54:23.63,IMU,-809.08,-492.68,-469.73,34.56,-8.74,-7.50,37.05,-187.05,-344.25,27.5
2026/04/22 21:54:23.73,IMU,-818.85,-486.33,-498.05,11.01,0.46,-4.08,37.05,-186.75,-342.45,27.3
2026/04/22 21:54:23.83,IMU,-613.28,-491.21,-465.33,13.49,0.96,-13.58,37.05,-187.50,-341.70,27.3
2026/04/22 21:54:23.93,IMU,-848.63,-648.44,-456.05,2.99,-12.67,-43.92,33.90,-189.60,-341.85,27.5
2026/04/22 21:54:24.03,IMU,-1037.60,-533.20,-602.05,-3.35,18.98,16.08,31.05,-189.60,-337.95,27.5
2026/04/22 21:54:24.13,IMU,-479.98,-717.29,-308.11,14.56,-44.15,26.49,31.20,-189.45,-337.80,27.1
2026/04/22 21:54:24.23,IMU,-775.88,-666.02,-347.17,3.44,-15.76,-11.24,30.45,-189.75,-334.20,27.3
2026/04/22 21:54:24.33,IMU,-737.30,-596.19,-208.01,-0.18,-23.22,-22.07,29.55,-188.85,-335.10,27.1
2026/04/22 21:54:24.43,IMU,-896.48,-648.93,-284.18,30.82,3.90,-18.31,27.90,-191.25,-333.75,27.2
2026/04/22 21:54:24.53,IMU,-812.01,-666.50,-165.04,9.08,-2.20,3.07,29.55,-191.55,-332.55,27.3
2026/04/22 21:54:24.63,IMU,-811.52,-677.25,-298.34,-6.27,-7.18,5.76,26.55,-189.60,-332.10,27.2
2026/04/22 21:54:24.73,IMU,-801.76,-633.30,-234.86,4.98,9.13,3.05,28.20,-190.50,-331.20,27.2
2026/04/22 21:54:24.83,IMU,-784.18,-628.91,-284.67,-4.71,2.36,-2.02,26.85,-190.95,-330.60,27.1
2026/04/22 21:54:24.93,IMU,-801.76,-678.22,-233.40,-1.64,-4.71,-12.93,26.85,-191.70,-332.40,27.1
2026/04/22 21:54:25.03,IMU,-768.55,-712.40,-237.79,1.01,7.31,-1.59,26.55,-191.10,-331.50,27.5
2026/04/22 21:54:25.13,IMU,-777.34,-691.89,-304.20,-8.04,14.90,-8.24,27.00,-191.10,-332.85,27.4
2026/04/22 21:54:25.23,IMU,-681.64,-788.57,-250.00,-11.23,23.29,-28.40,25.20,-192.30,-335.10,27.3
2026/04/22 21:54:25.33,IMU,-638.67,-754.88,-293.46,-1.27,24.63,-5.20,27.00,-194.55,-334.65,27.4
2026/04/22 21:54:25.43,IMU,-604.49,-808.11,-305.18,-14.43,34.44,-23.35,26.85,-196.65,-337.80,27.0
2026/04/22 21:54:25.53,IMU,-639.16,-809.08,-319.82,-9.24,32.21,-22.65,27.75,-197.10,-339.75,27.3
2026/04/22 21:54:25.63,IMU,-598.14,-783.20,-396.00,-10.06,23.50,-25.66,28.95,-197.40,-341.70,27.0
2026/04/22 21:54:25.73,IMU,-509.28,-999.02,-342.29,28.65,17.57,-56.08,28.95,-199.65,-339.15,27.3
2026/04/22 21:54:25.83,IMU,-633.30,-624.51,-497.07,49.37,51.47,23.95,29.85,-200.25,-341.25,27.2
2026/04/22 21:54:25.93,IMU,-290.53,-722.17,-533.20,38.81,-4.37,8.92,30.30,-197.55,-343.65,27.2
2026/04/22 21:54:26.04,IMU,-568.36,-740.23,-568.36,10.89,-16.56,-25.48,29.85,-198.00,-344.10,27.2
2026/04/22 21:54:26.14,IMU,-318.85,-816.41,-453.13,19.22,0.13,-22.31,30.15,-196.20,-345.00,27.0
2026/04/22 21:54:26.24,IMU,-373.05,-822.27,-414.06,-8.80,-16.11,10.23,28.80,-199.50,-344.40,27.2
2026/04/22 21:54:26.34,IMU,-479.49,-814.45,-487.30,-13.26,6.51,22.07,28.05,-198.75,-344.10,27.0
2026/04/22 21:54:26.44,IMU,-452.15,-781.74,-576.17,-3.69,13.79,-21.68,31.35,-197.10,-346.65,27.2
2026/04/22 21:54:26.54,IMU,-397.95,-786.62,-554.69,-6.36,0.85,2.84,30.15,-196.95,-347.55,27.1
2026/04/22 21:54:26.65,IMU,-339.84,-875.98,-498.54,-3.23,5.58,-13.37,31.80,-198.75,-349.80,27.0
2026/04/22 21:54:26.75,IMU,-363.77,-758.79,-461.91,-0.10,14.87,-1.30,30.45,-199.65,-349.65,27.1
2026/04/22 21:54:26.85,IMU,-419.43,-653.32,-517.09,-15.58,15.13,22.11,29.70,-201.90,-353.25,27.3
2026/04/22 21:54:26.95,IMU,-417.97,-687.50,-548.83,-30.34,13.48,-0.45,31.20,-199.65,-355.05,26.8
2026/04/22 21:54:27.05,IMU,-280.27,-677.25,-505.37,-16.19,6.56,-3.47,30.45,-198.45,-356.55,27.2
2026/04/22 21:54:27.15,IMU,-200.68,-717.77,-580.57,-9.48,11.32,-19.40,29.85,-199.80,-357.75,27.4
2026/04/22 21:54:27.25,IMU,-104.49,-817.87,-563.96,-33.89,-28.12,-23.94,28.80,-200.55,-361.35,27.1
2026/04/22 21:54:27.35,IMU,-275.39,-735.35,-602.54,-15.41,8.20,-12.40,28.50,-202.05,-360.75,27.0
2026/04/22 21:54:27.45,IMU,-146.97,-733.89,-592.77,-8.43,12.37,-15.95,27.15,-201.90,-362.70,26.9
2026/04/22 21:54:27.55,IMU,-171.88,-759.28,-623.54,28.53,0.66,-29.65,27.30,-202.80,-363.90,26.8
2026/04/22 21:54:27.65,IMU,-129.88,-807.13,-790.53,3.47,20.11,-36.55,23.85,-204.90,-361.20,27.2
2026/04/22 21:54:27.75,IMU,-187.01,-677.73,-621.09,6.34,-11.76,17.21,23.55,-206.55,-361.65,27.0
2026/04/22 21:54:27.85,IMU,-191.41,-696.78,-697.27,-10.73,22.81,-13.04,23.85,-205.35,-360.15,27.1
2026/04/22 21:54:27.95,IMU,-155.27,-771.00,-720.70,8.40,-13.47,8.30,23.55,-205.35,-362.25,27.0
2026/04/22 21:54:28.05,IMU,-184.08,-758.30,-665.53,-4.45,-10.83,-3.25,20.40,-208.50,-355.95,27.1
2026/04/22 21:54:28.15,IMU,-202.64,-743.16,-700.68,0.69,4.05,1.18,23.55,-205.35,-361.20,27.0
2026/04/22 21:54:28.25,IMU,-139.16,-691.41,-683.11,0.50,17.43,2.69,24.60,-204.90,-362.25,27.0
2026/04/22 21:54:28.35,IMU,-180.18,-687.99,-720.21,7.67,7.70,-12.87,22.35,-206.85,-363.00,26.8
2026/04/22 21:54:28.45,IMU,-147.46,-726.56,-639.16,0.30,-9.82,1.83,22.35,-206.85,-363.00,26.8
2026/04/22 21:54:28.55,IMU,-185.55,-780.76,-698.24,0.63,-4.26,6.19,22.95,-206.70,-362.55,27.0
2026/04/22 21:54:28.65,IMU,-166.02,-800.29,-717.77,1.37,9.37,0.53,23.10,-206.55,-361.65,26.8
2026/04/22 21:54:28.76,IMU,-155.27,-793.95,-741.21,-3.95,4.99,-7.78,23.55,-205.35,-361.95,27.0
2026/04/22 21:54:28.86,IMU,-157.23,-725.10,-757.32,5.66,-1.91,-1.41,21.60,-204.90,-360.90,27.0
2026/04/22 21:54:28.96,IMU,-149.41,-746.09,-750.00,0.13,-0.44,0.38,24.00,-205.95,-362.85,27.1
2026/04/22 21:54:29.06,IMU,-113.77,-759.77,-708.50,5.94,1.83,11.44,22.50,-207.00,-362.55,27.0
2026/04/22 21:54:29.16,IMU,-206.05,-774.90,-655.27,7.77,-5.15,-9.89,24.00,-206.70,-361.35,26.9
2026/04/22 21:54:29.26,IMU,-281.74,-756.84,-569.82,14.05,2.21,5.33,21.60,-207.30,-361.65,27.0
2026/04/22 21:54:29.36,IMU,-76.66,-899.90,-759.28,23.18,15.92,13.98,22.95,-206.70,-359.55,27.0
2026/04/22 21:54:29.46,IMU,-117.68,-747.07,-692.87,-63.33,28.33,-41.56,22.20,-208.20,-361.35,26.8
2026/04/22 21:54:29.56,IMU,-146.97,-636.72,-479.98,14.24,6.37,3.73,20.10,-208.05,-364.05,27.0
2026/04/22 21:54:29.66,IMU,-98.63,-783.69,-654.30,17.51,27.14,-12.61,20.55,-208.35,-360.15,27.0
2026/04/22 21:54:29.76,IMU,-117.19,-812.01,-653.81,-2.25,8.33,-14.13,18.45,-210.15,-360.00,26.9
2026/04/22 21:54:29.86,IMU,-139.65,-768.07,-441.41,-6.13,27.06,-4.50,18.45,-208.95,-361.80,27.0
2026/04/22 21:54:29.96,IMU,-27.83,-753.91,-619.63,7.95,5.05,4.70,19.95,-208.95,-360.75,26.7
2026/04/22 21:54:30.07,IMU,-149.41,-712.40,-631.35,-1.81,-15.90,34.24,21.30,-207.60,-360.15,26.6
2026/04/22 21:54:30.17,IMU,-129.39,-719.73,-610.35,14.60,-23.35,28.65,25.20,-207.75,-359.25,26.9
2026/04/22 21:54:30.27,IMU,-244.14,-805.18,-635.74,-6.61,-30.10,-14.86,24.75,-206.70,-357.75,26.8
2026/04/22 21:54:30.37,IMU,-182.13,-780.27,-579.59,-30.13,-12.02,4.45,23.85,-206.55,-357.30,26.8
2026/04/22 21:54:30.47,IMU,-177.73,-747.56,-533.20,18.58,-11.76,-26.93,24.45,-206.70,-358.95,26.7
2026/04/22 21:54:30.57,IMU,-301.27,-770.02,-696.29,14.52,-2.30,16.78,21.15,-208.95,-356.70,26.8
2026/04/22 21:54:30.67,IMU,-164.06,-935.06,-608.89,-2.60,-35.91,-12.58,23.10,-208.05,-355.50,26.6
2026/04/22 21:54:30.77,IMU,-389.16,-719.73,-388.67,12.20,-21.98,52.44,23.55,-207.30,-354.75,27.0
2026/04/22 21:54:30.87,IMU,-309.57,-816.41,-691.41,-8.18,6.56,-7.72,26.25,-206.70,-351.30,26.8
2026/04/22 21:54:30.97,IMU,-318.36,-814.94,-619.14,-6.15,3.05,0.11,25.20,-205.95,-353.85,26.9
2026/04/22 21:54:31.07,IMU,-357.91,-819.82,-530.27,-18.51,6.86,-2.77,25.65,-207.30,-354.75,26.8
2026/04/22 21:54:31.17,IMU,-380.37,-780.76,-589.36,-7.81,12.79,1.76,24.90,-208.35,-356.10,27.0
2026/04/22 21:54:31.27,IMU,-349.61,-769.53,-557.13,-18.37,16.85,22.98,26.25,-206.70,-357.45,26.6
2026/04/22 21:54:31.37,IMU,-287.11,-748.54,-635.74,-2.88,27.09,32.36,27.00,-204.45,-360.00,26.7
2026/04/22 21:54:31.47,IMU,-259.28,-655.27,-605.96,1.40,33.27,43.20,27.75,-203.70,-363.15,26.5
2026/04/22 21:54:31.57,IMU,-291.50,-733.40,-737.30,-1.67,32.06,34.27,31.20,-200.85,-365.25,26.6
2026/04/22 21:54:31.67,IMU,-196.29,-730.47,-656.25,5.14,50.11,29.37,31.20,-197.70,-367.65,26.6
2026/04/22 21:54:31.77,IMU,-90.33,-704.59,-752.93,18.49,40.41,26.78,30.90,-196.65,-369.90,26.4
2026/04/22 21:54:31.87,IMU,-63.96,-666.99,-831.05,-14.44,21.98,-12.88,28.65,-197.40,-373.20,26.7
2026/04/22 21:54:31.97,IMU,-121.09,-640.14,-869.63,-7.38,10.43,20.52,26.40,-197.70,-375.30,26.7
2026/04/22 21:54:32.07,IMU,-151.37,-579.10,-787.11,-20.51,7.26,-7.14,25.65,-198.15,-377.10,26.6
2026/04/22 21:54:32.17,IMU,-109.37,-649.41,-840.82,-9.24,11.54,-24.64,24.75,-197.55,-379.50,26.6
2026/04/22 21:54:32.27,IMU,-6.84,-545.41,-658.69,2.21,2.45,22.53,25.35,-197.40,-380.70,26.6
2026/04/22 21:54:32.37,IMU,-58.11,-611.82,-854.49,-3.03,22.44,-15.73,23.70,-196.95,-379.95,26.3
2026/04/22 21:54:32.47,IMU,-73.73,-600.10,-839.36,-10.83,12.57,-9.87,21.75,-198.00,-380.10,26.6
2026/04/22 21:54:32.57,IMU,2.44,-455.57,-713.87,11.50,23.67,3.95,20.40,-198.00,-383.10,26.3
2026/04/22 21:54:32.67,IMU,-2.44,-527.34,-763.67,3.90,9.11,-10.71,20.70,-197.55,-381.30,26.6
2026/04/22 21:54:32.77,IMU,167.48,-620.12,-807.62,17.62,-1.39,1.81,20.55,-199.65,-381.75,26.5
2026/04/22 21:54:32.87,IMU,-74.71,-647.46,-699.22,-3.98,-19.26,-9.81,20.55,-199.20,-381.15,26.8
2026/04/22 21:54:32.98,IMU,123.54,-675.78,-864.26,28.42,-8.33,-10.34,21.15,-200.55,-381.60,26.5
2026/04/22 21:54:33.08,IMU,-211.43,-583.50,-765.14,-7.91,-3.77,7.31,22.35,-201.15,-381.75,26.5
2026/04/22 21:54:33.18,IMU,-38.09,-577.64,-786.13,4.86,4.72,4.92,21.15,-199.05,-380.10,26.6
2026/04/22 21:54:33.28,IMU,-51.27,-628.42,-773.93,2.68,5.15,21.04,21.45,-201.00,-380.55,26.2
2026/04/22 21:54:33.38,IMU,14.16,-633.79,-781.74,9.73,23.76,28.24,22.35,-199.20,-381.45,26.3
2026/04/22 21:54:33.48,IMU,118.16,-717.77,-790.53,-4.63,25.63,27.20,22.80,-198.15,-382.50,26.4
2026/04/22 21:54:33.58,IMU,97.66,-629.39,-728.52,-9.98,23.76,13.81,21.45,-197.55,-385.20,26.6
2026/04/22 21:54:33.68,IMU,83.98,-521.48,-713.87,6.82,13.53,-0.75,20.10,-195.90,-384.30,26.5
2026/04/22 21:54:33.78,IMU,91.31,-548.83,-738.77,15.69,-7.36,8.47,19.20,-196.05,-383.10,26.4
2026/04/22 21:54:33.88,IMU,53.71,-638.67,-779.79,22.39,-18.98,-1.21,19.80,-196.95,-382.50,26.4
2026/04/22 21:54:33.98,IMU,25.39,-727.54,-772.95,3.71,-22.58,47.92,21.60,-197.40,-380.40,26.3
2026/04/22 21:54:34.08,IMU,-87.89,-704.59,-652.83,4.84,-9.51,1.66,22.50,-197.10,-379.05,26.3
2026/04/22 21:54:34.18,IMU,16.60,-697.27,-729.00,17.78,-10.53,8.08,22.35,-198.45,-376.80,26.2
2026/04/22 21:54:34.28,IMU,-56.15,-742.19,-743.65,14.98,-2.78,-11.30,24.15,-199.95,-372.75,26.4
2026/04/22 21:54:34.38,IMU,-78.61,-809.08,-727.05,16.87,3.48,-8.95,23.70,-199.50,-372.30,26.2
2026/04/22 21:54:34.48,IMU,-14.16,-799.80,-675.78,-5.69,-6.26,7.96,23.25,-200.55,-371.55,26.1
2026/04/22 21:54:34.58,IMU,-125.49,-874.51,-687.99,-20.81,-7.25,-14.36,26.40,-200.40,-371.40,26.1
2026/04/22 21:54:34.68,IMU,-113.77,-730.47,-653.81,7.62,8.03,10.09,24.60,-200.40,-369.15,26.0
2026/04/22 21:54:34.78,IMU,-33.20,-780.27,-625.00,9.66,20.43,-20.89,27.15,-201.15,-370.20,25.9
2026/04/22 21:54:34.88,IMU,33.20,-808.11,-660.16,17.24,20.31,-7.15,25.80,-201.75,-370.05,25.7
2026/04/22 21:54:34.98,IMU,43.95,-856.45,-701.66,28.31,-9.79,-2.39,25.50,-202.05,-369.00,26.0
2026/04/22 21:54:35.08,IMU,-51.27,-878.42,-635.25,15.31,-30.23,-12.87,25.65,-202.65,-368.10,25.9
2026/04/22 21:54:35.19,IMU,-92.77,-778.32,-555.66,-2.04,-21.69,8.70,25.35,-205.35,-359.10,26.1
2026/04/22 21:54:35.29,IMU,-90.82,-698.73,-469.73,21.13,-0.02,-10.24,28.65,-203.10,-362.25,25.9
2026/04/22 21:54:35.39,IMU,-171.39,-763.67,-485.84,10.73,-11.56,4.34,28.05,-202.50,-359.55,26.0
2026/04/22 21:54:35.49,IMU,-210.45,-837.40,-449.22,6.63,-11.27,-12.93,29.55,-204.75,-358.20,26.1
2026/04/22 21:54:35.59,IMU,-238.77,-936.04,-389.65,34.58,-41.58,19.91,29.85,-204.00,-356.70,25.9
2026/04/22 21:54:35.69,IMU,-358.40,-807.62,-296.88,10.59,-40.39,-22.80,27.30,-204.00,-352.05,25.9
2026/04/22 21:54:35.79,IMU,-168.95,-848.14,-289.55,33.20,-38.33,29.76,27.90,-204.15,-350.10,25.9
2026/04/22 21:54:35.89,IMU,-348.14,-878.91,-255.86,-26.44,-44.70,-6.15,30.30,-200.55,-348.00,25.8
2026/04/22 21:54:35.99,IMU,-318.85,-1052.73,-483.89,-95.23,-44.27,-3.95,29.25,-199.80,-347.70,26.1
2026/04/22 21:54:36.09,IMU,-203.61,-743.65,-478.03,-57.18,-42.43,40.10,32.10,-199.05,-351.30,26.2
2026/04/22 21:54:36.19,IMU,-279.79,-847.17,-442.87,-1.45,-12.24,-48.73,30.90,-199.65,-350.70,25.9
2026/04/22 21:54:36.29,IMU,-304.20,-788.09,-514.65,-20.80,-22.49,29.82,28.80,-200.25,-349.80,25.8
2026/04/22 21:54:36.39,IMU,-333.01,-810.06,-647.46,-12.31,-14.39,-12.37,28.50,-200.25,-347.70,26.0
2026/04/22 21:54:36.49,IMU,-271.48,-856.45,-647.46,-8.39,-12.00,-10.44,27.90,-199.65,-348.30,25.9
2026/04/22 21:54:36.59,IMU,-335.94,-825.20,-636.72,-22.56,-5.82,12.70,25.65,-201.60,-348.90,25.7
2026/04/22 21:54:36.69,IMU,-338.87,-795.90,-565.92,-7.23,-18.77,3.18,26.55,-199.05,-348.00,26.1
2026/04/22 21:54:36.79,IMU,-384.28,-783.69,-514.16,-12.53,-10.35,-4.63,26.55,-200.25,-347.70,26.0
2026/04/22 21:54:36.89,IMU,-430.66,-860.84,-620.61,4.70,-5.37,-2.95,24.60,-201.15,-346.50,26.1
2026/04/22 21:54:36.99,IMU,-313.96,-809.57,-543.95,27.02,-18.25,16.97,24.60,-201.15,-344.55,25.9
2026/04/22 21:54:37.09,IMU,-442.38,-770.51,-453.13,-14.78,14.43,6.55,25.35,-199.65,-342.75,26.0
2026/04/22 21:54:37.19,IMU,-363.77,-805.66,-560.55,4.36,-13.25,-15.58,24.75,-201.30,-343.35,26.1
2026/04/22 21:54:37.29,IMU,-426.76,-834.96,-457.03,35.70,-21.73,2.53,23.85,-199.95,-342.15,25.9
2026/04/22 21:54:37.39,IMU,-430.18,-806.15,-314.94,84.49,-52.10,30.11,24.00,-199.50,-339.00,25.9
2026/04/22 21:54:37.50,IMU,-599.12,-890.63,-323.73,31.78,-31.40,28.96,25.65,-197.40,-333.45,26.2
2026/04/22 21:54:37.60,IMU,-499.51,-797.36,-241.70,27.78,-9.92,17.40,26.85,-194.40,-330.15,26.1
2026/04/22 21:54:37.70,IMU,-539.06,-826.17,-273.93,16.39,-14.15,4.55,25.35,-192.75,-329.10,26.0
2026/04/22 21:54:37.80,IMU,-559.57,-779.30,-167.97,10.44,-14.83,0.70,26.25,-193.05,-328.20,25.9
2026/04/22 21:54:37.90,IMU,-577.15,-806.15,-152.34,5.67,-23.08,-14.46,25.35,-193.20,-325.50,26.1
2026/04/22 21:54:38.00,IMU,-597.66,-801.27,-123.05,3.68,-28.17,0.01,21.60,-192.00,-325.50,25.9
2026/04/22 21:54:38.10,IMU,-591.80,-855.96,-69.82,11.09,0.69,-9.22,22.35,-195.45,-323.40,25.9
2026/04/22 21:54:38.20,IMU,-584.96,-862.79,-125.98,19.89,10.70,-11.11,21.15,-192.30,-323.85,25.9
2026/04/22 21:54:38.30,IMU,-614.75,-869.14,-99.61,22.16,6.82,-1.37,19.65,-192.30,-324.30,26.1
2026/04/22 21:54:38.40,IMU,-562.01,-899.41,-81.05,21.46,9.21,-3.83,21.60,-192.45,-324.00,25.9
2026/04/22 21:54:38.50,IMU,-518.55,-893.55,-74.22,7.66,-15.72,4.51,21.15,-191.55,-322.05,25.8
2026/04/22 21:54:38.60,IMU,-582.03,-874.51,-74.71,5.85,1.92,-10.11,19.65,-190.65,-321.75,26.1
2026/04/22 21:54:38.70,IMU,-553.22,-902.34,-74.71,5.73,-2.73,-6.02,19.65,-191.10,-322.35,26.3
2026/04/22 21:54:38.80,IMU,-535.16,-934.57,-22.95,2.79,-1.16,-16.55,19.80,-192.45,-321.90,26.1
2026/04/22 21:54:38.90,IMU,-529.79,-962.89,25.39,-4.15,1.29,-10.47,17.70,-193.05,-322.80,25.9
2026/04/22 21:54:39.00,IMU,-500.98,-963.87,32.71,-15.95,-2.82,-11.61,16.65,-193.05,-322.05,26.0
2026/04/22 21:54:39.10,IMU,-417.97,-1041.99,-42.48,-0.84,11.59,-47.91,15.60,-195.60,-324.90,26.1
2026/04/22 21:54:39.20,IMU,-269.04,-1056.64,-32.71,-0.48,33.22,-60.12,15.15,-196.05,-324.60,25.9
2026/04/22 21:54:39.30,IMU,-233.40,-1026.86,-85.45,-9.47,40.48,-63.08,11.85,-198.00,-327.15,25.9
2026/04/22 21:54:39.40,IMU,-233.40,-1059.57,-180.18,-24.79,33.26,-38.75,11.10,-201.30,-327.45,26.1
2026/04/22 21:54:39.50,IMU,-164.55,-1190.92,-110.35,-32.37,32.11,-12.51,10.20,-202.65,-332.40,26.1
2026/04/22 21:54:39.60,IMU,-189.45,-987.79,-368.16,-6.71,61.26,-15.92,13.95,-204.60,-331.65,25.9
2026/04/22 21:54:39.70,IMU,-231.93,-580.57,-47.85,-82.77,39.76,40.15,16.35,-207.45,-334.35,26.1
2026/04/22 21:54:39.80,IMU,208.01,-1263.18,-457.03,51.33,40.68,34.52,19.80,-204.60,-338.55,26.1
2026/04/22 21:54:39.90,IMU,-267.09,-958.01,-510.25,-46.95,-14.40,9.13,20.70,-206.25,-338.25,25.9
2026/04/22 21:54:40.00,IMU,-47.85,-1177.25,-262.21,-35.05,-11.78,-10.76,22.05,-206.85,-338.55,25.9
2026/04/22 21:54:40.10,IMU,-57.62,-1082.03,-428.71,4.60,-16.90,32.78,24.90,-206.55,-339.90,25.9
2026/04/22 21:54:40.20,IMU,-100.59,-946.29,-533.20,-15.04,19.53,6.40,24.90,-206.55,-341.40,25.9
2026/04/22 21:54:40.30,IMU,-95.70,-701.17,-487.79,-42.02,41.80,-3.55,27.75,-207.45,-344.10,25.9
2026/04/22 21:54:40.40,IMU,-106.45,-675.78,-446.78,-45.69,32.34,-8.32,28.50,-205.95,-347.40,26.1
2026/04/22 21:54:40.50,IMU,-70.80,-652.34,-210.94,-8.65,38.44,-30.24,25.65,-205.35,-354.75,26.0
2026/04/22 21:54:40.60,IMU,-77.15,-790.04,-381.35,85.34,1.13,-14.74,19.05,-206.85,-356.10,25.9
2026/04/22 21:54:40.71,IMU,-79.10,-906.25,-622.07,42.21,12.02,13.47,16.80,-207.60,-351.90,26.0
2026/04/22 21:54:40.81,IMU,102.54,-980.47,-373.54,-42.98,17.42,13.27,19.80,-206.85,-354.00,26.1
2026/04/22 21:54:40.91,IMU,116.21,-859.38,-623.05,-61.31,-21.76,-4.85,18.15,-205.20,-358.50,25.9
2026/04/22 21:54:41.01,IMU,51.27,-722.17,-653.81,-101.62,-11.92,1.44,19.50,-204.90,-361.95,25.9
2026/04/22 21:54:41.11,IMU,24.41,-692.87,-675.29,-3.85,3.24,-4.59,17.70,-203.70,-367.20,25.8
2026/04/22 21:54:41.21,IMU,-27.83,-742.68,-726.07,-1.11,-18.74,-4.98,17.40,-204.00,-365.70,26.0
2026/04/22 21:54:41.32,IMU,0.49,-741.21,-711.43,-8.78,2.92,7.31,15.75,-203.40,-361.20,25.9
2026/04/22 21:54:41.42,IMU,48.34,-659.18,-690.92,2.23,5.50,1.34,17.55,-202.65,-362.70,26.1
2026/04/22 21:54:41.52,IMU,20.02,-672.36,-716.80,1.17,-7.24,-3.52,18.90,-202.65,-363.75,25.9
2026/04/22 21:54:41.62,IMU,-54.69,-684.57,-780.27,-7.12,-3.31,1.60,18.45,-201.75,-364.35,25.9
2026/04/22 21:54:41.72,IMU,5.37,-714.36,-766.11,-15.34,-2.85,-3.39,20.85,-201.15,-364.50,26.1
2026/04/22 21:54:41.82,IMU,-15.14,-654.79,-766.11,-9.22,-2.73,6.51,20.70,-202.05,-366.45,25.9
2026/04/22 21:54:41.92,IMU,-26.86,-663.57,-871.09,-2.73,-2.63,7.35,20.10,-202.35,-366.60,25.9
2026/04/22 21:54:42.02,IMU,19.04,-716.31,-934.57,8.77,-13.61,1.59,21.45,-202.05,-368.25,25.8
2026/04/22 21:54:42.12,IMU,-78.61,-677.25,-861.82,22.69,-32.61,-28.98,20.85,-199.80,-366.45,25.7
2026/04/22 21:54:42.22,IMU,-114.26,-687.99,-666.50,-21.43,-21.73,-12.38,21.15,-203.25,-365.70,25.9
2026/04/22 21:54:42.33,IMU,-125.49,-604.98,-646.97,-15.91,-22.42,5.92,19.80,-203.10,-361.20,25.9
2026/04/22 21:54:42.43,IMU,-127.44,-623.05,-744.14,-16.13,-6.11,-14.14,24.60,-200.85,-367.35,25.7
2026/04/22 21:54:42.53,IMU,-116.70,-627.93,-804.20,-6.01,-27.53,-8.52,24.60,-202.35,-368.10,25.9
2026/04/22 21:54:42.63,IMU,-173.83,-602.05,-790.53,-6.50,-10.43,-14.29,23.25,-201.00,-367.20,25.8
2026/04/22 21:54:42.73,IMU,-173.83,-583.01,-793.95,-5.69,-11.89,-10.23,21.45,-202.05,-366.15,25.7
2026/04/22 21:54:42.83,IMU,-195.80,-597.66,-788.09,-5.61,-6.90,-15.55,21.45,-202.80,-367.50,25.9
2026/04/22 21:54:42.93,IMU,-142.09,-597.17,-745.61,-4.41,-4.80,0.15,22.50,-202.50,-367.50,25.9
2026/04/22 21:54:43.03,IMU,-126.95,-588.38,-771.00,2.80,-1.87,-3.12,22.35,-202.35,-369.15,25.7
2026/04/22 21:54:43.13,IMU,-135.25,-594.73,-838.38,4.98,-3.06,-10.06,22.05,-204.15,-368.85,25.8
2026/04/22 21:54:43.23,IMU,-124.51,-608.89,-829.10,3.06,-11.19,-9.44,21.15,-202.50,-367.50,25.9
2026/04/22 21:54:43.33,IMU,-154.79,-609.38,-792.97,1.48,-11.09,-13.53,21.30,-203.40,-367.35,25.9
2026/04/22 21:54:43.43,IMU,-153.32,-597.66,-774.41,4.65,-6.57,-14.21,20.70,-204.45,-368.55,25.9
2026/04/22 21:54:43.53,IMU,-168.95,-626.46,-777.83,10.58,-8.67,-11.90,19.95,-204.45,-367.20,25.8
2026/04/22 21:54:43.63,IMU,-120.12,-615.72,-737.79,10.21,-4.15,0.05,21.75,-204.00,-368.25,25.7
2026/04/22 21:54:43.73,IMU,-133.30,-648.44,-736.33,20.83,-4.40,-12.24,20.40,-205.20,-366.75,25.7
2026/04/22 21:54:43.83,IMU,-154.30,-672.85,-741.70,23.64,-3.77,-6.20,20.55,-206.85,-365.25,25.5
2026/04/22 21:54:43.93,IMU,-155.76,-704.59,-717.29,21.97,3.70,3.12,20.85,-207.30,-363.45,25.7
2026/04/22 21:54:44.03,IMU,-134.77,-716.31,-702.64,7.34,7.18,7.60,19.95,-207.45,-361.80,25.9
2026/04/22 21:54:44.13,IMU,-99.61,-741.21,-692.87,19.00,4.79,0.58,22.05,-206.85,-361.20,25.7
2026/04/22 21:54:44.23,IMU,-149.90,-775.39,-654.79,16.48,-6.01,-3.93,22.95,-207.00,-358.20,26.1
2026/04/22 21:54:44.33,IMU,-109.86,-796.39,-655.27,13.56,4.49,0.22,23.70,-207.00,-355.95,25.7
2026/04/22 21:54:44.43,IMU,-117.19,-815.92,-648.44,4.88,10.59,4.13,23.25,-206.25,-352.80,26.0
2026/04/22 21:54:44.53,IMU,-73.24,-794.92,-646.48,8.59,11.61,4.09,21.15,-207.45,-349.50,25.5
2026/04/22 21:54:44.63,IMU,-94.24,-797.36,-639.16,2.59,11.58,9.96,20.40,-207.45,-350.25,25.5
2026/04/22 21:54:44.73,IMU,-108.89,-827.64,-651.86,0.71,13.31,11.21,20.70,-207.00,-350.25,25.6
2026/04/22 21:54:44.83,IMU,-62.01,-816.89,-620.61,3.91,13.15,15.57,19.95,-207.45,-350.55,25.4
2026/04/22 21:54:44.93,IMU,-43.46,-765.14,-583.01,-0.08,15.36,21.80,19.50,-205.65,-349.65,25.8
2026/04/22 21:54:45.03,IMU,-105.96,-809.57,-617.68,3.26,20.60,-4.03,19.20,-207.00,-351.60,25.9
2026/04/22 21:54:45.13,IMU,-82.03,-810.55,-493.16,9.24,18.89,28.47,19.20,-207.00,-353.10,25.5
2026/04/22 21:54:45.23,IMU,-216.80,-818.85,-641.60,6.36,41.30,2.47,21.15,-206.70,-354.60,25.7
2026/04/22 21:54:45.34,IMU,-82.52,-908.20,-578.13,-3.92,-0.09,-1.71,21.60,-205.35,-355.50,25.6
2026/04/22 21:54:45.44,IMU,-172.85,-791.99,-515.14,-9.40,7.22,11.08,21.75,-205.20,-356.70,25.8
2026/04/22 21:54:45.54,IMU,-151.37,-845.70,-589.36,-5.02,15.80,-1.37,19.95,-205.50,-357.00,25.8
2026/04/22 21:54:45.64,IMU,-141.60,-816.41,-616.70,-7.34,11.74,1.91,20.85,-203.85,-359.85,25.8
2026/04/22 21:54:45.74,IMU,-91.80,-761.23,-612.30,-16.04,-4.48,4.20,21.45,-203.70,-360.00,25.5
2026/04/22 21:54:45.84,IMU,-127.93,-826.17,-619.14,-5.87,-13.12,-12.92,22.20,-202.80,-361.05,25.5
2026/04/22 21:54:45.94,IMU,-100.59,-817.87,-676.27,-2.94,-8.98,-0.24,21.60,-203.85,-361.65,25.7
2026/04/22 21:54:46.04,IMU,-107.91,-774.90,-688.96,-3.96,-11.50,-0.44,22.80,-203.10,-360.45,25.8
2026/04/22 21:54:46.14,IMU,-111.33,-818.36,-681.15,-17.23,-2.21,-12.56,23.55,-204.90,-359.10,25.3
2026/04/22 21:54:46.24,IMU,-110.84,-767.09,-619.14,-13.76,6.75,-16.53,20.40,-203.70,-359.55,25.6
2026/04/22 21:54:46.34,IMU,-178.71,-770.02,-638.18,4.44,-8.76,-7.15,21.45,-204.45,-361.05,25.7
2026/04/22 21:54:46.44,IMU,-111.33,-766.11,-736.33,-6.78,1.69,-7.11,19.50,-203.40,-361.65,25.5
2026/04/22 21:54:46.54,IMU,-91.31,-762.70,-687.01,-4.82,-5.00,0.68,19.50,-204.60,-361.95,25.8
2026/04/22 21:54:46.64,IMU,-52.73,-777.83,-746.58,-13.32,2.77,-0.94,19.05,-203.40,-363.45,25.3
2026/04/22 21:54:46.74,IMU,-41.02,-716.31,-734.38,-25.95,10.52,-5.73,18.15,-203.25,-363.60,25.7
2026/04/22 21:54:46.84,IMU,-134.77,-689.94,-650.88,-22.84,-14.92,-5.84,16.05,-201.90,-363.45,25.6
2026/04/22 21:54:46.94,IMU,-132.32,-750.49,-761.72,5.02,-16.27,8.53,18.00,-204.90,-363.45,25.7
2026/04/22 21:54:47.04,IMU,-58.11,-735.35,-946.29,-12.83,4.63,8.06,16.80,-203.40,-365.25,25.9
2026/04/22 21:54:47.14,IMU,-54.20,-652.83,-691.89,-31.40,31.53,-6.21,16.80,-201.60,-368.10,25.8
2026/04/22 21:54:47.24,IMU,-8.79,-531.25,-782.23,-23.89,61.93,-8.07,14.40,-202.80,-369.75,25.8
2026/04/22 21:54:47.34,IMU,18.07,-617.68,-764.16,0.60,32.64,-32.63,12.00,-202.65,-371.40,25.7
2026/04/22 21:54:47.44,IMU,126.46,-638.18,-865.72,-19.34,18.37,20.03,9.30,-204.00,-367.95,25.8
2026/04/22 21:54:47.54,IMU,112.79,-573.24,-817.87,-17.02,16.63,-3.06,11.70,-201.90,-372.45,25.7
2026/04/22 21:54:47.64,IMU,105.96,-556.64,-777.34,-22.18,17.60,5.95,10.65,-199.20,-374.25,25.4
2026/04/22 21:54:47.74,IMU,142.58,-455.08,-768.55,3.18,-2.09,2.43,9.30,-199.05,-374.40,25.7
2026/04/22 21:54:47.84,IMU,170.90,-500.49,-900.88,20.03,-17.81,21.56,11.70,-199.20,-375.00,25.7
2026/04/22 21:54:47.94,IMU,170.90,-517.58,-754.88,3.73,8.76,-4.18,12.60,-200.25,-374.10,25.7
2026/04/22 21:54:48.04,IMU,128.42,-578.61,-775.88,21.53,0.65,11.05,10.65,-197.70,-374.25,25.7
2026/04/22 21:54:48.14,IMU,108.40,-620.61,-818.36,7.47,-18.44,-1.73,10.80,-201.30,-374.40,25.7
2026/04/22 21:54:48.24,IMU,104.98,-633.79,-807.13,7.42,-13.66,-6.79,12.30,-202.50,-373.65,25.7
2026/04/22 21:54:48.34,IMU,37.11,-592.29,-805.66,3.20,1.78,-7.90,11.10,-201.75,-371.10,25.5
2026/04/22 21:54:48.45,IMU,71.29,-595.70,-826.66,18.60,2.53,23.54,8.40,-204.90,-364.80,25.7
2026/04/22 21:54:48.55,IMU,120.12,-585.94,-812.50,20.02,11.04,-12.10,13.50,-202.35,-370.20,25.4
2026/04/22 21:54:48.65,IMU,158.69,-585.94,-818.85,14.27,0.96,-11.49,12.00,-203.10,-368.85,25.7
2026/04/22 21:54:48.75,IMU,165.53,-615.72,-666.99,17.20,7.39,8.14,10.65,-204.60,-368.85,25.4
2026/04/22 21:54:48.85,IMU,198.73,-645.02,-798.34,8.52,-10.85,-17.24,8.25,-206.25,-366.75,25.5
2026/04/22 21:54:48.95,IMU,87.40,-644.04,-719.73,10.42,-0.15,-3.37,7.95,-204.15,-368.85,25.5
2026/04/22 21:54:49.05,IMU,146.48,-581.54,-655.27,22.77,2.92,-39.11,5.85,-205.35,-369.15,25.5
2026/04/22 21:54:49.15,IMU,183.11,-748.05,-763.67,14.76,2.44,8.98,4.35,-206.55,-368.85,25.7
2026/04/22 21:54:49.25,IMU,290.53,-704.59,-657.23,7.36,-6.66,-15.87,3.90,-208.35,-366.60,25.6
2026/04/22 21:54:49.35,IMU,166.99,-667.48,-630.37,9.86,-8.46,-0.72,1.95,-207.00,-367.50,25.5
2026/04/22 21:54:49.46,IMU,113.77,-627.93,-643.07,13.17,17.07,8.82,-1.95,-210.45,-362.55,25.5
2026/04/22 21:54:49.56,IMU,246.58,-784.67,-788.57,4.67,6.92,5.98,1.95,-208.95,-366.45,25.7
2026/04/22 21:54:49.66,IMU,232.91,-667.48,-651.86,-11.48,-0.67,-4.53,2.70,-209.25,-364.95,25.2
2026/04/22 21:54:49.76,IMU,227.54,-740.72,-629.39,-12.42,-7.71,-0.23,1.20,-208.95,-367.50,25.7
2026/04/22 21:54:49.86,IMU,352.05,-772.46,-719.73,-6.14,4.78,-0.02,2.25,-209.70,-366.45,25.7
2026/04/22 21:54:49.97,IMU,204.59,-670.41,-682.13,-11.24,-0.94,-7.94,1.05,-209.10,-367.65,25.2
2026/04/22 21:54:50.07,IMU,241.70,-703.61,-716.80,-5.42,-1.61,-10.22,0.15,-210.15,-367.95,25.5
2026/04/22 21:54:50.17,IMU,230.96,-731.45,-752.93,-4.29,9.89,2.18,0.00,-208.80,-370.20,25.4
2026/04/22 21:54:50.27,IMU,123.05,-577.15,-635.74,-23.90,10.67,-8.10,0.00,-209.55,-371.40,25.7
2026/04/22 21:54:50.37,IMU,350.10,-672.36,-666.02,-9.57,14.98,4.89,0.15,-207.45,-371.10,25.6
2026/04/22 21:54:50.47,IMU,275.39,-646.97,-730.96,-7.26,7.06,-9.95,2.55,-207.30,-372.00,25.7
2026/04/22 21:54:50.57,IMU,331.05,-523.44,-726.56,3.62,10.27,5.45,0.15,-206.25,-372.60,25.7
2026/04/22 21:54:50.67,IMU,333.50,-603.03,-761.23,1.55,-13.02,-15.86,2.25,-206.70,-372.30,25.7
2026/04/22 21:54:50.77,IMU,304.69,-637.21,-741.70,4.11,-17.27,0.13,0.90,-207.45,-371.85,25.7
2026/04/22 21:54:50.87,IMU,196.78,-672.36,-720.70,10.95,-11.03,-14.57,0.60,-208.35,-371.70,25.5
2026/04/22 21:54:50.97,IMU,184.57,-680.66,-731.45,2.58,0.45,-3.02,-0.30,-208.35,-370.95,25.7
2026/04/22 21:54:51.07,IMU,253.91,-678.22,-725.10,-2.30,4.44,-3.69,1.05,-208.80,-370.95,25.4
2026/04/22 21:54:51.17,IMU,256.84,-693.36,-756.35,-4.52,5.86,-4.17,-0.30,-207.30,-370.65,25.6
2026/04/22 21:54:51.27,IMU,238.28,-597.66,-710.94,-6.55,3.98,2.25,0.00,-209.55,-371.70,25.6
2026/04/22 21:54:51.37,IMU,295.41,-664.55,-770.02,-0.60,-0.36,-4.08,0.30,-208.35,-371.40,25.9
2026/04/22 21:54:51.47,IMU,265.14,-632.81,-767.58,-2.92,-5.27,4.14,0.00,-206.55,-372.00,25.4
2026/04/22 21:54:51.57,IMU,258.30,-618.65,-724.12,1.03,3.63,-1.76,0.15,-207.00,-372.90,25.7
2026/04/22 21:54:51.67,IMU,270.51,-622.56,-746.09,-0.40,-6.24,-2.08,1.95,-207.00,-372.30,25.9
2026/04/22 21:54:51.77,IMU,239.26,-656.25,-739.75,1.85,4.18,-2.18,-0.30,-208.05,-372.00,25.6
2026/04/22 21:54:51.87,IMU,230.47,-631.84,-761.72,-2.69,-0.77,2.04,-0.15,-207.00,-372.90,25.5
2026/04/22 21:54:51.97,IMU,267.09,-633.79,-747.56,-2.03,4.47,3.83,0.60,-207.60,-372.45,25.5
2026/04/22 21:54:52.07,IMU,325.20,-663.09,-712.89,6.63,11.11,-6.50,-0.45,-206.25,-371.55,25.4
2026/04/22 21:54:52.17,IMU,242.68,-629.39,-804.69,-3.49,1.34,-6.47,0.15,-205.95,-371.85,25.4
2026/04/22 21:54:52.27,IMU,366.70,-623.54,-774.90,15.22,-9.50,-6.95,0.15,-206.70,-372.60,25.7
2026/04/22 21:54:52.37,IMU,143.07,-564.45,-630.37,14.66,-15.52,24.48,-0.45,-207.45,-371.85,25.7
2026/04/22 21:54:52.47,IMU,287.60,-728.03,-813.96,18.09,7.05,-12.26,-1.35,-209.85,-368.85,25.5
2026/04/22 21:54:52.57,IMU,222.17,-655.27,-709.47,12.47,-15.67,17.37,0.00,-209.55,-370.20,25.3
2026/04/22 21:54:52.67,IMU,185.06,-775.39,-771.48,14.20,6.05,-12.65,-0.15,-210.15,-367.20,25.7
2026/04/22 21:54:52.77,IMU,320.31,-856.93,-765.63,0.40,-9.73,0.90,0.15,-209.70,-366.45,25.7
2026/04/22 21:54:52.87,IMU,191.41,-687.99,-607.42,-6.40,-0.83,-0.84,-0.30,-209.55,-367.05,25.5
2026/04/22 21:54:52.97,IMU,305.18,-652.34,-676.27,8.79,8.51,-6.52,-1.35,-210.30,-367.35,25.8
2026/04/22 21:54:53.07,IMU,238.28,-707.52,-744.63,-4.39,-2.55,-7.24,-2.10,-208.80,-366.60,25.8
2026/04/22 21:54:53.17,IMU,272.95,-653.32,-720.21,2.21,7.93,-2.83,-1.80,-209.55,-367.65,25.7
2026/04/22 21:54:53.27,IMU,269.04,-694.82,-683.11,0.16,7.80,1.10,-2.70,-208.50,-368.25,25.7
2026/04/22 21:54:53.37,IMU,394.53,-711.91,-699.22,1.35,3.82,1.21,-0.90,-210.45,-368.25,25.7
2026/04/22 21:54:53.48,IMU,318.36,-712.89,-721.68,-13.50,-6.15,-1.23,-2.70,-209.25,-366.75,25.8
2026/04/22 21:54:53.58,IMU,217.77,-598.63,-639.16,-6.81,11.50,9.35,-1.80,-209.85,-369.90,25.7
2026/04/22 21:54:53.68,IMU,325.68,-649.41,-756.35,-6.59,6.02,1.50,-2.55,-209.10,-367.65,25.6
2026/04/22 21:54:53.78,IMU,294.92,-606.93,-719.73,-9.72,0.68,8.26,-3.00,-208.20,-371.10,25.7
2026/04/22 21:54:53.88,IMU,306.15,-645.02,-742.19,-12.56,14.67,-11.27,-0.90,-208.20,-370.05,25.7
2026/04/22 21:54:53.98,IMU,294.92,-557.13,-661.13,-5.56,4.89,10.72,-1.20,-208.50,-370.80,25.9
2026/04/22 21:54:54.08,IMU,285.16,-712.89,-778.32,-1.56,15.88,-8.84,-1.20,-207.00,-372.30,25.7
2026/04/22 21:54:54.18,IMU,264.16,-707.52,-771.48,4.24,11.31,53.82,-1.80,-208.05,-371.70,25.4
2026/04/22 21:54:54.28,IMU,297.85,-749.02,-764.16,-2.97,29.89,19.68,0.45,-206.70,-371.55,25.8
2026/04/22 21:54:54.38,IMU,206.05,-617.19,-667.97,-6.98,22.68,38.08,2.85,-206.85,-372.75,25.7
2026/04/22 21:54:54.48,IMU,417.97,-812.01,-721.19,7.87,15.75,7.05,3.00,-206.25,-372.90,25.4
2026/04/22 21:54:54.58,IMU,293.46,-650.39,-569.82,-0.46,-8.92,-3.92,2.70,-208.50,-369.00,25.7
2026/04/22 21:54:54.68,IMU,2.44,-509.28,-342.29,-17.05,-27.69,-18.29,3.60,-206.85,-374.25,25.5
2026/04/22 21:54:54.78,IMU,181.64,-457.52,-625.00,9.26,-18.07,14.31,4.20,-206.70,-373.65,25.4
2026/04/22 21:54:54.88,IMU,216.80,-549.32,-632.32,-20.51,-54.67,-17.84,5.85,-205.65,-374.25,25.7
2026/04/22 21:54:54.99,IMU,268.07,-923.34,-996.09,12.13,-9.40,-47.44,8.25,-204.45,-372.30,25.6
2026/04/22 21:54:55.09,IMU,628.91,-968.75,-857.91,63.98,30.16,20.67,6.90,-206.85,-370.95,25.4
2026/04/22 21:54:55.19,IMU,137.70,-658.20,-669.43,-1.89,-12.08,-13.30,4.65,-207.30,-369.90,25.4
2026/04/22 21:54:55.29,IMU,305.18,-835.94,-687.01,-0.37,6.37,-41.49,4.65,-208.05,-369.15,25.6
2026/04/22 21:54:55.39,IMU,94.24,-701.66,-699.71,-14.88,14.58,36.85,1.05,-208.80,-369.60,25.9
2026/04/22 21:54:55.49,IMU,384.28,-703.61,-853.03,-8.31,20.53,-3.45,4.35,-208.35,-370.95,25.2
2026/04/22 21:54:55.59,IMU,211.91,-663.57,-638.67,-1.40,12.82,5.02,-0.60,-209.10,-369.15,25.4
2026/04/22 21:54:55.69,IMU,251.46,-644.04,-632.32,-12.34,3.46,-0.18,2.85,-206.85,-372.00,25.5
2026/04/22 21:54:55.79,IMU,259.77,-641.11,-718.26,-13.93,14.92,-2.05,1.35,-207.30,-374.55,25.9
2026/04/22 21:54:55.89,IMU,163.57,-484.86,-625.00,-11.18,7.60,31.82,3.45,-205.20,-374.70,25.7
2026/04/22 21:54:55.99,IMU,266.11,-585.45,-729.00,2.24,17.63,-6.15,2.85,-206.55,-373.80,25.3
2026/04/22 21:54:56.09,IMU,255.86,-547.85,-641.60,10.71,-3.55,34.93,4.50,-205.50,-374.70,25.5
2026/04/22 21:54:56.19,IMU,140.14,-647.95,-669.92,12.78,13.38,-8.24,5.40,-204.15,-373.20,25.5
2026/04/22 21:54:56.29,IMU,135.74,-631.35,-673.83,16.28,7.29,44.82,4.35,-205.35,-372.75,25.4
2026/04/22 21:54:56.39,IMU,171.88,-679.69,-695.80,-5.29,-11.47,6.29,5.85,-204.90,-372.45,25.7
2026/04/22 21:54:56.49,IMU,222.66,-685.06,-741.70,8.72,-23.66,-9.47,6.60,-203.40,-370.95,25.4
2026/04/22 21:54:56.60,IMU,100.59,-691.41,-678.71,-3.58,19.13,-6.08,0.15,-205.95,-366.45,25.4
2026/04/22 21:54:56.70,IMU,176.27,-739.26,-751.46,-11.89,5.41,38.82,9.15,-201.90,-370.95,25.4
2026/04/22 21:54:56.80,IMU,164.55,-790.53,-771.97,25.93,-16.34,23.75,9.30,-201.30,-369.75,25.3
2026/04/22 21:54:56.90,IMU,64.94,-832.52,-906.25,-29.40,-30.59,7.75,11.10,-201.75,-369.75,25.6
2026/04/22 21:54:57.00,IMU,50.29,-725.59,-826.66,-16.14,-59.76,29.50,14.25,-199.20,-367.65,25.4
2026/04/22 21:54:57.10,IMU,-96.68,-636.72,-753.42,-30.34,-6.92,-31.21,15.90,-196.80,-366.75,25.6
2026/04/22 21:54:57.20,IMU,-104.98,-671.88,-825.68,16.38,-36.43,12.67,16.50,-197.70,-365.25,25.7
2026/04/22 21:54:57.30,IMU,-90.82,-680.18,-762.70,12.24,20.22,-2.44,18.30,-196.95,-362.70,25.6
2026/04/22 21:54:57.40,IMU,-71.78,-730.96,-851.07,8.21,-0.22,-2.15,18.45,-198.30,-361.80,25.4
2026/04/22 21:54:57.50,IMU,-38.09,-749.51,-756.35,0.98,-2.08,-15.94,17.10,-198.30,-360.30,25.5
2026/04/22 21:54:57.60,IMU,-50.29,-732.42,-715.82,1.02,-8.95,-17.68,18.15,-198.30,-360.00,25.4
2026/04/22 21:54:57.70,IMU,-100.59,-686.04,-704.10,-4.83,-1.07,-14.00,15.60,-199.80,-361.35,25.6
2026/04/22 21:54:57.80,IMU,14.16,-666.99,-719.24,-3.57,-3.74,9.21,15.45,-199.20,-360.90,25.4
2026/04/22 21:54:57.90,IMU,-19.53,-691.89,-768.55,-0.39,-13.65,-7.55,15.75,-200.40,-360.15,25.3
2026/04/22 21:54:58.00,IMU,-96.68,-708.98,-752.93,-8.09,-4.91,-14.94,14.70,-198.45,-357.30,25.7
2026/04/22 21:54:58.10,IMU,-38.09,-688.48,-754.39,1.89,-13.23,-9.17,14.85,-200.55,-359.55,25.5
2026/04/22 21:54:58.20,IMU,-114.26,-664.06,-708.01,-9.68,-8.73,-11.29,11.70,-199.20,-359.10,25.7
2026/04/22 21:54:58.30,IMU,-83.01,-651.37,-726.07,3.12,-6.98,0.15,11.40,-199.95,-358.35,25.5
2026/04/22 21:54:58.40,IMU,-143.55,-699.71,-738.77,0.81,-10.53,-1.50,12.45,-200.85,-358.65,25.4
2026/04/22 21:54:58.50,IMU,-94.73,-668.95,-749.02,6.98,-1.88,8.58,12.60,-199.50,-358.50,25.4
2026/04/22 21:54:58.60,IMU,-82.03,-712.40,-745.12,0.18,2.47,1.31,12.00,-198.90,-357.30,25.5
2026/04/22 21:54:58.70,IMU,-80.08,-717.29,-750.98,-2.15,2.54,11.24,13.65,-198.00,-358.95,25.6
2026/04/22 21:54:58.80,IMU,-92.29,-669.43,-727.05,2.09,2.85,10.63,14.10,-199.50,-358.50,25.4
2026/04/22 21:54:58.91,IMU,-141.60,-681.64,-750.49,-3.98,2.82,-0.63,13.65,-199.50,-360.30,25.5
2026/04/22 21:54:59.01,IMU,-96.19,-673.34,-757.32,2.27,-2.92,4.49,16.50,-198.15,-360.90,25.6
2026/04/22 21:54:59.11,IMU,-86.91,-673.34,-738.28,-2.14,-1.56,0.66,15.45,-198.45,-360.45,25.4
2026/04/22 21:54:59.21,IMU,-83.98,-648.44,-739.26,4.83,-4.94,-1.25,15.45,-196.95,-360.15,25.6
2026/04/22 21:54:59.31,IMU,-116.21,-677.25,-772.95,7.98,-3.30,-7.45,13.95,-199.20,-359.85,25.4
2026/04/22 21:54:59.41,IMU,-142.09,-724.61,-736.82,-2.83,-0.56,-3.11,14.85,-198.30,-360.00,25.4
2026/04/22 21:54:59.51,IMU,-111.82,-648.93,-720.21,-2.82,0.33,3.73,14.25,-199.20,-360.15,25.2
2026/04/22 21:54:59.61,IMU,-123.05,-641.60,-711.43,-0.10,-5.21,1.78,13.50,-199.65,-359.10,25.5
2026/04/22 21:54:59.71,IMU,-128.42,-676.27,-758.79,14.69,-6.88,-1.83,14.70,-197.70,-358.65,25.5
2026/04/22 21:54:59.81,IMU,-170.41,-745.61,-758.79,0.56,-6.21,-2.68,15.15,-198.75,-359.25,25.4
2026/04/22 21:54:59.91,IMU,-134.28,-689.45,-708.01,-5.08,-5.24,5.11,14.40,-198.00,-358.20,25.3
2026/04/22 21:55:00.01,IMU,-146.48,-675.78,-713.38,0.10,2.20,-1.42,13.05,-197.10,-357.00,25.6
2026/04/22 21:55:00.11,IMU,-180.66,-687.99,-734.38,-0.50,1.22,-4.18,14.70,-199.20,-356.10,25.4
2026/04/22 21:55:00.21,IMU,-170.90,-706.54,-736.33,-2.24,4.92,4.67,14.25,-197.70,-356.55,25.4
2026/04/22 21:55:00.31,IMU,-63.96,-638.67,-708.98,6.17,9.81,7.36,14.25,-196.65,-353.25,25.7
2026/04/22 21:55:00.41,IMU,-131.84,-710.94,-761.23,6.71,-14.56,-7.58,14.40,-197.10,-352.05,25.7
2026/04/22 21:55:00.51,IMU,-167.48,-697.27,-711.91,1.85,-0.74,7.21,14.70,-196.20,-351.45,25.4
2026/04/22 21:55:00.61,IMU,-226.07,-703.13,-691.41,5.21,1.94,8.60,13.95,-196.95,-351.90,25.4
2026/04/22 21:55:00.71,IMU,-124.02,-711.43,-749.51,-2.04,3.02,21.56,15.75,-195.45,-352.50,25.5
2026/04/22 21:55:00.81,IMU,-178.22,-679.20,-687.50,-3.53,1.24,-11.76,15.00,-196.95,-351.45,25.2
2026/04/22 21:55:00.91,IMU,-153.32,-739.75,-716.31,4.58,-14.74,-9.07,14.70,-197.70,-350.10,25.2
2026/04/22 21:55:01.01,IMU,-204.59,-747.56,-678.71,5.22,-5.24,-4.69,15.90,-196.05,-352.05,25.5
2026/04/22 21:55:01.11,IMU,-214.84,-696.78,-666.99,0.94,-3.90,-5.00,14.40,-197.55,-351.30,25.4
2026/04/22 21:55:01.21,IMU,-153.81,-752.44,-689.94,6.69,-3.83,-6.25,14.85,-198.00,-352.80,25.4
2026/04/22 21:55:01.31,IMU,-153.32,-757.81,-717.29,7.09,-5.05,-10.57,14.10,-199.05,-352.35,25.4
2026/04/22 21:55:01.41,IMU,-152.34,-719.73,-686.52,1.28,-11.10,-11.04,13.95,-199.95,-352.95,25.2
2026/04/22 21:55:01.51,IMU,-144.04,-756.35,-583.01,2.85,-17.37,-23.62,12.45,-200.40,-352.20,25.4
2026/04/22 21:55:01.61,IMU,-92.77,-754.88,-579.10,5.59,-64.71,-30.98,12.30,-201.30,-351.00,25.3
2026/04/22 21:55:01.71,IMU,-227.54,-731.45,-630.37,14.81,-17.59,-3.70,5.85,-203.10,-346.80,25.3
2026/04/22 21:55:01.81,IMU,-208.98,-882.32,-769.04,2.27,9.04,-9.78,10.20,-202.65,-350.70,25.4
2026/04/22 21:55:01.92,IMU,-168.46,-817.87,-605.96,-12.02,5.86,5.91,7.80,-205.50,-347.70,25.5
2026/04/22 21:55:02.02,IMU,-89.84,-725.10,-674.32,-3.08,26.16,-5.66,10.80,-201.30,-350.55,25.4
2026/04/22 21:55:02.12,IMU,-101.56,-716.31,-687.99,13.92,0.97,-14.62,8.40,-201.90,-349.65,25.6
2026/04/22 21:55:02.22,IMU,-112.30,-798.34,-635.25,-1.98,-1.91,-1.36,7.35,-201.90,-350.70,25.3
2026/04/22 21:55:02.32,IMU,-18.55,-719.24,-684.08,6.30,-0.98,-2.89,6.00,-202.50,-350.55,25.4
2026/04/22 21:55:02.42,IMU,-95.21,-668.46,-536.62,1.03,9.63,-5.72,4.35,-201.60,-350.40,25.4
2026/04/22 21:55:02.52,IMU,-107.42,-798.83,-625.49,20.73,9.33,-2.61,0.90,-201.75,-351.00,25.3
2026/04/22 21:55:02.62,IMU,-69.82,-865.72,-693.36,20.31,-1.53,6.25,2.85,-203.10,-350.70,25.2
2026/04/22 21:55:02.72,IMU,-121.58,-977.05,-747.56,6.95,5.36,17.66,1.65,-203.25,-345.15,25.4
2026/04/22 21:55:02.82,IMU,-89.84,-883.79,-744.14,-20.75,15.27,3.74,6.30,-201.00,-351.60,25.2
2026/04/22 21:55:02.93,IMU,-61.52,-748.05,-592.77,-31.51,5.55,2.59,7.35,-201.15,-356.10,25.3
2026/04/22 21:55:03.03,IMU,-112.30,-790.04,-697.75,-7.45,2.53,8.09,7.65,-201.90,-355.50,25.3
2026/04/22 21:55:03.13,IMU,-83.50,-749.51,-704.10,-18.74,3.18,-5.85,6.90,-200.40,-356.85,25.5
2026/04/22 21:55:03.23,IMU,-57.62,-750.98,-771.48,-14.76,34.41,-5.90,7.05,-200.55,-357.00,25.4
2026/04/22 21:55:03.33,IMU,3.91,-857.91,-878.91,49.81,46.67,-5.40,7.65,-203.10,-358.65,25.3
2026/04/22 21:55:03.43,IMU,28.32,-891.60,-673.83,11.93,8.33,-5.48,7.50,-205.20,-357.45,25.2
2026/04/22 21:55:03.53,IMU,-145.02,-754.39,-617.68,-6.50,16.35,25.11,7.65,-206.55,-359.10,25.4
2026/04/22 21:55:03.63,IMU,-56.64,-810.55,-679.69,-26.92,9.85,-21.43,10.80,-205.50,-361.80,25.3
2026/04/22 21:55:03.74,IMU,-10.25,-765.63,-685.55,9.55,14.69,12.11,7.95,-207.60,-356.85,25.4
2026/04/22 21:55:03.84,IMU,11.23,-769.53,-704.10,-6.48,-4.95,-9.21,9.00,-207.75,-361.80,25.3
2026/04/22 21:55:03.94,IMU,4.88,-661.13,-591.31,-11.21,-0.70,-9.78,9.15,-208.35,-363.75,25.3
2026/04/22 21:55:04.04,IMU,130.37,-753.91,-716.31,19.92,-3.37,-12.97,9.75,-207.75,-362.85,25.3
2026/04/22 21:55:04.14,IMU,76.17,-946.78,-679.69,1.69,-19.25,-27.15,8.40,-209.10,-363.00,25.1
2026/04/22 21:55:04.24,IMU,16.60,-603.52,-516.11,-13.48,-0.82,19.61,9.90,-210.60,-364.05,25.2
2026/04/22 21:55:04.34,IMU,88.87,-685.06,-698.24,-57.00,2.88,-3.85,10.35,-209.25,-366.15,25.3
2026/04/22 21:55:04.44,IMU,171.39,-753.91,-782.71,-0.21,51.13,-19.30,7.65,-208.05,-369.15,25.2
2026/04/22 21:55:04.54,IMU,89.84,-629.39,-761.72,-12.53,28.38,13.11,9.00,-208.95,-371.10,25.1
2026/04/22 21:55:04.64,IMU,87.40,-632.81,-740.23,-22.63,11.63,8.63,7.05,-207.00,-372.60,25.3
2026/04/22 21:55:04.74,IMU,144.04,-671.39,-815.43,-5.89,33.49,8.21,7.80,-207.45,-374.40,25.2
2026/04/22 21:55:04.84,IMU,216.80,-594.24,-709.96,-14.37,23.28,16.69,7.80,-206.25,-377.25,25.3
2026/04/22 21:55:04.94,IMU,197.75,-564.94,-582.52,-41.37,17.60,16.87,7.50,-205.20,-377.25,25.2
2026/04/22 21:55:05.04,IMU,410.16,-538.57,-835.94,4.68,21.63,3.05,8.70,-204.60,-379.65,25.3
2026/04/22 21:55:05.14,IMU,318.36,-536.13,-765.63,-5.29,-2.60,-13.61,7.05,-204.45,-380.55,25.2
2026/04/22 21:55:05.24,IMU,237.79,-476.07,-675.78,17.37,-5.39,12.14,6.75,-203.25,-378.75,25.2
2026/04/22 21:55:05.34,IMU,159.18,-572.75,-847.66,10.24,-2.27,-14.60,6.75,-205.95,-378.75,24.9
2026/04/22 21:55:05.44,IMU,104.00,-624.02,-759.77,-12.21,-13.85,-8.47,7.50,-205.20,-376.95,25.2
2026/04/22 21:55:05.54,IMU,146.97,-648.44,-793.46,-9.80,-8.68,11.87,8.70,-204.90,-377.10,25.2
2026/04/22 21:55:05.64,IMU,145.51,-624.51,-843.75,5.93,9.47,6.76,7.95,-204.90,-377.10,25.2
2026/04/22 21:55:05.74,IMU,151.37,-603.52,-779.30,-7.54,4.98,8.07,7.65,-204.60,-377.85,25.4
2026/04/22 21:55:05.84,IMU,183.59,-550.78,-742.19,0.02,7.15,7.98,8.40,-204.90,-378.60,25.4
2026/04/22 21:55:05.94,IMU,267.58,-615.23,-769.04,-3.01,1.99,1.61,7.95,-204.15,-378.90,25.3
2026/04/22 21:55:06.04,IMU,206.05,-554.69,-721.19,1.71,4.74,13.85,7.80,-204.00,-378.00,25.2
2026/04/22 21:55:06.14,IMU,234.38,-582.52,-793.95,2.08,8.50,-8.18,7.95,-204.15,-377.85,25.2
2026/04/22 21:55:06.24,IMU,237.30,-548.83,-773.44,5.03,-1.95,14.18,7.05,-205.20,-377.25,25.2
2026/04/22 21:55:06.34,IMU,248.54,-635.74,-721.19,8.02,-0.21,-7.73,8.25,-205.50,-376.50,25.2
2026/04/22 21:55:06.44,IMU,221.19,-623.05,-738.77,3.25,-0.92,13.03,7.35,-204.90,-376.80,25.0
2026/04/22 21:55:06.54,IMU,209.96,-651.37,-755.86,-2.27,2.00,-13.79,6.00,-205.95,-378.00,25.1
2026/04/22 21:55:06.64,IMU,202.15,-607.42,-742.19,3.37,1.18,6.20,5.70,-205.50,-375.45,25.3
2026/04/22 21:55:06.74,IMU,215.33,-620.61,-720.70,17.98,5.36,11.19,5.70,-204.75,-375.45,24.9
2026/04/22 21:55:06.84,IMU,292.48,-748.54,-738.28,16.21,-4.03,4.53,5.40,-207.30,-374.25,24.8
2026/04/22 21:55:06.94,IMU,251.95,-689.94,-660.16,26.59,0.89,0.51,6.00,-206.70,-373.35,24.7
2026/04/22 21:55:07.05,IMU,195.31,-729.00,-645.02,17.83,-3.74,-4.44,3.30,-208.35,-368.85,25.2
2026/04/22 21:55:07.15,IMU,259.28,-769.53,-625.98,10.31,-0.83,9.89,6.75,-209.25,-370.80,25.1
2026/04/22 21:55:07.25,IMU,295.90,-805.66,-600.59,8.16,2.09,19.92,6.75,-208.20,-369.30,25.2
2026/04/22 21:55:07.35,IMU,284.18,-832.03,-603.52,1.98,-4.01,16.44,8.40,-209.10,-367.35,24.9
2026/04/22 21:55:07.45,IMU,220.21,-881.35,-605.47,6.96,-1.15,7.60,9.90,-208.35,-367.05,25.1
2026/04/22 21:55:07.55,IMU,190.92,-797.36,-612.30,14.04,-6.01,11.23,10.35,-208.20,-364.35,25.0
2026/04/22 21:55:07.65,IMU,259.28,-705.08,-591.31,7.89,-1.56,-36.39,10.80,-208.50,-363.90,24.7
2026/04/22 21:55:07.75,IMU,72.75,-824.71,-566.89,42.97,-16.27,38.43,9.15,-208.35,-361.65,25.1
2026/04/22 21:55:07.85,IMU,190.92,-897.46,-551.76,4.28,-10.08,-6.60,11.55,-208.20,-359.55,24.7
2026/04/22 21:55:07.95,IMU,79.59,-845.70,-474.61,13.45,-18.43,18.11,12.60,-207.00,-358.20,25.0
2026/04/22 21:55:08.05,IMU,78.61,-885.25,-596.68,11.60,-13.34,-13.35,11.70,-207.60,-355.80,25.0
2026/04/22 21:55:08.15,IMU,90.82,-889.16,-580.08,15.21,-18.15,13.51,11.10,-207.45,-354.90,24.9
2026/04/22 21:55:08.25,IMU,39.55,-864.75,-523.44,8.34,-17.87,-9.06,12.00,-205.65,-352.20,24.8
2026/04/22 21:55:08.35,IMU,69.82,-877.44,-512.70,9.30,-8.11,0.69,11.55,-205.50,-351.60,25.0
2026/04/22 21:55:08.45,IMU,1.95,-842.77,-502.93,3.39,-1.28,6.60,10.20,-206.10,-350.10,24.9
2026/04/22 21:55:08.55,IMU,33.20,-861.33,-481.93,16.15,-5.04,28.26,12.60,-202.80,-348.00,24.9
2026/04/22 21:55:08.65,IMU,-4.39,-858.89,-537.60,7.99,8.42,-7.84,13.35,-202.80,-346.65,24.8
2026/04/22 21:55:08.75,IMU,-39.06,-887.21,-497.07,6.95,-9.48,11.82,13.95,-200.85,-345.30,25.0
2026/04/22 21:55:08.85,IMU,41.50,-912.60,-464.84,5.92,9.60,9.43,12.30,-202.80,-340.05,24.9
2026/04/22 21:55:08.95,IMU,-22.95,-1001.46,-469.73,11.22,1.51,-15.86,13.95,-201.90,-345.75,24.9
2026/04/22 21:55:09.06,IMU,-35.16,-930.66,-396.97,17.11,6.33,2.86,15.75,-202.65,-345.30,24.8
2026/04/22 21:55:09.16,IMU,-14.65,-1016.11,-402.34,12.14,5.16,-14.50,15.45,-202.35,-345.75,24.7
2026/04/22 21:55:09.26,IMU,-22.46,-1035.16,-413.09,12.56,-11.47,7.03,15.60,-205.20,-344.10,24.9
2026/04/22 21:55:09.36,IMU,-31.25,-980.47,-384.28,10.97,0.72,-2.97,15.60,-205.20,-343.35,24.9
2026/04/22 21:55:09.46,IMU,-0.98,-974.12,-328.13,-2.08,-7.14,8.15,15.45,-204.60,-342.75,24.7
2026/04/22 21:55:09.56,IMU,-36.13,-863.77,-335.94,3.73,8.15,9.18,17.55,-202.65,-343.20,24.9
2026/04/22 21:55:09.66,IMU,-43.95,-1013.18,-328.13,12.93,1.98,-24.45,17.70,-203.25,-343.05,24.6
2026/04/22 21:55:09.76,IMU,-78.12,-956.54,-315.43,8.31,2.93,7.05,16.50,-206.10,-340.95,24.8
2026/04/22 21:55:09.86,IMU,51.27,-1044.92,-316.89,0.91,-2.24,-15.99,13.95,-205.65,-338.55,25.2
2026/04/22 21:55:09.96,IMU,4.88,-941.41,-337.89,-2.19,-7.08,5.70,13.65,-205.20,-342.30,24.7
2026/04/22 21:55:10.06,IMU,-23.44,-918.95,-355.47,0.53,4.08,6.65,15.15,-205.95,-339.75,24.8
2026/04/22 21:55:10.16,IMU,-20.02,-996.58,-324.71,-0.77,3.74,-1.08,15.75,-204.15,-340.65,24.8
2026/04/22 21:55:10.26,IMU,-33.20,-967.77,-303.71,-5.42,6.67,5.67,16.05,-204.15,-342.15,24.8
2026/04/22 21:55:10.36,IMU,20.02,-928.22,-365.72,1.11,4.76,8.44,17.10,-204.00,-341.25,24.8
2026/04/22 21:55:10.46,IMU,9.77,-951.17,-346.68,-2.36,-3.70,0.34,18.90,-204.75,-342.30,25.0
2026/04/22 21:55:10.56,IMU,-3.42,-937.50,-350.59,3.60,0.29,1.24,18.00,-204.15,-342.45,24.9
2026/04/22 21:55:10.66,IMU,-1.46,-924.32,-312.01,1.75,-6.77,-3.85,16.80,-203.85,-341.70,24.6
2026/04/22 21:55:10.76,IMU,-48.34,-943.36,-333.98,2.64,-5.59,2.84,18.90,-204.45,-340.80,24.8
2026/04/22 21:55:10.88,IMU,0.98,-977.05,-334.47,-1.84,-9.66,4.73,14.70,-207.30,-334.95,24.9
2026/04/22 21:55:10.98,IMU,-73.73,-981.45,-338.38,-5.40,-4.53,-4.26,18.75,-203.10,-338.85,25.0
2026/04/22 21:55:11.08,IMU,-115.23,-1087.89,-502.44,13.40,17.53,81.19,17.70,-201.75,-340.50,24.9
2026/04/22 21:55:11.18,IMU,44.43,-879.39,-287.11,-61.97,3.69,-32.36,22.20,-201.00,-342.30,24.6
2026/04/22 21:55:11.28,IMU,-113.77,-977.05,-480.96,-52.66,17.91,-4.08,20.55,-203.40,-346.05,24.9
2026/04/22 21:55:11.38,IMU,-36.62,-833.50,-292.48,-31.28,-3.17,-1.75,20.40,-201.30,-347.70,24.9
2026/04/22 21:55:11.48,IMU,-46.39,-799.32,-549.80,-7.17,-10.52,5.47,21.60,-202.65,-355.05,25.2
2026/04/22 21:55:11.58,IMU,-83.50,-756.84,-572.75,-5.12,19.53,-17.73,22.20,-202.80,-352.35,24.7
2026/04/22 21:55:11.68,IMU,-77.64,-820.80,-615.72,-8.53,24.53,-26.18,20.10,-203.40,-354.30,24.7
2026/04/22 21:55:11.78,IMU,-15.63,-827.64,-641.60,-26.65,5.34,-4.50,18.90,-204.00,-357.00,24.9
2026/04/22 21:55:11.88,IMU,4.39,-742.19,-674.80,-54.53,10.53,21.97,19.80,-204.60,-358.35,24.9
