Timestamp,Sensor,AccX,AccY,AccZ,GyrX,GyrY,GyrZ,MagX,MagY,MagZ,Temp
2026/05/04 21:47:42.33,IMU,329.10,757.81,519.53,0.85,0.76,1.17,-57.00,40.50,10.05,26.8
2026/05/04 21:47:42.43,IMU,323.73,764.16,540.04,0.09,-1.49,-1.32,-52.35,41.85,5.10,26.9
2026/05/04 21:47:42.53,IMU,321.78,749.51,541.02,3.23,0.40,1.56,-54.15,41.10,7.65,26.6
2026/05/04 21:47:42.63,IMU,324.71,744.63,526.37,-2.13,0.21,0.15,-53.70,43.20,5.70,26.9
2026/05/04 21:47:42.73,IMU,329.10,757.32,537.60,-1.42,2.04,-0.86,-53.85,43.05,6.60,26.6
2026/05/04 21:47:42.83,IMU,314.45,768.55,536.13,1.46,1.96,-0.60,-52.20,43.20,7.50,26.7
2026/05/04 21:47:42.93,IMU,323.73,753.91,529.30,-1.51,5.19,-2.51,-54.00,42.45,6.45,26.5
2026/05/04 21:47:43.03,IMU,296.39,763.18,552.25,0.91,-0.02,0.92,-52.20,41.70,6.00,26.7
2026/05/04 21:47:43.05,IMU,306.15,757.81,542.48,-2.03,-2.89,-1.03,-52.95,42.00,6.00,26.8
2026/05/04 21:47:43.15,IMU,302.73,761.23,525.88,0.76,-1.10,-1.22,-53.40,41.55,7.35,26.8
2026/05/04 21:47:43.25,IMU,304.69,753.42,542.48,0.08,0.27,-0.94,-52.50,41.70,6.45,26.9
2026/05/04 21:47:43.35,IMU,295.41,750.49,550.78,-0.18,-0.50,0.85,-53.40,41.55,7.35,26.6
2026/05/04 21:47:43.45,IMU,297.85,762.21,547.36,-2.48,-0.32,1.53,-51.75,42.90,7.50,26.7
2026/05/04 21:47:43.55,IMU,295.41,767.09,548.83,1.16,-1.42,1.28,-52.50,42.90,6.75,26.8
2026/05/04 21:47:43.65,IMU,285.16,770.51,544.43,0.28,1.44,-0.26,-52.05,42.30,6.60,26.4
2026/05/04 21:47:43.76,IMU,303.71,763.67,544.92,1.28,2.27,1.54,-53.10,41.85,7.35,26.6
2026/05/04 21:47:43.86,IMU,306.64,751.46,490.72,11.10,-0.68,3.08,-53.40,41.85,6.90,26.8
2026/05/04 21:47:43.96,IMU,289.06,792.48,532.23,2.05,1.67,-1.27,-53.25,42.45,6.00,26.8
2026/05/04 21:47:44.06,IMU,281.25,763.18,538.09,4.15,2.69,-2.27,-52.80,43.80,6.90,26.8
2026/05/04 21:47:44.16,IMU,276.86,761.23,551.27,0.33,-0.65,0.08,-52.80,43.35,6.30,26.8
2026/05/04 21:47:44.26,IMU,289.55,759.28,533.69,-1.44,0.34,2.53,-52.95,42.45,7.20,26.8
2026/05/04 21:47:44.36,IMU,292.97,766.11,537.11,0.87,-0.37,2.73,-52.05,42.60,6.60,26.8
2026/05/04 21:47:44.46,IMU,293.46,768.55,522.95,-0.69,4.82,-4.21,-52.80,41.85,6.90,26.8
2026/05/04 21:47:44.56,IMU,297.36,750.49,525.88,-3.85,0.47,-0.70,-54.15,43.05,7.35,26.8
2026/05/04 21:47:44.66,IMU,291.02,753.91,551.76,0.37,-1.50,-0.21,-52.35,42.60,9.15,26.7
2026/05/04 21:47:44.76,IMU,298.34,765.63,536.62,0.37,2.27,-0.95,-53.25,42.00,6.75,26.9
2026/05/04 21:47:44.86,IMU,289.06,768.07,543.95,0.85,0.81,-0.47,-52.20,40.95,9.00,26.8
2026/05/04 21:47:44.96,IMU,284.18,779.79,534.67,-1.15,-1.76,-0.66,-52.35,41.10,8.40,26.8
2026/05/04 21:47:45.06,IMU,276.37,762.70,569.82,0.21,2.56,1.04,-52.05,43.80,8.10,26.6
2026/05/04 21:47:45.16,IMU,294.43,740.72,555.66,0.34,-0.49,0.64,-51.75,42.90,9.30,26.9
2026/05/04 21:47:45.26,IMU,283.69,778.81,529.79,-0.85,-0.18,0.31,-52.35,43.35,8.10,26.9
2026/05/04 21:47:45.36,IMU,281.74,772.95,566.41,-1.05,2.92,-1.39,-51.45,43.95,8.25,26.8
2026/05/04 21:47:45.46,IMU,273.44,775.39,547.36,2.03,-1.38,-2.58,-51.75,42.90,7.80,27.0
2026/05/04 21:47:45.56,IMU,283.20,766.11,552.73,-1.17,0.85,-4.02,-52.80,42.60,7.35,26.6
2026/05/04 21:47:45.66,IMU,297.85,761.23,542.48,-2.25,0.38,-3.31,-52.35,42.60,8.10,26.9
2026/05/04 21:47:45.76,IMU,282.71,756.35,533.69,-1.04,3.69,0.89,-53.40,42.60,7.65,26.6
2026/05/04 21:47:45.86,IMU,286.62,757.81,555.18,-2.55,-0.31,4.18,-53.25,42.90,7.80,26.8
2026/05/04 21:47:45.96,IMU,272.46,765.63,545.41,0.64,-0.05,-0.05,-54.15,42.30,8.70,26.8
2026/05/04 21:47:46.06,IMU,282.71,766.11,541.02,-3.09,2.24,-2.87,-52.05,41.85,6.90,26.7
2026/05/04 21:47:46.16,IMU,279.79,755.37,562.01,0.79,-0.73,0.55,-52.05,43.05,8.40,26.8
2026/05/04 21:47:46.26,IMU,263.67,749.02,558.11,-0.86,3.08,2.04,-52.20,42.90,8.25,27.1
2026/05/04 21:47:46.36,IMU,281.25,766.11,557.13,0.32,0.78,-0.30,-51.75,40.95,8.55,26.8
2026/05/04 21:47:46.46,IMU,263.67,759.77,549.32,0.95,1.19,4.08,-51.30,41.85,8.10,26.8
2026/05/04 21:47:46.56,IMU,273.93,775.88,576.17,-0.63,-1.16,0.79,-52.50,42.90,9.00,27.0
2026/05/04 21:47:46.66,IMU,277.34,772.95,544.92,-0.03,4.83,-0.31,-51.30,43.80,8.70,26.7
2026/05/04 21:47:46.76,IMU,275.88,759.28,546.88,1.78,0.48,2.35,-51.75,42.45,8.25,26.7
2026/05/04 21:47:46.88,IMU,271.97,762.70,577.15,1.00,-2.54,-0.76,-52.05,41.85,8.40,26.9
2026/05/04 21:47:46.98,IMU,274.41,759.77,529.30,0.56,-0.24,-2.12,-53.10,42.30,8.40,27.0
2026/05/04 21:47:47.08,IMU,275.39,766.11,552.73,-1.66,-1.21,-1.11,-52.05,43.05,9.15,27.0
2026/05/04 21:47:47.18,IMU,280.76,756.84,541.50,1.23,-0.66,2.66,-52.50,43.95,9.30,27.0
2026/05/04 21:47:47.28,IMU,279.79,757.32,563.96,-3.83,0.62,0.57,-52.20,42.45,9.30,27.1
2026/05/04 21:47:47.38,IMU,269.53,766.11,562.01,-1.31,2.98,0.06,-52.35,42.30,9.15,26.7
2026/05/04 21:47:47.48,IMU,272.95,765.14,530.76,0.82,-0.94,-1.38,-53.10,43.05,8.10,27.0
2026/05/04 21:47:47.58,IMU,270.02,757.32,563.48,0.58,-0.69,2.79,-51.45,43.20,8.25,27.1
2026/05/04 21:47:47.68,IMU,281.74,748.54,543.95,-4.64,5.03,-1.91,-52.05,43.35,9.45,26.7
2026/05/04 21:47:47.78,IMU,274.41,758.30,554.20,2.21,-4.77,0.73,-52.05,42.00,6.45,27.1
2026/05/04 21:47:47.88,IMU,291.99,741.70,585.94,-0.21,-2.12,2.38,-52.95,40.95,7.80,26.7
2026/05/04 21:47:47.98,IMU,263.67,758.30,580.08,0.79,0.31,0.43,-52.50,42.00,8.25,26.9
2026/05/04 21:47:48.08,IMU,275.39,743.16,570.31,-1.05,3.34,-0.07,-51.00,42.90,9.30,26.7
2026/05/04 21:47:48.18,IMU,276.37,752.44,562.99,-1.79,-0.57,-0.79,-52.05,42.60,9.90,26.9
2026/05/04 21:47:48.29,IMU,279.30,771.48,559.57,0.02,-0.47,-0.92,-52.20,42.45,8.55,26.9
2026/05/04 21:47:48.39,IMU,271.97,756.84,569.34,0.21,-1.80,0.93,-51.45,40.95,10.35,27.1
2026/05/04 21:47:48.49,IMU,281.74,758.30,550.29,-1.92,0.86,1.40,-54.15,43.35,8.70,27.0
2026/05/04 21:47:48.59,IMU,272.95,751.95,556.64,-0.01,5.13,1.36,-52.50,42.90,8.25,26.8
2026/05/04 21:47:48.69,IMU,274.90,760.74,559.08,1.08,-3.18,0.52,-53.25,42.00,7.50,27.1
2026/05/04 21:47:48.79,IMU,275.88,764.65,553.71,0.10,-0.45,-0.58,-51.75,43.20,8.55,27.2
2026/05/04 21:47:48.89,IMU,276.37,750.98,570.31,2.83,1.24,-0.15,-52.80,42.30,8.40,26.9
2026/05/04 21:47:48.99,IMU,291.99,782.23,539.06,0.74,1.33,-1.33,-52.95,42.00,7.80,26.8
2026/05/04 21:47:49.09,IMU,265.14,757.81,522.95,-2.14,7.93,0.89,-52.80,42.60,8.70,26.9
2026/05/04 21:47:49.19,IMU,270.02,760.74,536.62,1.92,2.10,2.41,-53.70,42.45,8.25,27.0
2026/05/04 21:47:49.29,IMU,278.81,768.07,548.34,1.41,-0.31,-1.06,-51.00,42.45,8.25,27.1
2026/05/04 21:47:49.39,IMU,262.21,764.16,581.54,-0.29,-1.20,0.40,-56.10,40.05,12.45,27.0
2026/05/04 21:47:49.49,IMU,262.21,742.19,549.80,-1.33,0.27,-1.33,-51.45,41.25,9.00,27.0
2026/05/04 21:47:49.59,IMU,269.04,763.67,566.89,-1.20,-0.33,0.40,-51.60,42.60,9.15,27.1
2026/05/04 21:47:49.69,IMU,267.09,756.84,552.73,-0.58,1.16,-1.31,-52.05,41.85,8.10,27.2
2026/05/04 21:47:49.79,IMU,264.16,743.16,576.66,-0.52,-1.18,1.72,-50.85,42.30,7.65,26.8
2026/05/04 21:47:49.89,IMU,276.37,755.86,593.75,-1.37,0.95,0.50,-53.25,40.50,8.55,26.7
2026/05/04 21:47:49.99,IMU,270.02,741.70,570.80,1.27,-3.56,-0.58,-52.20,43.65,9.30,26.9
2026/05/04 21:47:50.09,IMU,287.60,762.70,576.66,-1.41,2.67,6.20,-52.35,42.30,9.45,26.8
2026/05/04 21:47:50.19,IMU,258.79,762.21,573.73,-1.62,2.15,-2.15,-53.25,42.90,7.50,27.1
2026/05/04 21:47:50.29,IMU,289.55,741.21,583.50,0.20,-1.13,0.14,-52.80,41.55,9.15,27.0
2026/05/04 21:47:50.39,IMU,265.14,756.35,571.78,-0.80,1.79,0.57,-53.70,40.50,8.55,27.1
2026/05/04 21:47:50.49,IMU,278.32,739.26,573.73,-2.07,3.71,-1.87,-52.50,41.25,9.00,27.0
2026/05/04 21:47:50.59,IMU,266.11,741.70,570.31,0.92,-6.56,0.95,-52.95,41.70,7.80,27.1
2026/05/04 21:47:50.69,IMU,275.39,732.42,582.52,-0.09,-5.73,0.27,-53.25,42.45,7.50,27.0
2026/05/04 21:47:50.79,IMU,284.67,744.14,574.71,-2.30,-3.99,-0.33,-53.70,42.00,7.20,26.8
2026/05/04 21:47:50.89,IMU,291.50,737.30,570.80,-1.07,-3.47,1.78,-54.00,41.70,10.05,27.3
2026/05/04 21:47:51.01,IMU,305.18,747.56,611.33,-8.60,-8.74,9.82,-52.20,41.70,10.05,26.9
2026/05/04 21:47:51.11,IMU,315.92,690.43,552.25,-4.02,0.58,-2.48,-53.10,40.05,8.40,26.8
2026/05/04 21:47:51.21,IMU,311.04,731.45,577.64,1.34,4.11,1.69,-53.85,40.05,6.90,27.0
2026/05/04 21:47:51.31,IMU,290.53,723.63,598.63,1.81,2.63,-2.05,-51.00,41.70,7.80,27.4
2026/05/04 21:47:51.41,IMU,283.20,733.89,610.84,1.06,2.02,0.26,-51.45,40.95,8.55,27.1
2026/05/04 21:47:51.51,IMU,302.73,736.33,575.68,1.10,0.27,-0.96,-52.05,40.80,7.65,27.3
2026/05/04 21:47:51.61,IMU,316.41,721.68,562.01,-2.09,1.56,0.28,-51.30,40.35,7.65,27.1
2026/05/04 21:47:51.71,IMU,300.29,726.56,606.93,3.40,-3.28,4.89,-52.80,39.15,8.10,27.0
2026/05/04 21:47:51.81,IMU,307.62,730.96,578.13,4.38,7.68,-0.65,-51.60,39.60,8.10,26.9
2026/05/04 21:47:51.91,IMU,307.62,762.21,589.36,1.03,11.92,10.11,-51.60,38.10,9.45,27.0
2026/05/04 21:47:52.01,IMU,301.76,692.87,592.77,-0.70,14.60,7.16,-50.40,36.00,10.05,26.8
2026/05/04 21:47:52.11,IMU,284.18,715.82,638.18,-6.65,13.34,12.56,-51.00,36.75,10.80,27.0
2026/05/04 21:47:52.21,IMU,283.20,702.15,553.71,-0.74,-0.59,5.47,-49.95,37.50,10.35,27.0
2026/05/04 21:47:52.31,IMU,323.24,708.01,605.47,6.01,-9.15,8.08,-48.45,35.55,9.60,26.8
2026/05/04 21:47:52.42,IMU,335.45,710.45,609.38,-0.09,-6.80,5.53,-49.65,35.55,9.00,26.9
2026/05/04 21:47:52.52,IMU,362.30,714.84,582.03,1.03,-9.02,2.52,-51.00,35.25,9.30,26.8
2026/05/04 21:47:52.62,IMU,400.39,666.50,513.67,-2.07,-2.85,1.83,-50.55,35.85,8.10,27.0
2026/05/04 21:47:52.72,IMU,327.64,724.12,617.68,1.24,4.17,-1.11,-51.00,34.05,9.00,26.9
2026/05/04 21:47:52.83,IMU,354.49,686.04,575.68,-2.80,-5.76,0.90,-50.10,35.40,8.40,27.0
2026/05/04 21:47:52.93,IMU,362.30,718.26,603.03,1.92,-16.82,8.12,-51.75,33.75,8.55,27.0
2026/05/04 21:47:53.03,IMU,424.32,698.24,510.25,0.37,-4.49,2.37,-52.20,32.25,6.75,27.0
2026/05/04 21:47:53.13,IMU,403.32,710.45,604.49,-0.56,-15.42,14.05,-52.05,31.65,6.60,27.1
2026/05/04 21:47:53.23,IMU,423.34,654.30,570.31,-7.08,-3.99,6.30,-53.25,32.25,6.00,27.0
2026/05/04 21:47:53.33,IMU,454.59,668.46,558.59,-0.08,-2.27,1.85,-52.95,33.00,5.70,26.7
2026/05/04 21:47:53.43,IMU,435.55,642.58,580.57,0.23,1.62,0.15,-52.50,31.80,6.00,26.8
2026/05/04 21:47:53.53,IMU,443.36,655.27,576.66,-0.49,1.12,-3.37,-54.00,32.25,5.70,27.0
2026/05/04 21:47:53.63,IMU,439.94,650.39,599.61,1.81,0.65,1.87,-54.00,31.50,6.00,27.1
2026/05/04 21:47:53.73,IMU,447.75,660.16,581.05,0.34,-3.86,0.04,-53.10,32.70,6.90,26.9
2026/05/04 21:47:53.83,IMU,450.68,649.90,552.73,-0.76,1.53,-1.63,-53.70,32.25,7.80,26.8
2026/05/04 21:47:53.93,IMU,451.17,656.25,589.36,3.48,-1.94,0.87,-53.25,33.00,6.45,27.1
2026/05/04 21:47:54.03,IMU,436.04,672.36,571.78,2.32,-7.85,-2.42,-52.80,33.15,7.35,26.8
2026/05/04 21:47:54.13,IMU,461.91,647.95,560.55,0.49,0.56,-4.21,-53.40,33.15,6.90,27.0
2026/05/04 21:47:54.23,IMU,440.43,649.41,575.68,-2.08,-1.50,0.66,-52.95,31.80,6.45,26.9
2026/05/04 21:47:54.34,IMU,434.57,666.99,589.84,0.83,-0.05,-1.41,-54.00,33.75,6.45,26.8
2026/05/04 21:47:54.44,IMU,439.45,658.20,573.24,-0.52,4.60,-1.48,-53.10,34.65,6.90,26.8
2026/05/04 21:47:54.54,IMU,440.43,662.60,573.73,0.20,2.98,0.56,-55.05,31.80,6.00,26.8
2026/05/04 21:47:54.64,IMU,431.64,658.69,603.52,-2.07,1.98,2.37,-52.35,33.15,6.60,27.0
2026/05/04 21:47:54.74,IMU,437.50,656.25,589.36,0.88,1.46,0.02,-54.45,33.00,6.75,26.9
2026/05/04 21:47:54.84,IMU,437.99,656.25,579.10,-0.77,0.88,1.02,-52.50,33.00,7.20,26.9
2026/05/04 21:47:54.94,IMU,436.52,663.57,594.73,0.96,-1.91,-2.06,-52.50,32.55,6.45,27.0
2026/05/04 21:47:55.04,IMU,442.38,649.41,575.68,-1.50,4.23,0.92,-53.10,33.90,6.60,26.9
2026/05/04 21:47:55.14,IMU,449.71,640.14,559.08,0.23,6.09,-1.69,-53.10,33.15,7.35,26.9
2026/05/04 21:47:55.24,IMU,444.34,638.67,583.01,0.24,4.43,-1.05,-54.00,33.75,6.45,26.8
2026/05/04 21:47:55.34,IMU,443.36,635.74,595.70,2.22,-0.08,0.50,-52.95,34.50,7.20,27.2
2026/05/04 21:47:55.44,IMU,434.08,649.41,570.31,0.56,-1.30,-2.08,-53.70,35.25,7.80,27.1
2026/05/04 21:47:55.54,IMU,437.50,646.00,583.50,-1.43,0.29,-1.49,-54.45,34.05,6.45,27.0
2026/05/04 21:47:55.64,IMU,446.78,663.09,574.71,-1.26,2.19,-0.86,-52.35,33.90,5.55,26.9
2026/05/04 21:47:55.74,IMU,431.64,646.48,557.13,1.64,-2.73,4.53,-53.70,34.50,6.45,26.8
2026/05/04 21:47:55.84,IMU,441.89,649.41,590.33,1.02,1.79,1.15,-54.15,35.10,6.30,27.0
2026/05/04 21:47:55.94,IMU,419.92,647.46,581.05,-2.61,1.18,-0.95,-52.50,34.05,6.75,26.7
2026/05/04 21:47:56.04,IMU,434.57,649.41,598.14,-2.58,3.41,-5.30,-51.60,33.90,6.90,27.0
2026/05/04 21:47:56.14,IMU,398.93,671.39,594.24,0.37,-1.40,-1.36,-53.25,33.30,7.20,27.0
2026/05/04 21:47:56.24,IMU,426.27,641.11,586.43,-0.46,1.92,-2.36,-52.05,34.65,6.60,26.8
2026/05/04 21:47:56.34,IMU,430.18,663.09,588.38,-1.29,-0.21,-0.53,-53.70,34.05,6.75,27.1
2026/05/04 21:47:56.44,IMU,418.46,651.37,578.13,-1.51,2.98,-0.60,-52.50,36.00,6.45,27.0
2026/05/04 21:47:56.54,IMU,410.64,649.90,587.89,0.55,3.98,-1.71,-57.00,34.50,10.05,27.1
2026/05/04 21:47:56.64,IMU,425.78,667.97,587.40,-1.38,-1.77,-0.34,-55.35,35.10,6.90,27.1
2026/05/04 21:47:56.74,IMU,440.43,676.76,600.59,1.34,1.44,1.15,-54.60,36.90,6.30,27.0
2026/05/04 21:47:56.84,IMU,409.67,646.48,584.47,0.85,1.04,0.57,-53.40,36.90,7.35,27.1
2026/05/04 21:47:56.95,IMU,421.39,654.79,569.82,0.95,-2.05,2.10,-53.85,35.40,6.60,27.3
2026/05/04 21:47:57.05,IMU,423.83,669.43,595.21,0.44,3.98,-0.44,-54.60,35.10,6.90,26.8
2026/05/04 21:47:57.15,IMU,424.80,669.43,600.59,-1.63,1.66,1.38,-53.85,35.85,7.65,27.0
2026/05/04 21:47:57.25,IMU,408.20,662.60,595.21,0.34,-1.90,-2.01,-53.40,35.40,6.30,26.8
2026/05/04 21:47:57.35,IMU,416.50,645.51,593.26,-0.34,1.15,-3.02,-53.25,35.25,7.20,26.8
2026/05/04 21:47:57.45,IMU,403.81,651.86,599.61,0.89,0.91,-0.85,-54.90,35.10,8.10,26.9
2026/05/04 21:47:57.55,IMU,409.18,659.67,599.61,-0.83,1.71,-1.43,-57.45,35.10,9.90,26.7
2026/05/04 21:47:57.65,IMU,404.30,637.70,619.63,-1.31,2.30,-2.17,-53.70,36.45,6.45,26.8
2026/05/04 21:47:57.75,IMU,415.53,648.93,599.61,1.50,3.61,-1.52,-54.90,35.40,7.65,27.1
2026/05/04 21:47:57.86,IMU,378.91,651.37,616.21,1.51,1.09,-1.60,-54.75,37.20,7.50,27.0
2026/05/04 21:47:57.96,IMU,393.55,652.83,587.89,-0.75,0.19,-2.64,-53.25,37.50,7.50,26.8
2026/05/04 21:47:58.06,IMU,400.39,673.34,613.28,1.73,-3.47,0.63,-53.40,35.85,8.10,27.0
2026/05/04 21:47:58.16,IMU,378.91,657.71,624.02,0.95,2.28,-3.25,-53.40,37.35,7.35,27.0
2026/05/04 21:47:58.26,IMU,392.09,657.23,600.59,3.24,1.32,1.02,-53.10,37.35,6.90,27.1
2026/05/04 21:47:58.36,IMU,382.81,666.99,625.49,-0.47,-0.81,0.57,-52.80,35.40,8.10,26.8
2026/05/04 21:47:58.46,IMU,375.49,666.99,631.84,-0.91,1.51,-2.44,-52.50,35.55,9.30,26.8
2026/05/04 21:47:58.57,IMU,376.95,651.37,609.38,0.34,2.19,-0.36,-57.45,35.85,12.45,27.0
2026/05/04 21:47:58.67,IMU,379.88,661.62,617.19,0.19,1.00,-0.29,-52.50,35.55,9.00,26.9
2026/05/04 21:47:58.77,IMU,379.39,646.00,633.79,-1.53,-1.12,0.63,-52.50,35.55,10.05,26.7
2026/05/04 21:47:58.87,IMU,383.30,650.39,618.65,-0.21,1.75,2.03,-53.10,37.35,9.15,26.9
2026/05/04 21:47:58.97,IMU,368.16,662.11,630.37,-0.39,2.31,-1.10,-52.80,36.15,9.90,26.8
2026/05/04 21:47:59.07,IMU,376.46,683.59,610.84,1.51,2.12,-0.84,-54.75,36.45,7.50,27.0
2026/05/04 21:47:59.17,IMU,375.49,652.83,614.26,1.13,0.01,0.80,-53.40,35.10,7.65,27.1
2026/05/04 21:47:59.27,IMU,368.65,671.88,634.77,-0.63,5.19,-0.11,-52.95,37.50,8.55,26.7
2026/05/04 21:47:59.37,IMU,356.93,653.81,617.68,0.76,-2.70,-0.69,-53.25,36.00,9.00,26.8
2026/05/04 21:47:59.47,IMU,354.49,662.60,632.32,-1.62,2.47,-0.21,-53.85,35.85,8.70,27.0
2026/05/04 21:47:59.57,IMU,368.16,679.69,618.16,2.48,-3.88,-3.82,-52.80,37.35,8.10,27.0
2026/05/04 21:47:59.67,IMU,394.53,646.00,599.61,-0.02,1.10,2.88,-52.50,37.20,8.25,26.8
2026/05/04 21:47:59.77,IMU,348.63,643.07,631.35,-3.03,6.08,-1.92,-52.50,37.20,7.50,26.9
2026/05/04 21:47:59.87,IMU,343.26,682.62,635.25,-4.89,10.99,-4.60,-52.80,36.15,8.70,26.8
2026/05/04 21:47:59.97,IMU,357.42,662.60,593.75,-4.43,0.60,-0.50,-51.30,38.85,8.40,26.8
2026/05/04 21:48:00.07,IMU,356.93,660.16,639.65,-1.80,6.37,-3.38,-52.50,36.75,9.30,26.8
2026/05/04 21:48:00.17,IMU,340.33,660.64,625.98,0.40,1.75,0.79,-52.20,36.75,10.05,26.7
2026/05/04 21:48:00.27,IMU,357.91,648.93,622.56,1.79,-2.65,4.11,-52.95,37.20,9.60,26.8
2026/05/04 21:48:00.37,IMU,358.40,669.92,641.60,-0.34,2.43,-0.18,-52.95,37.20,8.25,26.9
2026/05/04 21:48:00.47,IMU,373.54,659.67,591.31,1.37,-0.43,0.63,-53.25,38.25,8.25,26.8
2026/05/04 21:48:00.57,IMU,357.42,690.43,646.97,-1.89,8.11,1.31,-52.80,36.90,9.15,26.8
2026/05/04 21:48:00.67,IMU,300.78,667.48,650.39,-1.58,5.02,3.05,-53.25,36.75,9.00,26.9
2026/05/04 21:48:00.77,IMU,345.70,611.33,624.51,1.50,2.45,-0.82,-52.80,37.65,9.15,26.9
2026/05/04 21:48:00.87,IMU,332.03,665.53,677.73,4.86,8.24,3.81,-53.40,37.35,11.25,26.7
2026/05/04 21:48:00.97,IMU,303.71,656.25,643.07,-2.31,4.59,1.46,-51.75,38.70,11.10,26.8
2026/05/04 21:48:01.07,IMU,352.54,665.53,634.77,3.71,-1.82,2.86,-53.70,37.50,10.35,26.6
2026/05/04 21:48:01.17,IMU,327.15,656.74,630.86,-0.63,1.53,-1.06,-51.30,37.65,9.15,26.8
2026/05/04 21:48:01.27,IMU,321.78,671.88,650.39,-1.77,0.70,0.08,-53.25,36.75,10.05,26.8
2026/05/04 21:48:01.38,IMU,322.27,673.83,626.95,-1.30,-0.53,1.44,-53.40,36.15,9.15,26.6
2026/05/04 21:48:01.48,IMU,323.73,657.23,596.19,10.15,-0.31,-0.48,-52.80,38.40,10.50,26.7
2026/05/04 21:48:01.58,IMU,338.38,709.47,727.05,2.01,7.47,-1.42,-51.30,38.10,9.90,26.4
2026/05/04 21:48:01.68,IMU,265.14,694.34,613.77,-2.05,-3.93,3.92,-51.00,38.25,10.35,26.7
2026/05/04 21:48:01.78,IMU,334.96,662.11,681.15,-0.15,11.69,-4.66,-51.75,37.50,11.10,26.5
2026/05/04 21:48:01.88,IMU,277.34,691.89,671.39,0.31,-1.15,4.84,-52.95,37.20,13.65,26.7
2026/05/04 21:48:01.98,IMU,331.54,635.74,598.14,-1.39,8.89,-3.02,-52.20,37.20,11.85,26.5
2026/05/04 21:48:02.08,IMU,307.62,669.43,649.41,0.62,-2.93,-1.67,-51.60,38.85,11.25,26.8
2026/05/04 21:48:02.18,IMU,284.18,678.71,649.41,-3.39,1.85,-0.06,-52.05,37.65,11.25,26.8
2026/05/04 21:48:02.28,IMU,311.52,686.52,657.71,-2.41,3.60,-1.52,-52.50,36.75,11.55,26.7
2026/05/04 21:48:02.38,IMU,307.62,666.02,624.02,1.95,2.03,-0.73,-51.75,37.20,10.05,26.8
2026/05/04 21:48:02.48,IMU,298.34,662.11,675.29,-0.31,-1.80,1.35,-51.60,38.10,9.90,26.7
2026/05/04 21:48:02.58,IMU,313.96,688.96,679.69,-3.38,-0.47,0.24,-51.75,38.25,10.80,26.7
2026/05/04 21:48:02.68,IMU,309.57,669.43,644.53,-2.40,0.23,-1.43,-51.75,37.20,10.35,26.8
2026/05/04 21:48:02.78,IMU,307.62,662.11,682.13,-0.66,-9.21,3.36,-52.20,38.25,10.80,26.7
2026/05/04 21:48:02.89,IMU,343.75,658.69,615.23,1.40,-10.96,1.26,-52.35,36.60,9.90,26.9
2026/05/04 21:48:02.99,IMU,333.98,669.92,642.58,1.74,2.39,1.60,-53.25,37.50,10.80,26.8
2026/05/04 21:48:03.09,IMU,328.13,676.27,675.29,1.39,-0.63,0.59,-52.05,37.35,10.20,26.6
2026/05/04 21:48:03.19,IMU,333.01,664.06,642.58,-1.08,2.53,0.72,-53.25,37.20,9.30,26.9
2026/05/04 21:48:03.29,IMU,332.03,665.04,653.81,-2.37,1.67,0.73,-51.75,36.00,10.35,26.7
2026/05/04 21:48:03.39,IMU,336.91,651.86,628.91,-0.96,0.06,0.56,-52.80,36.90,10.50,26.8
2026/05/04 21:48:03.49,IMU,324.22,661.13,628.91,1.83,4.15,-3.01,-51.75,38.70,10.05,26.8
2026/05/04 21:48:03.59,IMU,313.48,657.23,652.34,-0.69,-0.67,-0.75,-52.35,37.35,8.70,26.8
2026/05/04 21:48:03.69,IMU,336.43,674.80,650.39,-2.62,0.70,-0.41,-51.30,37.65,9.15,26.5
2026/05/04 21:48:03.79,IMU,342.77,652.83,626.95,1.29,2.50,0.70,-52.05,35.85,9.90,26.8
2026/05/04 21:48:03.89,IMU,319.82,659.18,649.90,0.29,6.13,-0.21,-51.00,38.25,10.05,26.7
2026/05/04 21:48:03.99,IMU,338.38,670.41,629.39,-2.04,3.94,-1.68,-51.60,37.35,10.50,26.6
2026/05/04 21:48:04.09,IMU,329.10,667.48,627.44,0.16,2.38,-2.12,-51.75,37.95,10.35,26.8
2026/05/04 21:48:04.19,IMU,332.52,679.20,662.11,-0.78,0.79,1.44,-52.50,36.75,9.60,26.7
2026/05/04 21:48:04.29,IMU,323.24,635.25,631.35,0.74,5.34,-1.85,-50.85,36.60,9.90,26.8
2026/05/04 21:48:04.39,IMU,326.66,659.18,640.14,0.16,0.16,-1.47,-51.00,37.95,10.80,26.9
2026/05/04 21:48:04.49,IMU,323.73,663.57,643.07,1.20,-1.21,0.59,-51.60,37.20,11.55,26.5
2026/05/04 21:48:04.59,IMU,324.71,675.78,631.84,2.11,2.15,1.85,-52.50,37.95,9.60,26.7
2026/05/04 21:48:04.69,IMU,320.80,660.64,673.34,0.09,3.89,-0.45,-55.50,34.80,15.15,26.7
2026/05/04 21:48:04.79,IMU,323.24,677.25,646.48,-1.82,2.02,0.19,-52.05,36.60,9.90,26.7
2026/05/04 21:48:04.89,IMU,329.10,660.16,640.63,3.50,-2.90,-0.48,-52.20,36.75,10.80,26.3
2026/05/04 21:48:04.99,IMU,339.36,659.67,643.55,1.76,1.50,1.13,-52.35,38.10,9.15,26.7
2026/05/04 21:48:05.09,IMU,310.55,657.71,644.53,1.40,-1.34,-0.07,-52.05,37.65,11.25,26.6
2026/05/04 21:48:05.19,IMU,321.29,665.53,646.97,-1.48,-0.12,2.56,-52.35,36.90,9.15,26.6
2026/05/04 21:48:05.30,IMU,336.91,678.71,630.86,-0.38,-2.14,-0.61,-50.10,37.35,11.70,26.6
2026/05/04 21:48:05.40,IMU,319.82,661.13,645.51,2.36,-0.73,2.11,-51.30,38.10,10.20,26.6
2026/05/04 21:48:05.50,IMU,295.90,669.92,644.53,-1.11,-0.97,-0.61,-51.00,38.25,10.80,26.9
2026/05/04 21:48:05.60,IMU,325.20,661.13,637.70,-1.00,1.51,-1.93,-52.05,38.10,10.95,26.5
2026/05/04 21:48:05.70,IMU,317.87,676.76,625.98,-0.04,0.55,3.20,-51.60,36.90,10.20,26.8
2026/05/04 21:48:05.80,IMU,318.36,672.85,656.74,-0.36,0.56,1.42,-52.05,36.90,10.95,26.6
2026/05/04 21:48:05.90,IMU,315.92,652.34,650.88,-1.11,1.17,-0.50,-52.50,37.95,10.35,26.8
2026/05/04 21:48:06.00,IMU,329.59,671.88,645.51,-0.62,3.24,-1.41,-52.05,36.60,11.70,26.7
2026/05/04 21:48:06.10,IMU,312.01,658.20,632.81,-1.17,2.45,-0.16,-51.30,37.65,9.90,26.8
2026/05/04 21:48:06.20,IMU,321.78,675.78,633.30,-0.28,1.53,-0.86,-50.85,38.10,9.90,26.4
2026/05/04 21:48:06.30,IMU,318.85,684.08,640.14,1.91,-3.60,-3.13,-51.60,38.10,10.50,26.6
2026/05/04 21:48:06.40,IMU,299.80,658.69,672.36,1.74,-4.34,-0.39,-52.05,36.15,8.40,26.6
2026/05/04 21:48:06.50,IMU,340.82,704.59,641.11,-1.01,-3.24,-2.68,-52.05,37.35,9.90,26.7
2026/05/04 21:48:06.60,IMU,335.45,662.60,604.00,2.27,-5.14,1.40,-51.60,37.65,9.45,26.4
2026/05/04 21:48:06.70,IMU,322.27,655.27,628.42,-2.89,5.36,-1.55,-53.25,37.20,10.05,26.4
2026/05/04 21:48:06.80,IMU,315.92,669.43,643.07,-1.56,3.21,-1.79,-52.50,37.50,8.55,26.6
2026/05/04 21:48:06.90,IMU,326.17,670.90,606.45,1.11,2.39,-1.94,-51.30,36.60,10.95,26.4
2026/05/04 21:48:07.01,IMU,348.63,673.34,599.12,2.82,-2.57,4.47,-50.40,38.70,10.05,26.4
2026/05/04 21:48:07.11,IMU,301.76,710.94,663.09,0.69,9.47,-2.53,-50.85,38.40,10.50,26.7
2026/05/04 21:48:07.22,IMU,315.43,631.35,619.14,-3.13,-0.49,1.98,-51.30,36.90,11.25,26.6
2026/05/04 21:48:07.32,IMU,327.64,671.39,625.98,0.44,0.66,0.63,-50.40,37.95,9.60,26.6
2026/05/04 21:48:07.42,IMU,321.29,680.18,622.56,-0.92,0.03,-1.18,-51.60,36.90,10.95,26.8
2026/05/04 21:48:07.52,IMU,335.45,692.38,652.83,1.06,-0.49,4.05,-51.45,39.00,10.05,26.7
2026/05/04 21:48:07.62,IMU,305.18,646.48,634.77,0.15,-2.04,0.49,-51.30,36.90,10.50,26.5
2026/05/04 21:48:07.72,IMU,315.43,688.96,633.79,0.35,4.32,-0.04,-51.60,37.65,10.20,26.7
2026/05/04 21:48:07.82,IMU,304.20,687.99,671.39,1.34,-4.06,-3.05,-51.45,38.25,9.30,26.8
2026/05/04 21:48:07.92,IMU,324.22,679.69,785.16,-0.30,10.21,-4.63,-50.70,39.75,10.80,26.8
2026/05/04 21:48:08.02,IMU,322.75,656.25,576.17,1.11,-2.18,2.24,-52.20,38.25,11.10,26.6
2026/05/04 21:48:08.12,IMU,292.48,711.91,679.20,-0.34,2.87,-1.56,-51.75,39.00,10.35,26.6
2026/05/04 21:48:08.22,IMU,318.85,698.73,604.49,-0.87,2.06,0.82,-51.00,38.25,11.55,26.5
2026/05/04 21:48:08.32,IMU,328.61,670.90,643.55,0.52,3.98,-6.56,-50.70,39.00,11.55,26.5
2026/05/04 21:48:08.42,IMU,293.46,675.78,620.61,1.27,-0.18,0.51,-51.30,39.15,8.70,26.5
2026/05/04 21:48:08.52,IMU,302.25,703.13,638.67,-2.34,-0.01,1.03,-51.45,38.25,10.35,26.4
2026/05/04 21:48:08.62,IMU,318.85,707.03,628.42,-0.02,-3.56,-1.11,-50.55,39.15,10.20,26.8
2026/05/04 21:48:08.72,IMU,297.36,688.48,625.49,0.60,-1.02,0.54,-50.85,38.85,10.95,26.7
2026/05/04 21:48:08.83,IMU,293.95,675.78,645.51,-0.34,0.99,-1.31,-50.40,38.25,10.80,26.7
2026/05/04 21:48:08.93,IMU,303.71,696.78,617.19,0.34,0.70,2.50,-51.75,37.20,10.80,26.5
2026/05/04 21:48:09.03,IMU,306.64,679.20,638.18,-2.69,0.96,-2.01,-51.30,37.65,10.20,27.0
2026/05/04 21:48:09.13,IMU,316.89,672.85,629.39,0.97,-0.21,-1.51,-52.50,39.00,10.05,26.5
2026/05/04 21:48:09.23,IMU,305.18,687.50,633.30,0.95,-0.20,-0.07,-51.45,38.25,9.30,26.4
2026/05/04 21:48:09.33,IMU,301.27,687.01,639.16,1.63,-0.46,2.59,-51.45,37.50,10.35,26.6
2026/05/04 21:48:09.43,IMU,310.55,681.15,646.48,2.22,-3.88,-0.73,-49.95,39.45,10.35,26.5
2026/05/04 21:48:09.53,IMU,299.80,700.68,664.55,3.00,1.43,-1.14,-51.00,39.45,11.55,26.8
2026/05/04 21:48:09.63,IMU,312.50,675.78,625.49,0.62,-2.05,1.24,-50.10,39.15,8.40,26.5
2026/05/04 21:48:09.73,IMU,287.11,683.11,620.61,-0.20,-0.05,2.76,-52.05,39.15,10.20,26.4
2026/05/04 21:48:09.83,IMU,329.59,695.31,625.49,1.97,3.95,-0.05,-51.30,39.15,9.90,26.7
2026/05/04 21:48:09.93,IMU,275.88,674.32,632.32,-1.27,-0.40,-0.31,-51.30,39.60,10.20,26.5
2026/05/04 21:48:10.03,IMU,295.90,667.97,624.51,3.06,-1.39,0.25,-51.45,37.95,10.35,26.7
2026/05/04 21:48:10.13,IMU,316.41,687.01,643.07,0.78,-1.97,3.79,-51.45,38.25,9.60,26.8
2026/05/04 21:48:10.23,IMU,306.15,690.43,633.30,-2.33,3.56,-0.94,-51.45,39.00,10.05,26.4
2026/05/04 21:48:10.33,IMU,294.43,686.04,626.46,3.05,3.82,-2.32,-51.45,39.75,10.35,26.8
2026/05/04 21:48:10.43,IMU,296.39,684.57,642.09,-0.19,2.69,0.24,-51.45,38.25,10.35,26.6
2026/05/04 21:48:10.53,IMU,294.43,689.45,625.98,2.11,-0.90,2.66,-51.00,39.75,10.35,26.8
2026/05/04 21:48:10.63,IMU,292.48,699.71,649.41,0.40,2.18,0.17,-49.80,38.85,9.90,26.6
2026/05/04 21:48:10.73,IMU,301.27,680.66,627.44,0.03,0.62,-1.92,-51.60,38.85,10.95,26.7
2026/05/04 21:48:10.83,IMU,302.73,683.59,635.25,2.39,-1.59,0.48,-49.95,38.70,10.35,26.4
2026/05/04 21:48:10.93,IMU,297.36,694.34,645.51,-1.59,0.48,-2.18,-50.55,38.85,10.50,26.6
2026/05/04 21:48:11.03,IMU,295.41,681.64,604.49,1.37,-3.66,2.67,-50.55,39.60,10.50,26.6
2026/05/04 21:48:11.13,IMU,277.34,682.62,642.58,-2.56,1.73,-1.17,-50.55,39.60,10.20,26.7
2026/05/04 21:48:11.23,IMU,295.41,690.43,629.39,1.69,2.12,3.52,-50.55,38.40,11.25,26.7
2026/05/04 21:48:11.34,IMU,290.04,691.89,645.02,1.06,0.18,2.87,-51.30,38.85,10.95,26.4
2026/05/04 21:48:11.44,IMU,304.69,676.76,620.12,-2.75,3.78,-1.18,-51.00,38.70,10.35,26.7
2026/05/04 21:48:11.54,IMU,301.76,683.11,644.53,1.32,-3.56,0.78,-51.00,39.45,11.10,26.7
2026/05/04 21:48:11.64,IMU,305.66,681.64,618.16,-0.29,-0.07,-1.42,-49.80,39.60,10.50,26.5
2026/05/04 21:48:11.74,IMU,299.32,686.04,622.56,1.92,-0.38,0.09,-50.40,39.75,10.80,26.6
2026/05/04 21:48:11.84,IMU,301.76,681.15,638.67,-1.37,0.55,-2.69,-51.00,38.70,9.60,26.8
2026/05/04 21:48:11.94,IMU,293.46,689.45,639.16,0.47,3.91,-1.32,-52.20,38.25,9.60,26.5
2026/05/04 21:48:12.04,IMU,290.53,691.41,648.44,-0.08,0.67,-1.67,-51.60,38.85,11.25,26.6
2026/05/04 21:48:12.14,IMU,292.48,685.55,630.86,0.16,-0.11,1.61,-50.85,38.85,11.25,26.6
2026/05/04 21:48:12.24,IMU,295.41,680.18,627.93,-0.43,-0.20,1.69,-51.00,38.25,10.80,26.6
2026/05/04 21:48:12.34,IMU,290.04,679.20,636.23,0.40,0.89,-2.87,-50.40,39.00,10.05,26.8
2026/05/04 21:48:12.44,IMU,288.09,682.62,621.58,0.89,1.35,-1.58,-50.40,37.50,10.05,26.6
2026/05/04 21:48:12.54,IMU,303.71,690.92,631.84,0.81,-0.58,1.71,-50.85,38.40,11.25,26.3
2026/05/04 21:48:12.64,IMU,297.85,681.64,642.09,0.75,-0.24,-0.29,-50.85,39.15,11.70,26.5
2026/05/04 21:48:12.74,IMU,281.74,682.13,627.93,0.19,0.23,-0.47,-51.45,37.50,11.10,26.4
2026/05/04 21:48:12.84,IMU,299.80,684.08,651.86,-0.47,-0.62,2.71,-54.15,37.35,13.80,26.5
2026/05/04 21:48:12.96,IMU,292.97,683.59,653.81,-1.01,-1.85,-0.75,-50.70,39.00,11.10,26.4
2026/05/04 21:48:13.06,IMU,293.95,680.66,647.95,-1.63,-0.16,-0.33,-49.65,38.70,10.35,26.7
2026/05/04 21:48:13.16,IMU,290.04,680.18,638.67,0.21,-1.25,2.22,-51.00,38.70,10.05,26.6
2026/05/04 21:48:13.26,IMU,301.76,693.85,646.48,-0.40,0.36,1.57,-50.70,38.70,10.35,26.6
2026/05/04 21:48:13.36,IMU,284.18,691.89,661.62,0.16,2.97,-1.95,-51.00,37.95,11.10,26.5
2026/05/04 21:48:13.46,IMU,290.53,685.06,637.21,0.56,-0.06,-0.62,-51.00,38.70,11.55,26.7
2026/05/04 21:48:13.56,IMU,289.06,678.22,633.30,1.80,0.95,0.04,-50.70,39.00,10.05,26.6
2026/05/04 21:48:13.66,IMU,285.16,687.01,644.04,-0.85,-1.30,2.91,-50.70,38.25,11.10,26.6
2026/05/04 21:48:13.76,IMU,290.53,695.31,651.86,-1.80,-0.07,5.49,-50.70,39.45,10.35,26.4
2026/05/04 21:48:13.86,IMU,279.79,681.64,639.16,-0.21,2.28,0.98,-53.40,35.85,14.85,26.6
2026/05/04 21:48:13.96,IMU,301.76,682.13,630.86,0.56,1.52,-0.50,-48.45,38.25,11.10,26.4
2026/05/04 21:48:14.06,IMU,289.55,688.96,625.49,2.29,-2.02,0.96,-50.55,38.40,9.45,26.7
2026/05/04 21:48:14.16,IMU,286.13,697.27,644.04,-1.21,2.02,0.06,-50.40,38.70,11.55,26.6
2026/05/04 21:48:14.26,IMU,280.27,671.39,618.16,1.25,2.95,3.59,-50.85,40.05,11.25,26.4
2026/05/04 21:48:14.36,IMU,289.06,689.45,624.02,-1.32,0.40,-0.19,-49.95,39.00,11.85,26.7
2026/05/04 21:48:14.46,IMU,295.41,687.01,627.44,-1.07,-0.63,-1.91,-50.55,40.80,9.90,26.5
2026/05/04 21:48:14.57,IMU,302.73,686.52,634.77,-0.29,0.89,-1.45,-49.20,38.70,10.35,26.6
2026/05/04 21:48:14.67,IMU,292.97,685.55,612.30,0.21,0.82,0.00,-50.85,39.15,11.25,26.6
2026/05/04 21:48:14.78,IMU,292.48,687.99,640.63,1.02,-1.02,1.23,-49.95,38.25,10.35,26.5
2026/05/04 21:48:14.88,IMU,298.34,685.55,630.86,-0.53,-0.51,1.42,-53.10,37.35,12.45,26.6
2026/05/04 21:48:14.98,IMU,294.43,676.27,620.12,-1.15,1.20,-0.42,-52.80,38.40,10.20,26.6
2026/05/04 21:48:15.08,IMU,295.41,680.18,620.12,1.69,-2.75,1.11,-50.55,40.80,10.50,26.4
2026/05/04 21:48:15.18,IMU,300.29,698.73,650.88,0.42,1.95,-0.93,-52.35,39.60,10.20,26.5
2026/05/04 21:48:15.28,IMU,294.43,681.64,630.37,-0.78,2.23,-4.63,-51.30,38.10,11.25,26.5
2026/05/04 21:48:15.38,IMU,304.20,682.62,628.91,0.78,-0.99,1.96,-49.35,37.65,12.00,26.5
2026/05/04 21:48:15.48,IMU,295.41,694.34,646.00,-0.55,2.89,-1.92,-49.95,39.75,9.30,26.5
2026/05/04 21:48:15.58,IMU,306.64,687.99,619.63,-0.59,2.92,-1.28,-50.55,37.35,10.50,26.6
2026/05/04 21:48:15.68,IMU,290.53,689.45,633.30,2.83,0.73,-0.67,-51.30,38.85,10.50,26.4
2026/05/04 21:48:15.78,IMU,291.02,693.36,634.77,0.05,-0.29,-1.87,-49.95,39.45,12.15,26.3
2026/05/04 21:48:15.89,IMU,288.09,692.38,637.70,-2.01,2.60,0.50,-53.40,36.90,15.30,26.4
2026/05/04 21:48:15.99,IMU,282.71,676.27,637.70,-1.02,3.42,-0.83,-51.45,38.70,10.05,26.4
2026/05/04 21:48:16.09,IMU,284.18,707.03,639.16,5.02,2.52,-0.76,-49.20,37.50,10.80,26.4
2026/05/04 21:48:16.19,IMU,282.71,699.22,638.18,-0.34,3.04,-0.24,-48.75,36.15,10.95,26.5
2026/05/04 21:48:16.29,IMU,282.23,689.45,620.12,-1.06,0.27,1.25,-48.90,38.25,9.60,26.6
2026/05/04 21:48:16.39,IMU,287.60,692.87,629.39,0.55,0.17,0.37,-48.90,37.20,10.80,26.4
2026/05/04 21:48:16.49,IMU,294.92,720.70,678.71,-0.71,7.10,-2.53,-48.90,37.50,11.85,26.3
2026/05/04 21:48:16.59,IMU,263.67,690.92,662.11,-3.36,3.60,-1.51,-47.55,35.85,12.45,26.4
2026/05/04 21:48:16.69,IMU,286.62,682.62,646.48,0.83,1.42,-0.99,-48.45,36.45,12.60,26.7
2026/05/04 21:48:16.79,IMU,282.71,686.52,614.26,-1.08,0.37,1.45,-49.35,37.35,10.95,26.6
2026/05/04 21:48:16.89,IMU,280.76,698.24,646.00,0.66,-2.19,-1.37,-48.45,37.95,10.05,26.5
2026/05/04 21:48:16.99,IMU,284.18,682.62,615.72,0.08,1.48,-2.53,-48.45,37.50,11.10,26.3
2026/05/04 21:48:17.09,IMU,290.04,676.27,638.18,0.33,-1.20,1.23,-49.20,37.20,10.80,26.4
2026/05/04 21:48:17.19,IMU,282.23,687.50,640.63,-0.55,2.74,0.69,-48.45,37.50,10.80,26.7
2026/05/04 21:48:17.29,IMU,278.32,678.22,651.37,0.62,-1.02,-0.85,-48.30,36.90,10.95,26.4
2026/05/04 21:48:17.39,IMU,276.37,684.57,629.88,0.11,1.76,-0.08,-48.75,37.65,12.00,26.5
2026/05/04 21:48:17.49,IMU,277.34,693.36,639.65,-1.24,4.61,-4.88,-48.75,36.15,9.45,26.3
2026/05/04 21:48:17.59,IMU,290.53,684.57,619.63,2.31,-1.50,3.99,-49.05,37.65,10.20,26.4
2026/05/04 21:48:17.69,IMU,266.11,684.08,642.58,4.95,-3.98,-0.52,-48.75,36.60,10.95,26.7
2026/05/04 21:48:17.79,IMU,285.64,682.62,654.30,1.01,-3.76,0.56,-47.70,37.20,11.55,26.5
2026/05/04 21:48:17.89,IMU,268.07,685.06,647.46,-0.13,1.50,-0.18,-48.15,38.70,11.85,26.5
2026/05/04 21:48:17.99,IMU,275.88,682.13,631.35,0.14,4.24,1.60,-48.45,37.50,10.05,26.4
2026/05/04 21:48:18.09,IMU,271.97,681.64,615.23,0.62,-2.32,0.56,-49.20,35.55,10.80,26.5
2026/05/04 21:48:18.19,IMU,287.60,679.20,633.79,-0.47,1.47,-0.57,-48.15,37.95,10.80,26.5
2026/05/04 21:48:18.30,IMU,286.13,679.69,616.21,-2.05,-1.41,-2.36,-47.55,36.60,11.70,26.4
2026/05/04 21:48:18.40,IMU,270.02,690.43,622.56,-4.47,2.95,-1.76,-48.00,37.65,10.50,26.4
2026/05/04 21:48:18.50,IMU,276.86,685.55,633.30,1.17,0.60,-2.67,-48.00,38.40,10.20,26.1
2026/05/04 21:48:18.60,IMU,270.51,699.71,632.81,-0.57,2.45,-1.33,-48.75,36.60,11.70,26.5
2026/05/04 21:48:18.70,IMU,283.69,693.85,630.86,0.92,-0.92,0.15,-47.70,40.20,9.60,26.4
2026/05/04 21:48:18.80,IMU,277.34,693.36,640.14,-1.16,0.56,-0.02,-47.55,37.65,12.45,26.5
2026/05/04 21:48:18.91,IMU,291.99,700.68,615.72,1.14,1.32,0.08,-48.30,38.10,10.20,26.5
2026/05/04 21:48:19.01,IMU,266.60,685.55,643.55,0.21,-3.16,0.12,-48.90,37.95,10.35,26.4
2026/05/04 21:48:19.11,IMU,280.27,686.52,631.35,0.55,0.54,1.28,-48.15,38.25,11.10,26.7
2026/05/04 21:48:19.21,IMU,271.48,681.64,646.97,1.12,-2.97,-3.47,-48.30,38.40,10.50,26.3
2026/05/04 21:48:19.31,IMU,279.30,680.66,645.51,-1.37,-0.75,-1.02,-48.75,36.60,10.95,26.5
2026/05/04 21:48:19.41,IMU,294.92,696.78,642.58,0.69,-0.07,-0.16,-48.30,37.65,12.00,26.6
2026/05/04 21:48:19.51,IMU,287.60,685.55,639.65,-0.50,0.59,0.91,-48.75,36.90,10.95,26.4
2026/05/04 21:48:19.61,IMU,285.64,696.29,645.51,-0.56,2.49,-0.74,-48.45,37.20,12.15,26.4
2026/05/04 21:48:19.71,IMU,293.95,702.15,634.77,0.73,-4.26,-0.25,-48.90,38.70,11.10,26.6
2026/05/04 21:48:19.81,IMU,277.34,675.78,611.82,0.45,1.15,1.34,-49.05,37.65,10.20,26.3
2026/05/04 21:48:19.91,IMU,291.99,692.38,637.70,0.73,-0.73,0.46,-47.25,36.90,10.20,26.6
2026/05/04 21:48:20.01,IMU,273.93,697.75,632.32,0.98,-0.74,-0.18,-47.10,37.95,10.05,26.3
2026/05/04 21:48:20.11,IMU,293.46,687.99,635.74,-0.18,0.78,0.18,-47.55,36.60,10.50,26.3
2026/05/04 21:48:20.21,IMU,281.74,697.27,648.44,1.62,-3.01,-2.51,-47.55,38.10,10.95,26.5
2026/05/04 21:48:20.31,IMU,265.63,687.01,632.81,-0.56,4.15,-4.29,-48.15,37.95,11.10,26.4
2026/05/04 21:48:20.41,IMU,289.55,689.94,635.25,-1.85,-1.75,-0.20,-48.75,38.10,11.70,26.3
2026/05/04 21:48:20.51,IMU,277.83,681.15,636.23,-0.01,-0.40,-1.32,-48.75,37.35,10.20,26.4
2026/05/04 21:48:20.61,IMU,291.02,676.27,641.60,-0.67,0.90,0.58,-48.75,39.15,11.70,26.5
2026/05/04 21:48:20.71,IMU,275.39,700.68,648.44,-0.63,3.24,0.97,-48.30,37.65,11.25,26.4
2026/05/04 21:48:20.81,IMU,280.27,692.87,643.07,-1.15,-0.71,0.63,-48.30,37.35,10.50,26.6
2026/05/04 21:48:20.91,IMU,261.72,680.18,639.65,-1.18,-0.28,-0.44,-48.00,36.90,11.70,26.5
2026/05/04 21:48:21.01,IMU,280.27,690.43,631.35,-0.87,1.12,-0.43,-49.05,38.10,10.20,26.4
2026/05/04 21:48:21.11,IMU,283.20,695.80,632.32,1.62,0.89,-0.62,-48.00,38.40,10.95,26.4
2026/05/04 21:48:21.21,IMU,266.60,688.96,641.11,-1.37,0.79,1.30,-46.50,36.60,10.50,26.3
2026/05/04 21:48:21.32,IMU,280.27,687.01,643.55,0.06,0.11,-0.56,-49.20,37.20,9.60,26.5
2026/05/04 21:48:21.42,IMU,267.09,699.22,655.76,-2.35,0.29,0.90,-49.20,38.70,9.60,26.5
2026/05/04 21:48:21.52,IMU,286.13,687.99,634.28,-0.74,1.55,-1.90,-48.90,38.70,10.35,26.6
2026/05/04 21:48:21.62,IMU,286.62,686.52,654.79,1.10,0.79,3.45,-47.55,38.10,10.95,26.2
2026/05/04 21:48:21.72,IMU,279.30,687.99,658.69,-2.20,0.85,-0.74,-47.70,37.50,12.15,26.4
2026/05/04 21:48:21.82,IMU,281.74,680.18,632.32,0.62,0.82,1.35,-47.55,38.10,10.20,26.5
2026/05/04 21:48:21.92,IMU,284.18,689.45,625.00,0.93,0.13,0.34,-48.45,37.50,9.60,26.4
2026/05/04 21:48:22.03,IMU,269.53,680.66,644.53,1.06,-1.69,1.56,-48.15,36.00,11.10,26.5
2026/05/04 21:48:22.13,IMU,283.69,680.66,629.88,-0.17,3.59,-1.11,-48.15,37.95,11.85,26.4
2026/05/04 21:48:22.23,IMU,275.39,686.04,653.32,-0.08,-0.40,-1.50,-47.70,37.50,10.80,26.4
2026/05/04 21:48:22.33,IMU,286.13,686.04,625.00,-0.86,1.26,1.69,-48.00,37.65,12.00,26.2
2026/05/04 21:48:22.43,IMU,280.27,692.38,646.48,0.58,0.82,-1.67,-48.45,37.20,11.10,26.5
2026/05/04 21:48:22.53,IMU,282.23,687.99,645.02,-1.44,3.43,-0.84,-47.25,36.60,10.95,26.4
2026/05/04 21:48:22.63,IMU,286.62,687.50,638.18,1.03,-0.86,-1.75,-49.35,36.60,11.70,26.6
2026/05/04 21:48:22.73,IMU,273.44,693.85,662.11,1.80,-1.62,2.60,-49.65,35.55,11.10,26.5
2026/05/04 21:48:22.83,IMU,288.57,683.11,644.04,1.05,0.63,1.63,-48.45,34.50,11.55,26.5
2026/05/04 21:48:22.93,IMU,282.23,676.27,630.86,0.88,4.85,-0.16,-49.95,36.00,11.85,26.6
2026/05/04 21:48:23.03,IMU,292.97,714.84,620.61,2.73,6.52,2.18,-52.80,33.60,14.85,26.6
2026/05/04 21:48:23.13,IMU,266.11,680.18,634.28,-1.79,2.09,-0.44,-49.80,35.10,12.45,26.5
2026/05/04 21:48:23.23,IMU,272.95,687.50,629.88,1.99,-5.53,2.15,-49.35,35.10,11.25,26.4
2026/05/04 21:48:23.33,IMU,303.71,712.89,602.54,-1.95,4.57,0.36,-50.10,34.35,10.50,26.4
2026/05/04 21:48:23.43,IMU,285.16,700.20,616.21,5.41,1.98,-0.19,-49.35,34.65,12.00,26.4
2026/05/04 21:48:23.53,IMU,286.62,683.59,627.93,1.15,-1.98,0.49,-49.35,35.10,11.25,26.7
2026/05/04 21:48:23.63,IMU,296.39,695.31,613.28,0.08,-3.51,0.34,-50.85,35.10,12.45,26.7
2026/05/04 21:48:23.73,IMU,293.95,713.87,622.56,0.85,2.59,-2.34,-49.05,33.90,12.00,26.4
2026/05/04 21:48:23.85,IMU,301.27,704.59,623.54,-2.29,0.08,3.28,-49.65,33.00,12.15,26.5
2026/05/04 21:48:23.95,IMU,293.46,694.82,617.68,-1.85,-1.25,-2.61,-50.10,35.10,11.25,26.6
2026/05/04 21:48:24.05,IMU,302.25,696.78,614.75,0.21,-1.50,3.15,-51.75,32.55,14.40,26.4
2026/05/04 21:48:24.15,IMU,310.55,691.89,634.77,-1.24,-0.29,0.17,-49.80,36.15,11.25,26.6
2026/05/04 21:48:24.25,IMU,309.08,698.73,604.98,-0.63,-3.44,2.96,-50.40,34.05,11.10,26.4
2026/05/04 21:48:24.35,IMU,316.89,706.54,642.09,0.75,-11.01,4.26,-50.70,36.45,10.35,26.3
2026/05/04 21:48:24.45,IMU,334.96,680.66,623.54,-3.19,2.95,0.98,-50.40,35.55,11.55,26.7
2026/05/04 21:48:24.55,IMU,312.01,688.48,618.65,-1.32,2.53,-1.62,-51.45,34.80,11.85,26.8
2026/05/04 21:48:24.65,IMU,317.38,697.27,630.86,-3.05,4.26,2.44,-51.60,33.90,11.25,26.7
2026/05/04 21:48:24.75,IMU,341.80,691.41,601.07,-0.40,-1.87,2.16,-49.95,34.50,12.15,26.7
2026/05/04 21:48:24.85,IMU,327.64,684.08,594.73,0.69,-2.59,1.24,-50.70,34.50,12.15,26.5
2026/05/04 21:48:24.95,IMU,323.24,683.59,632.81,1.08,-5.23,2.21,-51.60,32.70,10.20,26.6
2026/05/04 21:48:25.06,IMU,321.78,677.73,612.30,-2.40,0.20,3.21,-54.60,30.90,16.35,26.8
2026/05/04 21:48:25.16,IMU,341.31,664.06,611.33,-0.78,2.76,4.11,-52.95,35.25,10.35,26.5
2026/05/04 21:48:25.26,IMU,376.46,682.62,580.57,-2.56,-4.33,0.01,-52.05,33.15,9.90,26.3
2026/05/04 21:48:25.36,IMU,359.86,681.15,586.91,4.13,-2.13,0.26,-52.05,34.35,10.50,26.6
2026/05/04 21:48:25.46,IMU,358.40,690.92,592.29,7.84,-5.21,0.83,-52.05,35.10,10.50,26.4
2026/05/04 21:48:25.56,IMU,371.09,674.32,583.01,8.60,-5.91,0.37,-52.05,33.90,9.15,26.5
2026/05/04 21:48:25.66,IMU,298.34,662.60,691.41,-0.94,3.85,0.15,-52.95,34.50,9.60,26.5
2026/05/04 21:48:25.76,IMU,330.08,654.30,642.58,7.75,-20.58,-7.45,-52.05,33.60,10.95,26.8
2026/05/04 21:48:25.86,IMU,411.62,747.07,575.68,-2.98,-14.47,-1.37,-53.70,33.75,8.25,26.4
2026/05/04 21:48:25.96,IMU,437.01,675.29,508.79,-21.06,-2.14,10.22,-54.75,32.55,7.50,26.6
2026/05/04 21:48:26.06,IMU,419.92,679.20,644.53,-6.31,7.53,5.12,-55.50,32.55,8.25,26.5
2026/05/04 21:48:26.16,IMU,303.71,754.39,522.46,-4.85,20.00,-12.85,-53.70,34.80,8.55,26.3
2026/05/04 21:48:26.26,IMU,409.18,658.69,638.67,-9.90,2.10,-16.27,-52.20,34.50,10.35,26.6
2026/05/04 21:48:26.36,IMU,365.23,686.52,564.45,-0.47,2.18,-25.24,-52.95,34.80,10.35,26.6
2026/05/04 21:48:26.46,IMU,339.84,694.82,656.74,-5.34,7.64,4.95,-51.30,35.40,8.40,26.5
2026/05/04 21:48:26.56,IMU,302.25,676.27,602.54,-6.71,2.15,4.20,-51.60,34.65,10.50,26.6
2026/05/04 21:48:26.66,IMU,301.76,660.16,634.77,-1.44,-6.34,-0.60,-52.80,36.60,10.95,26.5
2026/05/04 21:48:26.76,IMU,309.57,645.02,551.76,-0.92,2.67,-1.50,-51.75,34.80,11.85,26.6
2026/05/04 21:48:26.86,IMU,293.46,673.83,604.00,0.66,17.81,-8.61,-51.00,36.00,11.85,26.7
2026/05/04 21:48:26.97,IMU,296.88,680.18,605.47,3.14,11.18,-7.51,-49.35,34.65,12.45,26.6
2026/05/04 21:48:27.07,IMU,254.88,671.88,656.25,0.31,1.41,0.89,-49.35,35.10,11.70,26.7
2026/05/04 21:48:27.17,IMU,230.96,681.64,699.71,-3.12,5.76,-6.72,-50.40,36.00,12.60,26.7
2026/05/04 21:48:27.27,IMU,236.82,687.01,650.88,-8.21,-0.36,0.50,-49.80,35.85,13.05,26.7
2026/05/04 21:48:27.37,IMU,262.21,722.66,685.06,5.98,7.67,4.41,-47.70,35.55,13.65,26.7
2026/05/04 21:48:27.47,IMU,259.28,678.22,625.98,-1.11,10.36,2.66,-49.20,36.00,13.95,26.4
2026/05/04 21:48:27.57,IMU,207.52,669.43,714.36,-5.50,-1.25,-0.93,-48.45,34.05,14.40,26.7
2026/05/04 21:48:27.67,IMU,219.73,632.81,710.94,-6.73,-0.73,-0.73,-48.00,35.85,13.50,26.8
2026/05/04 21:48:27.77,IMU,238.77,663.09,649.41,-5.85,2.98,0.78,-47.40,34.80,13.95,26.7
2026/05/04 21:48:27.87,IMU,224.12,660.16,684.08,-0.39,-2.19,1.60,-47.55,35.85,14.55,26.8
2026/05/04 21:48:27.98,IMU,217.77,649.41,708.01,2.32,-5.47,1.40,-48.30,35.10,13.80,26.8
2026/05/04 21:48:28.08,IMU,229.98,656.25,702.64,-0.09,-0.45,1.47,-48.30,35.40,13.80,26.8
2026/05/04 21:48:28.19,IMU,207.52,639.65,673.34,-2.60,2.62,-1.38,-48.90,36.00,13.35,26.8
2026/05/04 21:48:28.29,IMU,225.59,642.09,728.03,-1.46,-6.80,1.92,-48.00,35.85,14.55,26.8
2026/05/04 21:48:28.39,IMU,207.03,657.71,710.45,-2.50,0.62,1.24,-49.35,35.10,13.80,26.7
2026/05/04 21:48:28.49,IMU,220.70,640.14,719.24,-3.80,7.33,-3.87,-48.45,34.80,15.15,26.7
2026/05/04 21:48:28.59,IMU,222.17,635.25,685.55,1.31,0.31,0.15,-49.65,35.25,14.40,26.8
2026/05/04 21:48:28.69,IMU,211.91,657.23,728.52,-0.89,2.21,-0.45,-49.80,34.65,14.85,26.7
2026/05/04 21:48:28.79,IMU,241.21,654.79,678.71,1.00,4.26,0.37,-48.45,34.05,15.45,26.6
2026/05/04 21:48:28.89,IMU,234.86,666.02,670.41,2.69,-0.17,1.09,-48.30,35.85,13.80,26.7
2026/05/04 21:48:28.99,IMU,240.23,664.55,700.68,2.51,-3.21,1.79,-47.70,34.50,15.45,26.7
2026/05/04 21:48:29.09,IMU,223.63,640.14,691.89,-4.16,6.80,0.11,-48.75,32.70,15.30,26.7
2026/05/04 21:48:29.19,IMU,240.72,660.16,677.25,1.57,1.35,0.09,-49.20,34.05,15.45,26.8
2026/05/04 21:48:29.29,IMU,226.07,683.59,689.94,-4.27,5.58,3.24,-48.15,35.55,14.70,26.8
2026/05/04 21:48:29.39,IMU,235.35,648.93,675.78,2.55,5.06,-5.55,-48.45,33.75,14.40,26.6
2026/05/04 21:48:29.49,IMU,185.06,683.11,746.58,7.34,-7.83,4.56,-47.25,35.40,14.85,26.5
2026/05/04 21:48:29.59,IMU,191.41,609.38,693.85,-2.13,2.52,0.66,-47.25,35.10,14.55,26.8
2026/05/04 21:48:29.69,IMU,211.91,670.90,693.85,-3.06,-0.21,-0.98,-48.15,35.55,16.20,26.5
2026/05/04 21:48:29.81,IMU,224.61,668.46,712.89,0.02,0.92,2.66,-46.80,35.40,13.50,26.8
2026/05/04 21:48:29.91,IMU,213.87,645.51,695.80,-0.93,1.63,-2.79,-47.40,33.75,15.45,26.7
2026/05/04 21:48:30.01,IMU,213.38,645.02,697.75,2.82,-1.70,2.02,-46.50,35.10,15.60,26.6
2026/05/04 21:48:30.11,IMU,204.59,652.83,689.45,-0.07,-2.24,0.88,-48.15,34.50,14.70,26.4
2026/05/04 21:48:30.21,IMU,225.10,661.62,679.20,0.34,2.07,0.69,-48.45,35.25,14.70,26.8
2026/05/04 21:48:30.31,IMU,218.75,658.20,674.80,1.18,3.00,0.63,-48.45,34.05,14.40,26.4
2026/05/04 21:48:30.41,IMU,231.45,644.53,698.73,1.67,-3.05,0.24,-49.65,34.50,14.70,26.7
2026/05/04 21:48:30.51,IMU,220.70,648.93,685.55,-0.58,4.85,-1.92,-48.45,34.50,15.15,26.6
2026/05/04 21:48:30.61,IMU,224.12,663.09,701.66,-0.73,-2.53,0.03,-48.90,35.25,13.65,26.7
2026/05/04 21:48:30.71,IMU,215.82,661.62,700.20,0.94,-0.97,-3.60,-48.30,34.35,15.60,26.7
2026/05/04 21:48:30.81,IMU,212.89,658.69,696.78,-2.61,0.73,1.07,-49.05,34.35,13.50,26.7
2026/05/04 21:48:30.91,IMU,211.43,669.92,694.34,0.95,-1.18,-0.80,-48.75,34.35,14.55,26.8
2026/05/04 21:48:31.01,IMU,208.01,652.34,693.85,0.98,-0.30,-0.74,-49.05,33.90,14.55,26.6
2026/05/04 21:48:31.11,IMU,219.73,649.41,696.78,3.83,-0.54,1.57,-48.00,35.40,15.30,26.7
2026/05/04 21:48:31.21,IMU,226.56,642.58,697.27,-0.59,0.51,3.59,-48.30,35.10,15.60,26.7
2026/05/04 21:48:31.31,IMU,225.10,633.79,692.38,2.44,-0.18,1.18,-48.00,33.90,14.55,26.8
2026/05/04 21:48:31.41,IMU,242.68,678.22,709.96,1.47,1.69,1.79,-48.90,33.75,14.70,26.7
2026/05/04 21:48:31.51,IMU,214.36,641.60,690.43,-0.79,-1.69,-0.87,-48.00,33.90,15.60,26.9
2026/05/04 21:48:31.61,IMU,221.19,649.41,682.62,-0.70,1.37,-1.12,-48.30,33.60,15.60,26.6
2026/05/04 21:48:31.71,IMU,216.80,663.57,662.11,-1.02,2.39,0.38,-48.30,33.60,14.85,26.7
2026/05/04 21:48:31.81,IMU,229.00,664.06,702.64,-1.69,2.28,0.31,-49.20,34.05,13.65,26.6
2026/05/04 21:48:31.91,IMU,231.93,661.62,692.87,-1.54,1.13,-0.09,-48.75,33.90,14.25,26.6
2026/05/04 21:48:32.01,IMU,227.05,661.13,687.50,0.97,-0.17,-1.28,-48.45,36.00,13.95,26.7
2026/05/04 21:48:32.11,IMU,224.61,660.16,690.92,1.63,-0.81,0.44,-48.15,34.50,14.40,26.7
2026/05/04 21:48:32.21,IMU,213.38,656.25,703.61,1.76,-1.53,-0.10,-48.30,36.15,16.05,26.8
2026/05/04 21:48:32.31,IMU,209.96,640.14,698.24,-0.95,0.17,-1.08,-47.55,34.65,13.80,26.4
2026/05/04 21:48:32.41,IMU,220.21,665.04,704.10,1.61,-1.36,-0.37,-48.45,34.05,14.70,26.8
2026/05/04 21:48:32.51,IMU,205.08,649.90,702.64,-1.13,2.08,0.51,-48.75,34.35,16.35,26.8
2026/05/04 21:48:32.61,IMU,222.17,659.18,705.08,0.94,0.69,2.03,-47.70,35.25,14.40,26.6
2026/05/04 21:48:32.71,IMU,229.00,663.09,697.75,0.21,0.52,-1.79,-47.40,34.05,14.70,26.9
2026/05/04 21:48:32.81,IMU,221.68,661.13,699.22,-0.79,2.57,1.77,-48.45,33.75,14.40,26.6
2026/05/04 21:48:32.92,IMU,215.33,659.67,695.80,-0.55,-1.37,-0.87,-48.15,34.05,14.40,26.8
2026/05/04 21:48:33.02,IMU,226.07,652.34,708.01,2.21,0.92,-1.16,-48.00,33.90,14.55,26.8
2026/05/04 21:48:33.12,IMU,225.10,652.83,675.29,-1.11,0.10,2.33,-48.75,33.60,14.85,26.8
2026/05/04 21:48:33.22,IMU,234.86,648.93,695.31,1.18,0.11,0.50,-50.40,31.80,17.25,26.5
2026/05/04 21:48:33.32,IMU,228.03,654.79,714.36,1.59,-2.50,4.42,-47.70,36.45,13.65,26.6
2026/05/04 21:48:33.42,IMU,219.24,658.20,698.24,-0.18,-1.79,0.82,-48.75,34.65,14.25,26.8
2026/05/04 21:48:33.52,IMU,233.40,656.25,705.08,1.73,-0.87,2.34,-47.10,33.30,13.65,26.3
2026/05/04 21:48:33.62,IMU,234.38,641.11,699.71,-0.16,1.50,1.57,-47.40,34.50,13.35,26.5
2026/05/04 21:48:33.72,IMU,227.54,662.60,695.31,1.47,-2.32,2.54,-48.15,34.50,14.70,26.5
2026/05/04 21:48:33.82,IMU,230.47,671.39,693.85,0.12,-2.66,0.88,-47.55,34.65,14.25,26.9
2026/05/04 21:48:33.93,IMU,212.89,649.90,680.66,1.58,-0.93,1.23,-48.90,34.05,14.70,26.7
2026/05/04 21:48:34.03,IMU,244.14,643.07,676.27,1.85,1.18,1.77,-49.20,34.80,14.40,26.5
2026/05/04 21:48:34.13,IMU,211.43,659.18,697.27,-1.88,-0.46,-1.43,-47.10,35.55,14.70,26.7
2026/05/04 21:48:34.24,IMU,222.66,653.32,684.08,-0.15,-1.34,0.90,-50.40,33.30,18.00,26.8
2026/05/04 21:48:34.34,IMU,233.40,666.02,692.87,-1.24,-0.60,3.00,-49.05,35.40,14.85,26.7
2026/05/04 21:48:34.44,IMU,218.26,657.23,682.62,1.82,1.51,-2.83,-48.45,34.50,14.70,26.8
2026/05/04 21:48:34.54,IMU,217.77,659.67,712.40,0.89,-0.72,-1.37,-49.80,33.60,14.55,26.8
2026/05/04 21:48:34.64,IMU,236.33,658.20,678.71,1.76,0.73,1.61,-49.05,34.65,14.55,26.8
2026/05/04 21:48:34.74,IMU,207.52,643.55,701.17,1.27,0.94,-1.65,-48.15,34.80,14.40,26.7
2026/05/04 21:48:34.84,IMU,238.28,655.27,691.89,0.01,-3.88,1.56,-48.75,33.90,14.85,26.7
2026/05/04 21:48:34.94,IMU,218.75,659.18,709.47,-0.05,-2.61,1.58,-47.25,35.40,13.05,26.8
2026/05/04 21:48:35.04,IMU,224.12,656.74,695.80,-1.59,-0.48,0.69,-48.90,36.00,12.90,26.4
2026/05/04 21:48:35.14,IMU,236.82,647.46,688.96,0.20,3.06,2.60,-48.30,33.60,14.25,26.6
2026/05/04 21:48:35.25,IMU,229.49,643.55,678.71,-1.56,-1.47,-2.15,-50.85,32.70,18.90,26.6
2026/05/04 21:48:35.35,IMU,230.47,659.18,699.22,-0.58,0.34,0.56,-49.35,35.10,13.50,26.6
2026/05/04 21:48:35.45,IMU,244.14,661.13,680.18,2.03,1.20,-0.89,-50.55,34.65,14.85,26.5
2026/05/04 21:48:35.55,IMU,226.56,661.13,723.14,2.45,4.76,-0.39,-48.30,35.10,13.05,26.8
2026/05/04 21:48:35.65,IMU,244.63,673.83,676.27,1.56,0.84,-0.76,-48.75,35.40,13.50,26.5
2026/05/04 21:48:35.75,IMU,212.40,658.69,692.38,-0.28,2.24,0.98,-49.65,34.80,14.70,26.8
2026/05/04 21:48:35.85,IMU,225.59,660.64,690.92,2.82,-2.61,0.12,-49.35,35.10,12.75,26.4
2026/05/04 21:48:35.95,IMU,218.26,670.41,676.76,0.88,1.10,-3.24,-47.55,35.10,14.25,26.7
2026/05/04 21:48:36.05,IMU,222.66,660.16,680.66,0.08,-0.69,-0.40,-47.70,35.55,14.40,26.5
2026/05/04 21:48:36.15,IMU,240.72,653.32,684.08,-1.66,1.76,-1.97,-48.90,35.25,13.95,26.6
2026/05/04 21:48:36.25,IMU,226.56,662.11,684.57,2.18,-2.40,2.97,-49.65,33.60,14.55,26.7
2026/05/04 21:48:36.35,IMU,228.03,666.50,688.96,2.30,-0.17,0.20,-48.45,33.30,14.40,26.7
2026/05/04 21:48:36.45,IMU,234.86,664.06,686.04,0.08,-0.84,-2.63,-49.05,35.10,14.25,27.0
2026/05/04 21:48:36.55,IMU,218.75,667.48,677.25,1.66,1.15,-1.02,-49.20,35.25,14.70,26.8
2026/05/04 21:48:36.65,IMU,235.35,661.13,684.57,-0.21,-2.66,-2.01,-50.55,35.85,12.75,26.9
2026/05/04 21:48:36.75,IMU,223.14,664.55,689.94,0.93,-0.75,1.06,-48.90,35.55,15.45,26.7
2026/05/04 21:48:36.85,IMU,234.86,674.80,703.61,1.13,1.01,2.69,-49.20,34.80,14.40,26.6
2026/05/04 21:48:36.95,IMU,226.07,666.99,690.43,1.31,-1.98,-0.18,-48.00,34.35,14.55,26.7
2026/05/04 21:48:37.05,IMU,227.05,663.09,672.85,0.26,1.98,-1.51,-47.55,34.65,12.45,26.6
2026/05/04 21:48:37.15,IMU,219.73,664.55,665.53,3.38,2.66,3.85,-48.45,36.45,14.70,26.7
2026/05/04 21:48:37.26,IMU,233.40,653.81,687.01,0.17,1.83,2.02,-50.40,36.75,13.95,26.7
2026/05/04 21:48:37.36,IMU,225.59,670.90,686.04,3.69,0.06,-0.21,-48.45,34.80,13.95,26.7
2026/05/04 21:48:37.46,IMU,223.14,671.39,686.52,1.13,-0.37,4.02,-49.95,33.30,13.95,26.8
2026/05/04 21:48:37.56,IMU,226.07,656.74,680.18,1.90,0.67,0.48,-48.00,35.10,14.25,26.7
2026/05/04 21:48:37.66,IMU,225.59,670.90,691.41,-0.33,1.34,-2.10,-48.30,35.10,14.25,26.8
2026/05/04 21:48:37.76,IMU,232.91,658.69,684.57,3.47,-6.06,2.79,-48.90,35.55,13.65,26.8
2026/05/04 21:48:37.86,IMU,232.91,655.76,681.15,0.40,1.01,1.78,-47.25,34.35,14.25,26.4
2026/05/04 21:48:37.96,IMU,232.42,664.06,672.36,1.77,-2.15,0.75,-48.15,36.00,13.95,26.7
2026/05/04 21:48:38.06,IMU,244.63,662.11,656.25,-0.34,-4.85,2.95,-48.90,35.25,13.35,26.8
2026/05/04 21:48:38.16,IMU,229.00,669.43,691.41,-0.67,-0.66,1.53,-48.00,33.90,13.50,26.6
2026/05/04 21:48:38.26,IMU,232.91,657.71,674.32,-0.31,-1.55,1.13,-50.55,34.35,13.80,26.8
2026/05/04 21:48:38.36,IMU,223.14,664.06,682.13,-0.27,-1.38,0.05,-49.80,34.65,14.25,26.4
2026/05/04 21:48:38.46,IMU,240.23,663.09,683.11,-0.11,-0.25,0.53,-49.65,36.00,13.95,26.8
2026/05/04 21:48:38.56,IMU,227.05,669.92,681.15,0.65,0.93,0.66,-48.90,36.00,12.60,26.8
2026/05/04 21:48:38.66,IMU,239.75,667.48,690.43,-1.69,1.11,-2.90,-49.65,35.55,14.70,26.8
2026/05/04 21:48:38.76,IMU,241.21,672.85,680.66,-1.53,0.95,0.83,-49.65,34.80,13.35,26.7
2026/05/04 21:48:38.86,IMU,226.56,677.73,679.20,0.26,0.47,-0.89,-49.80,34.65,14.25,26.7
2026/05/04 21:48:38.96,IMU,230.47,655.76,664.06,-1.76,3.18,0.36,-49.80,35.10,13.80,27.1
2026/05/04 21:48:39.06,IMU,236.82,683.11,694.34,0.00,2.95,-0.12,-48.90,35.55,13.95,26.8
2026/05/04 21:48:39.16,IMU,248.54,666.50,681.15,-0.31,2.40,2.78,-49.80,35.85,14.25,26.8
2026/05/04 21:48:39.26,IMU,230.47,667.97,671.39,2.37,-1.02,-2.57,-47.70,34.50,13.95,26.8
2026/05/04 21:48:39.36,IMU,228.52,659.67,679.69,1.66,0.31,0.69,-50.40,36.75,12.90,26.8
2026/05/04 21:48:39.46,IMU,229.98,675.78,690.92,-1.34,1.98,-0.50,-49.05,35.40,14.55,26.7
2026/05/04 21:48:39.56,IMU,230.47,666.02,686.04,1.24,-0.41,-1.60,-48.15,36.75,13.35,26.8
2026/05/04 21:48:39.66,IMU,221.68,667.48,694.82,1.28,0.52,0.85,-48.15,36.00,13.95,26.8
2026/05/04 21:48:39.76,IMU,221.68,658.69,672.85,1.69,-0.27,0.15,-48.45,35.25,13.65,26.6
2026/05/04 21:48:39.87,IMU,236.82,658.20,683.11,1.85,1.36,-0.59,-48.00,34.65,13.80,27.0
2026/05/04 21:48:39.97,IMU,234.38,654.79,684.08,-0.22,2.42,-1.19,-48.45,36.00,13.35,26.7
2026/05/04 21:48:40.07,IMU,239.75,660.64,668.46,2.34,-0.11,1.44,-49.80,35.10,14.25,26.8
2026/05/04 21:48:40.17,IMU,220.70,669.43,698.73,-0.86,1.40,0.11,-48.90,36.75,13.35,26.9
2026/05/04 21:48:40.27,IMU,221.68,678.71,688.96,-0.54,1.18,-2.76,-49.20,36.00,14.40,26.6
2026/05/04 21:48:40.37,IMU,224.61,679.20,684.57,0.55,-1.56,3.52,-48.00,35.10,14.25,27.0
2026/05/04 21:48:40.47,IMU,233.89,673.34,670.90,0.35,0.05,-1.69,-48.75,34.65,13.05,27.0
2026/05/04 21:48:40.57,IMU,236.33,667.97,678.22,0.21,-1.22,-3.32,-48.45,34.50,13.65,26.8
2026/05/04 21:48:40.67,IMU,229.98,665.04,669.92,2.93,-1.55,0.12,-48.30,35.40,14.55,26.8
2026/05/04 21:48:40.77,IMU,231.45,670.90,696.29,-1.21,-1.40,-1.98,-49.35,35.40,14.25,26.8
2026/05/04 21:48:40.87,IMU,218.75,675.29,702.15,-0.58,0.92,-5.01,-49.65,35.25,13.35,26.8
2026/05/04 21:48:40.97,IMU,228.52,664.55,682.62,0.50,0.99,-2.86,-49.95,37.50,13.65,27.1
2026/05/04 21:48:41.07,IMU,229.98,667.48,681.15,0.20,0.97,-2.79,-50.40,35.25,13.65,27.1
2026/05/04 21:48:41.17,IMU,246.58,659.67,678.22,0.65,-2.21,-2.61,-48.90,35.25,13.95,26.7
2026/05/04 21:48:41.28,IMU,231.45,667.97,680.18,1.48,-1.47,-0.74,-48.45,34.50,12.90,26.9
2026/05/04 21:48:41.38,IMU,238.77,672.85,683.11,-1.36,0.84,0.50,-51.45,33.75,16.50,26.8
2026/05/04 21:48:41.48,IMU,235.84,666.50,684.08,0.01,0.39,-0.82,-50.10,35.40,13.50,26.8
2026/05/04 21:48:41.58,IMU,233.40,670.41,683.11,-0.62,-0.73,-2.97,-47.40,36.00,13.35,26.7
2026/05/04 21:48:41.68,IMU,223.14,664.06,681.64,-0.05,-3.34,1.29,-48.30,35.85,12.75,27.0
2026/05/04 21:48:41.78,IMU,243.16,669.92,680.66,-3.44,0.95,-2.58,-49.95,34.05,14.40,26.8
2026/05/04 21:48:41.88,IMU,219.73,665.04,677.73,-1.05,0.71,0.62,-48.75,34.65,14.55,26.8
2026/05/04 21:48:41.98,IMU,235.84,664.06,691.89,4.67,-2.03,0.53,-49.35,35.85,14.85,26.9
2026/05/04 21:48:42.08,IMU,225.59,661.62,679.20,2.64,-1.58,-2.39,-48.15,35.55,13.65,26.8
2026/05/04 21:48:42.18,IMU,230.47,666.99,684.57,-1.51,-0.78,-1.62,-47.70,36.00,13.35,26.9
2026/05/04 21:48:42.28,IMU,239.75,666.02,683.59,1.51,-0.64,-0.97,-49.35,35.10,14.55,26.8
2026/05/04 21:48:42.38,IMU,229.00,663.09,689.45,0.29,0.22,-0.40,-47.70,32.25,16.20,26.9
2026/05/04 21:48:42.48,IMU,229.98,661.13,666.99,2.13,0.48,0.86,-49.95,35.25,13.95,26.8
2026/05/04 21:48:42.58,IMU,230.47,667.48,681.64,1.34,0.95,3.89,-48.90,35.25,13.65,26.8
2026/05/04 21:48:42.68,IMU,229.00,678.71,698.24,2.20,-0.37,0.84,-47.70,35.25,14.70,26.5
2026/05/04 21:48:42.78,IMU,232.42,659.67,697.75,-1.83,0.85,0.72,-49.65,35.55,12.90,26.8
2026/05/04 21:48:42.88,IMU,238.28,668.95,669.92,-1.27,-1.34,2.07,-49.35,35.85,13.50,26.7
2026/05/04 21:48:42.98,IMU,242.68,661.62,667.97,1.37,-0.78,1.99,-47.70,34.05,13.95,26.9
2026/05/04 21:48:43.08,IMU,237.79,667.48,673.34,-0.87,1.24,-1.11,-48.15,34.50,13.95,26.8
2026/05/04 21:48:43.18,IMU,227.05,682.62,671.88,0.43,-1.91,-0.96,-48.15,36.45,13.65,26.8
2026/05/04 21:48:43.29,IMU,234.38,650.39,676.76,-1.47,0.24,1.42,-49.80,36.15,14.25,26.8
2026/05/04 21:48:43.39,IMU,247.07,661.13,666.50,0.98,0.21,0.97,-49.20,37.20,13.35,27.0
2026/05/04 21:48:43.49,IMU,225.59,675.29,677.73,1.22,1.12,-0.52,-49.80,35.40,14.25,26.8
2026/05/04 21:48:43.59,IMU,234.86,668.95,689.45,-1.44,3.80,0.05,-49.80,34.65,14.25,27.0
2026/05/04 21:48:43.69,IMU,230.47,678.71,675.29,0.08,0.82,1.61,-48.15,34.80,12.15,26.8
2026/05/04 21:48:43.79,IMU,235.84,660.16,687.50,0.38,1.37,1.15,-49.65,35.25,14.40,26.7
2026/05/04 21:48:43.89,IMU,243.16,670.90,684.08,1.84,2.97,-1.47,-49.95,36.00,12.90,26.9
2026/05/04 21:48:44.00,IMU,230.47,666.50,682.62,-0.12,-3.63,2.44,-46.80,34.65,14.25,26.8
2026/05/04 21:48:44.10,IMU,245.61,661.13,681.64,-0.64,0.88,0.90,-48.75,34.35,13.80,26.8
2026/05/04 21:48:44.20,IMU,232.42,667.97,680.66,-0.08,-0.71,2.05,-49.65,36.75,13.65,27.0
2026/05/04 21:48:44.30,IMU,243.16,658.20,678.71,-1.53,3.24,2.32,-48.15,34.05,14.70,26.9
2026/05/04 21:48:44.40,IMU,226.56,676.76,687.99,-1.24,-0.38,-0.56,-48.30,35.85,12.75,26.6
2026/05/04 21:48:44.50,IMU,250.00,668.46,677.25,-0.61,-1.47,-0.28,-49.35,35.85,12.75,26.8
2026/05/04 21:48:44.60,IMU,235.35,676.76,685.06,-2.65,0.22,-0.10,-49.65,36.45,12.60,26.9
2026/05/04 21:48:44.70,IMU,251.95,660.16,671.88,-0.22,0.82,-0.19,-49.35,35.10,13.05,26.8
2026/05/04 21:48:44.80,IMU,227.05,651.37,684.57,0.22,-2.63,-1.04,-48.30,34.65,12.75,26.8
2026/05/04 21:48:44.90,IMU,234.86,667.97,695.80,0.38,0.55,2.21,-48.15,33.75,13.95,26.8
2026/05/04 21:48:45.00,IMU,226.07,670.90,678.22,-0.72,-0.45,-0.85,-49.80,33.90,12.45,26.8
2026/05/04 21:48:45.10,IMU,251.46,672.85,678.71,1.23,0.90,2.97,-48.90,36.00,12.15,26.7
2026/05/04 21:48:45.20,IMU,243.65,677.25,683.11,1.15,-2.57,-1.95,-48.15,34.05,12.60,27.0
2026/05/04 21:48:45.30,IMU,233.89,668.95,683.59,-0.95,0.11,-1.50,-50.55,35.40,13.50,26.9
2026/05/04 21:48:45.40,IMU,237.79,657.71,673.83,1.22,0.27,0.11,-48.90,35.55,13.35,27.0
2026/05/04 21:48:45.50,IMU,236.82,684.08,687.50,0.56,-0.47,-4.53,-48.75,33.60,13.50,27.0
2026/05/04 21:48:45.60,IMU,242.68,666.99,683.59,-1.16,0.72,0.58,-48.75,35.85,13.50,27.3
2026/05/04 21:48:45.70,IMU,238.28,684.08,691.89,-0.72,2.98,-1.67,-49.20,34.80,15.15,26.8
2026/05/04 21:48:45.82,IMU,220.70,671.39,678.22,0.46,0.24,2.00,-49.80,33.60,13.50,27.2
2026/05/04 21:48:45.92,IMU,239.26,661.13,682.13,1.72,0.39,-1.06,-49.20,34.80,13.65,27.1
2026/05/04 21:48:46.02,IMU,237.79,649.90,670.41,-0.80,3.28,-3.14,-49.20,34.50,12.90,27.1
2026/05/04 21:48:46.12,IMU,228.52,673.83,682.62,-1.73,-1.18,2.26,-47.10,37.20,13.65,27.3
2026/05/04 21:48:46.22,IMU,219.73,663.09,690.92,0.53,2.89,-1.59,-48.30,36.60,13.05,27.2
2026/05/04 21:48:46.32,IMU,225.59,658.69,668.95,-0.35,2.83,-1.18,-48.45,35.25,13.65,26.9
2026/05/04 21:48:46.42,IMU,240.23,662.60,683.11,0.56,0.89,1.27,-49.35,35.40,12.75,26.8
2026/05/04 21:48:46.52,IMU,229.49,662.11,687.99,-1.80,1.37,1.75,-47.40,34.80,13.95,27.1
2026/05/04 21:48:46.62,IMU,227.54,664.06,678.22,-1.08,0.91,-0.84,-48.90,35.25,13.95,26.8
2026/05/04 21:48:46.72,IMU,244.63,668.95,701.17,0.28,2.73,1.44,-49.20,35.55,13.35,26.8
2026/05/04 21:48:46.82,IMU,232.91,662.60,679.69,-0.78,3.69,-1.31,-50.70,33.75,13.95,26.9
2026/05/04 21:48:46.92,IMU,229.00,678.71,693.36,-0.97,3.69,-1.75,-49.95,35.25,12.90,26.7
2026/05/04 21:48:47.02,IMU,237.30,671.39,685.55,-1.53,1.90,3.02,-49.05,36.15,14.25,27.0
2026/05/04 21:48:47.12,IMU,232.91,674.80,683.11,1.70,-1.99,0.67,-49.80,35.85,13.05,27.0
2026/05/04 21:48:47.22,IMU,229.49,665.53,684.57,-0.63,-1.24,0.96,-50.10,35.85,13.05,26.8
2026/05/04 21:48:47.32,IMU,221.68,658.20,687.01,0.80,0.77,-1.54,-50.10,35.10,14.85,27.1
2026/05/04 21:48:47.42,IMU,229.98,675.78,670.90,-3.02,1.50,2.24,-49.20,35.55,13.95,27.1
2026/05/04 21:48:47.52,IMU,245.61,660.16,667.97,0.13,1.60,-1.34,-48.90,35.55,13.95,26.8
2026/05/04 21:48:47.62,IMU,220.21,666.50,666.99,2.78,-0.63,0.80,-48.15,34.50,12.90,27.0
2026/05/04 21:48:47.72,IMU,228.03,663.57,689.94,-1.37,-1.75,-0.92,-50.10,35.40,13.80,26.8
2026/05/04 21:48:47.82,IMU,238.28,659.67,670.41,1.31,-0.84,0.99,-49.95,34.80,14.40,26.7
2026/05/04 21:48:47.92,IMU,245.12,665.53,680.66,2.21,-2.05,0.69,-49.20,35.25,15.45,27.0
2026/05/04 21:48:48.02,IMU,232.91,664.06,695.31,2.18,-0.60,1.47,-49.65,35.25,14.40,27.0
2026/05/04 21:48:48.12,IMU,227.54,673.34,676.76,-0.69,0.86,0.97,-47.55,34.35,12.45,26.9
2026/05/04 21:48:48.23,IMU,225.59,670.41,663.57,-0.50,1.15,1.69,-48.75,35.10,12.75,27.3
2026/05/04 21:48:48.33,IMU,241.70,675.78,681.15,-0.08,-1.62,-3.01,-47.70,35.25,13.35,27.1
2026/05/04 21:48:48.43,IMU,231.93,674.80,659.67,-1.66,3.17,-1.30,-50.85,35.85,13.80,27.0
2026/05/04 21:48:48.53,IMU,225.10,674.32,685.55,0.92,-1.43,-1.75,-49.65,34.50,12.90,26.9
2026/05/04 21:48:48.63,IMU,229.98,664.06,685.55,0.42,-1.43,-1.57,-49.05,35.10,13.50,26.9
2026/05/04 21:48:48.73,IMU,224.12,670.90,693.36,-0.59,0.95,1.76,-49.05,35.85,15.30,27.0
2026/05/04 21:48:48.83,IMU,238.77,667.48,677.73,3.58,1.33,1.49,-48.75,35.10,13.80,27.1
2026/05/04 21:48:48.93,IMU,241.21,673.83,678.22,1.17,-3.22,1.21,-47.40,36.45,13.95,27.0
2026/05/04 21:48:49.03,IMU,239.26,674.80,689.45,-0.34,0.21,2.15,-50.10,35.40,13.50,27.1
2026/05/04 21:48:49.13,IMU,225.10,663.57,688.96,0.84,-0.97,0.87,-48.15,36.00,13.95,27.0
2026/05/04 21:48:49.23,IMU,242.68,665.53,677.73,3.94,-0.65,2.16,-49.65,35.55,13.65,27.1
2026/05/04 21:48:49.33,IMU,233.89,669.92,678.22,-0.47,-1.03,1.89,-49.05,37.35,13.05,26.9
2026/05/04 21:48:49.43,IMU,236.33,662.60,666.02,0.58,-0.83,-4.15,-49.20,36.00,12.90,27.1
2026/05/04 21:48:49.53,IMU,224.61,666.50,677.25,2.47,3.00,-0.56,-49.80,36.90,13.80,26.8
2026/05/04 21:48:49.63,IMU,235.84,669.92,673.34,1.98,-2.45,0.12,-49.05,35.10,13.05,27.1
2026/05/04 21:48:49.73,IMU,239.26,665.04,682.13,1.60,0.30,0.47,-48.30,35.10,14.55,26.9
2026/05/04 21:48:49.83,IMU,232.42,671.88,664.06,1.10,-1.37,0.72,-49.65,35.25,14.40,27.1
2026/05/04 21:48:49.95,IMU,231.93,666.02,664.06,-0.17,-0.45,-1.03,-48.30,33.60,14.25,27.0
2026/05/04 21:48:50.05,IMU,226.07,676.27,672.36,0.78,0.05,-1.04,-49.35,35.40,13.80,27.0
2026/05/04 21:48:50.15,IMU,250.98,668.95,677.73,1.18,-0.35,1.48,-47.40,36.00,13.95,27.2
2026/05/04 21:48:50.25,IMU,240.72,670.90,688.48,0.25,0.15,-3.29,-49.20,34.80,13.65,27.2
2026/05/04 21:48:50.35,IMU,226.56,673.34,680.18,0.72,-0.29,-3.21,-49.05,34.65,14.85,27.0
2026/05/04 21:48:50.45,IMU,241.70,682.62,664.06,1.65,-1.32,0.60,-49.35,34.65,13.05,27.1
2026/05/04 21:48:50.55,IMU,219.73,682.13,683.11,-0.93,3.02,-2.56,-50.85,34.65,17.85,26.9
2026/05/04 21:48:50.65,IMU,234.86,666.99,682.62,1.55,-1.21,0.88,-49.20,36.75,13.95,27.2
2026/05/04 21:48:50.75,IMU,220.21,668.46,687.01,0.68,-1.34,-0.35,-50.10,35.40,14.25,27.2
2026/05/04 21:48:50.85,IMU,226.56,674.32,676.76,-0.55,3.90,-1.92,-48.90,35.25,14.40,27.2
2026/05/04 21:48:50.95,IMU,227.54,675.78,673.83,-0.24,-4.11,1.05,-48.90,36.00,12.90,27.1
2026/05/04 21:48:51.05,IMU,218.75,662.60,698.73,0.40,1.84,1.14,-48.75,35.85,14.55,26.9
2026/05/04 21:48:51.15,IMU,218.75,667.48,666.02,1.75,-4.50,0.69,-48.45,35.25,13.65,27.0
2026/05/04 21:48:51.25,IMU,235.35,673.34,688.96,-0.18,1.08,-1.31,-47.70,35.25,13.65,27.1
2026/05/04 21:48:51.35,IMU,222.17,673.83,687.99,-0.95,-0.85,-1.69,-48.30,35.85,13.80,27.1
2026/05/04 21:48:51.45,IMU,221.19,681.15,676.76,0.82,0.05,0.76,-50.40,34.50,12.90,27.1
2026/05/04 21:48:51.55,IMU,234.86,657.71,667.48,3.76,-0.98,3.73,-53.70,32.25,18.75,27.0
2026/05/04 21:48:51.65,IMU,218.26,655.27,681.64,2.88,-2.34,2.31,-48.30,35.40,13.50,27.0
2026/05/04 21:48:51.75,IMU,231.93,659.18,676.76,-0.20,-1.46,0.82,-48.75,34.35,12.45,27.0
2026/05/04 21:48:51.85,IMU,236.82,675.29,665.53,-1.01,-0.44,0.76,-49.05,35.10,13.80,27.1
2026/05/04 21:48:51.95,IMU,228.03,661.62,679.20,1.18,0.08,-1.76,-47.55,35.10,13.80,27.1
2026/05/04 21:48:52.05,IMU,245.61,682.62,661.13,0.34,0.07,0.61,-48.90,36.00,14.70,27.1
2026/05/04 21:48:52.15,IMU,212.40,674.80,679.69,0.72,2.40,-1.08,-49.35,36.15,12.00,27.0
2026/05/04 21:48:52.26,IMU,241.21,659.18,654.79,0.09,-0.54,1.69,-48.75,36.90,13.05,27.2
2026/05/04 21:48:52.36,IMU,216.80,671.39,680.66,-0.28,-0.50,0.46,-47.40,36.00,13.95,27.3
2026/05/04 21:48:52.46,IMU,237.79,668.95,675.29,2.41,-3.22,-0.40,-48.45,34.50,12.15,27.0
2026/05/04 21:48:52.56,IMU,239.26,677.25,680.66,0.12,2.31,0.30,-48.90,35.55,12.60,27.5
2026/05/04 21:48:52.66,IMU,226.07,666.50,666.02,-0.58,0.50,-1.98,-49.05,34.65,13.05,26.9
2026/05/04 21:48:52.76,IMU,230.47,676.76,686.04,0.42,0.85,1.61,-49.80,35.40,13.50,27.1
2026/05/04 21:48:52.86,IMU,214.36,663.09,677.25,0.64,0.59,2.85,-49.05,33.90,13.50,27.2
2026/05/04 21:48:52.96,IMU,232.42,669.43,664.06,0.79,-1.53,0.88,-48.90,36.45,13.95,27.1
2026/05/04 21:48:53.06,IMU,234.38,679.20,675.29,0.18,-0.02,-3.76,-49.35,36.15,13.05,27.0
2026/05/04 21:48:53.16,IMU,233.40,668.95,671.39,1.08,-2.87,-0.11,-49.20,37.20,12.90,27.2
2026/05/04 21:48:53.26,IMU,225.10,675.78,685.06,-1.47,1.10,-1.39,-49.05,36.60,13.50,26.8
2026/05/04 21:48:53.36,IMU,208.98,652.34,676.76,1.47,-1.79,-1.98,-49.05,34.65,13.80,27.2
2026/05/04 21:48:53.46,IMU,221.68,668.95,684.57,2.92,-0.60,1.21,-49.35,37.65,12.75,27.3
2026/05/04 21:48:53.56,IMU,224.61,669.43,669.43,-0.50,3.21,0.50,-47.55,34.65,13.50,27.3
2026/05/04 21:48:53.66,IMU,220.21,666.99,677.73,1.81,-0.71,0.59,-47.55,36.90,14.55,27.3
2026/05/04 21:48:53.76,IMU,229.98,665.53,683.59,0.23,2.26,-1.27,-48.00,36.15,12.75,27.1
2026/05/04 21:48:53.86,IMU,240.23,684.08,673.34,1.79,-0.69,-2.44,-49.05,34.65,12.45,27.5
2026/05/04 21:48:53.96,IMU,231.45,669.92,689.94,-0.11,-0.82,1.34,-48.75,37.65,14.25,27.0
2026/05/04 21:48:54.06,IMU,219.73,683.11,675.78,2.99,-0.34,1.98,-47.70,34.80,13.95,27.3
2026/05/04 21:48:54.16,IMU,229.00,683.11,681.64,1.09,1.02,3.95,-49.80,37.35,13.80,26.9
2026/05/04 21:48:54.26,IMU,230.47,665.53,692.38,-0.08,1.44,-1.93,-48.75,34.65,14.25,27.2
2026/05/04 21:48:54.36,IMU,222.17,668.95,669.92,-0.48,-0.02,-0.44,-49.35,35.10,14.55,27.1
2026/05/04 21:48:54.46,IMU,225.59,671.39,685.55,0.79,1.39,2.02,-48.30,35.10,13.05,27.3
2026/05/04 21:48:54.56,IMU,213.87,690.43,676.76,0.39,0.81,-0.11,-48.30,35.40,14.55,27.2
2026/05/04 21:48:54.66,IMU,219.24,671.88,678.22,-0.37,3.31,1.50,-48.30,35.40,14.25,27.2
2026/05/04 21:48:54.76,IMU,224.61,668.46,663.57,-0.80,3.44,1.89,-49.05,36.15,12.45,27.2
2026/05/04 21:48:54.86,IMU,252.44,668.95,677.73,1.00,-0.07,0.14,-52.20,32.55,17.55,27.3
2026/05/04 21:48:54.96,IMU,226.56,658.20,675.78,1.71,0.27,-4.52,-50.10,35.10,12.00,27.3
2026/05/04 21:48:55.06,IMU,232.91,670.41,659.18,0.82,0.53,0.44,-47.70,35.55,13.35,27.3
2026/05/04 21:48:55.17,IMU,232.91,674.80,666.99,0.05,0.82,3.08,-49.65,35.55,13.95,27.3
2026/05/04 21:48:55.27,IMU,229.98,668.46,678.71,-1.56,0.95,-1.63,-49.65,34.80,13.65,27.2
2026/05/04 21:48:55.37,IMU,223.14,659.18,692.38,0.31,0.84,2.27,-49.35,36.15,12.45,27.3
2026/05/04 21:48:55.47,IMU,225.10,665.04,673.34,1.56,-0.47,0.81,-49.05,34.35,13.80,27.1
2026/05/04 21:48:55.57,IMU,223.14,664.06,679.69,1.13,-3.63,-0.11,-48.15,35.25,14.40,27.3
2026/05/04 21:48:55.67,IMU,227.54,669.43,680.18,1.82,-0.23,1.15,-48.00,35.40,13.80,27.1
2026/05/04 21:48:55.77,IMU,217.77,672.36,663.57,-0.89,-0.59,0.24,-48.45,36.00,13.95,27.1
2026/05/04 21:48:55.88,IMU,190.92,694.34,633.79,0.92,0.55,0.31,-49.65,34.50,13.35,27.1
2026/05/04 21:48:55.98,IMU,219.73,685.55,686.52,1.22,-2.01,-1.51,-49.05,37.35,13.50,27.3
2026/05/04 21:48:56.08,IMU,237.30,676.27,696.78,-0.11,1.27,-0.86,-48.90,36.45,13.65,27.3
2026/05/04 21:48:56.18,IMU,218.75,673.34,677.73,1.40,0.35,1.54,-49.35,35.85,14.85,26.8
2026/05/04 21:48:56.28,IMU,224.61,679.69,668.95,0.20,0.00,-1.96,-48.75,36.60,14.55,27.3
2026/05/04 21:48:56.38,IMU,223.63,663.57,673.34,3.34,0.24,-0.53,-49.80,37.35,13.05,27.3
2026/05/04 21:48:56.48,IMU,224.12,673.34,676.76,-0.07,-2.02,-0.60,-48.90,36.00,13.35,27.3
2026/05/04 21:48:56.58,IMU,229.49,661.13,665.04,-0.24,3.87,1.93,-48.45,36.00,14.70,27.2
2026/05/04 21:48:56.68,IMU,231.93,683.11,692.38,-0.89,1.22,0.05,-49.80,35.40,13.50,27.6
2026/05/04 21:48:56.78,IMU,205.08,659.67,659.18,0.75,0.37,2.39,-48.90,35.55,13.65,27.1
2026/05/04 21:48:56.88,IMU,246.09,658.69,712.89,0.11,-5.16,2.12,-48.75,35.85,13.80,27.3
2026/05/04 21:48:56.98,IMU,209.47,668.95,686.04,0.04,2.09,3.72,-49.05,35.40,13.80,27.5
2026/05/04 21:48:57.09,IMU,233.40,682.13,675.78,1.15,-4.25,-0.62,-48.75,35.85,13.80,27.5
2026/05/04 21:48:57.19,IMU,226.07,671.39,688.48,4.48,-0.59,0.72,-49.35,34.65,13.05,27.5
2026/05/04 21:48:57.29,IMU,229.49,692.87,676.76,0.96,0.06,1.45,-47.25,36.15,13.50,27.3
2026/05/04 21:48:57.39,IMU,230.47,696.29,668.46,1.63,-2.51,2.27,-49.20,36.00,13.35,27.3
2026/05/04 21:48:57.49,IMU,251.95,670.90,659.18,-1.24,0.34,0.27,-50.70,33.75,15.15,27.3
2026/05/04 21:48:57.59,IMU,238.77,667.97,656.25,0.68,-1.02,2.10,-49.65,35.25,13.35,27.4
2026/05/04 21:48:57.69,IMU,233.89,665.53,665.04,-0.50,-1.11,1.30,-51.75,34.05,16.95,27.5
2026/05/04 21:48:57.79,IMU,244.63,659.18,655.27,1.72,2.16,-2.25,-48.90,36.00,12.60,27.3
2026/05/04 21:48:57.89,IMU,224.61,683.59,672.85,3.31,-0.45,-2.37,-49.65,34.80,13.35,27.3
2026/05/04 21:48:57.99,IMU,243.65,675.29,676.76,1.53,0.34,-1.15,-47.70,35.25,12.60,27.5
2026/05/04 21:48:58.09,IMU,245.12,679.69,688.96,1.43,-1.15,-3.18,-48.45,36.45,14.40,27.3
2026/05/04 21:48:58.19,IMU,233.89,686.04,668.95,2.98,-0.08,-1.62,-48.45,35.25,12.60,27.3
2026/05/04 21:48:58.29,IMU,228.52,667.48,684.57,-0.39,-0.27,-1.02,-48.45,34.80,14.40,27.3
2026/05/04 21:48:58.39,IMU,243.16,677.25,674.80,2.63,-0.63,0.03,-48.00,35.85,14.25,27.2
2026/05/04 21:48:58.49,IMU,235.35,680.18,658.20,1.33,2.47,-3.16,-48.15,35.25,12.60,27.6
2026/05/04 21:48:58.59,IMU,227.54,677.73,678.22,-1.49,3.83,-0.27,-49.35,36.15,14.55,27.5
2026/05/04 21:48:58.69,IMU,224.61,679.69,692.38,-0.55,3.51,-2.15,-50.40,34.05,18.00,27.5
2026/05/04 21:48:58.79,IMU,216.31,671.88,685.06,-1.37,2.30,-1.04,-48.30,34.35,13.80,27.6
2026/05/04 21:48:58.89,IMU,230.47,656.74,670.41,0.46,-3.18,-1.95,-47.10,35.25,13.35,27.3
2026/05/04 21:48:58.99,IMU,214.84,688.48,694.82,0.83,0.89,2.16,-49.20,36.00,13.65,27.4
2026/05/04 21:48:59.09,IMU,214.84,653.81,707.52,-2.24,-0.16,-1.11,-48.00,33.90,14.25,27.4
2026/05/04 21:48:59.20,IMU,234.38,671.39,678.71,-0.92,0.87,1.24,-49.05,34.35,14.85,27.5
2026/05/04 21:48:59.30,IMU,203.61,656.25,699.71,-0.56,1.95,-0.66,-49.35,35.85,14.55,27.3
2026/05/04 21:48:59.40,IMU,232.42,678.71,705.57,-4.73,-6.98,-0.08,-49.35,36.60,14.55,27.5
2026/05/04 21:48:59.50,IMU,252.93,655.27,655.76,-2.25,-5.19,1.80,-48.90,34.05,13.35,27.5
2026/05/04 21:48:59.60,IMU,260.74,645.02,702.64,7.12,-6.29,6.08,-48.90,34.50,12.60,27.6
2026/05/04 21:48:59.70,IMU,247.07,668.95,724.12,2.09,13.76,1.41,-48.30,34.65,14.55,27.5
2026/05/04 21:48:59.80,IMU,253.42,663.09,661.13,0.29,0.11,3.22,-48.45,33.00,12.90,27.6
2026/05/04 21:48:59.90,IMU,220.21,641.60,657.71,-0.31,8.93,-3.99,-49.80,33.60,12.75,27.5
2026/05/04 21:49:00.01,IMU,241.70,666.99,703.13,-0.46,8.49,1.27,-50.10,31.20,14.25,27.7
2026/05/04 21:49:00.11,IMU,220.70,673.83,710.45,-0.70,-1.34,1.27,-51.30,31.65,15.30,27.5
2026/05/04 21:49:00.21,IMU,244.14,664.55,694.82,-1.08,0.02,3.60,-48.75,32.40,14.85,27.5
2026/05/04 21:49:00.32,IMU,171.88,630.37,708.01,0.16,-5.95,1.62,-47.25,32.70,14.85,27.5
2026/05/04 21:49:00.42,IMU,212.89,666.02,738.77,-2.17,7.69,-3.30,-47.10,32.25,15.45,27.5
2026/05/04 21:49:00.52,IMU,220.21,609.86,649.41,-3.08,-0.82,-1.54,-47.10,34.05,13.95,27.5
2026/05/04 21:49:00.62,IMU,226.56,662.11,706.54,5.73,-3.21,2.74,-46.50,32.40,16.05,27.7
2026/05/04 21:49:00.72,IMU,249.02,675.78,670.90,7.34,-10.47,1.85,-46.35,33.30,13.95,27.5
2026/05/04 21:49:00.82,IMU,275.39,680.18,677.73,2.17,0.08,-0.18,-48.00,31.65,12.75,27.6
2026/05/04 21:49:00.92,IMU,202.15,638.18,712.89,-0.62,-7.35,1.94,-49.05,31.65,13.05,27.2
2026/05/04 21:49:01.02,IMU,230.47,621.58,675.29,-0.70,0.16,-6.61,-49.80,31.95,12.45,27.6
2026/05/04 21:49:01.12,IMU,261.72,686.04,680.18,1.13,-0.83,1.40,-48.75,32.70,14.55,27.5
2026/05/04 21:49:01.22,IMU,290.53,685.55,694.34,-0.68,-9.41,3.11,-49.05,33.90,13.80,27.3
2026/05/04 21:49:01.32,IMU,264.65,593.75,655.76,0.39,16.87,4.18,-51.60,33.15,13.05,27.5
2026/05/04 21:49:01.42,IMU,226.07,644.53,720.21,2.56,-1.92,1.85,-48.45,32.55,13.95,27.2
2026/05/04 21:49:01.52,IMU,235.84,636.72,675.78,0.08,-1.14,-0.80,-49.80,32.70,14.25,27.6
2026/05/04 21:49:01.62,IMU,260.25,666.02,632.81,7.07,-3.11,-4.98,-48.15,33.30,12.90,27.3
2026/05/04 21:49:01.72,IMU,271.00,667.97,729.00,2.41,-2.11,0.15,-48.75,32.40,14.85,27.3
2026/05/04 21:49:01.83,IMU,192.38,662.60,723.14,-4.85,5.28,-3.30,-47.55,33.60,13.50,27.3
2026/05/04 21:49:01.93,IMU,261.23,663.57,692.38,-2.34,-0.99,-2.16,-48.15,33.75,14.40,27.2
2026/05/04 21:49:02.03,IMU,256.84,663.09,657.23,-0.56,-3.63,0.79,-50.70,32.55,13.35,27.3
2026/05/04 21:49:02.13,IMU,229.49,654.30,716.80,-5.36,5.84,0.05,-49.20,33.00,15.15,27.5
2026/05/04 21:49:02.23,IMU,225.10,627.44,682.62,1.85,-4.21,2.11,-51.45,34.05,15.15,27.3
2026/05/04 21:49:02.33,IMU,232.42,660.64,694.34,-1.54,1.08,-1.21,-49.35,33.60,14.55,27.5
2026/05/04 21:49:02.43,IMU,270.51,641.60,640.14,-4.45,5.06,0.42,-50.40,34.05,14.70,27.3
2026/05/04 21:49:02.53,IMU,233.89,646.97,692.87,3.15,4.15,0.20,-49.65,33.00,15.45,27.3
2026/05/04 21:49:02.63,IMU,238.28,650.88,705.08,0.67,1.40,-0.94,-49.80,33.90,15.60,27.3
2026/05/04 21:49:02.73,IMU,208.50,642.09,732.91,-2.54,11.11,-1.40,-49.95,32.55,16.95,27.3
2026/05/04 21:49:02.83,IMU,203.61,648.93,677.73,-0.08,-3.20,-2.40,-49.95,34.80,14.40,27.1
2026/05/04 21:49:02.93,IMU,233.40,661.62,703.13,0.31,-3.83,-3.79,-49.95,33.30,14.40,27.3
2026/05/04 21:49:03.03,IMU,217.29,622.07,669.43,0.83,0.73,1.70,-49.65,32.55,14.70,27.3
2026/05/04 21:49:03.13,IMU,209.47,644.04,700.68,-0.01,1.16,-0.27,-49.65,33.30,14.70,27.5
2026/05/04 21:49:03.23,IMU,203.61,661.13,712.40,-2.02,0.37,1.22,-49.65,31.80,16.20,27.3
2026/05/04 21:49:03.34,IMU,198.24,645.02,734.86,0.56,-5.27,3.01,-49.35,33.15,15.30,27.1
2026/05/04 21:49:03.44,IMU,222.66,633.30,683.59,0.71,-1.64,-5.11,-50.70,32.55,15.15,27.2
2026/05/04 21:49:03.54,IMU,238.77,645.51,681.64,1.85,-0.64,-0.82,-50.40,33.00,16.20,27.1
2026/05/04 21:49:03.64,IMU,234.38,648.44,695.80,2.28,-1.80,-2.56,-49.20,34.50,14.40,27.3
2026/05/04 21:49:03.74,IMU,225.59,662.60,687.01,1.28,-3.27,-1.11,-50.55,34.35,14.85,27.3
2026/05/04 21:49:03.84,IMU,240.23,639.16,685.55,0.51,4.15,1.91,-49.20,33.75,15.45,27.0
2026/05/04 21:49:03.94,IMU,221.68,631.35,698.24,0.76,-4.06,-1.41,-48.45,34.80,15.45,27.3
2026/05/04 21:49:04.04,IMU,235.35,658.69,717.77,-0.17,1.93,-3.51,-50.40,34.80,15.15,27.3
2026/05/04 21:49:04.14,IMU,235.84,661.13,696.29,-0.11,-3.49,-0.02,-49.95,35.25,15.75,27.4
2026/05/04 21:49:04.24,IMU,224.61,661.62,687.01,2.40,-0.68,-1.36,-49.05,34.35,14.85,27.3
2026/05/04 21:49:04.34,IMU,227.54,646.48,697.75,1.02,-1.44,2.33,-49.05,36.15,16.05,27.3
2026/05/04 21:49:04.44,IMU,220.70,646.97,705.57,-1.44,0.75,-1.80,-49.80,33.90,14.85,27.5
2026/05/04 21:49:04.54,IMU,227.54,659.18,683.59,2.51,-1.47,-2.84,-49.65,36.00,15.45,27.3
2026/05/04 21:49:04.64,IMU,238.77,649.41,690.43,-0.01,-1.65,0.11,-49.80,34.65,14.85,27.6
2026/05/04 21:49:04.74,IMU,218.75,634.28,712.89,0.77,-0.17,-0.84,-49.80,33.90,14.85,27.1
2026/05/04 21:49:04.84,IMU,239.75,673.34,707.03,3.73,-2.54,2.04,-50.70,34.50,16.20,27.3
2026/05/04 21:49:04.94,IMU,260.74,640.14,681.15,-0.85,-1.76,0.95,-50.55,35.10,16.05,27.3
2026/05/04 21:49:05.04,IMU,194.82,613.77,716.80,-0.90,7.19,-1.44,-49.05,32.70,15.30,27.3
2026/05/04 21:49:05.14,IMU,220.70,668.46,713.87,-0.76,-2.31,-1.50,-50.70,33.75,15.45,27.2
2026/05/04 21:49:05.24,IMU,228.52,644.53,698.24,1.73,4.95,1.12,-48.90,33.75,15.45,27.2
2026/05/04 21:49:05.34,IMU,201.17,641.60,726.07,2.09,0.25,0.41,-49.35,34.65,15.60,27.6
2026/05/04 21:49:05.44,IMU,214.84,648.44,701.66,-2.15,-4.56,-1.69,-50.55,33.60,14.85,27.3
2026/05/04 21:49:05.54,IMU,201.17,640.63,686.52,-0.15,-2.19,0.39,-49.80,33.90,14.25,27.0
2026/05/04 21:49:05.64,IMU,218.75,645.02,716.31,-0.49,2.39,2.09,-49.65,33.00,14.70,27.6
2026/05/04 21:49:05.74,IMU,224.12,649.90,747.56,-0.33,-1.14,-1.07,-48.30,34.35,14.85,27.5
2026/05/04 21:49:05.84,IMU,230.47,639.65,695.31,1.36,3.58,-0.27,-50.85,31.95,17.85,27.5
2026/05/04 21:49:05.96,IMU,211.91,648.93,729.98,-1.25,1.10,2.22,-49.35,33.60,16.05,27.2
2026/05/04 21:49:06.06,IMU,216.31,643.07,702.64,-0.76,-0.81,-1.19,-49.80,33.15,16.65,27.3
2026/05/04 21:49:06.16,IMU,234.38,648.44,687.01,-1.45,1.08,2.37,-47.70,34.05,16.95,27.2
2026/05/04 21:49:06.26,IMU,223.63,641.11,693.85,0.99,-0.63,3.27,-50.70,33.00,13.95,27.4
2026/05/04 21:49:06.36,IMU,226.07,641.60,696.29,4.37,-1.48,0.89,-49.20,35.25,16.20,27.5
2026/05/04 21:49:06.46,IMU,222.17,652.34,707.52,1.63,0.26,-0.07,-49.20,32.25,12.90,27.5
2026/05/04 21:49:06.56,IMU,209.47,640.14,717.29,-1.92,3.13,-1.96,-49.35,32.70,14.55,27.5
2026/05/04 21:49:06.66,IMU,201.17,644.53,716.31,-0.18,-0.91,-0.15,-48.45,34.50,16.20,27.3
2026/05/04 21:49:06.76,IMU,227.54,645.51,692.38,0.35,-3.66,2.69,-49.35,34.35,14.25,27.5
2026/05/04 21:49:06.86,IMU,217.29,647.46,702.15,0.93,2.57,0.78,-53.10,32.40,19.95,27.4
2026/05/04 21:49:06.96,IMU,227.05,643.07,708.50,1.27,-2.13,0.45,-49.65,34.50,14.70,27.2
2026/05/04 21:49:07.07,IMU,207.52,641.11,720.21,-0.40,1.11,2.11,-49.95,33.75,14.70,27.5
2026/05/04 21:49:07.17,IMU,213.87,633.79,708.98,-0.21,-0.52,0.24,-49.05,34.35,14.25,27.5
2026/05/04 21:49:07.27,IMU,223.14,644.53,711.43,-0.56,0.73,0.43,-48.45,33.30,14.40,27.4
2026/05/04 21:49:07.37,IMU,219.24,639.16,695.31,0.95,-0.47,1.06,-48.30,33.15,14.85,27.5
2026/05/04 21:49:07.47,IMU,216.80,645.02,718.75,0.56,-0.24,-0.46,-49.05,33.60,14.55,27.5
2026/05/04 21:49:07.57,IMU,227.05,659.18,672.36,-1.75,3.62,-1.95,-48.45,33.30,14.70,27.6
2026/05/04 21:49:07.67,IMU,201.66,599.12,680.18,-1.81,4.36,-0.92,-49.20,34.80,15.75,27.5
2026/05/04 21:49:07.78,IMU,232.91,658.20,737.79,3.01,4.56,-3.64,-49.05,32.70,15.60,27.5
2026/05/04 21:49:07.88,IMU,200.68,639.65,658.20,0.34,-2.18,1.73,-51.75,34.80,15.15,27.5
2026/05/04 21:49:07.98,IMU,220.21,659.67,731.45,2.50,-1.12,-2.21,-50.10,33.15,14.55,27.6
2026/05/04 21:49:08.08,IMU,219.73,660.64,713.87,0.15,4.21,1.63,-48.90,31.80,15.45,27.5
2026/05/04 21:49:08.18,IMU,234.38,536.62,728.52,12.40,7.60,22.98,-50.70,31.80,15.15,27.2
2026/05/04 21:49:08.28,IMU,229.98,622.56,757.32,-2.11,-5.06,13.79,-50.85,31.65,14.55,27.4
2026/05/04 21:49:08.38,IMU,258.79,665.53,722.17,-3.13,0.87,-8.24,-51.30,31.65,16.05,27.5
2026/05/04 21:49:08.48,IMU,225.59,629.39,718.26,6.92,6.82,7.53,-52.20,32.55,14.70,27.6
2026/05/04 21:49:08.59,IMU,173.83,688.48,768.55,-9.19,48.02,50.61,-50.55,29.40,15.60,27.3
2026/05/04 21:49:08.69,IMU,270.02,560.55,588.38,-6.91,12.86,-15.18,-49.20,28.80,17.55,27.6
2026/05/04 21:49:08.79,IMU,85.45,777.83,813.96,29.45,3.06,-48.65,-46.35,33.00,18.75,27.6
2026/05/04 21:49:08.89,IMU,196.78,553.71,445.80,11.62,-9.79,12.98,-51.00,30.75,21.60,27.6
2026/05/04 21:49:08.99,IMU,170.90,660.64,755.86,-4.18,11.16,-4.78,-46.65,33.30,17.25,27.3
2026/05/04 21:49:09.09,IMU,166.99,630.37,714.36,2.56,-3.79,-4.77,-48.30,31.65,16.65,27.3
2026/05/04 21:49:09.19,IMU,167.97,628.91,757.32,-5.01,3.71,-3.35,-46.50,32.40,16.65,27.5
2026/05/04 21:49:09.29,IMU,131.35,650.39,765.14,-6.88,-4.73,-8.93,-47.40,33.00,16.50,27.5
2026/05/04 21:49:09.39,IMU,173.34,609.86,733.89,-0.34,-9.05,-0.76,-48.00,33.60,17.40,27.6
2026/05/04 21:49:09.49,IMU,203.61,643.07,716.80,2.18,-7.30,-2.21,-47.10,32.55,18.00,27.6
2026/05/04 21:49:09.59,IMU,191.41,624.51,718.26,1.70,-3.73,2.61,-49.35,32.70,16.65,27.5
2026/05/04 21:49:09.69,IMU,209.47,633.79,711.91,1.67,2.47,1.29,-48.90,33.30,16.95,27.5
2026/05/04 21:49:09.79,IMU,204.10,645.51,750.49,0.27,-2.74,-1.76,-47.10,33.30,16.50,27.6
2026/05/04 21:49:09.89,IMU,184.57,625.49,729.98,0.14,0.64,-0.72,-50.40,31.50,19.05,27.7
2026/05/04 21:49:09.99,IMU,213.87,618.65,704.10,-3.11,3.14,-1.59,-50.55,31.65,14.85,27.6
2026/05/04 21:49:10.09,IMU,205.08,638.18,702.64,1.43,1.56,2.27,-49.95,32.55,16.20,27.6
2026/05/04 21:49:10.19,IMU,211.43,643.07,729.00,2.66,-2.92,1.00,-48.45,33.30,16.50,27.6
2026/05/04 21:49:10.29,IMU,228.03,643.07,702.64,0.11,1.53,-0.63,-48.00,33.90,16.65,27.5
2026/05/04 21:49:10.39,IMU,219.24,644.53,731.93,0.93,1.77,-1.05,-48.45,32.25,15.75,27.7
2026/05/04 21:49:10.49,IMU,201.17,620.61,738.77,0.64,-3.70,1.05,-48.30,32.40,16.05,27.7
2026/05/04 21:49:10.59,IMU,222.17,628.42,702.15,1.75,-1.82,1.79,-48.30,31.95,16.05,27.6
2026/05/04 21:49:10.69,IMU,202.15,639.65,710.94,0.71,-1.78,0.34,-48.15,32.55,16.95,27.5
2026/05/04 21:49:10.79,IMU,204.10,646.00,724.61,-0.37,0.23,5.15,-48.30,34.35,16.65,27.6
2026/05/04 21:49:10.89,IMU,215.33,606.93,715.82,1.76,1.38,-1.23,-49.05,33.15,17.40,27.7
2026/05/04 21:49:10.99,IMU,218.75,623.05,701.66,2.48,-1.13,3.35,-48.15,34.50,15.75,27.7
2026/05/04 21:49:11.09,IMU,214.84,638.67,698.24,-0.90,2.91,0.78,-49.05,31.95,17.10,27.5
2026/05/04 21:49:11.19,IMU,202.15,638.18,726.07,3.42,0.53,-1.73,-47.70,33.30,16.95,27.6
2026/05/04 21:49:11.30,IMU,199.22,640.14,693.36,-1.18,6.76,-3.47,-48.00,33.90,15.60,27.5
2026/05/04 21:49:11.40,IMU,212.89,651.37,719.73,1.25,2.46,0.69,-48.00,32.70,15.30,27.3
2026/05/04 21:49:11.50,IMU,209.47,643.55,727.54,0.55,1.78,2.19,-48.30,33.90,16.35,27.8
2026/05/04 21:49:11.60,IMU,207.03,655.76,706.54,1.25,-0.66,1.26,-48.75,32.70,16.65,27.8
2026/05/04 21:49:11.70,IMU,210.45,647.95,718.26,0.58,1.04,0.21,-48.45,32.25,16.50,27.8
2026/05/04 21:49:11.80,IMU,213.87,642.09,710.94,-0.79,3.16,1.92,-48.00,32.70,16.05,27.3
2026/05/04 21:49:11.91,IMU,219.73,640.14,718.26,0.67,-0.87,3.91,-48.75,32.70,17.10,27.3
2026/05/04 21:49:12.01,IMU,230.96,625.49,710.45,0.64,0.28,-2.31,-48.00,33.60,17.40,27.8
2026/05/04 21:49:12.11,IMU,214.84,638.18,726.56,0.13,0.18,-1.15,-48.15,34.80,16.50,27.7
2026/05/04 21:49:12.21,IMU,208.01,616.70,676.76,2.61,0.77,0.50,-47.40,33.30,18.00,27.7
2026/05/04 21:49:12.31,IMU,204.10,655.27,725.10,-0.02,2.04,1.36,-47.70,33.75,16.50,27.5
2026/05/04 21:49:12.41,IMU,213.38,650.39,705.08,0.75,2.18,0.11,-47.40,34.50,15.45,27.6
2026/05/04 21:49:12.51,IMU,198.73,650.39,716.80,1.01,1.33,1.78,-46.80,35.10,16.35,27.5
2026/05/04 21:49:12.61,IMU,202.15,650.88,730.47,0.95,0.21,0.63,-48.45,33.75,17.25,27.8
2026/05/04 21:49:12.72,IMU,196.29,636.72,711.43,-1.56,5.11,0.05,-48.15,34.05,17.25,27.5
2026/05/04 21:49:12.82,IMU,205.08,648.93,699.22,2.88,-2.31,1.01,-47.10,32.25,15.75,27.8
2026/05/04 21:49:12.92,IMU,223.14,658.69,721.19,0.80,-0.71,0.50,-49.20,33.30,17.25,27.5
2026/05/04 21:49:13.02,IMU,212.89,646.00,702.64,-0.68,1.43,2.02,-47.25,32.70,16.35,27.5
2026/05/04 21:49:13.12,IMU,187.50,639.65,717.77,-0.19,1.00,-0.44,-49.65,33.30,17.25,27.7
2026/05/04 21:49:13.22,IMU,219.24,643.55,705.08,-0.22,0.95,0.47,-48.00,33.90,17.85,27.6
2026/05/04 21:49:13.32,IMU,202.15,647.46,718.26,1.01,0.08,1.76,-48.15,33.75,17.25,27.6
2026/05/04 21:49:13.42,IMU,192.38,647.46,689.45,3.95,-2.89,2.74,-48.15,33.30,16.95,27.8
2026/05/04 21:49:13.52,IMU,198.24,635.25,700.20,0.53,-1.60,0.44,-48.45,32.25,16.20,27.6
2026/05/04 21:49:13.62,IMU,199.71,653.32,730.47,-2.66,1.15,-1.40,-48.15,33.00,18.30,27.6
2026/05/04 21:49:13.72,IMU,221.68,647.46,685.55,2.29,-2.88,-1.96,-47.55,33.15,18.45,27.6
2026/05/04 21:49:13.82,IMU,202.15,657.23,718.26,0.23,-0.39,2.59,-48.45,33.75,17.25,27.5
2026/05/04 21:49:13.92,IMU,206.54,654.79,716.31,-1.38,-3.47,0.85,-48.45,32.55,17.25,27.5
2026/05/04 21:49:14.02,IMU,202.64,649.90,724.61,0.24,2.62,-2.47,-48.15,33.30,17.25,27.6
2026/05/04 21:49:14.12,IMU,180.18,643.07,704.59,0.18,-0.18,-2.28,-48.00,33.15,17.85,27.6
2026/05/04 21:49:14.22,IMU,197.27,644.04,711.43,0.86,-0.38,0.06,-47.55,35.10,17.10,27.6
2026/05/04 21:49:14.32,IMU,196.29,655.27,708.01,-2.01,7.08,-1.56,-48.00,32.70,17.40,27.7
2026/05/04 21:49:14.42,IMU,194.82,645.02,699.71,2.10,-1.91,-0.33,-47.70,34.50,16.95,27.5
2026/05/04 21:49:14.52,IMU,196.29,646.48,702.64,0.09,1.96,-0.37,-47.70,34.05,18.30,27.6
2026/05/04 21:49:14.62,IMU,189.45,660.64,712.40,-2.21,1.11,2.28,-48.90,34.05,18.00,27.5
2026/05/04 21:49:14.72,IMU,204.59,645.02,692.87,-1.60,3.44,-1.22,-48.15,32.25,16.95,27.9
2026/05/04 21:49:14.82,IMU,198.24,646.00,702.15,1.87,-3.05,1.03,-47.55,33.60,17.40,27.6
2026/05/04 21:49:14.92,IMU,188.96,649.90,698.24,-0.05,1.73,-1.92,-48.00,32.40,16.65,27.6
2026/05/04 21:49:15.02,IMU,196.29,652.83,702.15,0.37,-2.76,-1.66,-50.40,31.50,18.30,27.6
2026/05/04 21:49:15.12,IMU,203.13,646.48,714.36,-2.08,6.22,-0.46,-46.65,33.00,17.25,27.6
2026/05/04 21:49:15.22,IMU,187.99,654.79,724.61,-0.98,3.01,-2.53,-47.10,34.50,17.25,27.5
2026/05/04 21:49:15.33,IMU,210.94,662.60,718.75,3.74,-2.18,1.39,-47.40,33.30,18.30,27.7
2026/05/04 21:49:15.43,IMU,195.80,640.63,696.29,1.11,-0.12,-0.09,-47.25,33.60,18.15,27.5
2026/05/04 21:49:15.53,IMU,187.01,648.44,717.29,1.45,2.21,5.95,-46.35,33.30,18.75,27.8
2026/05/04 21:49:15.63,IMU,190.92,653.32,714.84,-0.25,5.29,-2.31,-47.25,33.15,18.45,27.8
2026/05/04 21:49:15.73,IMU,198.24,646.00,702.15,2.28,-0.26,-1.18,-48.45,33.75,17.55,27.8
2026/05/04 21:49:15.83,IMU,206.54,654.79,709.96,0.63,1.35,1.97,-46.65,32.55,18.00,27.7
2026/05/04 21:49:15.93,IMU,183.11,665.53,708.98,3.58,-0.58,-0.11,-47.40,33.00,16.50,27.6
2026/05/04 21:49:16.03,IMU,187.99,657.23,697.27,1.85,-4.23,-0.63,-50.85,30.90,21.75,27.5
2026/05/04 21:49:16.13,IMU,186.52,667.97,715.33,0.82,-3.53,3.05,-47.40,33.75,16.50,27.8
2026/05/04 21:49:16.23,IMU,177.25,648.44,700.20,0.85,-0.87,-1.24,-46.80,34.35,17.10,27.6
2026/05/04 21:49:16.33,IMU,196.78,666.50,688.48,3.10,-2.27,1.56,-46.80,33.60,17.10,27.8
2026/05/04 21:49:16.43,IMU,185.55,655.27,714.36,3.18,-1.11,2.14,-48.30,34.65,17.10,27.6
2026/05/04 21:49:16.53,IMU,191.89,671.88,720.70,-0.73,2.83,0.20,-46.05,35.10,17.40,27.7
2026/05/04 21:49:16.63,IMU,177.73,657.71,716.80,0.63,-1.18,-0.57,-47.55,33.90,17.10,27.6
2026/05/04 21:49:16.73,IMU,188.48,668.46,674.80,-0.13,-0.12,-0.66,-48.15,34.05,18.00,27.9
2026/05/04 21:49:16.85,IMU,181.15,671.39,746.09,2.01,-5.48,-0.51,-49.35,34.65,17.85,27.8
2026/05/04 21:49:16.95,IMU,192.87,667.48,670.41,0.93,0.76,0.10,-48.00,34.65,18.45,27.8
2026/05/04 21:49:17.05,IMU,180.18,653.81,709.47,-0.73,1.27,-2.40,-50.85,32.70,21.45,27.5
2026/05/04 21:49:17.15,IMU,189.94,656.74,696.29,0.76,-4.63,-3.91,-47.25,35.10,16.35,27.7
2026/05/04 21:49:17.25,IMU,186.04,673.83,722.66,-2.12,1.02,-1.61,-46.80,34.35,18.45,27.8
2026/05/04 21:49:17.35,IMU,202.15,672.36,677.73,0.79,-3.43,0.97,-46.50,34.35,18.45,27.9
2026/05/04 21:49:17.45,IMU,178.71,668.95,710.94,1.69,0.55,-2.48,-46.65,34.50,16.95,27.9
2026/05/04 21:49:17.55,IMU,181.15,662.11,698.73,0.56,-0.67,-0.16,-48.45,33.30,16.95,27.7
2026/05/04 21:49:17.65,IMU,173.83,660.16,705.57,-2.77,3.11,-3.29,-46.80,35.10,18.90,27.3
2026/05/04 21:49:17.75,IMU,174.32,650.88,704.10,0.93,0.28,-1.55,-48.45,34.05,17.55,27.6
2026/05/04 21:49:17.85,IMU,177.73,667.48,716.31,0.76,0.08,-0.33,-47.70,34.80,17.55,27.8
2026/05/04 21:49:17.95,IMU,171.88,656.25,708.50,1.21,0.20,-3.36,-46.80,33.60,18.45,27.8
2026/05/04 21:49:18.06,IMU,168.95,669.92,715.82,-2.09,0.46,-0.30,-51.60,31.95,22.05,27.6
2026/05/04 21:49:18.16,IMU,178.71,656.74,698.73,1.94,1.25,1.40,-48.90,34.50,15.75,27.6
2026/05/04 21:49:18.26,IMU,189.45,670.90,656.74,-0.43,0.68,-1.02,-48.00,35.10,17.85,27.3
2026/05/04 21:49:18.36,IMU,189.94,679.20,700.20,0.82,-0.49,2.76,-47.10,35.55,18.00,27.5
2026/05/04 21:49:18.46,IMU,185.06,673.83,706.05,0.35,0.21,-1.85,-47.70,35.25,17.25,27.9
2026/05/04 21:49:18.56,IMU,177.73,666.50,681.15,-0.08,5.38,0.35,-45.00,35.85,17.85,27.6
2026/05/04 21:49:18.66,IMU,178.22,666.99,676.27,-1.82,-1.63,-1.51,-47.25,36.60,17.85,27.5
2026/05/04 21:49:18.77,IMU,182.62,659.67,700.68,0.01,1.17,-1.85,-46.80,34.35,17.10,27.6
2026/05/04 21:49:18.87,IMU,181.64,674.32,679.69,2.82,1.53,-1.53,-46.65,33.75,18.30,27.8
2026/05/04 21:49:18.97,IMU,172.36,664.06,703.61,0.31,-0.33,-1.85,-45.90,36.45,17.25,27.8
2026/05/04 21:49:19.07,IMU,190.43,680.18,686.04,-0.39,0.99,-1.25,-47.40,36.00,18.00,27.8
2026/05/04 21:49:19.17,IMU,196.78,653.32,678.71,2.15,0.26,-0.34,-47.40,34.80,16.95,27.6
2026/05/04 21:49:19.27,IMU,170.41,659.67,697.75,0.94,-0.36,-0.50,-47.40,34.05,17.55,27.7
2026/05/04 21:49:19.37,IMU,180.66,665.53,696.29,1.01,0.37,3.08,-46.80,34.65,18.45,27.6
2026/05/04 21:49:19.47,IMU,178.22,671.39,699.71,-0.40,-0.73,0.04,-47.25,33.60,17.40,27.5
2026/05/04 21:49:19.57,IMU,188.96,671.39,683.11,-0.73,-1.03,2.31,-47.70,35.25,16.95,27.3
2026/05/04 21:49:19.67,IMU,188.48,664.06,688.96,0.98,1.69,-0.94,-47.10,33.30,18.00,27.6
2026/05/04 21:49:19.77,IMU,181.15,670.41,684.57,0.11,-0.28,-3.05,-46.50,36.60,17.10,27.5
2026/05/04 21:49:19.87,IMU,166.02,665.04,702.15,1.24,-0.31,-0.01,-45.75,35.40,17.85,27.6
2026/05/04 21:49:19.97,IMU,174.80,674.80,696.78,-1.76,2.65,1.32,-47.10,34.05,19.05,27.5
2026/05/04 21:49:20.07,IMU,177.73,661.62,689.45,2.98,-1.30,1.92,-46.80,34.65,18.45,27.7
2026/05/04 21:49:20.17,IMU,184.57,675.29,701.17,1.12,1.79,1.39,-48.00,36.15,17.10,27.8
2026/05/04 21:49:20.27,IMU,173.83,667.48,697.75,2.07,-3.37,0.27,-47.55,34.65,17.85,27.8
2026/05/04 21:49:20.37,IMU,189.45,670.41,695.31,-0.88,-0.18,-0.79,-47.55,33.90,17.40,27.6
2026/05/04 21:49:20.47,IMU,181.15,678.71,693.85,-0.57,0.76,-5.04,-46.80,35.10,17.10,27.7
2026/05/04 21:49:20.57,IMU,178.22,676.27,717.77,-0.05,2.85,0.09,-48.30,34.65,16.65,27.6
2026/05/04 21:49:20.67,IMU,175.78,671.88,690.92,1.93,-0.27,-0.29,-48.15,36.00,17.55,27.6
2026/05/04 21:49:20.77,IMU,184.57,650.39,690.43,2.27,0.62,0.47,-47.55,35.10,17.85,27.9
2026/05/04 21:49:20.87,IMU,174.80,695.80,706.54,1.87,1.79,-2.44,-48.15,34.50,15.45,27.8
2026/05/04 21:49:20.99,IMU,173.34,666.50,681.64,-0.33,-1.37,-0.92,-47.40,36.00,17.25,27.8
2026/05/04 21:49:21.09,IMU,199.71,672.36,681.64,2.79,-1.33,-2.39,-47.40,33.30,16.95,27.5
2026/05/04 21:49:21.19,IMU,166.50,660.64,677.25,1.63,-2.53,-1.04,-46.35,36.45,17.25,27.7
2026/05/04 21:49:21.29,IMU,167.97,659.67,685.06,-0.50,-1.32,1.10,-48.00,35.40,19.20,27.6
2026/05/04 21:49:21.39,IMU,198.24,670.90,700.68,3.79,-3.19,3.20,-47.40,34.80,18.30,27.7
2026/05/04 21:49:21.49,IMU,172.36,656.25,688.96,0.95,-1.38,-0.02,-46.05,35.40,18.45,27.9
2026/05/04 21:49:21.59,IMU,167.97,688.96,715.82,0.47,-0.57,1.58,-46.65,36.45,15.75,27.7
2026/05/04 21:49:21.69,IMU,204.10,678.71,682.13,0.49,1.11,0.99,-48.75,34.35,17.85,27.9
2026/05/04 21:49:21.79,IMU,156.74,662.11,687.50,-0.93,-2.01,2.21,-47.40,34.50,16.20,27.5
2026/05/04 21:49:21.89,IMU,201.17,673.83,689.94,2.76,-4.25,1.27,-46.50,36.15,16.65,27.8
2026/05/04 21:49:21.99,IMU,173.34,674.32,691.89,-2.29,1.48,-0.69,-47.10,36.45,17.55,27.6
2026/05/04 21:49:22.09,IMU,170.90,673.34,687.99,0.89,-3.24,0.26,-46.65,35.25,16.95,27.9
2026/05/04 21:49:22.19,IMU,177.73,674.32,666.02,2.55,-3.34,3.52,-46.80,35.40,17.10,27.7
2026/05/04 21:49:22.29,IMU,167.97,706.54,744.63,-3.27,-0.32,-4.82,-46.65,34.80,18.00,27.6
2026/05/04 21:49:22.39,IMU,181.64,639.65,648.44,-10.92,8.67,-10.28,-48.15,35.55,18.00,27.5
2026/05/04 21:49:22.49,IMU,185.55,701.66,666.02,5.34,-3.87,-3.40,-46.65,35.25,16.95,27.9
2026/05/04 21:49:22.59,IMU,172.36,714.84,730.47,-3.27,-1.17,1.69,-47.40,35.55,16.50,27.6
2026/05/04 21:49:22.69,IMU,194.82,680.66,641.11,0.30,4.92,-1.15,-47.10,36.45,16.50,27.6
2026/05/04 21:49:22.81,IMU,207.52,705.57,640.63,4.05,-1.42,-0.75,-47.70,35.25,16.20,27.8
2026/05/04 21:49:22.91,IMU,196.29,693.36,688.96,-0.85,3.95,0.48,-48.75,35.40,17.10,27.6
2026/05/04 21:49:23.01,IMU,167.48,698.24,694.34,-3.82,5.26,-0.85,-48.45,35.25,16.95,27.8
2026/05/04 21:49:23.11,IMU,170.41,674.80,671.39,0.23,-4.83,1.40,-47.25,36.15,16.35,28.0
2026/05/04 21:49:23.21,IMU,191.89,677.25,689.45,2.05,-1.94,0.76,-48.00,35.10,18.15,27.7
2026/05/04 21:49:23.31,IMU,188.48,704.59,704.59,0.12,1.77,-3.47,-48.45,35.55,15.75,27.9
2026/05/04 21:49:23.41,IMU,192.87,688.48,667.48,1.66,-0.79,1.11,-48.00,35.40,17.85,27.6
2026/05/04 21:49:23.51,IMU,196.29,695.31,704.59,1.31,1.43,-1.76,-49.05,35.85,15.60,27.8
2026/05/04 21:49:23.61,IMU,194.82,682.62,663.09,-2.37,0.15,-4.54,-48.45,35.55,16.50,27.8
2026/05/04 21:49:23.71,IMU,194.82,704.10,650.88,1.88,3.74,-0.89,-47.55,36.15,16.35,27.8
2026/05/04 21:49:23.81,IMU,182.62,688.48,689.94,-4.71,2.80,-0.53,-47.40,36.00,16.50,27.6
2026/05/04 21:49:23.92,IMU,183.59,674.80,689.45,-2.65,2.64,2.77,-47.25,35.40,15.30,27.9
2026/05/04 21:49:24.02,IMU,171.88,675.78,688.48,-2.38,0.58,-0.06,-47.10,38.25,16.50,27.9
2026/05/04 21:49:24.12,IMU,171.88,686.04,674.32,-2.14,-0.86,0.89,-47.25,36.60,16.65,27.8
2026/05/04 21:49:24.22,IMU,190.92,679.20,688.96,3.47,-3.27,2.24,-49.05,36.90,17.10,27.8
2026/05/04 21:49:24.32,IMU,186.52,686.52,690.43,-0.34,-5.08,-1.95,-47.70,34.50,16.50,27.8
2026/05/04 21:49:24.42,IMU,197.27,681.15,707.52,2.15,-2.96,2.37,-48.00,35.40,16.35,27.8
2026/05/04 21:49:24.52,IMU,208.50,700.20,645.51,-2.61,-0.17,2.48,-48.00,36.15,17.10,27.9
2026/05/04 21:49:24.62,IMU,188.48,646.48,690.43,0.33,-6.60,1.66,-49.95,35.55,16.50,27.8
2026/05/04 21:49:24.72,IMU,214.36,664.06,667.97,-1.11,-13.97,2.57,-47.70,34.80,15.75,28.0
2026/05/04 21:49:24.82,IMU,228.03,686.04,681.15,-2.10,-10.30,-1.66,-49.65,36.45,16.95,27.6
2026/05/04 21:49:24.92,IMU,255.37,670.41,647.95,0.93,-10.19,-1.24,-50.10,35.85,15.30,27.8
2026/05/04 21:49:25.02,IMU,243.16,664.55,663.09,-1.34,-0.84,-3.67,-49.20,34.80,15.15,27.7
2026/05/04 21:49:25.12,IMU,226.56,655.76,664.55,-0.67,-2.79,-3.19,-49.35,35.40,14.55,27.9
2026/05/04 21:49:25.22,IMU,239.26,658.69,706.05,2.50,-3.41,2.28,-53.10,34.35,17.85,27.8
2026/05/04 21:49:25.32,IMU,247.07,654.30,658.69,-0.44,-4.67,-2.33,-50.40,35.25,15.45,28.1
2026/05/04 21:49:25.42,IMU,227.05,671.88,721.68,1.08,2.14,4.44,-49.35,33.90,14.25,27.9
2026/05/04 21:49:25.52,IMU,241.70,679.69,653.81,-0.56,1.31,-0.86,-48.75,36.90,16.35,28.0
2026/05/04 21:49:25.62,IMU,240.23,660.64,666.50,1.03,1.11,2.05,-48.45,35.55,15.75,27.8
2026/05/04 21:49:25.72,IMU,246.09,673.34,684.57,-0.60,0.62,0.35,-48.30,35.85,15.30,28.0
2026/05/04 21:49:25.82,IMU,219.24,669.92,680.66,2.39,2.03,1.30,-50.10,34.65,14.55,27.8
2026/05/04 21:49:25.92,IMU,248.54,671.88,647.46,0.19,-3.25,-0.15,-49.05,35.85,14.55,27.8
2026/05/04 21:49:26.02,IMU,230.96,674.80,675.29,0.92,0.82,0.27,-50.55,34.65,15.30,27.7
2026/05/04 21:49:26.12,IMU,230.96,676.76,668.46,1.98,-0.44,0.07,-49.65,34.80,15.75,27.9
2026/05/04 21:49:26.22,IMU,224.61,688.96,674.32,0.76,-1.08,2.17,-50.55,34.65,17.85,27.8
2026/05/04 21:49:26.32,IMU,221.19,681.64,693.36,-1.59,2.79,1.07,-48.75,34.65,14.85,27.8
2026/05/04 21:49:26.42,IMU,234.38,674.80,680.66,2.55,0.05,0.51,-49.95,36.00,16.20,28.0
2026/05/04 21:49:26.52,IMU,223.63,674.32,688.96,-1.05,-2.21,0.52,-49.05,35.85,16.05,27.6
2026/05/04 21:49:26.62,IMU,234.86,586.43,550.78,38.32,-38.49,11.83,-49.35,36.60,15.30,27.9
2026/05/04 21:49:26.72,IMU,245.61,872.07,724.61,3.56,-7.61,1.50,-48.90,35.55,15.75,27.7
2026/05/04 21:49:26.82,IMU,222.17,641.60,609.38,-1.36,4.14,-2.38,-49.35,37.35,16.05,27.9
2026/05/04 21:49:26.94,IMU,198.73,695.31,674.80,0.24,-4.30,-0.93,-49.05,35.40,14.85,27.9
2026/05/04 21:49:27.04,IMU,238.77,687.99,640.63,0.08,5.37,1.28,-49.35,36.90,15.60,27.8
2026/05/04 21:49:27.14,IMU,224.61,682.62,648.93,-1.27,6.58,5.56,-47.25,35.85,16.35,28.0
2026/05/04 21:49:27.24,IMU,215.82,701.66,680.66,0.63,-0.84,2.08,-52.95,33.30,19.35,27.8
2026/05/04 21:49:27.34,IMU,235.84,684.08,667.48,-1.72,-2.66,2.82,-49.35,35.85,14.25,27.7
2026/05/04 21:49:27.44,IMU,220.21,689.94,647.95,-2.59,3.65,-3.40,-50.40,35.55,15.75,27.8
2026/05/04 21:49:27.54,IMU,226.56,685.06,653.32,-0.11,-0.22,-0.53,-48.45,36.00,15.15,27.8
2026/05/04 21:49:27.64,IMU,210.94,685.06,688.96,0.08,-0.10,-0.44,-49.65,35.55,15.45,27.7
2026/05/04 21:49:27.74,IMU,217.29,695.31,656.25,-0.01,0.59,1.31,-49.65,35.55,15.15,27.8
2026/05/04 21:49:27.84,IMU,219.24,692.87,662.60,-0.04,3.23,-1.93,-48.30,35.40,14.85,27.8
2026/05/04 21:49:27.94,IMU,218.26,686.04,662.60,-1.57,1.88,-2.05,-49.95,36.75,14.70,27.8
2026/05/04 21:49:28.04,IMU,217.29,699.22,665.04,-0.75,-0.90,2.15,-49.05,34.35,15.30,27.8
2026/05/04 21:49:28.14,IMU,224.12,690.43,663.57,-1.76,4.15,0.74,-49.65,36.00,16.95,28.0
2026/05/04 21:49:28.25,IMU,215.82,687.99,663.57,0.62,0.18,-2.15,-49.65,34.80,16.20,27.6
2026/05/04 21:49:28.35,IMU,224.61,688.48,665.04,0.24,1.23,0.44,-48.75,36.60,16.35,28.0
2026/05/04 21:49:28.45,IMU,212.40,679.69,652.83,2.43,-3.63,4.61,-48.90,35.25,16.20,28.0
2026/05/04 21:49:28.55,IMU,223.63,666.99,668.95,0.87,5.87,-0.98,-50.40,36.45,16.50,27.8
2026/05/04 21:49:28.65,IMU,214.84,691.41,663.09,-0.03,-2.26,0.44,-49.95,35.55,16.20,27.7
2026/05/04 21:49:28.75,IMU,219.24,686.52,668.46,1.18,-1.03,-1.33,-48.75,35.85,14.55,27.8
2026/05/04 21:49:28.85,IMU,219.24,687.99,675.29,0.04,2.37,3.27,-49.65,35.55,15.45,27.9
2026/05/04 21:49:28.96,IMU,220.70,687.99,667.97,0.27,1.61,-2.40,-49.65,35.55,15.45,28.0
2026/05/04 21:49:29.06,IMU,231.45,681.15,662.60,1.58,-1.56,3.76,-49.05,34.65,14.85,27.8
2026/05/04 21:49:29.16,IMU,229.98,688.96,663.09,-1.65,-1.02,-0.71,-47.70,36.45,15.15,27.8
2026/05/04 21:49:29.26,IMU,227.05,673.83,663.57,-2.16,3.00,1.66,-49.05,36.15,15.30,27.8
2026/05/04 21:49:29.36,IMU,218.26,686.52,691.89,-3.22,0.51,2.08,-48.00,36.60,15.60,28.1
2026/05/04 21:49:29.46,IMU,221.19,674.80,675.29,-0.28,1.10,-0.54,-48.75,35.85,15.30,27.7
2026/05/04 21:49:29.56,IMU,209.96,681.64,671.88,-2.95,1.28,-1.04,-49.65,34.50,15.15,27.9
2026/05/04 21:49:29.66,IMU,224.12,668.95,675.78,0.87,-2.85,2.46,-48.90,34.80,16.50,27.9
2026/05/04 21:49:29.76,IMU,220.21,685.55,665.53,-2.00,1.25,1.93,-48.75,35.10,14.85,27.9
2026/05/04 21:49:29.86,IMU,240.23,677.73,660.16,0.85,-0.31,3.17,-48.90,36.45,16.50,28.0
2026/05/04 21:49:29.96,IMU,177.25,697.75,685.55,-2.68,6.19,-2.98,-49.20,35.25,16.50,28.0
2026/05/04 21:49:30.06,IMU,217.77,705.08,679.20,3.25,-6.95,-4.90,-50.10,36.15,15.60,28.0
2026/05/04 21:49:30.16,IMU,284.18,640.63,637.21,-1.50,2.24,-2.33,-48.90,35.55,15.15,28.0
2026/05/04 21:49:30.26,IMU,193.36,719.24,700.68,-0.69,6.77,-1.76,-49.80,36.60,15.60,28.0
2026/05/04 21:49:30.36,IMU,206.54,671.88,646.48,2.47,-0.04,2.37,-49.05,35.40,16.65,27.7
2026/05/04 21:49:30.46,IMU,199.71,680.66,679.20,1.66,1.34,1.21,-47.55,36.90,16.65,27.8
2026/05/04 21:49:30.56,IMU,222.17,671.88,665.04,1.48,-3.35,4.27,-47.70,37.20,15.45,28.0
2026/05/04 21:49:30.66,IMU,205.57,697.75,681.64,0.61,1.89,2.60,-48.30,37.35,15.60,27.9
2026/05/04 21:49:30.76,IMU,221.19,682.62,659.18,1.47,-0.69,-0.20,-48.15,36.45,16.20,27.9
2026/05/04 21:49:30.86,IMU,214.36,696.29,677.73,0.91,1.93,0.10,-49.20,36.00,15.45,27.8
2026/05/04 21:49:30.96,IMU,226.07,692.38,663.57,-0.91,-0.76,0.96,-49.20,35.25,15.45,27.8
2026/05/04 21:49:31.06,IMU,208.50,684.08,663.09,1.43,0.07,-2.11,-49.35,36.15,14.85,28.1
2026/05/04 21:49:31.16,IMU,231.45,699.22,672.85,1.19,0.68,1.83,-48.45,37.20,16.50,28.0
2026/05/04 21:49:31.26,IMU,218.75,688.48,636.72,1.57,1.40,-0.94,-49.65,35.55,15.15,28.0
2026/05/04 21:49:31.36,IMU,193.85,674.80,683.11,-0.26,-2.47,1.46,-48.30,35.85,15.30,27.8
2026/05/04 21:49:31.46,IMU,237.79,689.45,658.20,2.61,-6.08,-0.08,-48.00,34.65,14.25,28.0
2026/05/04 21:49:31.56,IMU,201.17,674.32,702.64,-2.82,0.22,0.89,-50.10,36.60,16.05,28.0
2026/05/04 21:49:31.66,IMU,187.50,701.17,680.18,3.12,-3.87,-2.00,-48.30,36.60,14.55,28.1
2026/05/04 21:49:31.77,IMU,238.77,673.83,655.27,-0.80,0.59,2.05,-49.20,36.00,15.45,27.8
2026/05/04 21:49:31.87,IMU,208.98,675.78,683.59,-2.76,4.68,1.14,-49.20,36.45,15.75,27.8
2026/05/04 21:49:31.97,IMU,210.45,680.18,659.67,-0.01,-3.21,-1.21,-49.05,36.60,14.85,27.9
2026/05/04 21:49:32.07,IMU,233.89,683.11,654.79,-3.77,-3.15,0.48,-49.95,37.20,15.45,28.0
2026/05/04 21:49:32.17,IMU,210.94,680.66,654.79,2.44,-0.88,0.25,-49.95,35.55,15.15,27.9
2026/05/04 21:49:32.27,IMU,219.73,689.94,671.39,-1.09,6.05,5.05,-48.30,36.15,14.55,28.0
2026/05/04 21:49:32.37,IMU,244.14,675.29,646.48,1.14,0.04,1.21,-49.05,36.15,15.30,27.6
2026/05/04 21:49:32.47,IMU,204.59,677.25,662.11,-0.25,-1.37,-2.02,-50.85,36.90,14.25,28.0
2026/05/04 21:49:32.57,IMU,219.73,684.08,676.27,2.02,1.06,-6.22,-49.80,36.15,15.60,28.3
2026/05/04 21:49:32.67,IMU,279.79,681.64,614.75,18.28,-33.69,10.35,-50.40,36.75,15.15,28.0
2026/05/04 21:49:32.77,IMU,221.19,666.02,620.61,-9.24,15.64,-7.18,-50.40,36.00,13.95,27.9
2026/05/04 21:49:32.88,IMU,222.66,712.89,751.95,0.24,3.44,0.98,-49.05,36.15,15.30,28.0
2026/05/04 21:49:32.98,IMU,231.93,677.73,671.39,1.21,0.92,2.36,-49.65,36.00,14.70,28.1
2026/05/04 21:49:33.08,IMU,203.61,689.45,687.99,-0.70,-4.24,-0.07,-47.40,36.45,15.15,28.0
2026/05/04 21:49:33.18,IMU,219.73,690.43,662.60,-1.15,-3.93,0.33,-49.95,36.75,15.75,28.2
2026/05/04 21:49:33.28,IMU,232.42,686.52,659.18,-0.08,1.08,-0.08,-49.95,36.00,15.75,27.9
2026/05/04 21:49:33.38,IMU,209.96,673.83,681.64,3.02,-1.01,-1.37,-50.40,37.20,17.85,28.0
2026/05/04 21:49:33.48,IMU,230.96,679.69,686.04,0.45,-1.40,-0.11,-49.80,33.90,15.30,28.0
2026/05/04 21:49:33.58,IMU,244.14,710.45,660.16,1.11,0.99,11.31,-49.20,35.25,15.45,27.9
2026/05/04 21:49:33.68,IMU,252.44,670.90,666.50,-1.30,7.08,-4.03,-49.65,36.45,14.70,28.1
2026/05/04 21:49:33.78,IMU,232.91,688.96,696.78,-1.31,1.76,-2.79,-49.95,35.55,15.75,28.1
2026/05/04 21:49:33.88,IMU,223.14,683.11,678.22,-1.37,6.69,-1.40,-48.75,36.60,14.55,28.0
2026/05/04 21:49:33.98,IMU,228.52,718.26,687.50,-1.63,0.76,-1.88,-49.80,37.35,14.55,27.9
2026/05/04 21:49:34.08,IMU,258.79,699.22,617.19,-0.02,-1.73,-1.21,-48.75,35.40,17.40,28.0
2026/05/04 21:49:34.18,IMU,245.61,705.08,686.52,0.58,3.47,2.27,-50.40,35.55,14.70,28.4
2026/05/04 21:49:34.28,IMU,206.54,661.13,688.48,-3.44,6.34,1.96,-49.05,35.40,16.65,27.9
2026/05/04 21:49:34.38,IMU,212.89,691.89,641.11,-8.23,3.06,-1.15,-50.70,34.05,20.10,28.3
2026/05/04 21:49:34.48,IMU,203.61,665.53,674.32,2.16,-1.80,-4.18,-48.90,36.00,18.30,27.9
2026/05/04 21:49:34.58,IMU,228.03,687.01,675.29,1.21,2.34,-2.91,-48.45,34.50,15.15,28.4
2026/05/04 21:49:34.68,IMU,209.47,683.11,686.04,0.56,1.82,0.88,-48.00,35.40,17.40,28.1
2026/05/04 21:49:34.78,IMU,228.03,665.04,687.01,-1.09,2.20,0.83,-48.75,34.65,15.60,28.2
2026/05/04 21:49:34.89,IMU,185.06,682.62,714.84,1.45,5.44,-1.23,-48.15,33.75,17.25,28.0
2026/05/04 21:49:34.99,IMU,203.13,666.50,669.43,-2.56,-4.61,-3.61,-48.30,35.10,16.05,28.1
2026/05/04 21:49:35.09,IMU,218.26,689.94,692.38,-0.98,1.27,-2.11,-48.75,34.65,15.60,28.2
2026/05/04 21:49:35.19,IMU,226.56,698.73,682.13,-0.11,-3.73,2.17,-47.55,35.40,16.05,28.2
2026/05/04 21:49:35.29,IMU,192.87,687.01,675.78,1.66,1.05,-3.84,-48.45,35.25,16.50,28.0
2026/05/04 21:49:35.40,IMU,209.47,694.82,662.11,-2.68,1.55,0.92,-52.20,33.30,20.85,28.2
2026/05/04 21:49:35.50,IMU,206.54,677.25,664.06,0.99,0.40,-3.66,-47.70,35.25,15.15,28.0
2026/05/04 21:49:35.60,IMU,175.29,664.06,687.50,0.08,-4.23,0.19,-46.65,35.55,16.20,28.0
2026/05/04 21:49:35.70,IMU,230.96,698.24,671.88,-1.38,-0.80,-3.25,-48.00,35.85,17.40,28.1
2026/05/04 21:49:35.80,IMU,199.22,674.80,680.66,2.03,1.08,2.27,-48.45,35.25,15.75,28.4
2026/05/04 21:49:35.90,IMU,168.46,706.05,707.03,0.40,-8.15,3.28,-48.00,35.10,16.65,28.3
2026/05/04 21:49:36.00,IMU,193.36,699.22,734.38,-12.43,-1.24,-0.52,-49.35,36.15,17.40,28.1
2026/05/04 21:49:36.10,IMU,248.54,576.66,617.19,0.94,-6.38,6.11,-48.15,33.75,15.45,28.0
2026/05/04 21:49:36.20,IMU,225.59,711.43,703.61,11.26,0.01,-7.94,-49.35,35.40,16.65,28.3
2026/05/04 21:49:36.30,IMU,207.52,651.37,698.24,5.63,-6.60,4.09,-48.15,36.45,15.15,28.2
2026/05/04 21:49:36.40,IMU,239.26,688.48,665.53,1.50,-0.27,-1.08,-48.30,35.10,15.60,28.3
2026/05/04 21:49:36.50,IMU,229.98,675.78,671.39,0.64,1.89,-2.66,-49.20,35.55,15.45,28.0
2026/05/04 21:49:36.60,IMU,206.54,663.57,696.29,0.03,5.97,-1.58,-48.75,35.10,16.35,28.2
2026/05/04 21:49:36.70,IMU,199.22,701.66,669.92,-2.19,4.14,-5.25,-49.35,35.40,16.05,27.8
2026/05/04 21:49:36.80,IMU,228.03,716.80,622.07,-3.02,1.63,-5.76,-48.45,36.45,16.50,28.3
2026/05/04 21:49:36.90,IMU,203.61,679.69,703.61,-0.95,2.44,-2.23,-48.30,36.15,16.05,28.2
2026/05/04 21:49:37.01,IMU,175.29,659.18,710.45,-1.44,2.05,0.07,-48.30,34.65,17.10,28.2
2026/05/04 21:49:37.11,IMU,169.92,660.16,673.83,-0.86,-1.34,-1.71,-49.20,37.50,16.95,27.9
2026/05/04 21:49:37.21,IMU,232.42,682.13,693.36,2.84,-4.04,0.27,-48.30,35.10,16.65,28.1
2026/05/04 21:49:37.31,IMU,193.36,682.62,692.38,-0.50,3.65,-2.34,-47.55,36.90,16.05,28.0
2026/05/04 21:49:37.41,IMU,181.15,683.11,681.15,-3.73,-3.35,-3.31,-49.35,35.85,16.05,28.3
2026/05/04 21:49:37.51,IMU,191.41,672.85,681.64,-2.63,1.45,-4.90,-48.30,36.60,17.40,28.3
2026/05/04 21:49:37.61,IMU,206.05,642.09,662.11,1.69,-8.67,4.80,-48.75,35.40,14.85,28.2
2026/05/04 21:49:37.71,IMU,182.62,687.99,696.78,0.27,6.73,1.11,-48.75,37.35,16.05,27.9
2026/05/04 21:49:37.81,IMU,171.88,657.23,679.69,-3.05,-3.44,-3.86,-48.15,36.00,15.45,28.2
2026/05/04 21:49:37.91,IMU,218.75,675.78,674.32,3.73,-6.03,-3.47,-49.35,35.85,16.35,28.0
2026/05/04 21:49:38.01,IMU,210.45,716.80,718.26,0.80,-4.15,-1.86,-47.70,37.20,15.15,28.2
2026/05/04 21:49:38.11,IMU,192.38,653.81,649.41,-3.20,-3.37,-1.98,-49.65,36.75,14.70,28.0
2026/05/04 21:49:38.21,IMU,215.33,658.69,667.97,-0.51,-6.55,-4.31,-49.95,37.20,14.70,28.1
2026/05/04 21:49:38.31,IMU,214.36,663.09,670.41,4.32,-0.78,-0.63,-49.35,36.60,13.80,28.0
2026/05/04 21:49:38.41,IMU,208.01,685.06,678.71,1.34,-1.50,-4.70,-49.95,37.20,13.95,27.9
2026/05/04 21:49:38.51,IMU,206.05,677.25,660.16,-0.09,-0.62,-3.26,-48.45,36.45,13.65,28.0
2026/05/04 21:49:38.61,IMU,187.01,744.14,740.72,2.49,-1.11,-1.34,-49.05,35.85,13.80,28.1
2026/05/04 21:49:38.71,IMU,214.36,624.02,645.51,0.00,-6.10,-1.41,-48.15,35.55,14.70,28.2
2026/05/04 21:49:38.83,IMU,201.66,678.71,676.27,1.77,2.91,-0.30,-49.20,37.20,13.65,28.2
2026/05/04 21:49:38.93,IMU,177.73,682.13,706.05,-0.02,-9.07,0.10,-49.80,36.60,14.25,27.9
2026/05/04 21:49:39.03,IMU,194.82,669.92,681.64,1.37,-3.90,-2.60,-48.45,38.70,15.15,28.1
2026/05/04 21:49:39.13,IMU,213.87,676.76,667.97,-0.11,3.84,2.00,-49.35,37.35,14.25,28.2
2026/05/04 21:49:39.23,IMU,167.48,678.22,700.20,-1.44,-1.56,-2.78,-48.75,36.90,14.55,28.2
2026/05/04 21:49:39.33,IMU,169.92,669.92,698.73,-0.85,0.19,-2.29,-49.05,37.35,14.55,28.1
2026/05/04 21:49:39.43,IMU,201.66,712.40,684.08,1.53,-1.19,1.24,-48.45,37.20,15.45,28.0
2026/05/04 21:49:39.53,IMU,185.06,710.94,706.05,-3.44,-3.56,-11.55,-50.40,37.95,13.95,28.0
2026/05/04 21:49:39.63,IMU,205.08,632.81,624.02,-3.42,-8.00,-5.00,-48.45,38.25,14.40,28.4
2026/05/04 21:49:39.73,IMU,189.94,688.48,698.24,-1.08,7.36,-2.13,-48.75,37.65,13.80,28.0
2026/05/04 21:49:39.83,IMU,170.90,656.25,699.22,2.72,-8.79,0.53,-49.65,37.50,13.65,28.1
2026/05/04 21:49:39.93,IMU,188.96,658.20,711.91,1.21,-3.58,-3.62,-49.80,37.65,13.05,28.0
2026/05/04 21:49:40.03,IMU,199.22,677.25,684.08,1.21,-2.04,-1.93,-48.45,38.70,13.65,28.0
2026/05/04 21:49:40.13,IMU,268.55,716.80,646.00,-0.41,-6.18,3.47,-49.80,38.10,12.45,28.0
2026/05/04 21:49:40.23,IMU,187.99,683.11,644.04,-1.52,-0.54,4.76,-50.70,38.70,12.90,28.0
2026/05/04 21:49:40.33,IMU,247.07,671.88,667.48,2.08,-1.88,-3.80,-49.95,38.25,13.65,27.8
2026/05/04 21:49:40.43,IMU,209.96,730.96,723.14,-4.08,9.32,-1.78,-50.85,38.85,14.25,28.3
2026/05/04 21:49:40.53,IMU,212.40,598.63,615.23,-3.05,-9.22,4.53,-49.95,38.70,13.35,28.0
2026/05/04 21:49:40.63,IMU,211.91,716.31,690.43,0.35,1.32,0.67,-50.55,37.65,12.75,28.2
2026/05/04 21:49:40.73,IMU,203.13,654.79,677.73,-1.15,1.18,2.13,-50.10,38.85,13.05,28.2
2026/05/04 21:49:40.83,IMU,225.59,687.50,668.95,-4.21,-7.65,-1.66,-49.95,37.20,13.65,28.2
2026/05/04 21:49:40.94,IMU,284.67,682.13,621.09,-1.21,1.08,-3.24,-50.85,38.40,13.05,27.9
2026/05/04 21:49:41.04,IMU,223.14,669.92,670.90,-0.63,2.12,1.85,-49.65,38.25,11.85,28.2
2026/05/04 21:49:41.14,IMU,185.06,728.03,735.84,4.22,2.53,1.54,-49.95,37.20,13.35,28.0
2026/05/04 21:49:41.24,IMU,234.86,666.50,619.14,3.32,-6.31,0.99,-50.55,37.65,13.50,28.0
2026/05/04 21:49:41.34,IMU,265.14,625.49,634.77,-3.18,-3.66,8.15,-49.95,39.45,11.85,28.2
2026/05/04 21:49:41.44,IMU,248.54,689.94,680.66,-0.98,-17.27,2.36,-51.00,37.20,11.85,28.4
2026/05/04 21:49:41.54,IMU,218.26,749.02,720.70,6.17,-10.76,2.21,-52.80,38.85,11.70,28.4
2026/05/04 21:49:41.64,IMU,311.04,613.77,515.14,1.66,-6.60,-4.47,-51.75,37.95,10.80,28.0
2026/05/04 21:49:41.74,IMU,398.44,687.01,563.96,1.51,13.34,-8.69,-52.50,37.95,10.05,28.0
2026/05/04 21:49:41.84,IMU,196.78,670.90,703.13,6.33,-11.24,17.81,-50.10,38.10,9.15,28.0
2026/05/04 21:49:41.94,IMU,242.68,702.15,642.58,13.70,-25.15,12.91,-52.50,38.70,9.60,28.2
2026/05/04 21:49:42.04,IMU,363.28,640.63,515.63,2.69,-24.75,-2.91,-53.40,37.35,8.10,28.4
2026/05/04 21:49:42.14,IMU,393.55,811.52,636.23,3.99,7.73,-3.99,-52.80,38.85,8.70,27.9
2026/05/04 21:49:42.24,IMU,301.27,729.98,616.70,-1.21,9.78,-9.46,-52.20,37.95,7.20,28.4
2026/05/04 21:49:42.34,IMU,320.31,683.11,527.34,-0.51,1.20,-4.26,-52.80,38.40,9.45,28.0
2026/05/04 21:49:42.44,IMU,307.62,707.52,583.50,-3.50,3.60,0.44,-53.10,40.05,7.65,28.4
2026/05/04 21:49:42.54,IMU,298.83,703.13,636.23,1.78,4.33,-3.28,-55.50,36.75,11.10,28.3
2026/05/04 21:49:42.64,IMU,274.41,723.63,584.96,-4.10,15.20,-2.73,-52.50,37.95,8.55,28.3
2026/05/04 21:49:42.74,IMU,277.83,696.78,641.60,-0.78,-1.47,1.85,-51.75,39.00,9.00,28.0
2026/05/04 21:49:42.84,IMU,262.21,692.38,607.42,3.82,-8.00,-0.54,-52.35,36.90,8.70,28.3
2026/05/04 21:49:42.96,IMU,337.40,736.82,574.71,0.65,-11.92,-3.21,-52.80,37.65,8.40,28.4
2026/05/04 21:49:43.06,IMU,348.63,736.33,561.04,0.89,-1.69,3.69,-53.10,38.40,7.65,28.0
2026/05/04 21:49:43.16,IMU,322.75,675.78,538.57,30.53,-13.85,25.09,-53.25,38.25,6.75,28.2
2026/05/04 21:49:43.26,IMU,327.64,727.54,609.86,-3.00,-4.40,-7.16,-52.95,39.00,6.45,28.3
2026/05/04 21:49:43.36,IMU,311.04,775.39,565.92,-3.32,-0.90,1.21,-55.05,40.50,7.50,28.3
2026/05/04 21:49:43.46,IMU,304.69,715.33,582.52,0.47,-4.97,4.53,-53.70,38.70,6.45,28.2
2026/05/04 21:49:43.56,IMU,353.52,762.21,568.36,-0.50,8.04,2.53,-57.30,37.20,10.35,28.0
2026/05/04 21:49:43.66,IMU,322.75,700.20,538.57,-0.92,7.89,-3.27,-54.60,38.40,6.30,28.4
2026/05/04 21:49:43.76,IMU,301.76,746.09,605.47,2.31,-1.42,2.64,-52.95,37.95,6.00,28.2
2026/05/04 21:49:43.86,IMU,323.24,729.49,545.41,-0.24,2.13,-0.64,-53.70,39.45,7.20,28.3
2026/05/04 21:49:43.96,IMU,318.36,754.88,586.91,-0.86,0.16,0.95,-53.10,38.85,6.60,28.4
2026/05/04 21:49:44.06,IMU,343.26,729.98,540.04,1.66,3.15,-0.41,-53.10,38.10,6.60,28.2
2026/05/04 21:49:44.16,IMU,312.99,713.87,518.55,4.44,11.59,11.47,-54.60,38.10,8.70,28.0
2026/05/04 21:49:44.26,IMU,320.80,724.12,599.61,-3.57,13.27,-4.95,-51.75,38.25,7.80,28.2
2026/05/04 21:49:44.36,IMU,296.39,701.17,556.15,-1.15,2.57,-5.58,-52.80,38.85,9.90,28.2
2026/05/04 21:49:44.46,IMU,267.58,734.86,595.70,-2.24,0.08,-3.92,-52.35,39.60,10.50,28.3
2026/05/04 21:49:44.57,IMU,311.04,733.40,565.43,0.72,-4.53,-1.49,-56.40,37.35,12.75,28.0
2026/05/04 21:49:44.67,IMU,257.81,715.33,583.98,4.99,0.19,3.50,-51.75,39.45,9.30,28.0
2026/05/04 21:49:44.77,IMU,278.81,729.00,582.52,1.48,-2.93,2.43,-52.20,38.25,9.00,28.0
2026/05/04 21:49:44.87,IMU,284.67,729.98,581.54,1.10,-5.29,-0.44,-52.95,38.25,7.80,28.2
2026/05/04 21:49:44.97,IMU,295.41,715.33,564.94,-0.82,0.13,-4.22,-52.20,38.25,9.30,28.1
2026/05/04 21:49:45.07,IMU,315.92,695.80,539.55,1.86,-8.09,2.71,-50.85,39.15,9.90,28.1
2026/05/04 21:49:45.17,IMU,242.19,740.23,646.00,-3.28,15.31,-6.85,-52.80,39.15,9.15,28.2
2026/05/04 21:49:45.27,IMU,281.74,772.95,569.82,0.18,-8.89,5.63,-52.05,39.15,9.90,28.2
2026/05/04 21:49:45.37,IMU,295.90,664.55,606.45,-9.66,1.64,5.22,-52.80,38.85,9.90,28.4
2026/05/04 21:49:45.47,IMU,312.50,732.42,514.65,7.09,-6.85,1.20,-52.20,37.20,8.25,28.1
2026/05/04 21:49:45.57,IMU,352.05,758.30,600.59,6.26,-0.78,5.82,-52.05,38.10,8.10,28.0
2026/05/04 21:49:45.67,IMU,291.50,698.24,600.10,-3.17,3.13,0.52,-53.10,38.40,9.15,28.2
2026/05/04 21:49:45.77,IMU,317.38,652.83,593.75,-2.11,4.59,-2.12,-52.95,38.25,8.55,28.4
2026/05/04 21:49:45.87,IMU,329.59,732.42,576.66,1.60,-6.69,-10.61,-52.50,37.50,9.60,28.2
2026/05/04 21:49:45.97,IMU,306.64,755.86,585.94,-3.89,-4.69,-4.95,-52.95,38.25,8.25,28.1
2026/05/04 21:49:46.07,IMU,348.14,798.83,493.16,2.51,-1.66,-3.81,-52.50,37.95,6.75,28.0
2026/05/04 21:49:46.17,IMU,315.92,723.63,606.45,3.98,1.02,-0.19,-53.70,38.70,8.25,28.3
2026/05/04 21:49:46.27,IMU,245.61,647.46,609.38,-1.47,-2.42,-0.53,-52.95,38.25,8.25,28.2
2026/05/04 21:49:46.37,IMU,329.59,783.20,584.96,0.16,-3.53,-5.18,-52.95,39.00,7.20,28.2
2026/05/04 21:49:46.47,IMU,320.31,694.34,574.71,-3.47,3.69,-1.24,-52.95,39.00,7.80,28.0
2026/05/04 21:49:46.57,IMU,275.88,647.46,538.09,-4.86,-0.25,-2.89,-52.95,39.00,8.25,28.2
2026/05/04 21:49:46.68,IMU,351.07,759.77,611.82,3.21,-0.73,-2.72,-52.80,38.40,6.30,27.9
2026/05/04 21:49:46.78,IMU,327.64,752.44,520.51,0.28,5.09,-0.83,-50.70,39.75,7.50,28.1
2026/05/04 21:49:46.88,IMU,272.46,669.92,607.91,-1.97,-2.38,3.59,-53.70,37.50,7.50,28.2
2026/05/04 21:49:46.98,IMU,295.90,671.88,605.47,-3.84,1.28,-7.62,-53.40,38.10,8.40,28.2
2026/05/04 21:49:47.08,IMU,301.76,748.05,617.68,1.24,5.47,-7.98,-51.75,39.45,6.45,28.0
2026/05/04 21:49:47.18,IMU,286.62,744.63,568.85,-5.47,-37.62,9.47,-53.40,36.90,6.90,28.0
2026/05/04 21:49:47.28,IMU,375.98,754.88,511.72,3.79,-16.23,10.18,-53.25,37.50,6.00,27.9
2026/05/04 21:49:47.38,IMU,364.75,660.64,617.68,1.66,15.94,-2.95,-53.70,39.00,6.00,28.2
2026/05/04 21:49:47.48,IMU,250.49,651.86,698.24,-1.43,0.63,10.11,-53.40,38.40,8.40,27.8
2026/05/04 21:49:47.58,IMU,283.69,691.89,646.00,-6.79,-6.86,-4.88,-54.00,38.70,8.55,28.2
2026/05/04 21:49:47.68,IMU,296.88,745.61,599.12,1.76,-5.81,-5.27,-54.00,37.50,7.20,28.0
2026/05/04 21:49:47.78,IMU,370.12,723.63,544.92,19.29,-4.36,-12.60,-54.45,39.45,7.20,28.0
2026/05/04 21:49:47.88,IMU,291.99,730.96,627.44,-9.51,8.36,-6.28,-52.50,40.20,7.80,27.9
2026/05/04 21:49:47.98,IMU,278.81,696.29,652.34,-13.79,6.00,-3.16,-53.10,38.85,8.10,28.4
2026/05/04 21:49:48.08,IMU,248.54,615.72,632.81,-9.54,4.07,-0.70,-53.10,39.60,8.40,28.0
2026/05/04 21:49:48.18,IMU,235.84,667.48,681.64,1.42,1.51,-12.09,-51.75,40.20,9.00,28.2
2026/05/04 21:49:48.28,IMU,155.27,693.36,672.85,-10.50,-8.89,-19.69,-51.00,39.00,9.60,28.1
2026/05/04 21:49:48.38,IMU,271.97,667.48,647.46,-4.64,-18.25,-16.82,-52.95,40.95,9.00,28.0
2026/05/04 21:49:48.48,IMU,259.28,731.93,587.40,5.53,-11.88,-8.57,-51.60,42.30,6.60,28.2
2026/05/04 21:49:48.58,IMU,272.46,753.42,592.77,9.12,5.82,-5.01,-51.45,43.20,5.40,28.1
2026/05/04 21:49:48.68,IMU,190.43,723.14,623.54,14.32,4.85,13.70,-51.75,42.90,4.20,28.4
2026/05/04 21:49:48.78,IMU,280.76,753.42,537.60,11.83,-6.16,17.14,-53.10,41.85,3.30,28.0
2026/05/04 21:49:48.90,IMU,273.44,735.35,590.33,-5.05,11.20,10.68,-53.10,39.60,5.10,28.2
2026/05/04 21:49:49.00,IMU,252.93,724.61,611.82,1.03,-3.24,-7.74,-53.70,41.25,6.75,28.3
2026/05/04 21:49:49.10,IMU,284.18,735.35,595.70,-5.66,-2.36,-6.27,-53.10,42.30,5.55,28.2
2026/05/04 21:49:49.20,IMU,260.74,707.03,626.46,-5.67,0.46,-1.19,-53.25,42.45,6.00,28.1
2026/05/04 21:49:49.30,IMU,267.58,721.68,595.70,2.64,2.60,-3.40,-53.70,41.70,5.70,28.0
2026/05/04 21:49:49.40,IMU,285.64,737.30,592.77,4.69,-1.87,-4.08,-52.80,43.05,4.80,28.2
2026/05/04 21:49:49.50,IMU,284.18,723.63,617.68,2.33,-3.87,-0.91,-51.75,42.90,5.40,28.4
2026/05/04 21:49:49.60,IMU,256.84,704.59,587.89,2.35,2.66,3.67,-53.40,40.80,5.55,28.0
2026/05/04 21:49:49.70,IMU,252.93,750.98,604.49,2.10,0.05,1.11,-52.50,41.70,4.20,28.0
2026/05/04 21:49:49.80,IMU,251.95,718.75,593.26,0.05,-3.89,0.75,-52.95,43.20,5.40,28.2
2026/05/04 21:49:49.90,IMU,316.41,727.54,576.17,3.75,-0.63,-1.79,-52.20,42.45,4.95,28.0
2026/05/04 21:49:50.00,IMU,274.41,717.29,563.96,0.47,2.35,0.44,-52.50,42.00,5.70,28.1
2026/05/04 21:49:50.10,IMU,267.58,732.91,615.23,-1.58,2.92,-1.69,-53.40,42.60,5.55,28.3
2026/05/04 21:49:50.20,IMU,266.11,729.98,578.13,1.87,-6.10,3.39,-52.80,41.10,5.55,28.4
2026/05/04 21:49:50.30,IMU,295.90,744.63,586.91,1.53,-3.08,4.24,-53.10,41.85,5.55,28.2
2026/05/04 21:49:50.40,IMU,274.41,737.30,586.91,3.68,1.79,0.31,-53.25,41.70,3.90,28.0
2026/05/04 21:49:50.51,IMU,307.62,739.75,562.99,3.16,37.92,-0.63,-54.00,40.50,4.65,28.1
2026/05/04 21:49:50.61,IMU,255.86,726.56,628.42,-4.74,2.08,-1.93,-53.70,42.45,4.20,28.2
2026/05/04 21:49:50.71,IMU,297.85,731.93,582.52,0.60,1.31,-3.02,-52.50,40.95,5.70,28.4
2026/05/04 21:49:50.81,IMU,277.83,719.24,572.75,-0.71,1.51,-2.08,-53.10,41.55,6.60,28.0
2026/05/04 21:49:50.91,IMU,279.30,726.56,586.43,0.24,2.27,0.26,-53.10,43.05,5.55,28.2
2026/05/04 21:49:51.01,IMU,276.86,715.82,567.38,-1.20,3.57,-1.18,-53.25,41.25,5.70,28.4
2026/05/04 21:49:51.11,IMU,239.75,734.86,618.16,-1.74,3.15,2.62,-52.05,41.10,5.55,28.2
2026/05/04 21:49:51.21,IMU,241.21,720.21,583.50,-4.76,-1.50,-4.08,-52.50,40.95,4.95,28.0
2026/05/04 21:49:51.31,IMU,294.92,719.24,603.52,-0.78,4.89,2.61,-53.25,41.70,5.70,28.2
2026/05/04 21:49:51.41,IMU,273.44,719.73,582.52,2.66,12.98,-1.34,-53.10,41.55,6.60,28.3
2026/05/04 21:49:51.51,IMU,229.00,720.21,607.42,4.46,5.52,0.37,-51.60,42.30,7.35,28.0
2026/05/04 21:49:51.61,IMU,257.81,749.51,602.05,-0.86,15.13,-6.35,-52.05,42.60,7.35,28.2
2026/05/04 21:49:51.71,IMU,187.01,702.64,602.54,-0.31,15.96,2.92,-55.35,41.55,11.70,28.2
2026/05/04 21:49:51.81,IMU,196.29,720.21,633.30,2.27,-2.98,-0.27,-51.75,42.45,9.00,28.3
2026/05/04 21:49:51.91,IMU,211.91,719.73,596.19,3.40,0.50,1.79,-49.95,43.20,7.50,28.4
2026/05/04 21:49:52.01,IMU,229.49,748.54,549.32,1.56,20.10,7.72,-52.05,41.85,8.10,28.0
2026/05/04 21:49:52.11,IMU,205.08,725.59,690.92,-4.95,42.15,-0.08,-52.05,42.30,8.10,28.2
2026/05/04 21:49:52.21,IMU,150.88,718.26,608.40,3.24,20.05,1.05,-50.10,43.80,9.90,27.8
2026/05/04 21:49:52.31,IMU,142.09,739.26,589.36,-2.79,9.79,1.74,-49.20,42.45,11.85,28.2
2026/05/04 21:49:52.41,IMU,174.32,733.40,620.61,16.28,-11.64,5.50,-48.15,41.25,11.10,28.1
2026/05/04 21:49:52.51,IMU,172.36,738.77,622.07,-0.18,-2.32,3.14,-51.30,41.10,10.95,28.4
2026/05/04 21:49:52.61,IMU,183.11,736.82,621.09,3.01,-2.51,2.03,-50.40,42.45,11.85,28.1
2026/05/04 21:49:52.73,IMU,137.21,731.45,641.60,-8.75,13.61,-2.75,-54.00,40.20,14.40,28.4
2026/05/04 21:49:52.82,IMU,172.36,720.70,642.58,-3.28,-3.14,2.26,-48.90,41.70,11.85,28.2
2026/05/04 21:49:52.93,IMU,180.18,771.97,628.42,0.07,-0.68,3.31,-50.40,42.00,11.85,28.0
2026/05/04 21:49:53.03,IMU,159.18,764.16,634.28,3.40,-2.69,3.03,-48.75,41.55,11.25,28.3
2026/05/04 21:49:53.13,IMU,166.02,743.16,602.54,-1.20,1.01,-0.18,-49.05,41.85,12.45,28.4
2026/05/04 21:49:53.23,IMU,162.60,715.82,649.41,2.44,-11.58,3.21,-48.30,41.55,10.95,28.3
2026/05/04 21:49:53.33,IMU,168.95,739.75,646.48,7.08,-11.10,5.06,-48.90,42.90,12.60,28.2
2026/05/04 21:49:53.43,IMU,168.46,742.68,610.84,2.08,2.80,1.37,-49.65,41.25,10.80,28.1
2026/05/04 21:49:53.53,IMU,143.55,727.54,632.81,-2.17,-3.31,0.41,-49.05,42.60,12.00,28.2
2026/05/04 21:49:53.63,IMU,158.20,746.58,625.00,3.82,-0.68,0.59,-49.80,41.55,11.25,28.0
2026/05/04 21:49:53.75,IMU,162.60,746.09,628.42,0.58,-1.08,-1.60,-52.95,37.95,16.50,28.2
2026/05/04 21:49:53.84,IMU,181.64,746.09,628.42,0.31,1.76,-1.08,-49.80,42.60,11.25,28.0
2026/05/04 21:49:53.94,IMU,170.90,736.82,612.79,1.88,2.08,2.53,-50.40,41.25,11.10,28.2
2026/05/04 21:49:54.05,IMU,165.04,746.09,624.51,-1.31,1.45,-1.95,-51.30,41.85,12.75,28.0
2026/05/04 21:49:54.15,IMU,169.43,733.40,624.02,-1.44,-0.02,-3.36,-50.10,43.05,11.70,28.2
2026/05/04 21:49:54.25,IMU,163.57,747.07,615.23,1.67,-1.10,-3.76,-49.95,40.95,11.85,28.0
2026/05/04 21:49:54.35,IMU,173.83,742.19,611.82,-0.79,-0.97,1.49,-48.75,42.30,9.90,28.3
2026/05/04 21:49:54.45,IMU,186.52,730.47,604.98,4.49,-6.72,4.65,-49.05,41.85,11.70,28.1
2026/05/04 21:49:54.55,IMU,174.32,735.35,617.68,-1.61,-2.76,0.97,-49.05,40.80,11.25,28.1
2026/05/04 21:49:54.65,IMU,173.83,724.12,656.25,-2.39,0.26,-2.76,-49.95,42.45,10.80,28.0
2026/05/04 21:49:54.75,IMU,179.20,740.23,591.31,-3.75,11.41,-2.34,-51.00,42.00,9.30,28.2
2026/05/04 21:49:54.85,IMU,192.87,746.09,598.63,-2.02,3.69,-3.18,-49.95,42.45,11.10,28.0
2026/05/04 21:49:54.95,IMU,198.24,745.61,622.56,0.49,-0.34,-1.40,-50.70,39.75,11.10,28.1
2026/05/04 21:49:55.05,IMU,193.36,738.28,589.36,0.72,3.44,3.50,-50.85,41.10,10.50,28.4
2026/05/04 21:49:55.15,IMU,179.69,742.68,614.26,1.75,-1.80,-2.18,-49.95,41.25,10.35,28.3
2026/05/04 21:49:55.25,IMU,200.20,736.82,591.31,1.18,0.61,-2.49,-50.10,41.55,10.50,28.2
2026/05/04 21:49:55.35,IMU,177.25,734.86,612.79,1.44,-0.08,1.64,-49.65,41.25,10.05,28.4
2026/05/04 21:49:55.45,IMU,164.06,764.16,629.88,0.27,0.06,0.72,-50.85,41.85,11.70,28.4
2026/05/04 21:49:55.55,IMU,186.04,751.46,585.45,-0.04,1.43,2.19,-50.70,42.00,11.55,28.2
2026/05/04 21:49:55.65,IMU,192.87,751.95,589.36,0.32,1.11,-2.11,-50.55,41.85,11.25,28.2
2026/05/04 21:49:55.75,IMU,192.38,738.77,603.52,2.15,1.02,-1.25,-49.95,41.25,10.35,28.2
2026/05/04 21:49:55.87,IMU,190.43,752.93,616.70,-0.89,4.22,-1.23,-50.55,43.05,8.70,28.2
2026/05/04 21:49:55.97,IMU,170.41,761.23,603.52,0.44,3.00,1.63,-50.10,41.55,10.95,28.3
2026/05/04 21:49:56.07,IMU,185.55,751.95,613.77,0.50,-2.04,0.05,-50.10,40.35,10.95,28.0
2026/05/04 21:49:56.17,IMU,193.36,759.77,606.45,-1.27,2.50,-1.98,-50.10,41.55,9.45,28.2
2026/05/04 21:49:56.27,IMU,164.06,732.42,605.96,-1.27,0.84,-2.71,-50.10,41.85,9.90,28.0
2026/05/04 21:49:56.37,IMU,188.96,738.28,605.47,0.49,-2.92,-0.40,-49.95,42.00,10.05,28.0
2026/05/04 21:49:56.47,IMU,188.48,747.07,626.95,1.18,3.33,-0.11,-48.75,42.30,12.00,28.3
2026/05/04 21:49:56.57,IMU,169.43,759.77,611.82,-1.50,2.02,-3.05,-49.80,40.35,11.25,28.0
2026/05/04 21:49:56.67,IMU,185.55,753.42,611.33,1.14,-0.80,3.95,-50.55,42.30,10.50,28.1
2026/05/04 21:49:56.77,IMU,166.50,746.09,597.17,-1.78,-2.78,-0.40,-49.80,43.35,10.20,28.1
2026/05/04 21:49:56.87,IMU,176.76,761.23,607.42,0.41,-3.92,1.55,-49.95,42.90,9.30,28.1
2026/05/04 21:49:56.97,IMU,181.64,754.88,610.35,2.02,2.96,1.04,-50.10,42.60,9.45,28.4
2026/05/04 21:49:57.07,IMU,180.66,751.46,599.12,0.31,-2.73,0.96,-50.10,43.35,10.95,28.4
2026/05/04 21:49:57.18,IMU,168.46,755.86,603.03,0.61,1.82,-1.85,-50.40,42.45,9.00,28.0
2026/05/04 21:49:57.28,IMU,181.64,749.51,599.12,0.56,-2.24,-0.31,-50.40,43.65,9.60,28.4
2026/05/04 21:49:57.38,IMU,181.64,764.65,603.52,1.56,0.68,-0.04,-50.10,42.30,10.50,28.1
2026/05/04 21:49:57.48,IMU,177.73,755.37,601.07,0.30,2.47,-3.17,-48.75,43.05,10.20,28.1
2026/05/04 21:49:57.58,IMU,165.53,748.54,595.70,0.66,-1.29,4.03,-50.85,42.30,10.20,28.2
2026/05/04 21:49:57.68,IMU,168.95,751.46,608.89,-1.18,0.98,-0.37,-50.85,42.60,9.45,28.3
2026/05/04 21:49:57.78,IMU,186.52,764.65,596.19,2.15,-0.88,-2.61,-49.65,42.00,9.60,28.3
2026/05/04 21:49:57.88,IMU,183.11,750.49,596.19,0.49,0.03,0.24,-49.95,42.45,9.60,28.0
2026/05/04 21:49:57.98,IMU,169.92,758.79,596.19,-3.28,5.24,-1.56,-49.65,43.65,10.05,28.1
2026/05/04 21:49:58.08,IMU,171.39,763.18,604.98,-0.75,0.60,-1.70,-48.45,42.00,11.55,27.9
2026/05/04 21:49:58.18,IMU,173.34,764.65,583.50,0.02,0.70,0.40,-48.90,43.65,9.30,28.2
2026/05/04 21:49:58.28,IMU,173.34,744.14,590.33,-1.06,1.46,-1.55,-49.80,41.55,9.90,28.0
2026/05/04 21:49:58.38,IMU,179.20,761.23,607.42,-0.08,1.87,1.22,-50.55,44.10,10.95,28.1
2026/05/04 21:49:58.48,IMU,166.50,753.42,602.05,1.06,1.44,-4.18,-50.40,43.20,11.55,28.2
2026/05/04 21:49:58.58,IMU,157.71,740.72,610.35,-0.32,4.68,-2.21,-49.05,41.85,9.90,28.2
2026/05/04 21:49:58.68,IMU,161.62,752.44,590.82,-0.20,2.46,0.98,-49.35,42.60,9.90,28.4
2026/05/04 21:49:58.78,IMU,173.34,753.42,610.35,1.50,-0.21,-2.10,-49.95,42.90,11.55,28.0
2026/05/04 21:49:58.88,IMU,165.04,764.65,603.03,-1.67,3.88,-5.10,-49.80,42.60,10.95,28.4
2026/05/04 21:49:58.98,IMU,166.50,747.56,594.73,0.48,4.71,1.76,-49.20,42.45,11.10,28.2
2026/05/04 21:49:59.08,IMU,153.81,752.44,616.21,0.63,3.67,-0.40,-49.80,41.85,11.70,28.4
2026/05/04 21:49:59.18,IMU,176.76,752.44,596.68,0.69,0.26,-0.16,-49.20,43.20,11.10,28.0
2026/05/04 21:49:59.28,IMU,165.53,756.35,585.45,1.24,1.68,-1.29,-49.95,43.95,11.55,28.3
2026/05/04 21:49:59.38,IMU,155.27,760.25,621.09,1.11,0.23,-1.66,-49.65,42.90,11.10,28.0
2026/05/04 21:49:59.48,IMU,163.09,756.35,609.38,-2.27,1.90,0.53,-49.65,43.65,10.05,28.2
2026/05/04 21:49:59.58,IMU,160.64,745.12,608.40,-1.11,-0.51,-0.31,-49.95,42.45,11.10,28.2
2026/05/04 21:49:59.68,IMU,164.06,747.07,595.70,-0.95,-0.13,0.54,-50.55,43.05,10.20,28.5
2026/05/04 21:49:59.79,IMU,173.83,743.16,595.21,-2.25,2.43,-2.71,-49.20,42.00,11.55,28.4
2026/05/04 21:49:59.89,IMU,154.79,760.74,615.72,-1.67,-1.08,-1.42,-49.80,43.35,12.00,28.2
2026/05/04 21:50:00.00,IMU,178.22,758.30,611.33,1.48,-0.31,0.08,-48.45,42.90,11.55,28.0
2026/05/04 21:50:00.10,IMU,149.41,762.70,615.72,-1.44,0.98,1.02,-48.90,43.65,10.05,28.2
2026/05/04 21:50:00.20,IMU,158.69,762.70,602.54,0.13,-0.49,1.74,-49.20,42.90,10.35,28.0
2026/05/04 21:50:00.30,IMU,177.73,750.00,611.82,2.28,-2.44,0.27,-49.95,42.90,10.80,28.2
2026/05/04 21:50:00.40,IMU,154.30,750.00,619.14,0.73,-0.64,0.27,-48.30,42.60,11.70,28.3
2026/05/04 21:50:00.51,IMU,148.93,754.88,611.33,0.97,0.46,0.05,-49.65,42.90,10.80,28.2
2026/05/04 21:50:00.61,IMU,148.93,725.10,596.68,0.89,2.06,-1.86,-48.90,42.45,11.10,28.4
2026/05/04 21:50:00.71,IMU,143.07,755.86,615.72,-2.52,1.71,0.63,-49.65,43.65,10.80,28.0
2026/05/04 21:50:00.81,IMU,144.53,756.84,599.61,0.19,-1.83,2.58,-51.60,38.85,13.50,28.4
2026/05/04 21:50:00.91,IMU,155.76,749.02,598.63,3.31,1.81,0.23,-48.75,41.85,10.20,28.3
2026/05/04 21:50:01.01,IMU,151.37,758.30,636.23,-0.76,-0.74,-2.06,-49.65,42.00,11.55,28.2
2026/05/04 21:50:01.11,IMU,154.79,733.40,623.05,2.34,3.17,1.46,-49.95,43.20,12.60,28.3
2026/05/04 21:50:01.21,IMU,153.81,758.30,613.28,-0.37,-1.49,0.06,-49.35,43.05,10.50,28.4
2026/05/04 21:50:01.31,IMU,148.44,750.00,589.36,0.37,-0.35,1.01,-49.35,43.35,10.20,28.2
2026/05/04 21:50:01.41,IMU,146.00,740.72,615.23,0.73,-2.68,-0.05,-49.05,42.30,12.00,28.4
2026/05/04 21:50:01.51,IMU,156.74,752.44,616.70,1.13,-1.10,0.02,-49.65,41.70,11.55,28.3
2026/05/04 21:50:01.61,IMU,146.00,760.25,606.93,0.18,-1.52,-4.14,-49.95,40.95,11.55,28.1
2026/05/04 21:50:01.71,IMU,160.64,758.79,608.40,1.12,-3.25,-2.04,-49.35,42.30,11.25,28.2
2026/05/04 21:50:01.82,IMU,128.42,755.86,615.72,0.89,0.90,-2.47,-48.15,43.65,11.55,28.4
2026/05/04 21:50:01.92,IMU,154.30,757.32,611.82,-0.18,-0.40,0.23,-50.10,43.35,12.00,28.3
2026/05/04 21:50:02.02,IMU,137.70,746.09,574.22,-0.43,1.31,1.64,-49.95,43.95,10.80,28.3
2026/05/04 21:50:02.12,IMU,159.67,751.46,610.35,2.88,-0.73,-2.30,-49.05,43.05,10.50,28.4
2026/05/04 21:50:02.22,IMU,164.06,751.46,607.42,0.09,0.54,2.01,-49.65,43.20,10.35,28.2
2026/05/04 21:50:02.32,IMU,160.16,755.37,606.45,0.19,0.33,-2.82,-49.80,41.85,11.25,28.0
2026/05/04 21:50:02.42,IMU,174.80,755.86,604.00,1.39,-0.96,-0.85,-49.35,43.05,11.70,28.4
2026/05/04 21:50:02.52,IMU,152.83,764.16,623.54,0.25,1.11,0.49,-49.20,42.00,11.85,28.1
2026/05/04 21:50:02.62,IMU,149.41,735.84,620.61,0.27,1.24,1.01,-50.70,42.45,11.55,28.3
2026/05/04 21:50:02.72,IMU,152.83,759.77,605.96,0.11,-3.21,-1.95,-49.20,42.45,11.55,28.0
2026/05/04 21:50:02.82,IMU,141.11,749.51,601.07,-0.82,2.77,-1.01,-49.35,41.85,11.70,28.4
2026/05/04 21:50:02.92,IMU,148.93,727.54,627.93,-0.44,0.68,3.19,-51.00,40.50,15.75,28.4
2026/05/04 21:50:03.02,IMU,138.67,754.88,610.35,-1.62,-0.42,1.92,-49.80,42.60,10.95,27.9
2026/05/04 21:50:03.12,IMU,147.95,758.79,619.63,2.68,-0.89,2.23,-48.90,42.45,11.85,28.3
2026/05/04 21:50:03.23,IMU,149.41,748.54,614.75,0.07,0.14,2.60,-50.55,41.85,11.70,28.0
2026/05/04 21:50:03.33,IMU,146.48,753.42,618.65,-0.08,-1.06,-1.68,-49.35,43.80,11.70,28.1
2026/05/04 21:50:03.43,IMU,149.90,753.91,616.21,-0.53,0.58,-2.17,-50.10,42.60,12.45,28.1
2026/05/04 21:50:03.53,IMU,146.00,762.70,606.93,-1.86,2.20,-5.12,-48.45,42.90,11.10,28.4
2026/05/04 21:50:03.63,IMU,131.84,747.56,597.66,0.86,0.62,2.68,-48.15,44.40,11.85,28.2
2026/05/04 21:50:03.73,IMU,149.41,746.09,602.54,0.87,-1.27,-0.58,-49.65,42.45,11.55,28.2
2026/05/04 21:50:03.83,IMU,139.65,743.65,614.75,1.41,0.48,0.45,-51.00,42.45,10.35,28.1
2026/05/04 21:50:03.94,IMU,145.51,759.77,611.33,-1.31,0.59,1.22,-52.50,40.50,15.75,28.2
2026/05/04 21:50:04.04,IMU,145.51,745.61,625.00,0.24,2.11,-1.64,-48.00,44.10,10.95,28.2
2026/05/04 21:50:04.14,IMU,153.32,745.61,578.13,-0.36,-0.53,-0.76,-49.80,42.60,11.25,28.4
2026/05/04 21:50:04.24,IMU,162.60,758.30,603.03,3.88,-4.63,3.15,-49.20,43.20,11.55,28.2
2026/05/04 21:50:04.34,IMU,166.02,771.00,602.05,-3.76,5.33,-0.84,-50.40,41.70,9.60,28.2
2026/05/04 21:50:04.44,IMU,127.44,748.54,603.52,-0.95,-3.22,-1.55,-50.70,44.40,11.55,28.2
2026/05/04 21:50:04.54,IMU,168.95,757.81,588.38,0.01,-4.15,1.96,-48.15,42.45,11.55,28.1
2026/05/04 21:50:04.64,IMU,169.92,743.65,599.12,0.90,4.21,0.05,-48.30,43.35,12.45,28.2
2026/05/04 21:50:04.74,IMU,103.03,755.37,635.25,-4.16,11.37,-0.21,-48.75,44.85,12.45,28.1
2026/05/04 21:50:04.84,IMU,113.28,749.51,623.05,0.02,-4.08,1.85,-50.10,43.80,10.95,28.2
2026/05/04 21:50:04.94,IMU,165.53,737.79,644.04,5.02,4.51,-0.70,-49.65,42.45,10.80,28.0
2026/05/04 21:50:05.04,IMU,146.48,744.63,587.89,2.83,-1.13,-0.94,-48.90,43.20,10.80,28.1
2026/05/04 21:50:05.14,IMU,141.11,765.14,599.61,-0.18,-0.28,-2.12,-49.20,42.90,11.10,28.2
2026/05/04 21:50:05.24,IMU,141.11,762.70,588.87,0.65,1.90,-1.95,-48.15,44.40,11.55,28.2
2026/05/04 21:50:05.34,IMU,154.30,754.88,598.63,1.45,-8.63,1.95,-48.90,41.25,11.10,28.0
2026/05/04 21:50:05.44,IMU,145.02,749.02,589.84,2.00,5.08,-2.05,-48.75,43.05,11.70,28.0
2026/05/04 21:50:05.54,IMU,132.81,771.00,590.82,0.92,2.40,-1.32,-49.20,41.70,11.55,28.0
2026/05/04 21:50:05.64,IMU,155.27,750.00,596.68,-1.46,-0.47,-1.93,-50.40,42.45,11.55,27.8
2026/05/04 21:50:05.74,IMU,130.86,757.32,596.19,-0.89,1.26,2.84,-48.45,44.40,11.55,28.0
2026/05/04 21:50:05.84,IMU,152.34,768.07,609.86,-0.19,1.69,-0.31,-48.90,42.90,10.35,28.3
2026/05/04 21:50:05.96,IMU,147.95,742.68,608.40,-0.12,1.24,1.09,-50.10,43.80,11.25,28.0
2026/05/04 21:50:06.06,IMU,157.23,744.14,600.59,-0.15,2.39,0.92,-49.65,42.90,11.10,27.8
2026/05/04 21:50:06.16,IMU,153.32,773.44,609.38,0.98,0.30,-0.91,-48.15,42.90,10.80,28.1
2026/05/04 21:50:06.26,IMU,146.48,757.32,615.72,-0.44,1.16,-0.79,-49.95,43.20,12.15,28.0
2026/05/04 21:50:06.36,IMU,128.42,771.00,620.12,-1.17,0.86,0.71,-49.05,43.35,10.50,28.1
2026/05/04 21:50:06.46,IMU,136.23,761.72,584.96,-1.81,-0.44,2.37,-49.65,44.40,10.35,28.2
2026/05/04 21:50:06.56,IMU,163.57,759.28,600.10,-0.49,1.33,-0.11,-49.05,42.60,10.50,28.1
2026/05/04 21:50:06.66,IMU,159.18,750.98,596.19,-0.36,3.24,3.69,-48.45,42.90,10.35,28.0
2026/05/04 21:50:06.76,IMU,144.04,754.88,607.42,-0.69,-1.38,-2.86,-48.45,43.95,11.55,28.3
2026/05/04 21:50:06.86,IMU,147.46,769.04,604.98,0.93,-4.61,3.74,-48.15,43.65,11.55,28.0
2026/05/04 21:50:06.96,IMU,153.32,765.14,613.77,1.44,-2.23,2.58,-48.90,41.25,10.05,27.9
2026/05/04 21:50:07.06,IMU,120.12,741.21,629.39,1.02,-0.99,3.44,-49.05,43.35,10.95,28.1
2026/05/04 21:50:07.16,IMU,164.55,749.02,597.17,-1.40,-3.76,-0.69,-49.35,43.80,11.70,27.8
2026/05/04 21:50:07.26,IMU,168.95,741.70,583.01,2.80,-2.06,3.87,-51.00,43.95,10.80,28.1
2026/05/04 21:50:07.36,IMU,130.37,764.65,604.00,0.32,-0.86,2.45,-48.00,44.55,11.25,28.1
2026/05/04 21:50:07.46,IMU,136.72,777.83,604.00,-1.36,-1.95,-1.02,-47.55,44.10,10.95,28.2
2026/05/04 21:50:07.56,IMU,165.04,749.51,591.31,0.33,3.38,-0.47,-49.35,43.05,11.70,27.8
2026/05/04 21:50:07.66,IMU,165.04,775.39,597.17,-1.45,2.19,0.41,-48.45,42.45,10.05,28.4
2026/05/04 21:50:07.76,IMU,149.90,765.63,610.35,2.41,-5.43,0.90,-49.05,42.30,11.70,28.0
2026/05/04 21:50:07.86,IMU,159.67,756.84,577.64,-0.85,0.77,-3.57,-49.80,41.85,10.20,28.2
2026/05/04 21:50:07.96,IMU,167.97,756.84,609.86,0.94,-4.53,3.65,-49.35,43.80,11.25,28.0
2026/05/04 21:50:08.06,IMU,140.63,753.91,611.33,0.46,0.62,-1.22,-49.20,42.00,10.80,28.2
2026/05/04 21:50:08.16,IMU,136.72,759.28,622.07,-0.85,0.99,-1.42,-50.10,43.05,12.00,28.0
2026/05/04 21:50:08.26,IMU,146.97,755.37,588.38,-1.47,1.60,-2.73,-49.05,43.05,10.50,27.9
2026/05/04 21:50:08.36,IMU,146.97,761.72,613.77,1.78,-0.62,0.20,-50.10,42.30,10.95,28.2
2026/05/04 21:50:08.46,IMU,152.34,739.26,596.68,-2.04,1.40,0.95,-48.15,42.90,10.35,27.9
2026/05/04 21:50:08.57,IMU,139.65,768.55,613.28,0.48,-1.87,0.42,-48.75,43.35,13.05,28.0
2026/05/04 21:50:08.67,IMU,147.95,758.30,598.14,-0.83,-0.50,-1.83,-48.75,43.35,10.50,28.2
2026/05/04 21:50:08.77,IMU,161.13,733.89,568.36,2.82,-1.12,1.47,-50.10,43.05,10.20,28.0
2026/05/04 21:50:08.87,IMU,166.50,768.07,616.21,1.65,0.82,0.68,-48.30,43.35,10.20,27.9
2026/05/04 21:50:08.97,IMU,140.14,738.77,612.30,18.79,-13.35,6.76,-49.80,43.80,10.50,28.0
2026/05/04 21:50:09.07,IMU,190.92,791.02,554.69,1.24,5.88,5.15,-50.70,42.45,12.15,28.2
2026/05/04 21:50:09.17,IMU,122.56,796.39,544.92,8.22,-3.64,7.39,-49.65,42.90,10.05,27.8
2026/05/04 21:50:09.27,IMU,160.16,764.16,549.32,3.34,-7.06,1.21,-49.65,42.45,10.05,28.3
2026/05/04 21:50:09.37,IMU,187.50,784.67,569.82,0.41,3.80,-0.09,-48.75,42.30,10.50,28.0
2026/05/04 21:50:09.47,IMU,168.46,771.48,562.50,1.21,-4.80,2.37,-50.85,41.85,10.95,28.1
2026/05/04 21:50:09.57,IMU,218.26,732.91,550.78,5.11,-5.61,-1.82,-48.90,43.65,10.35,28.0
2026/05/04 21:50:09.67,IMU,184.57,826.17,554.69,1.44,1.11,5.70,-50.85,41.10,11.70,28.1
2026/05/04 21:50:09.77,IMU,147.95,764.65,549.80,-1.17,1.52,2.05,-50.40,41.70,11.55,28.1
2026/05/04 21:50:09.87,IMU,249.02,796.39,568.36,0.38,-2.38,-5.31,-50.70,41.70,9.30,28.0
2026/05/04 21:50:09.97,IMU,182.13,766.60,557.62,-5.25,5.70,-3.77,-50.85,41.55,9.90,28.0
2026/05/04 21:50:10.07,IMU,179.20,743.65,575.20,-5.86,7.63,-4.04,-53.25,39.45,15.45,27.9
2026/05/04 21:50:10.17,IMU,158.69,751.46,589.84,-0.06,5.60,-3.65,-50.10,41.55,11.25,28.1
2026/05/04 21:50:10.27,IMU,178.22,751.95,606.93,3.12,-1.37,-0.56,-49.05,42.30,13.05,28.1
2026/05/04 21:50:10.37,IMU,157.23,752.93,584.47,-0.18,-0.34,-9.53,-49.35,41.85,10.95,27.7
2026/05/04 21:50:10.47,IMU,152.34,771.48,595.70,-3.22,-3.03,-1.26,-49.35,41.85,11.25,28.0
2026/05/04 21:50:10.57,IMU,190.43,769.04,554.69,3.47,0.57,0.67,-48.00,42.60,12.00,28.0
2026/05/04 21:50:10.67,IMU,168.95,776.37,580.57,3.63,3.99,-0.81,-48.45,42.45,11.85,28.0
2026/05/04 21:50:10.77,IMU,162.11,792.97,578.61,3.73,-0.31,-4.94,-47.70,42.90,11.10,28.0
2026/05/04 21:50:10.89,IMU,156.25,768.55,591.80,2.50,5.28,-5.18,-47.25,43.05,12.00,27.8
2026/05/04 21:50:10.99,IMU,152.34,770.02,583.98,1.39,6.32,-3.02,-48.00,44.55,12.75,27.7
2026/05/04 21:50:11.09,IMU,107.91,793.46,587.40,0.91,-2.02,0.80,-51.30,40.80,14.85,28.0
2026/05/04 21:50:11.19,IMU,141.60,774.41,579.10,1.59,3.71,0.43,-48.30,44.55,11.70,28.0
2026/05/04 21:50:11.29,IMU,134.77,782.71,563.96,1.18,-2.31,0.35,-49.35,43.05,10.95,28.2
2026/05/04 21:50:11.39,IMU,126.46,764.65,592.29,-1.76,-1.01,1.05,-46.80,43.80,11.25,27.9
2026/05/04 21:50:11.49,IMU,146.97,762.70,583.98,1.54,1.65,-1.62,-48.00,43.05,10.95,27.9
2026/05/04 21:50:11.59,IMU,110.84,775.39,569.34,2.69,1.81,0.07,-48.45,41.25,10.80,28.2
2026/05/04 21:50:11.69,IMU,129.39,795.90,569.82,2.23,-5.11,-0.66,-47.55,43.05,10.50,27.9
2026/05/04 21:50:11.79,IMU,145.02,784.67,569.34,0.09,-1.66,0.29,-48.00,43.05,10.20,28.2
2026/05/04 21:50:11.89,IMU,139.65,804.69,577.64,3.11,-2.17,-4.65,-48.30,44.10,9.90,28.0
2026/05/04 21:50:11.99,IMU,152.83,776.37,541.99,5.56,-2.22,5.15,-48.90,43.20,11.10,27.9
2026/05/04 21:50:12.09,IMU,135.25,801.76,552.25,-1.27,1.87,-2.57,-49.65,43.95,10.35,27.8
2026/05/04 21:50:12.19,IMU,159.18,783.20,541.99,0.56,0.25,-0.56,-47.25,44.10,11.25,28.0
2026/05/04 21:50:12.29,IMU,201.66,796.88,559.08,3.53,1.80,-2.09,-48.15,44.40,11.85,28.2
2026/05/04 21:50:12.39,IMU,93.75,811.04,578.13,0.11,3.05,1.90,-48.45,42.90,10.05,28.0
2026/05/04 21:50:12.49,IMU,110.84,814.94,560.06,-2.00,-1.30,2.69,-50.70,43.65,10.35,28.0
2026/05/04 21:50:12.59,IMU,102.05,821.29,509.28,7.95,-9.47,-5.35,-48.30,44.10,11.70,28.0
2026/05/04 21:50:12.69,IMU,166.99,752.44,522.46,2.58,6.68,-2.74,-48.00,45.75,9.45,28.0
2026/05/04 21:50:12.79,IMU,148.93,772.46,561.52,4.47,-3.97,0.36,-49.20,43.95,10.80,27.9
2026/05/04 21:50:12.89,IMU,111.33,834.47,563.48,16.08,1.98,-0.41,-46.65,44.70,12.60,28.2
2026/05/04 21:50:12.99,IMU,147.46,848.63,571.78,-0.51,-0.56,8.20,-48.45,44.70,10.35,28.1
2026/05/04 21:50:13.10,IMU,111.33,785.16,507.32,1.03,9.35,1.50,-48.75,44.55,9.90,27.8
2026/05/04 21:50:13.20,IMU,150.39,817.38,525.88,0.65,6.17,2.82,-47.40,43.65,10.35,27.9
2026/05/04 21:50:13.30,IMU,164.06,823.73,478.52,-0.79,-2.05,0.42,-48.45,43.65,11.55,28.2
2026/05/04 21:50:13.40,IMU,145.02,807.62,533.69,-0.11,-0.66,-4.52,-47.40,44.70,11.10,27.8
2026/05/04 21:50:13.50,IMU,116.70,804.20,538.09,-2.84,1.69,-5.00,-49.80,44.85,10.20,28.2
2026/05/04 21:50:13.60,IMU,117.68,797.36,525.88,0.69,-0.25,-0.29,-48.30,44.10,11.25,28.0
2026/05/04 21:50:13.70,IMU,141.60,812.99,534.18,-1.40,1.19,1.47,-48.45,45.45,10.35,28.0
2026/05/04 21:50:13.80,IMU,129.39,773.44,520.02,4.42,-3.58,2.21,-49.20,43.95,11.55,27.8
2026/05/04 21:50:13.90,IMU,109.86,831.05,569.82,1.37,-3.66,4.99,-48.75,44.55,11.70,27.9
2026/05/04 21:50:14.00,IMU,171.88,802.25,514.16,0.20,-2.87,-3.64,-48.00,45.30,11.25,27.6
2026/05/04 21:50:14.10,IMU,129.39,787.11,546.39,-1.66,-3.39,-2.52,-49.05,43.80,10.50,27.8
2026/05/04 21:50:14.20,IMU,151.86,769.04,502.44,-3.98,2.92,-4.92,-49.65,45.15,9.30,28.0
2026/05/04 21:50:14.30,IMU,169.92,846.68,535.16,-3.22,9.51,-3.58,-48.75,45.75,10.50,27.7
2026/05/04 21:50:14.40,IMU,115.23,789.55,497.56,0.02,6.28,2.24,-47.25,44.10,10.20,27.8
2026/05/04 21:50:14.50,IMU,142.58,851.07,543.46,17.22,-2.90,5.76,-46.65,44.40,10.35,28.0
2026/05/04 21:50:14.60,IMU,143.55,790.04,449.22,8.73,0.06,7.09,-48.90,43.95,10.80,27.9
2026/05/04 21:50:14.70,IMU,108.89,859.86,525.39,-7.37,10.60,-4.88,-48.90,43.65,10.80,28.2
2026/05/04 21:50:14.80,IMU,127.93,673.83,667.48,-17.88,-11.98,-32.71,-47.25,44.85,12.00,27.9
2026/05/04 21:50:14.90,IMU,108.40,800.29,477.05,8.16,-3.94,-7.21,-49.05,45.30,10.95,27.8
2026/05/04 21:50:15.02,IMU,81.54,837.89,544.43,1.08,2.30,-5.19,-46.50,46.80,10.20,28.0
2026/05/04 21:50:15.12,IMU,80.08,827.64,496.09,1.85,5.59,-1.31,-46.65,46.20,11.55,27.9
2026/05/04 21:50:15.22,IMU,66.41,841.31,546.39,3.87,-0.40,-1.34,-46.80,46.50,11.25,27.6
2026/05/04 21:50:15.32,IMU,72.27,827.15,533.20,-3.89,4.17,0.89,-47.55,46.80,11.25,27.9
2026/05/04 21:50:15.42,IMU,71.78,819.82,518.07,-1.64,4.19,-0.90,-45.60,44.70,10.05,27.7
2026/05/04 21:50:15.52,IMU,63.96,845.70,530.76,1.97,-0.53,0.79,-46.50,47.25,10.50,27.8
2026/05/04 21:50:15.62,IMU,62.50,836.91,535.16,-1.66,5.89,-1.06,-46.35,46.65,11.10,27.8
2026/05/04 21:50:15.72,IMU,80.08,826.66,512.21,-3.69,0.39,-0.64,-46.80,46.80,10.50,28.0
2026/05/04 21:50:15.82,IMU,68.85,828.13,502.93,-0.69,1.44,1.18,-50.55,43.35,16.05,27.8
2026/05/04 21:50:15.92,IMU,78.12,844.24,509.28,-2.85,-1.08,-3.52,-46.80,45.75,10.50,27.8
2026/05/04 21:50:16.02,IMU,75.68,829.10,514.65,-1.64,-1.95,0.60,-45.60,46.65,10.80,27.7
2026/05/04 21:50:16.12,IMU,83.50,802.25,527.34,-1.31,-5.79,0.73,-47.70,46.65,10.05,27.8
2026/05/04 21:50:16.22,IMU,83.01,807.13,522.95,4.76,-2.77,3.29,-48.45,46.65,10.05,27.7
2026/05/04 21:50:16.32,IMU,83.01,816.89,508.30,-1.67,1.32,-4.28,-47.55,46.50,10.50,27.9
2026/05/04 21:50:16.42,IMU,91.31,829.59,499.51,-0.18,1.08,0.30,-47.70,47.40,10.80,28.0
2026/05/04 21:50:16.53,IMU,71.29,824.22,526.37,-0.12,2.33,-3.86,-48.15,46.20,10.80,27.8
2026/05/04 21:50:16.63,IMU,85.94,823.73,504.39,0.97,2.05,-2.70,-46.80,47.55,11.25,28.0
2026/05/04 21:50:16.73,IMU,68.36,823.24,535.16,-0.51,2.53,-0.27,-46.35,46.95,10.35,28.0
2026/05/04 21:50:16.84,IMU,70.80,820.31,520.02,2.19,-1.48,-0.40,-47.40,46.95,10.80,27.8
2026/05/04 21:50:16.94,IMU,69.34,805.66,539.55,0.55,3.18,0.50,-46.65,46.20,11.10,27.7
2026/05/04 21:50:17.04,IMU,46.39,849.61,532.23,2.14,0.63,-0.47,-46.05,47.55,10.20,27.9
2026/05/04 21:50:17.14,IMU,71.29,825.20,534.18,0.82,1.05,1.31,-45.75,47.55,10.95,27.9
2026/05/04 21:50:17.24,IMU,54.69,815.43,516.11,1.03,2.37,-0.79,-46.65,45.45,10.80,27.8
2026/05/04 21:50:17.34,IMU,68.85,833.01,522.95,1.63,-1.09,2.76,-47.10,46.65,11.85,28.1
2026/05/04 21:50:17.44,IMU,46.88,832.52,513.67,2.49,-0.56,0.54,-46.65,46.65,10.05,28.0
2026/05/04 21:50:17.54,IMU,62.50,839.36,512.70,-0.61,0.69,1.75,-47.40,47.70,10.80,27.9
2026/05/04 21:50:17.64,IMU,52.25,830.57,529.30,1.53,-0.98,-3.11,-46.05,46.80,10.20,28.0
2026/05/04 21:50:17.74,IMU,68.85,842.77,494.63,0.06,2.82,-4.85,-46.80,47.55,10.20,28.0
2026/05/04 21:50:17.84,IMU,59.57,839.84,508.79,1.92,3.08,1.68,-47.55,46.80,10.20,28.0
2026/05/04 21:50:17.94,IMU,66.89,851.07,516.60,1.34,-4.10,0.25,-47.55,47.25,10.95,28.0
2026/05/04 21:50:18.04,IMU,60.55,850.10,506.84,4.08,0.55,-0.47,-47.40,46.95,10.80,27.8
2026/05/04 21:50:18.14,IMU,30.76,829.10,531.25,-1.99,-3.07,0.31,-46.35,47.40,9.60,28.0
2026/05/04 21:50:18.24,IMU,68.36,819.82,502.44,2.56,-2.04,-0.52,-49.65,46.65,12.15,27.7
2026/05/04 21:50:18.34,IMU,48.83,825.68,506.35,1.42,0.17,1.03,-47.10,45.90,11.85,28.0
2026/05/04 21:50:18.44,IMU,37.11,845.70,520.02,2.59,-0.91,2.36,-45.60,46.95,10.05,28.0
2026/05/04 21:50:18.54,IMU,87.40,852.54,507.32,0.31,-5.39,3.91,-47.10,46.95,9.60,27.8
2026/05/04 21:50:18.64,IMU,95.21,835.94,487.79,2.01,-1.69,3.05,-46.80,46.05,10.20,27.7
2026/05/04 21:50:18.74,IMU,72.27,803.71,513.18,-1.73,0.70,-4.17,-46.35,45.45,10.05,28.0
2026/05/04 21:50:18.84,IMU,66.89,851.07,532.23,1.47,-6.63,-0.70,-47.40,46.95,9.00,27.7
2026/05/04 21:50:18.94,IMU,94.24,833.50,500.00,0.27,3.95,-0.21,-47.40,45.90,10.35,27.9
2026/05/04 21:50:19.05,IMU,66.89,833.98,508.79,2.56,1.27,-2.89,-46.80,47.55,10.20,27.7
2026/05/04 21:50:19.15,IMU,46.88,845.21,514.16,0.35,-0.09,2.24,-47.25,47.25,10.20,28.0
2026/05/04 21:50:19.25,IMU,87.40,820.31,474.61,0.08,-1.27,-1.18,-49.80,46.05,14.85,27.6
2026/05/04 21:50:19.35,IMU,57.62,818.85,497.07,2.31,-2.87,0.26,-46.50,48.00,11.70,27.8
2026/05/04 21:50:19.45,IMU,97.66,846.19,495.61,2.50,3.47,2.08,-47.70,46.20,10.35,27.7
2026/05/04 21:50:19.55,IMU,68.36,861.82,497.56,0.57,2.23,0.75,-48.30,47.55,10.20,28.0
2026/05/04 21:50:19.65,IMU,74.71,839.84,521.00,0.27,-3.64,-1.14,-46.65,47.70,9.30,27.5
2026/05/04 21:50:19.75,IMU,68.85,840.33,501.95,1.56,0.61,-0.31,-47.25,48.75,8.70,28.0
2026/05/04 21:50:19.85,IMU,66.89,839.84,533.20,-3.69,-5.90,0.60,-46.65,47.70,9.30,27.8
2026/05/04 21:50:19.95,IMU,104.98,842.77,459.96,2.25,5.24,-1.20,-47.40,47.70,10.35,27.9
2026/05/04 21:50:20.05,IMU,71.78,829.10,500.00,-0.41,-2.52,0.90,-46.80,46.05,9.15,28.2
2026/05/04 21:50:20.15,IMU,56.64,823.73,500.49,0.55,-0.57,-1.77,-47.10,47.40,10.05,27.9
2026/05/04 21:50:20.25,IMU,81.54,859.86,480.96,4.89,-1.26,1.17,-46.65,46.95,10.80,27.6
2026/05/04 21:50:20.35,IMU,85.45,867.68,473.63,0.12,-0.24,-1.90,-47.40,47.40,9.60,27.8
2026/05/04 21:50:20.45,IMU,71.78,837.40,503.42,1.84,-3.11,0.31,-47.10,46.95,9.60,28.0
2026/05/04 21:50:20.55,IMU,70.80,844.24,490.23,0.85,0.54,-1.34,-46.65,47.40,10.35,27.9
2026/05/04 21:50:20.65,IMU,68.85,859.38,488.77,4.88,-2.84,2.43,-49.05,48.30,9.90,28.0
2026/05/04 21:50:20.75,IMU,84.47,858.40,458.50,3.77,5.11,-4.31,-46.35,48.15,8.25,28.0
2026/05/04 21:50:20.85,IMU,86.43,861.33,466.80,2.14,1.89,-0.77,-48.30,48.30,8.70,28.0
2026/05/04 21:50:20.96,IMU,64.94,840.82,477.05,2.49,-0.87,-1.20,-48.00,47.55,9.15,28.0
2026/05/04 21:50:21.06,IMU,68.85,851.56,479.98,3.34,-2.21,-0.27,-47.40,46.95,9.00,28.0
2026/05/04 21:50:21.16,IMU,75.20,865.23,471.19,1.89,-0.04,1.58,-46.65,47.70,10.80,27.6
2026/05/04 21:50:21.26,IMU,79.10,853.03,480.47,0.64,-1.48,1.45,-47.10,47.40,9.30,28.0
2026/05/04 21:50:21.36,IMU,83.01,865.23,469.73,0.11,2.30,2.08,-48.00,47.55,8.70,28.0
2026/05/04 21:50:21.46,IMU,84.96,854.98,459.96,2.69,-4.07,2.02,-46.35,47.70,7.80,28.0
2026/05/04 21:50:21.56,IMU,89.84,846.19,471.68,0.14,2.40,0.24,-48.75,48.75,9.15,27.8
2026/05/04 21:50:21.66,IMU,78.12,870.12,457.52,-0.21,2.57,3.67,-48.45,46.95,8.25,27.8
2026/05/04 21:50:21.76,IMU,103.52,851.56,449.22,0.26,1.44,2.06,-48.30,48.00,9.15,27.6
2026/05/04 21:50:21.86,IMU,78.12,854.00,466.80,2.75,2.12,0.73,-47.40,47.40,7.80,27.7
2026/05/04 21:50:21.96,IMU,77.64,875.98,446.29,0.79,0.46,3.24,-47.70,47.40,9.00,27.9
2026/05/04 21:50:22.06,IMU,59.57,884.77,479.00,-2.44,0.37,-2.71,-46.50,47.25,8.10,28.0
2026/05/04 21:50:22.16,IMU,100.10,820.31,421.88,1.62,-4.11,1.72,-47.25,46.80,9.15,27.8
2026/05/04 21:50:22.27,IMU,72.27,868.65,485.35,2.30,3.36,0.23,-46.65,47.40,11.10,27.9
2026/05/04 21:50:22.37,IMU,72.75,865.23,479.98,-0.11,-0.60,2.11,-47.10,48.90,9.00,28.0
2026/05/04 21:50:22.47,IMU,77.64,848.14,456.54,1.46,-0.95,2.24,-46.35,47.70,9.00,27.7
2026/05/04 21:50:22.57,IMU,58.11,858.40,483.40,-0.27,0.31,0.17,-46.35,48.15,8.25,28.0
2026/05/04 21:50:22.67,IMU,80.57,865.72,466.31,-0.12,-2.34,0.86,-46.05,47.55,9.15,28.0
2026/05/04 21:50:22.77,IMU,86.43,856.93,455.08,-0.08,-2.47,1.32,-48.00,46.80,8.40,27.9
2026/05/04 21:50:22.87,IMU,76.66,843.26,469.73,-0.63,0.22,-1.14,-46.35,48.90,9.00,27.9
2026/05/04 21:50:22.97,IMU,77.64,871.58,463.38,2.46,-1.83,2.24,-46.65,48.15,9.60,27.7
2026/05/04 21:50:23.07,IMU,84.47,861.82,462.40,-0.22,0.50,-1.21,-48.00,48.30,8.40,28.0
2026/05/04 21:50:23.17,IMU,64.94,869.14,471.68,-0.75,3.63,-1.45,-47.55,46.80,8.10,28.0
2026/05/04 21:50:23.27,IMU,72.27,871.09,462.40,-1.47,-1.33,0.15,-47.55,48.30,9.45,27.9
2026/05/04 21:50:23.37,IMU,78.61,870.12,469.24,0.26,2.01,-0.31,-47.10,46.95,9.30,27.9
2026/05/04 21:50:23.47,IMU,62.99,859.38,461.91,-1.56,3.29,-0.01,-48.30,48.30,8.70,27.9
2026/05/04 21:50:23.57,IMU,83.01,854.49,448.73,-0.02,2.81,0.82,-47.55,47.55,7.65,28.0
2026/05/04 21:50:23.67,IMU,85.94,856.93,460.94,1.31,-0.33,0.12,-47.55,48.00,8.70,27.9
2026/05/04 21:50:23.77,IMU,89.36,861.82,477.05,-0.23,1.43,-0.52,-48.30,47.55,9.90,27.8
2026/05/04 21:50:23.87,IMU,75.68,859.86,481.45,-0.28,2.38,-0.10,-47.55,48.75,10.95,27.8
2026/05/04 21:50:23.97,IMU,76.66,866.70,473.14,0.69,-1.45,-0.58,-46.50,48.75,8.10,28.0
2026/05/04 21:50:24.07,IMU,81.54,844.73,456.54,1.22,-3.10,-0.53,-45.75,48.00,9.15,28.0
2026/05/04 21:50:24.17,IMU,71.29,850.59,459.47,-1.03,1.99,0.19,-46.80,47.25,8.40,28.0
2026/05/04 21:50:24.27,IMU,83.01,858.40,463.38,2.66,0.90,0.24,-47.55,47.55,9.90,28.1
2026/05/04 21:50:24.37,IMU,77.15,859.38,471.19,-0.73,-2.80,4.53,-47.40,48.15,9.00,27.9
2026/05/04 21:50:24.47,IMU,85.94,873.05,466.80,-0.65,-1.32,-1.23,-48.75,48.30,9.90,28.0
2026/05/04 21:50:24.57,IMU,77.64,849.12,464.84,1.47,-0.11,1.53,-46.65,46.95,10.05,27.8
2026/05/04 21:50:24.67,IMU,90.82,837.89,452.64,2.35,-2.49,-0.03,-48.15,48.90,10.05,28.0
2026/05/04 21:50:24.77,IMU,73.24,877.44,490.23,-0.43,0.73,7.21,-47.40,47.40,9.00,27.9
2026/05/04 21:50:24.87,IMU,106.93,857.91,477.05,1.35,-6.60,6.77,-48.75,47.25,8.70,27.9
2026/05/04 21:50:24.98,IMU,96.19,852.54,471.19,-0.80,-1.46,2.57,-47.40,47.40,9.60,27.6
2026/05/04 21:50:25.08,IMU,107.42,847.17,480.47,4.60,-7.83,12.60,-48.30,46.50,8.70,28.0
2026/05/04 21:50:25.18,IMU,179.20,863.28,439.94,14.73,-15.89,18.81,-47.55,47.25,7.65,28.0
2026/05/04 21:50:25.28,IMU,151.37,874.51,410.64,2.96,-0.64,9.87,-48.00,46.80,7.35,28.0
2026/05/04 21:50:25.38,IMU,205.08,818.85,454.10,6.02,-3.34,11.28,-53.40,46.05,9.90,28.0
2026/05/04 21:50:25.48,IMU,234.38,843.26,420.90,-5.02,11.70,-0.18,-49.80,45.30,8.10,27.7
2026/05/04 21:50:25.58,IMU,128.42,795.90,469.73,-14.66,16.31,-10.37,-48.30,44.85,9.90,27.8
2026/05/04 21:50:25.68,IMU,97.66,831.05,493.65,-6.90,14.60,-9.53,-47.55,45.75,10.95,27.5
2026/05/04 21:50:25.78,IMU,117.68,828.61,528.81,-1.82,5.60,-0.79,-46.80,47.55,11.70,27.8
2026/05/04 21:50:25.88,IMU,72.27,834.47,518.07,-4.02,7.25,-5.48,-46.50,43.35,12.75,27.8
2026/05/04 21:50:25.98,IMU,42.97,863.28,471.68,6.52,1.47,-0.27,-46.05,44.10,11.70,27.8
2026/05/04 21:50:26.08,IMU,128.91,875.00,514.16,-2.45,2.90,7.37,-45.90,45.45,12.15,27.6
2026/05/04 21:50:26.18,IMU,55.66,803.71,519.04,-0.88,4.90,5.85,-46.35,44.40,11.55,27.8
2026/05/04 21:50:26.28,IMU,6.84,825.20,556.64,0.18,-2.16,-0.11,-45.75,44.55,12.45,27.7
2026/05/04 21:50:26.39,IMU,107.91,838.38,516.11,-5.87,-5.02,0.00,-49.65,42.45,17.25,28.0
2026/05/04 21:50:26.49,IMU,76.17,834.96,520.02,-5.58,2.75,-6.29,-45.60,43.65,13.65,27.7
2026/05/04 21:50:26.59,IMU,48.83,834.47,560.06,-2.35,-4.14,-1.85,-45.90,43.65,12.15,27.9
2026/05/04 21:50:26.69,IMU,79.59,814.94,548.34,-2.27,0.87,-6.70,-47.55,44.10,11.25,27.9
2026/05/04 21:50:26.79,IMU,76.17,825.20,534.67,-0.53,4.89,-3.89,-46.65,44.40,13.35,27.8
2026/05/04 21:50:26.89,IMU,23.44,822.27,543.95,-4.15,1.91,1.26,-46.50,44.55,12.00,27.8
2026/05/04 21:50:26.99,IMU,52.73,831.05,516.60,-0.95,-3.37,0.16,-45.90,45.15,12.45,28.0
2026/05/04 21:50:27.09,IMU,61.52,803.71,539.06,2.79,-4.46,1.79,-46.50,43.35,12.75,27.8
2026/05/04 21:50:27.19,IMU,43.95,817.38,545.90,-0.60,-0.66,1.49,-45.15,44.40,12.90,27.8
2026/05/04 21:50:27.29,IMU,64.45,796.39,521.97,1.31,-2.40,-0.10,-46.65,43.95,12.15,28.0
2026/05/04 21:50:27.40,IMU,63.48,824.71,529.30,-0.85,-2.82,2.98,-45.90,43.95,15.15,27.9
2026/05/04 21:50:27.50,IMU,56.15,841.31,543.95,-0.65,3.85,1.40,-47.55,46.80,13.50,28.0
2026/05/04 21:50:27.60,IMU,68.36,809.57,520.02,2.56,-2.17,1.51,-47.25,46.05,12.00,27.8
2026/05/04 21:50:27.70,IMU,68.36,836.91,527.83,-0.27,-0.72,0.71,-47.55,46.80,11.70,27.8
2026/05/04 21:50:27.80,IMU,83.98,811.04,519.04,2.22,2.76,3.08,-47.25,46.05,12.75,27.5
2026/05/04 21:50:27.90,IMU,57.62,839.84,530.76,0.09,2.97,0.23,-45.75,44.10,12.75,28.0
2026/05/04 21:50:28.01,IMU,79.59,813.48,514.16,-0.34,1.37,0.18,-45.90,45.15,12.60,27.7
2026/05/04 21:50:28.11,IMU,106.45,840.33,521.48,0.66,-2.49,1.48,-47.40,47.40,12.15,28.0
2026/05/04 21:50:28.21,IMU,92.29,813.48,517.09,-0.16,-1.94,2.50,-47.55,46.80,12.45,27.8
2026/05/04 21:50:28.31,IMU,79.59,828.61,508.30,0.15,-1.47,-0.52,-46.05,45.30,11.70,27.9
2026/05/04 21:50:28.41,IMU,73.24,823.73,532.23,1.53,-0.40,-2.16,-45.90,45.90,12.60,27.8
2026/05/04 21:50:28.51,IMU,80.57,820.31,537.11,1.31,-5.82,-4.37,-46.80,46.50,12.45,28.0
2026/05/04 21:50:28.61,IMU,89.84,834.96,528.32,-0.76,-0.19,5.70,-46.50,46.05,12.75,27.8
2026/05/04 21:50:28.71,IMU,81.05,790.53,527.83,0.89,0.89,-0.60,-47.55,46.05,11.70,27.8
2026/05/04 21:50:28.81,IMU,85.94,815.92,526.86,1.80,0.13,1.27,-46.35,44.40,12.15,27.8
2026/05/04 21:50:28.91,IMU,93.75,833.50,547.85,-1.40,-2.44,0.89,-47.25,44.85,13.05,27.5
2026/05/04 21:50:29.01,IMU,109.37,830.57,506.35,-1.66,4.12,-1.40,-46.80,44.85,12.00,28.0
2026/05/04 21:50:29.11,IMU,104.98,816.41,541.50,-1.37,2.15,0.67,-46.35,44.70,11.55,27.7
2026/05/04 21:50:29.21,IMU,114.26,826.66,481.45,3.84,2.01,0.89,-47.10,44.70,12.15,27.7
2026/05/04 21:50:29.31,IMU,96.19,819.82,518.07,0.59,0.11,1.21,-47.25,45.75,12.45,27.6
2026/05/04 21:50:29.41,IMU,107.42,824.22,529.79,-2.32,4.49,-0.32,-46.65,45.15,12.60,27.9
2026/05/04 21:50:29.51,IMU,85.45,812.99,507.32,-0.27,0.02,-1.81,-47.10,45.45,10.35,27.6
2026/05/04 21:50:29.61,IMU,90.82,834.96,519.04,2.15,1.69,0.77,-46.65,45.45,13.35,28.0
2026/05/04 21:50:29.71,IMU,81.05,808.59,566.41,3.14,-6.24,2.05,-46.35,45.15,11.85,27.6
2026/05/04 21:50:29.81,IMU,108.89,833.98,552.73,-0.24,1.11,-1.70,-47.40,46.20,12.60,27.6
2026/05/04 21:50:29.91,IMU,109.86,832.03,517.58,4.64,-3.79,3.27,-48.30,44.55,10.50,27.5
2026/05/04 21:50:30.01,IMU,78.61,985.35,559.57,-4.37,3.39,-4.80,-49.80,41.85,15.60,27.8
2026/05/04 21:50:30.11,IMU,164.06,671.88,524.41,-14.95,-19.53,25.37,-48.30,45.75,10.95,27.6
2026/05/04 21:50:30.21,IMU,175.78,670.90,446.29,3.52,4.33,-0.05,-47.40,42.45,13.35,27.6
2026/05/04 21:50:30.31,IMU,139.65,831.05,532.23,8.44,18.94,-13.76,-47.70,44.40,12.90,27.6
2026/05/04 21:50:30.41,IMU,95.70,842.77,556.64,0.49,4.91,-0.34,-46.05,43.05,12.75,27.8
2026/05/04 21:50:30.51,IMU,124.02,812.01,534.18,1.92,7.74,-0.02,-46.80,44.85,13.80,27.6
2026/05/04 21:50:30.62,IMU,104.49,844.24,503.91,-3.78,1.23,0.44,-46.35,45.45,13.35,27.6
2026/05/04 21:50:30.72,IMU,107.91,805.18,540.53,-2.65,3.76,-3.16,-45.60,44.40,13.65,27.6
2026/05/04 21:50:30.82,IMU,107.42,813.48,527.83,-2.37,0.53,-3.45,-47.25,44.55,12.75,27.8
2026/05/04 21:50:30.92,IMU,101.07,809.08,527.34,0.83,5.01,-1.87,-46.50,44.10,13.05,27.5
2026/05/04 21:50:31.03,IMU,104.98,799.80,557.13,-2.21,7.73,-1.03,-47.10,44.70,12.90,27.7
2026/05/04 21:50:31.13,IMU,116.21,843.26,481.45,-0.98,4.19,-2.74,-47.25,44.85,13.05,27.5
2026/05/04 21:50:31.23,IMU,84.96,805.66,526.86,-0.69,1.46,5.50,-47.25,44.85,12.75,27.4
2026/05/04 21:50:31.33,IMU,107.91,820.31,502.44,2.73,1.44,0.31,-47.55,44.85,12.45,27.6
2026/05/04 21:50:31.43,IMU,94.24,837.40,567.38,-1.66,-0.56,-2.33,-47.40,44.70,13.35,27.5
2026/05/04 21:50:31.53,IMU,123.54,803.71,517.09,1.53,0.33,0.55,-47.55,44.10,12.45,27.5
2026/05/04 21:50:31.63,IMU,118.65,819.34,534.67,-0.88,0.89,-0.85,-47.25,44.55,12.45,27.5
2026/05/04 21:50:31.73,IMU,124.02,838.87,509.77,1.23,4.31,0.70,-47.25,45.75,13.05,27.5
2026/05/04 21:50:31.83,IMU,105.47,797.85,506.84,1.24,2.85,-0.98,-48.90,44.70,11.55,27.5
2026/05/04 21:50:31.93,IMU,108.89,843.26,530.76,3.31,0.34,-0.66,-49.05,43.35,12.75,27.5
2026/05/04 21:50:32.03,IMU,132.32,820.31,490.23,2.61,0.50,1.10,-47.25,43.35,12.75,27.5
2026/05/04 21:50:32.13,IMU,98.14,822.27,537.11,0.09,0.33,-1.41,-47.40,45.45,11.55,27.3
2026/05/04 21:50:32.23,IMU,125.49,815.43,517.58,1.95,-4.25,0.11,-47.10,44.70,12.60,27.5
2026/05/04 21:50:32.33,IMU,129.88,818.85,505.37,2.92,-5.96,4.06,-47.55,44.55,12.75,27.6
2026/05/04 21:50:32.43,IMU,117.19,813.96,516.60,-0.38,-0.08,2.59,-48.00,44.10,12.45,27.6
2026/05/04 21:50:32.53,IMU,112.79,831.05,526.86,0.11,-2.55,-1.76,-47.40,43.65,12.60,27.6
2026/05/04 21:50:32.63,IMU,103.03,824.71,527.34,-0.97,-1.92,0.26,-49.20,44.70,11.85,27.6
2026/05/04 21:50:32.73,IMU,131.35,843.75,498.54,1.34,0.44,-2.53,-49.05,45.30,12.45,27.3
2026/05/04 21:50:32.85,IMU,129.39,813.96,511.23,1.65,1.05,4.09,-48.15,43.95,11.55,27.0
2026/05/04 21:50:32.95,IMU,119.63,825.68,511.72,1.82,-0.96,3.34,-48.45,44.70,12.15,27.6
2026/05/04 21:50:33.05,IMU,126.46,834.96,512.70,-1.62,1.44,-3.01,-48.00,44.85,12.45,27.5
2026/05/04 21:50:33.15,IMU,116.21,810.06,512.21,0.89,-1.42,-0.52,-46.65,45.45,12.15,27.5
2026/05/04 21:50:33.25,IMU,120.12,818.85,511.23,-0.99,0.73,2.38,-48.45,43.65,11.10,27.3
2026/05/04 21:50:33.35,IMU,129.39,815.43,497.07,-0.48,1.58,-1.30,-48.30,44.55,11.25,27.5
2026/05/04 21:50:33.45,IMU,127.44,832.03,485.84,3.54,-3.21,-0.38,-47.40,44.40,12.60,27.6
2026/05/04 21:50:33.55,IMU,127.93,815.92,520.51,2.91,-3.18,4.71,-47.25,44.55,10.95,27.6
2026/05/04 21:50:33.65,IMU,125.00,830.08,517.58,1.64,2.30,3.74,-47.40,43.95,11.55,27.6
2026/05/04 21:50:33.75,IMU,101.07,816.41,508.79,2.76,0.89,0.83,-48.00,44.55,13.05,27.6
2026/05/04 21:50:33.85,IMU,132.81,831.05,520.02,-0.11,0.96,3.21,-46.80,44.10,11.25,27.2
2026/05/04 21:50:33.95,IMU,122.56,823.24,472.66,2.37,2.15,2.45,-47.10,45.15,12.15,27.6
2026/05/04 21:50:34.05,IMU,110.35,842.77,543.46,0.92,0.34,-2.37,-48.45,45.45,11.85,27.5
2026/05/04 21:50:34.15,IMU,127.44,809.08,510.25,1.36,-2.75,2.21,-47.10,44.40,12.60,27.6
2026/05/04 21:50:34.25,IMU,101.07,826.17,506.84,-1.05,7.40,-2.82,-48.00,44.10,11.25,27.5
2026/05/04 21:50:34.35,IMU,123.05,844.73,513.67,1.53,-1.88,0.31,-48.90,44.40,11.10,27.3
2026/05/04 21:50:34.46,IMU,139.16,839.36,496.09,2.08,1.07,-1.47,-47.10,44.40,12.15,27.3
2026/05/04 21:50:34.56,IMU,108.89,810.06,505.86,-1.77,-0.11,2.40,-51.00,43.20,12.60,27.1
2026/05/04 21:50:34.66,IMU,143.07,839.36,494.63,6.15,-1.11,1.91,-50.55,45.75,11.25,27.2
2026/05/04 21:50:34.76,IMU,125.98,835.94,508.79,-1.48,1.20,2.32,-49.20,43.65,11.10,27.6
2026/05/04 21:50:34.86,IMU,138.18,846.19,490.72,2.71,0.01,-1.17,-48.30,43.80,13.05,27.6
2026/05/04 21:50:34.96,IMU,128.42,840.33,505.37,0.34,-2.40,0.08,-48.75,44.55,10.95,27.4
2026/05/04 21:50:35.06,IMU,146.00,840.33,498.05,1.67,-0.70,0.65,-48.45,44.70,11.10,27.5
2026/05/04 21:50:35.16,IMU,136.72,853.03,479.98,-0.33,1.10,-1.60,-49.05,44.85,10.95,27.3
2026/05/04 21:50:35.26,IMU,105.96,843.75,497.56,-2.76,-0.44,-0.98,-48.45,44.40,10.05,27.2
2026/05/04 21:50:35.36,IMU,145.02,808.59,477.05,5.67,-7.12,11.58,-48.30,45.75,11.25,27.5
2026/05/04 21:50:35.46,IMU,146.00,864.26,501.95,8.57,-5.74,3.19,-49.20,43.95,9.30,27.6
2026/05/04 21:50:35.56,IMU,157.71,879.88,470.21,2.98,-2.83,0.50,-53.10,41.85,15.30,27.5
2026/05/04 21:50:35.66,IMU,174.32,828.61,452.64,1.63,-1.01,2.40,-50.70,45.45,9.60,27.3
2026/05/04 21:50:35.76,IMU,168.95,853.03,457.03,-2.76,3.06,5.28,-50.40,44.70,10.35,27.1
2026/05/04 21:50:35.86,IMU,182.13,838.87,456.54,0.37,0.88,-1.31,-50.10,43.05,9.90,27.4
2026/05/04 21:50:35.96,IMU,125.98,837.89,491.21,2.61,0.86,-0.63,-49.65,43.65,9.60,27.4
2026/05/04 21:50:36.06,IMU,174.32,815.92,462.89,1.59,-8.02,4.95,-48.30,43.35,9.90,27.2
2026/05/04 21:50:36.16,IMU,182.62,875.49,474.61,4.63,-8.61,-2.46,-49.95,44.70,9.60,27.5
2026/05/04 21:50:36.26,IMU,208.01,838.38,401.37,-0.50,-0.69,0.57,-50.55,45.75,8.10,27.3
2026/05/04 21:50:36.36,IMU,187.99,864.75,454.59,1.83,5.33,1.61,-50.85,44.10,9.15,27.3
2026/05/04 21:50:36.46,IMU,168.95,843.26,447.75,8.56,-0.23,4.96,-50.40,43.95,7.20,27.2
2026/05/04 21:50:36.56,IMU,179.20,854.00,443.85,1.38,-4.50,1.96,-50.40,44.40,8.55,27.5
2026/05/04 21:50:36.67,IMU,198.24,840.82,435.06,2.96,-0.73,-1.47,-49.80,45.30,8.10,27.2
2026/05/04 21:50:36.77,IMU,200.68,857.42,426.27,-0.19,-1.54,-3.37,-48.90,44.40,7.50,27.5
2026/05/04 21:50:36.87,IMU,179.69,857.42,450.20,2.60,0.92,0.77,-48.45,45.15,7.80,27.3
2026/05/04 21:50:36.98,IMU,192.38,839.36,434.08,-0.21,-0.31,-0.32,-49.20,43.95,8.25,27.3
2026/05/04 21:50:37.08,IMU,206.54,868.16,442.38,-0.74,0.74,-2.76,-49.80,45.30,8.40,27.2
2026/05/04 21:50:37.18,IMU,173.34,846.68,419.92,0.65,1.31,-0.43,-48.00,44.85,8.70,27.5
2026/05/04 21:50:37.28,IMU,182.62,862.30,452.64,1.38,-0.35,0.97,-49.20,44.70,9.60,27.4
2026/05/04 21:50:37.38,IMU,179.20,850.59,434.57,0.82,-2.34,2.30,-49.95,45.15,7.80,27.5
2026/05/04 21:50:37.48,IMU,194.82,851.56,441.41,-0.14,-2.40,1.87,-49.35,44.85,7.35,27.3
2026/05/04 21:50:37.58,IMU,169.43,839.36,437.50,-0.85,0.39,0.58,-50.85,44.85,7.65,27.6
2026/05/04 21:50:37.68,IMU,182.62,875.00,454.59,1.88,1.44,-2.55,-50.55,45.30,8.10,27.3
2026/05/04 21:50:37.78,IMU,205.08,856.45,430.18,-2.11,0.53,-0.33,-48.90,44.40,9.30,27.5
2026/05/04 21:50:37.88,IMU,189.45,887.21,451.17,1.39,0.43,-1.54,-50.55,44.10,8.40,27.5
2026/05/04 21:50:37.98,IMU,160.16,851.07,455.08,1.53,-6.02,1.40,-49.05,46.50,9.15,27.5
2026/05/04 21:50:38.08,IMU,216.80,881.84,415.53,-1.31,1.79,0.21,-50.70,45.90,7.80,27.5
2026/05/04 21:50:38.18,IMU,194.82,866.21,448.73,-0.56,-0.09,0.79,-49.65,43.20,8.25,27.5
2026/05/04 21:50:38.28,IMU,184.57,843.26,441.41,-0.45,1.05,-2.79,-50.70,44.40,8.25,27.5
2026/05/04 21:50:38.38,IMU,199.71,869.63,434.57,-1.28,-1.15,-1.75,-50.70,44.70,7.50,27.5
2026/05/04 21:50:38.49,IMU,195.31,849.61,428.71,-0.03,4.99,-1.15,-51.60,45.75,8.10,27.5
2026/05/04 21:50:38.59,IMU,180.18,879.88,459.96,-0.56,-1.82,-1.11,-51.00,45.45,8.55,27.5
2026/05/04 21:50:38.69,IMU,191.89,853.52,430.66,-0.25,0.82,0.89,-50.70,43.95,7.80,27.5
2026/05/04 21:50:38.80,IMU,166.99,860.35,437.01,0.21,-1.63,2.28,-51.30,44.55,8.70,27.5
2026/05/04 21:50:38.90,IMU,175.78,838.87,452.64,1.32,-1.47,-0.34,-50.55,43.80,8.70,27.6
2026/05/04 21:50:39.00,IMU,193.85,854.00,428.22,-0.02,-4.28,1.43,-50.70,44.70,7.20,27.6
2026/05/04 21:50:39.10,IMU,191.89,855.96,428.22,0.02,2.89,0.56,-48.75,44.55,8.40,27.7
2026/05/04 21:50:39.20,IMU,194.82,884.77,415.53,-1.52,0.30,-1.37,-51.00,45.45,8.55,27.5
2026/05/04 21:50:39.30,IMU,131.35,870.12,511.23,-3.34,5.56,-2.30,-50.10,46.05,9.15,27.4
2026/05/04 21:50:39.40,IMU,198.73,796.88,409.18,2.15,-9.15,-11.36,-50.55,45.30,8.40,27.8
2026/05/04 21:50:39.50,IMU,227.54,924.80,454.59,-0.22,1.63,-6.41,-49.95,46.65,7.80,27.5
2026/05/04 21:50:39.60,IMU,133.30,834.47,425.78,0.89,1.02,-1.59,-50.10,45.30,8.40,27.6
2026/05/04 21:50:39.70,IMU,170.41,878.91,460.45,1.25,-0.64,-1.22,-49.20,45.90,9.30,27.6
2026/05/04 21:50:39.80,IMU,150.88,852.05,443.36,-0.32,4.28,0.35,-49.65,45.45,7.50,27.7
2026/05/04 21:50:39.90,IMU,152.34,869.14,457.03,-0.62,-1.61,-2.55,-49.80,44.85,7.65,27.5
2026/05/04 21:50:40.00,IMU,169.43,854.98,447.75,-0.31,0.88,-1.99,-50.10,45.30,7.65,27.5
2026/05/04 21:50:40.10,IMU,162.60,870.12,454.59,0.98,-2.20,2.50,-50.70,46.20,9.00,27.7
2026/05/04 21:50:40.20,IMU,150.39,857.42,438.48,1.15,-2.33,-0.40,-49.80,46.05,8.40,27.5
2026/05/04 21:50:40.30,IMU,164.06,854.49,437.01,-0.04,1.74,-1.48,-48.15,46.65,7.80,27.4
2026/05/04 21:50:40.41,IMU,157.23,848.63,443.85,0.77,0.77,0.18,-50.10,44.10,7.35,27.5
2026/05/04 21:50:40.51,IMU,157.71,854.98,454.59,-2.77,3.28,-1.07,-49.80,45.75,9.15,27.5
2026/05/04 21:50:40.61,IMU,147.95,858.40,442.87,1.59,-0.09,0.25,-49.80,45.30,9.45,27.8
2026/05/04 21:50:40.71,IMU,164.55,862.30,442.38,-1.28,1.35,-1.19,-48.90,45.90,9.30,27.5
2026/05/04 21:50:40.81,IMU,171.39,856.93,453.61,0.53,2.43,1.49,-49.05,45.30,7.65,27.5
2026/05/04 21:50:40.91,IMU,140.14,864.26,444.34,-0.02,-0.08,-0.50,-51.00,48.60,9.60,27.5
2026/05/04 21:50:41.01,IMU,172.85,852.54,424.80,0.15,-0.81,1.39,-50.85,46.80,8.40,27.6
2026/05/04 21:50:41.11,IMU,162.60,865.23,438.96,-0.13,1.03,-0.79,-48.45,43.95,8.25,27.3
2026/05/04 21:50:41.21,IMU,159.67,844.73,467.77,1.03,3.23,1.56,-50.10,44.85,9.15,27.6
2026/05/04 21:50:41.31,IMU,153.81,855.47,438.48,0.30,-2.13,-3.23,-49.80,44.55,8.40,27.3
2026/05/04 21:50:41.41,IMU,151.86,869.14,452.15,-0.30,0.89,-0.81,-48.90,45.45,10.05,27.6
2026/05/04 21:50:41.51,IMU,165.04,861.82,438.96,0.88,0.23,-0.39,-48.90,46.65,8.25,27.3
2026/05/04 21:50:41.61,IMU,148.44,859.38,442.87,0.40,1.18,2.55,-47.55,45.75,8.70,27.6
2026/05/04 21:50:41.71,IMU,165.04,845.21,437.01,1.41,1.60,-1.56,-49.05,45.75,8.40,27.5
2026/05/04 21:50:41.81,IMU,147.46,844.24,455.08,1.66,1.40,-2.14,-50.10,45.30,9.15,27.7
2026/05/04 21:50:41.91,IMU,164.55,852.54,458.01,0.44,1.34,-2.35,-50.70,46.65,7.20,27.6
2026/05/04 21:50:42.01,IMU,140.63,867.19,433.59,2.40,-0.49,4.13,-49.20,45.15,9.00,27.5
2026/05/04 21:50:42.11,IMU,170.41,872.56,458.01,2.12,-1.47,-2.17,-49.65,45.15,9.60,27.3
2026/05/04 21:50:42.21,IMU,156.25,846.68,443.85,-2.50,2.21,1.02,-50.10,46.05,8.40,27.8
2026/05/04 21:50:42.31,IMU,140.14,863.77,460.94,-0.64,-0.04,1.33,-50.10,44.55,9.15,27.3
2026/05/04 21:50:42.41,IMU,163.09,868.16,440.43,1.52,0.50,-0.54,-49.65,44.70,7.80,27.6
2026/05/04 21:50:42.51,IMU,144.53,858.40,445.80,0.30,0.45,-0.91,-49.05,45.75,9.45,27.3
2026/05/04 21:50:42.61,IMU,164.06,867.19,443.85,1.85,-2.97,-1.16,-49.05,46.05,9.45,27.6
2026/05/04 21:50:42.71,IMU,157.23,857.91,433.11,-0.68,0.06,1.33,-51.75,43.65,12.15,27.5
2026/05/04 21:50:42.81,IMU,94.73,900.88,327.15,1.44,-8.02,-0.44,-48.90,44.40,9.30,27.5
2026/05/04 21:50:42.93,IMU,165.53,876.46,485.35,1.03,-10.56,6.47,-49.65,44.40,8.25,27.6
2026/05/04 21:50:43.03,IMU,138.18,850.59,432.13,-1.60,-13.60,-3.86,-50.10,43.05,5.85,27.8
2026/05/04 21:50:43.13,IMU,84.47,866.70,506.35,4.17,-22.73,0.30,-50.40,42.45,7.80,27.6
2026/05/04 21:50:43.23,IMU,143.55,855.96,458.98,-8.73,-22.61,-14.21,-50.10,43.05,5.10,27.7
2026/05/04 21:50:43.33,IMU,250.00,806.64,421.39,-17.02,-15.50,-30.95,-51.45,44.70,5.40,27.6
2026/05/04 21:50:43.43,IMU,285.16,900.39,326.17,-8.66,-13.04,-23.15,-49.80,46.05,4.50,27.6
2026/05/04 21:50:43.53,IMU,243.65,918.95,437.01,-10.89,17.49,-3.27,-49.05,46.80,3.30,27.7
2026/05/04 21:50:43.63,IMU,166.50,794.92,462.89,-13.80,20.47,8.95,-49.35,47.55,5.55,27.8
2026/05/04 21:50:43.73,IMU,21.48,788.57,579.59,-4.54,13.50,6.43,-52.05,44.55,8.70,27.3
2026/05/04 21:50:43.83,IMU,119.63,859.86,535.16,6.84,4.74,0.01,-48.15,46.65,7.50,27.3
2026/05/04 21:50:43.93,IMU,119.63,804.20,513.18,-0.23,-3.46,3.04,-47.10,46.65,6.45,27.5
2026/05/04 21:50:44.03,IMU,141.60,839.36,507.32,0.70,1.92,-1.50,-48.00,44.55,7.35,27.9
2026/05/04 21:50:44.13,IMU,141.60,826.17,506.35,1.62,-3.56,0.09,-46.80,45.30,5.85,27.8
2026/05/04 21:50:44.23,IMU,130.86,841.31,484.38,1.11,2.64,-1.63,-48.90,46.65,5.40,27.6
2026/05/04 21:50:44.33,IMU,132.32,814.94,496.58,0.51,-3.82,0.54,-48.30,46.50,5.85,27.5
2026/05/04 21:50:44.43,IMU,141.11,857.91,472.17,0.10,8.90,-2.65,-47.55,46.80,6.30,27.5
2026/05/04 21:50:44.54,IMU,121.58,811.04,521.97,-4.03,5.15,2.18,-47.40,46.20,6.45,27.5
2026/05/04 21:50:44.64,IMU,116.21,832.03,501.46,-2.82,3.39,-2.66,-48.75,45.30,6.30,27.6
2026/05/04 21:50:44.74,IMU,108.89,837.40,501.46,-2.31,1.09,-0.51,-47.70,46.20,6.00,27.7
2026/05/04 21:50:44.84,IMU,115.23,830.08,496.09,-2.54,0.79,1.33,-49.20,46.95,6.75,27.7
2026/05/04 21:50:44.94,IMU,104.49,836.91,497.07,-0.98,-2.54,0.19,-49.65,45.15,7.80,27.5
2026/05/04 21:50:45.04,IMU,123.05,814.45,488.28,1.75,-2.43,0.52,-50.10,43.80,8.70,27.8
2026/05/04 21:50:45.14,IMU,121.09,837.40,501.95,-1.83,0.01,-1.85,-49.35,45.75,6.90,27.6
2026/05/04 21:50:45.24,IMU,117.19,834.96,512.70,-1.00,-1.51,0.17,-48.15,46.65,6.45,27.6
2026/05/04 21:50:45.34,IMU,113.28,829.59,485.84,-0.51,-0.44,2.48,-47.70,46.95,8.25,27.6
2026/05/04 21:50:45.44,IMU,133.79,817.87,495.12,0.15,0.24,1.60,-47.25,44.85,8.10,27.5
2026/05/04 21:50:45.54,IMU,123.05,827.15,501.95,0.85,0.95,1.60,-48.15,45.90,6.45,27.8
2026/05/04 21:50:45.64,IMU,122.56,831.05,513.18,-0.19,2.45,1.76,-46.35,46.65,7.20,27.8
2026/05/04 21:50:45.76,IMU,124.02,815.92,500.98,0.73,1.83,-1.34,-50.85,42.30,11.25,27.7
2026/05/04 21:50:45.85,IMU,122.07,824.22,497.07,1.35,-1.57,-0.41,-48.15,45.90,7.20,27.5
2026/05/04 21:50:45.96,IMU,107.42,823.24,508.30,0.17,-1.40,-2.05,-48.00,46.50,8.70,27.6
2026/05/04 21:50:46.06,IMU,132.81,824.22,487.30,0.79,0.57,1.62,-49.20,45.15,7.80,27.6
2026/05/04 21:50:46.16,IMU,112.30,838.38,514.16,-1.27,0.78,1.01,-49.35,46.05,8.10,27.4
2026/05/04 21:50:46.26,IMU,115.72,831.54,510.25,0.59,-3.16,1.49,-48.00,46.80,7.35,27.8
2026/05/04 21:50:46.36,IMU,131.35,841.80,517.58,-1.07,1.33,0.70,-48.15,46.20,8.55,27.6
2026/05/04 21:50:46.46,IMU,117.19,829.59,508.79,-1.29,0.48,-3.46,-48.15,45.45,6.00,27.8
2026/05/04 21:50:46.56,IMU,136.72,825.20,506.35,-0.31,1.80,-0.42,-47.55,45.75,7.35,27.5
2026/05/04 21:50:46.66,IMU,117.19,829.10,509.77,-0.98,3.71,-0.17,-47.55,44.55,6.60,27.7
2026/05/04 21:50:46.76,IMU,134.28,839.36,503.42,-0.07,0.70,-1.34,-48.15,45.45,6.75,27.8
2026/05/04 21:50:46.86,IMU,117.19,832.52,490.72,2.32,-0.76,1.21,-48.30,46.50,5.85,27.7
2026/05/04 21:50:46.96,IMU,131.84,838.87,491.21,-0.72,2.20,-0.34,-48.75,45.75,7.35,27.7
2026/05/04 21:50:47.06,IMU,130.86,835.94,506.35,-0.09,-0.03,0.89,-47.70,45.45,6.75,28.0
2026/05/04 21:50:47.16,IMU,137.70,835.94,500.98,-0.37,4.08,0.59,-49.20,45.45,7.50,27.5
2026/05/04 21:50:47.26,IMU,107.91,831.05,496.58,1.86,1.55,1.97,-48.90,46.20,8.55,27.9
2026/05/04 21:50:47.36,IMU,103.03,841.31,528.32,0.37,1.48,2.19,-48.45,46.20,9.00,27.8
2026/05/04 21:50:47.46,IMU,126.95,829.59,521.00,-0.10,-0.88,0.67,-49.80,45.30,9.15,27.8
2026/05/04 21:50:47.56,IMU,120.12,824.22,511.72,-2.37,-1.90,0.51,-48.45,45.45,8.25,27.7
2026/05/04 21:50:47.66,IMU,132.81,829.59,489.75,1.34,1.18,0.56,-48.15,47.70,7.80,27.8
2026/05/04 21:50:47.76,IMU,124.51,831.54,493.65,1.37,-0.66,0.04,-48.15,47.40,8.55,27.7
2026/05/04 21:50:47.86,IMU,90.82,833.01,516.60,-0.46,8.17,1.02,-49.80,43.20,13.65,27.8
2026/05/04 21:50:47.96,IMU,112.79,822.27,519.04,-1.19,-0.34,-0.95,-48.15,45.45,8.25,27.6
2026/05/04 21:50:48.06,IMU,119.63,840.82,507.32,1.41,-2.27,-1.48,-49.05,45.75,9.15,27.3
2026/05/04 21:50:48.16,IMU,119.14,834.47,510.74,-0.95,1.62,-1.46,-47.40,47.40,7.80,27.8
2026/05/04 21:50:48.26,IMU,123.54,825.68,494.14,1.15,0.63,1.21,-48.15,45.15,7.20,27.6
2026/05/04 21:50:48.36,IMU,128.42,825.20,506.35,-0.52,4.55,-2.14,-47.70,45.90,8.25,27.6
2026/05/04 21:50:48.46,IMU,123.54,850.10,505.86,1.66,-1.03,-1.40,-47.40,45.15,7.80,27.8
2026/05/04 21:50:48.56,IMU,130.37,827.64,507.81,0.28,-1.88,-1.23,-47.55,45.30,7.65,27.7
2026/05/04 21:50:48.66,IMU,104.98,850.59,524.90,2.40,-4.66,0.42,-47.10,46.20,7.50,27.5
2026/05/04 21:50:48.76,IMU,128.42,831.54,506.35,0.88,-6.24,-1.23,-46.05,45.30,7.35,27.6
2026/05/04 21:50:48.87,IMU,131.84,822.75,494.63,4.11,-4.38,-0.15,-47.25,45.30,7.35,27.7
2026/05/04 21:50:48.97,IMU,106.93,817.87,503.42,0.56,1.85,0.80,-46.35,46.20,9.00,27.5
2026/05/04 21:50:49.07,IMU,138.67,834.47,503.91,1.51,0.05,-0.68,-47.25,46.05,8.40,27.8
2026/05/04 21:50:49.17,IMU,98.14,830.08,522.95,2.47,-4.24,5.04,-46.80,45.30,8.10,27.6
2026/05/04 21:50:49.27,IMU,117.68,804.69,504.88,-0.48,-2.49,-4.09,-46.35,45.90,7.20,27.5
2026/05/04 21:50:49.38,IMU,125.00,835.94,516.11,-0.02,-2.20,4.68,-47.10,45.90,7.50,27.8
2026/05/04 21:50:49.48,IMU,125.98,826.17,493.65,0.72,3.63,0.56,-47.25,44.85,8.40,27.7
2026/05/04 21:50:49.58,IMU,119.63,842.77,466.80,-0.20,0.84,1.14,-47.70,45.15,7.80,27.5
2026/05/04 21:50:49.68,IMU,123.05,836.43,463.87,1.23,-1.59,-0.61,-47.40,45.45,7.20,27.5
2026/05/04 21:50:49.78,IMU,128.42,833.01,513.67,-1.05,-1.08,0.31,-47.25,44.85,7.35,27.5
2026/05/04 21:50:49.88,IMU,128.91,836.91,501.46,3.01,-0.17,0.74,-48.00,44.55,8.10,27.3
2026/05/04 21:50:49.98,IMU,119.63,834.47,481.45,1.57,0.01,-0.92,-48.00,44.85,8.10,27.5
2026/05/04 21:50:50.08,IMU,133.30,822.75,488.28,-3.02,5.08,0.27,-48.75,47.55,6.60,27.6
2026/05/04 21:50:50.18,IMU,147.46,827.64,484.86,-2.00,5.44,0.47,-47.70,46.65,8.25,27.3
2026/05/04 21:50:50.28,IMU,126.46,817.87,499.02,-0.77,6.37,1.79,-48.00,46.80,8.40,27.6
2026/05/04 21:50:50.38,IMU,117.68,835.45,458.50,3.39,-1.37,0.26,-48.30,46.05,6.90,27.5
2026/05/04 21:50:50.48,IMU,124.02,834.96,505.37,0.44,1.21,1.04,-48.90,45.45,8.25,27.5
2026/05/04 21:50:50.58,IMU,147.46,826.66,507.81,-0.31,0.11,-0.73,-47.40,47.40,8.25,27.3
2026/05/04 21:50:50.68,IMU,99.12,835.94,500.00,-0.61,-3.32,-1.63,-48.45,46.95,7.80,27.4
2026/05/04 21:50:50.78,IMU,142.09,837.89,507.32,1.30,-2.76,0.36,-49.80,46.05,6.90,27.2
2026/05/04 21:50:50.88,IMU,121.58,833.50,498.05,2.61,0.92,1.85,-48.75,46.05,9.45,27.5
2026/05/04 21:50:50.98,IMU,128.91,819.82,495.61,0.32,-0.74,2.73,-49.35,47.25,6.60,27.5
2026/05/04 21:50:51.08,IMU,138.18,820.80,497.56,-0.42,1.11,3.76,-48.75,46.05,6.90,27.3
2026/05/04 21:50:51.18,IMU,128.91,828.13,473.14,-1.67,4.09,-3.88,-48.00,47.25,7.65,27.2
2026/05/04 21:50:51.28,IMU,125.00,822.75,497.56,2.53,-5.13,-2.53,-48.75,45.30,8.40,27.5
2026/05/04 21:50:51.38,IMU,131.84,827.64,499.02,1.63,-0.55,-3.63,-49.65,45.45,7.80,27.3
2026/05/04 21:50:51.48,IMU,116.70,838.38,495.12,2.14,2.13,0.59,-48.75,46.80,8.40,27.5
2026/05/04 21:50:51.58,IMU,116.21,829.10,483.40,3.87,-1.72,-3.06,-48.00,45.75,6.90,27.5
2026/05/04 21:50:51.68,IMU,111.82,823.24,501.95,0.18,0.34,0.27,-48.75,47.55,7.65,27.3
2026/05/04 21:50:51.78,IMU,146.97,854.98,473.14,-0.76,1.45,2.76,-48.45,45.45,7.80,27.3
2026/05/04 21:50:51.88,IMU,123.05,833.01,488.77,-0.32,-2.04,0.46,-52.80,43.80,11.70,27.5
2026/05/04 21:50:51.98,IMU,135.74,832.52,493.65,3.09,-0.50,0.36,-49.65,46.65,6.75,27.3
2026/05/04 21:50:52.08,IMU,119.14,827.64,478.03,1.47,-3.06,1.12,-48.45,45.45,6.45,27.3
2026/05/04 21:50:52.19,IMU,129.39,848.14,483.40,-2.38,4.97,-2.81,-49.05,47.55,8.10,27.1
2026/05/04 21:50:52.29,IMU,134.28,833.98,501.46,0.05,-0.05,1.47,-48.45,45.90,7.50,27.3
2026/05/04 21:50:52.39,IMU,132.81,833.01,477.54,0.90,0.21,-0.23,-48.30,46.05,7.65,27.2
2026/05/04 21:50:52.49,IMU,129.39,821.29,501.46,1.91,1.45,0.71,-49.35,44.85,9.15,27.2
2026/05/04 21:50:52.59,IMU,127.44,843.75,490.23,2.44,4.38,-0.50,-49.35,46.05,7.65,27.0
2026/05/04 21:50:52.69,IMU,129.88,849.61,485.35,-0.34,-0.49,-0.28,-49.05,46.05,7.65,27.4
2026/05/04 21:50:52.79,IMU,166.02,870.61,474.12,4.11,-4.49,5.05,-51.00,45.90,6.75,27.0
2026/05/04 21:50:52.90,IMU,156.74,813.96,464.84,3.96,-4.23,6.93,-54.60,42.60,12.45,26.9
2026/05/04 21:50:53.00,IMU,146.97,842.77,526.86,-1.83,-3.29,6.67,-49.65,45.15,7.50,27.5
2026/05/04 21:50:53.10,IMU,200.20,807.62,484.38,2.58,3.85,2.74,-49.95,46.20,7.80,27.3
2026/05/04 21:50:53.20,IMU,187.50,811.52,506.84,-0.73,6.18,3.64,-49.65,45.15,8.25,27.3
2026/05/04 21:50:53.30,IMU,130.86,831.54,526.86,0.80,-2.62,-6.15,-50.10,45.75,7.65,27.3
2026/05/04 21:50:53.40,IMU,193.36,885.25,522.46,1.79,-4.47,0.51,-51.00,45.90,6.00,27.5
2026/05/04 21:50:53.50,IMU,221.19,798.34,465.82,-3.42,5.02,3.31,-51.30,45.75,6.90,27.2
2026/05/04 21:50:53.60,IMU,165.04,844.73,496.09,-0.22,4.84,-2.34,-49.05,45.75,7.35,27.3
2026/05/04 21:50:53.70,IMU,191.89,859.38,499.02,-3.53,5.76,-4.72,-49.80,44.10,6.90,27.5
2026/05/04 21:50:53.80,IMU,149.90,822.75,503.42,0.51,0.30,-1.45,-49.80,44.55,8.70,27.3
2026/05/04 21:50:53.92,IMU,208.01,838.87,488.77,3.60,-2.17,-3.20,-51.45,43.95,11.55,27.3
2026/05/04 21:50:54.02,IMU,163.09,799.80,511.72,1.28,4.25,1.05,-48.30,46.50,8.40,27.1
2026/05/04 21:50:54.12,IMU,143.07,871.58,515.14,1.51,-4.49,-0.59,-48.90,46.65,7.80,27.1
2026/05/04 21:50:54.22,IMU,178.22,793.95,502.44,0.49,-0.45,0.40,-49.35,45.75,7.65,27.3
2026/05/04 21:50:54.32,IMU,159.67,842.29,472.66,1.95,-2.11,-0.69,-50.10,45.30,6.30,27.3
2026/05/04 21:50:54.42,IMU,185.06,811.52,500.49,-0.85,1.83,-3.05,-49.35,46.50,7.35,27.3
2026/05/04 21:50:54.52,IMU,155.27,794.92,483.40,1.89,-0.69,0.57,-49.05,46.50,8.70,27.3
2026/05/04 21:50:54.62,IMU,160.16,833.01,527.34,3.14,-4.34,-2.26,-50.10,45.30,7.65,27.3
2026/05/04 21:50:54.72,IMU,154.30,833.50,503.91,-2.74,5.07,-4.22,-49.20,45.45,8.25,27.1
2026/05/04 21:50:54.83,IMU,166.99,843.26,502.93,0.25,1.27,1.47,-48.15,47.40,7.50,27.0
2026/05/04 21:50:54.94,IMU,143.07,823.24,508.79,0.31,-1.14,0.08,-52.35,44.85,11.25,27.0
2026/05/04 21:50:55.04,IMU,136.23,821.29,488.77,-0.95,-2.49,1.76,-49.95,45.90,7.50,27.5
2026/05/04 21:50:55.14,IMU,150.39,808.59,486.82,1.59,-0.49,-0.17,-49.20,45.90,7.80,27.3
2026/05/04 21:50:55.24,IMU,167.97,848.14,481.93,1.18,-1.43,0.66,-48.90,46.20,9.00,27.1
2026/05/04 21:50:55.34,IMU,159.67,812.01,498.54,2.85,4.10,-2.15,-49.80,44.85,8.70,27.2
2026/05/04 21:50:55.44,IMU,132.81,828.13,500.98,0.77,0.07,-2.38,-49.20,46.20,7.50,27.0
2026/05/04 21:50:55.54,IMU,163.57,833.50,486.33,1.63,-5.63,-2.87,-48.75,46.80,8.40,27.2
2026/05/04 21:50:55.64,IMU,182.13,840.82,462.89,0.23,-1.72,-0.08,-48.90,47.40,6.00,27.5
2026/05/04 21:50:55.74,IMU,147.95,828.13,485.35,0.63,-1.92,1.84,-48.75,46.80,7.35,27.3
2026/05/04 21:50:55.85,IMU,164.06,856.93,509.28,0.97,1.48,0.70,-49.65,46.20,6.45,27.0
2026/05/04 21:50:55.95,IMU,152.34,830.57,479.00,0.18,-1.79,1.13,-52.50,44.40,10.80,27.5
2026/05/04 21:50:56.05,IMU,131.84,807.13,513.18,-1.68,1.26,-3.20,-48.90,45.15,8.25,27.0
2026/05/04 21:50:56.15,IMU,146.00,832.03,495.61,0.51,2.63,0.16,-48.45,46.95,8.25,27.3
2026/05/04 21:50:56.25,IMU,162.11,831.05,509.28,0.75,-2.64,1.73,-48.90,46.20,7.20,27.1
2026/05/04 21:50:56.35,IMU,146.48,838.38,498.54,1.56,0.46,-0.55,-49.20,45.45,8.55,27.3
2026/05/04 21:50:56.45,IMU,165.53,826.66,509.28,-0.17,-1.97,1.17,-49.05,46.50,7.35,27.3
2026/05/04 21:50:56.56,IMU,174.32,841.31,490.23,0.56,2.06,-0.75,-49.20,46.65,7.50,27.2
2026/05/04 21:50:56.66,IMU,167.97,819.34,483.40,-2.42,3.22,0.72,-48.30,47.25,6.60,27.5
2026/05/04 21:50:56.76,IMU,129.39,838.87,508.79,-2.56,4.84,-0.08,-49.80,46.05,8.10,27.3
2026/05/04 21:50:56.86,IMU,125.98,835.94,530.27,-4.27,2.76,-1.56,-48.30,44.85,8.40,27.3
2026/05/04 21:50:56.96,IMU,187.01,845.70,483.89,2.27,3.15,0.86,-48.90,46.65,7.20,27.1
2026/05/04 21:50:57.06,IMU,163.57,847.17,497.56,-0.75,3.50,1.80,-49.05,45.75,9.15,27.1
2026/05/04 21:50:57.16,IMU,147.95,818.85,498.05,-1.53,3.87,-0.36,-49.05,46.80,8.10,27.3
2026/05/04 21:50:57.26,IMU,111.33,834.47,504.88,0.99,-0.75,-1.05,-47.55,46.80,8.40,27.3
2026/05/04 21:50:57.36,IMU,138.18,814.45,487.79,0.49,-3.35,0.45,-49.05,46.05,8.10,27.3
2026/05/04 21:50:57.46,IMU,157.23,837.40,501.46,-1.10,1.72,2.05,-48.45,44.70,8.25,27.0
2026/05/04 21:50:57.56,IMU,138.18,844.73,505.37,-2.84,2.81,0.41,-49.20,45.45,7.20,26.8
2026/05/04 21:50:57.66,IMU,149.41,828.61,527.34,-0.68,4.67,-0.85,-49.80,44.85,6.90,27.1
2026/05/04 21:50:57.76,IMU,134.77,805.66,501.46,-4.60,7.65,-3.11,-48.30,44.85,7.65,27.2
2026/05/04 21:50:57.86,IMU,138.18,834.47,518.55,-2.21,3.08,1.06,-47.40,45.90,6.75,27.3
2026/05/04 21:50:57.96,IMU,169.92,812.99,470.70,0.13,-2.25,-0.65,-49.35,46.80,6.90,27.3
2026/05/04 21:50:58.06,IMU,135.74,842.29,490.72,-0.53,-0.16,-1.16,-49.05,46.50,7.65,27.0
2026/05/04 21:50:58.16,IMU,139.65,834.96,528.81,-1.06,2.68,2.23,-48.45,46.20,8.25,27.0
2026/05/04 21:50:58.26,IMU,144.04,836.43,492.19,-0.91,-2.28,3.91,-49.35,45.30,7.35,27.2
2026/05/04 21:50:58.36,IMU,150.88,825.68,476.56,1.42,2.25,-0.76,-49.20,46.20,8.55,26.9
2026/05/04 21:50:58.46,IMU,138.67,849.12,513.67,-0.06,2.45,-2.40,-47.70,46.65,8.25,27.2
2026/05/04 21:50:58.56,IMU,139.16,810.55,496.58,-1.81,-0.85,-3.00,-48.00,46.50,8.10,27.1
2026/05/04 21:50:58.66,IMU,139.65,843.26,522.46,-0.73,4.21,1.76,-48.90,44.40,6.75,27.0
2026/05/04 21:50:58.76,IMU,143.55,844.24,496.58,1.17,1.34,-0.33,-48.15,46.65,6.45,27.0
2026/05/04 21:50:58.86,IMU,141.11,826.66,493.65,1.49,1.57,-2.40,-48.75,46.05,8.70,27.3
2026/05/04 21:50:58.96,IMU,130.37,832.52,497.56,0.55,-1.53,-0.48,-51.30,45.75,11.70,27.1
2026/05/04 21:50:59.06,IMU,141.60,833.50,503.91,0.76,-2.30,-1.39,-48.75,46.50,7.35,26.9
2026/05/04 21:50:59.16,IMU,128.42,819.82,507.81,-0.03,0.09,3.66,-48.30,45.75,6.90,27.2
2026/05/04 21:50:59.26,IMU,140.63,838.87,486.82,1.01,-0.98,-0.55,-47.55,45.75,8.70,27.0
2026/05/04 21:50:59.36,IMU,143.55,833.50,475.59,1.08,0.08,1.30,-48.75,45.30,8.10,26.9
2026/05/04 21:50:59.47,IMU,126.46,821.78,487.79,0.61,-0.97,0.08,-47.40,46.20,8.10,27.1
2026/05/04 21:50:59.57,IMU,125.98,825.68,514.65,-0.40,0.55,-0.37,-46.65,46.95,7.50,26.9
2026/05/04 21:50:59.67,IMU,134.28,834.47,506.35,0.40,-1.79,-0.08,-49.20,45.90,8.55,27.0
2026/05/04 21:50:59.77,IMU,141.60,835.45,517.58,0.27,0.63,-1.95,-48.30,47.25,8.40,27.0
2026/05/04 21:50:59.87,IMU,139.65,829.59,488.28,-0.87,1.61,0.01,-47.70,46.95,9.30,27.0
2026/05/04 21:50:59.98,IMU,131.35,825.68,517.09,-1.39,0.73,-1.16,-48.45,46.65,7.20,27.1
2026/05/04 21:51:00.08,IMU,146.00,841.31,481.45,0.47,-0.69,2.60,-48.15,46.65,8.55,26.9
2026/05/04 21:51:00.18,IMU,130.37,833.98,519.04,-0.13,3.76,0.90,-49.80,45.75,8.40,27.2
2026/05/04 21:51:00.28,IMU,138.18,822.27,487.79,0.80,-0.81,2.89,-47.55,45.75,7.65,27.2
2026/05/04 21:51:00.38,IMU,142.58,843.75,494.14,2.20,-1.61,0.89,-49.95,46.65,7.50,26.8
2026/05/04 21:51:00.48,IMU,179.20,825.20,489.26,0.24,3.10,4.21,-49.80,46.05,7.35,26.9
2026/05/04 21:51:00.58,IMU,135.25,810.55,488.28,4.22,0.23,0.81,-49.65,46.95,8.40,26.9
2026/05/04 21:51:00.68,IMU,180.18,822.27,493.16,3.44,1.05,-0.15,-49.35,46.80,8.40,27.1
2026/05/04 21:51:00.78,IMU,165.53,862.79,490.23,8.00,3.02,0.79,-48.15,46.95,8.55,27.0
2026/05/04 21:51:00.88,IMU,126.95,857.91,486.33,-2.57,0.47,3.94,-49.80,44.55,7.35,26.8
2026/05/04 21:51:00.98,IMU,172.85,824.71,445.31,-2.00,3.51,0.66,-48.45,46.20,8.25,27.0
2026/05/04 21:51:01.08,IMU,147.95,848.63,492.19,-0.53,-5.73,8.11,-49.35,46.50,6.90,26.8
2026/05/04 21:51:01.18,IMU,125.98,835.45,539.06,3.63,-2.77,7.20,-48.45,45.15,8.25,26.9
2026/05/04 21:51:01.28,IMU,190.43,798.34,474.61,0.14,4.37,-1.78,-48.15,44.70,8.25,27.1
2026/05/04 21:51:01.38,IMU,174.80,846.68,502.93,-3.21,4.97,-0.88,-48.75,44.55,7.65,27.0
2026/05/04 21:51:01.48,IMU,160.64,827.15,502.93,-1.63,3.89,-0.27,-49.95,43.95,7.80,26.8
2026/05/04 21:51:01.58,IMU,129.88,830.08,518.07,-1.60,6.06,-1.84,-48.45,43.95,8.25,26.8
2026/05/04 21:51:01.68,IMU,126.46,818.85,514.65,0.98,4.15,-2.65,-48.00,45.30,9.45,26.9
2026/05/04 21:51:01.79,IMU,166.50,867.19,477.05,-0.34,-2.55,-1.69,-49.80,44.10,8.70,27.1
2026/05/04 21:51:01.89,IMU,182.62,787.11,500.98,-3.22,4.53,2.39,-48.75,44.10,9.45,26.8
2026/05/04 21:51:01.99,IMU,103.52,809.08,520.51,-1.44,10.32,1.04,-48.90,42.45,8.55,26.8
2026/05/04 21:51:02.09,IMU,131.35,828.61,464.84,-2.79,2.59,1.16,-51.00,42.90,13.35,27.0
2026/05/04 21:51:02.19,IMU,154.79,845.70,485.84,0.66,-3.70,0.86,-49.05,44.85,8.70,26.9
2026/05/04 21:51:02.29,IMU,142.58,835.45,506.84,-0.59,-4.10,2.93,-47.40,44.40,9.00,26.9
2026/05/04 21:51:02.39,IMU,147.95,823.73,517.09,2.60,-9.45,7.63,-48.00,43.35,7.65,26.7
2026/05/04 21:51:02.49,IMU,173.83,810.55,489.26,5.11,-7.39,-2.38,-48.90,43.95,8.55,26.8
2026/05/04 21:51:02.59,IMU,155.76,839.84,527.83,3.18,-5.53,-0.68,-47.70,42.00,8.25,26.9
2026/05/04 21:51:02.69,IMU,187.99,828.13,466.80,-2.11,-3.53,-4.39,-47.40,40.20,7.50,26.8
2026/05/04 21:51:02.79,IMU,199.22,831.05,456.05,2.26,-3.98,-2.15,-48.30,40.05,8.10,26.8
2026/05/04 21:51:02.89,IMU,188.48,821.29,485.84,1.26,0.40,-0.11,-48.90,44.40,8.25,27.0
2026/05/04 21:51:02.99,IMU,185.06,822.75,506.35,-1.44,1.59,0.79,-49.05,42.30,5.85,27.0
2026/05/04 21:51:03.10,IMU,179.69,824.71,491.70,1.79,3.57,-3.93,-52.35,39.15,12.00,26.9
2026/05/04 21:51:03.20,IMU,167.97,855.47,524.41,0.83,3.99,1.81,-49.35,41.10,6.60,27.0
2026/05/04 21:51:03.30,IMU,167.97,833.01,498.05,-0.87,-0.22,1.94,-48.15,42.45,7.80,27.1
2026/05/04 21:51:03.40,IMU,194.82,831.54,489.26,2.56,-7.56,-2.89,-48.00,42.30,6.90,27.0
2026/05/04 21:51:03.50,IMU,173.83,848.14,491.21,1.89,-1.05,0.99,-47.70,41.70,7.50,26.8
2026/05/04 21:51:03.60,IMU,212.40,849.61,470.70,0.70,1.99,-0.14,-46.80,42.60,6.30,26.8
2026/05/04 21:51:03.70,IMU,187.99,829.10,480.96,2.41,0.54,3.02,-49.35,44.10,6.60,26.7
2026/05/04 21:51:03.80,IMU,190.92,850.59,497.56,1.48,0.56,0.12,-48.00,42.30,5.85,26.7
2026/05/04 21:51:03.90,IMU,192.38,825.20,464.36,0.89,-0.71,-0.20,-49.35,43.80,7.65,27.0
2026/05/04 21:51:04.00,IMU,194.34,839.36,462.40,-2.39,2.92,-0.38,-49.05,43.35,6.60,26.8
2026/05/04 21:51:04.11,IMU,172.85,839.84,495.12,0.21,2.10,-2.17,-50.85,39.60,11.25,26.9
2026/05/04 21:51:04.21,IMU,185.55,826.66,484.86,-4.51,3.32,2.47,-47.70,42.90,7.80,26.7
2026/05/04 21:51:04.31,IMU,190.43,820.80,480.47,-1.34,-1.82,0.03,-48.75,43.35,7.35,27.0
2026/05/04 21:51:04.41,IMU,203.13,844.24,483.40,2.40,-1.11,-2.03,-47.70,43.65,6.75,26.8
2026/05/04 21:51:04.51,IMU,176.27,809.08,485.35,-0.15,2.60,-2.47,-48.00,42.60,6.60,26.8
2026/05/04 21:51:04.61,IMU,177.25,841.31,507.81,0.94,-4.22,0.41,-48.90,43.95,5.70,26.8
2026/05/04 21:51:04.71,IMU,177.73,844.73,524.90,0.41,0.34,-3.13,-49.35,43.35,6.60,27.0
2026/05/04 21:51:04.81,IMU,185.06,832.03,474.12,3.26,-2.00,1.89,-48.90,42.90,6.45,27.0
2026/05/04 21:51:04.91,IMU,170.41,833.50,487.30,-1.03,1.47,-1.37,-49.05,43.05,5.55,26.8
2026/05/04 21:51:05.01,IMU,187.50,834.47,480.96,-1.72,3.70,1.32,-49.65,44.40,7.50,26.8
2026/05/04 21:51:05.11,IMU,180.66,828.13,479.00,-0.25,-1.23,2.64,-49.65,45.90,5.40,27.0
2026/05/04 21:51:05.21,IMU,186.04,827.64,493.16,1.94,1.46,-0.93,-49.35,43.80,7.35,26.5
2026/05/04 21:51:05.31,IMU,178.71,823.24,492.68,4.11,-1.29,-0.89,-51.30,44.55,6.90,27.0
2026/05/04 21:51:05.41,IMU,188.48,840.82,482.42,1.60,-0.03,1.40,-50.85,44.85,5.85,27.0
2026/05/04 21:51:05.51,IMU,202.15,822.75,470.21,0.47,1.77,2.08,-50.70,45.90,7.20,26.8
2026/05/04 21:51:05.61,IMU,192.87,848.63,506.35,-1.32,6.47,-0.86,-50.55,45.30,6.60,26.9
2026/05/04 21:51:05.71,IMU,194.82,813.48,468.26,2.06,2.56,3.06,-51.00,45.90,7.50,27.0
2026/05/04 21:51:05.82,IMU,172.36,838.38,486.82,2.44,6.81,1.76,-50.55,45.75,5.10,26.9
2026/05/04 21:51:05.92,IMU,174.32,817.87,465.82,4.88,-0.35,-0.48,-50.85,46.50,8.10,26.9
2026/05/04 21:51:06.02,IMU,235.84,861.33,462.89,5.03,-2.56,13.45,-51.30,45.30,6.30,27.0
2026/05/04 21:51:06.12,IMU,114.75,884.77,494.63,-0.93,12.34,11.95,-50.70,46.20,7.80,26.7
2026/05/04 21:51:06.22,IMU,197.75,619.14,423.83,133.27,-34.35,20.52,-51.00,45.45,6.45,26.8
2026/05/04 21:51:06.33,IMU,219.24,978.52,478.03,-8.92,17.47,1.01,-51.45,46.65,4.20,27.0
2026/05/04 21:51:06.43,IMU,255.86,798.83,294.43,-1.68,-1.81,-2.53,-51.30,46.05,5.85,26.9
2026/05/04 21:51:06.53,IMU,245.61,873.54,406.25,-2.79,21.04,-4.79,-51.45,46.65,4.20,27.0
2026/05/04 21:51:06.63,IMU,233.89,854.98,404.30,-6.44,10.96,-9.97,-50.85,45.75,6.30,26.7
2026/05/04 21:51:06.73,IMU,154.79,902.83,448.73,-8.85,15.31,1.15,-49.80,46.80,6.30,26.8
2026/05/04 21:51:06.83,IMU,168.46,875.49,396.48,3.44,-3.62,4.63,-50.10,47.25,6.90,27.0
2026/05/04 21:51:06.93,IMU,286.62,873.05,268.07,7.14,-2.89,13.27,-50.85,46.05,5.10,27.0
2026/05/04 21:51:07.03,IMU,239.75,879.39,374.51,4.18,-3.17,6.69,-50.55,46.50,6.60,27.0
2026/05/04 21:51:07.13,IMU,234.38,869.63,457.03,54.41,-38.30,34.49,-50.85,45.30,6.60,26.8
2026/05/04 21:51:07.23,IMU,249.51,824.22,260.25,-3.55,-12.74,0.04,-51.75,45.90,5.70,26.8
2026/05/04 21:51:07.33,IMU,262.70,953.13,371.09,12.41,-12.08,1.07,-51.60,46.50,3.30,27.1
2026/05/04 21:51:07.43,IMU,311.52,902.83,271.97,-6.79,-3.06,11.89,-52.05,44.55,3.75,26.6
2026/05/04 21:51:07.53,IMU,275.88,842.77,340.82,5.12,-15.56,13.66,-53.25,43.95,4.20,27.1
2026/05/04 21:51:07.63,IMU,331.05,833.98,387.21,-3.29,-2.55,13.37,-52.95,43.95,4.65,26.8
2026/05/04 21:51:07.73,IMU,249.51,831.05,403.32,8.53,-8.97,16.65,-54.60,42.30,4.50,26.9
2026/05/04 21:51:07.83,IMU,331.05,863.77,346.68,25.14,-11.76,27.38,-55.50,43.20,2.85,27.1
2026/05/04 21:51:07.93,IMU,381.84,887.21,268.55,-10.91,-22.23,17.50,-55.35,41.10,1.50,26.9
2026/05/04 21:51:08.03,IMU,519.04,738.28,281.25,-21.05,-14.80,18.91,-57.00,39.45,2.10,27.1
2026/05/04 21:51:08.13,IMU,464.84,816.41,331.05,30.90,-16.01,12.85,-57.75,39.45,1.35,27.0
2026/05/04 21:51:08.23,IMU,464.36,811.52,274.41,-4.28,-16.86,7.85,-58.65,38.10,0.15,27.0
2026/05/04 21:51:08.33,IMU,524.41,702.64,252.44,-0.25,-7.40,-6.84,-57.15,36.15,-2.25,27.2
2026/05/04 21:51:08.43,IMU,529.30,812.50,269.04,12.11,3.86,-6.11,-58.50,36.45,-1.80,26.8
2026/05/04 21:51:08.53,IMU,578.61,755.37,184.57,9.32,-11.91,20.58,-57.75,36.45,-2.85,27.0
2026/05/04 21:51:08.63,IMU,513.67,802.25,223.14,8.17,-22.93,5.27,-59.55,35.25,-2.85,27.0
2026/05/04 21:51:08.73,IMU,465.33,712.89,229.98,-50.96,60.37,-30.31,-59.40,36.60,-2.70,26.8
2026/05/04 21:51:08.83,IMU,543.95,823.24,271.00,8.94,28.21,-20.51,-56.85,38.10,-0.90,27.1
2026/05/04 21:51:08.93,IMU,457.03,814.94,216.80,28.63,17.56,1.04,-57.15,39.60,-0.45,27.1
2026/05/04 21:51:09.03,IMU,422.36,845.21,334.96,-7.25,7.81,2.44,-56.85,39.15,1.20,27.0
2026/05/04 21:51:09.13,IMU,421.39,810.06,314.45,-14.50,3.85,-6.12,-55.35,39.60,1.50,27.0
2026/05/04 21:51:09.23,IMU,403.81,821.78,377.44,-18.33,5.35,-1.59,-56.55,39.75,3.60,27.1
2026/05/04 21:51:09.34,IMU,404.30,796.39,452.64,-30.73,4.55,2.92,-56.25,37.95,3.15,27.2
2026/05/04 21:51:09.44,IMU,452.64,774.41,390.14,-30.10,7.68,-2.48,-56.10,38.10,4.05,27.0
2026/05/04 21:51:09.54,IMU,418.46,726.07,423.83,-11.79,12.69,-10.15,-57.00,37.50,4.20,27.1
2026/05/04 21:51:09.64,IMU,432.13,760.25,463.87,6.99,2.32,-3.50,-56.25,38.70,4.95,27.1
2026/05/04 21:51:09.74,IMU,362.79,796.39,466.80,12.40,0.93,-6.05,-55.80,39.75,6.45,26.8
2026/05/04 21:51:09.84,IMU,366.21,805.66,448.24,-5.41,-8.99,8.10,-55.05,39.00,4.65,27.1
2026/05/04 21:51:09.94,IMU,377.93,791.99,396.48,2.95,-6.15,2.74,-55.35,38.10,3.30,27.1
2026/05/04 21:51:10.04,IMU,410.64,794.92,485.84,-8.43,-2.66,2.37,-55.65,37.65,5.55,27.2
2026/05/04 21:51:10.14,IMU,368.16,753.91,440.43,2.69,-6.40,-8.93,-55.50,38.25,2.85,27.1
2026/05/04 21:51:10.24,IMU,430.18,765.63,397.46,4.25,-3.70,-6.98,-57.75,37.95,6.00,27.1
2026/05/04 21:51:10.34,IMU,401.86,793.95,417.97,-13.63,2.94,-3.27,-56.40,39.60,3.75,27.2
2026/05/04 21:51:10.44,IMU,405.27,781.74,469.73,3.80,-0.23,1.51,-55.35,40.80,3.75,27.3
2026/05/04 21:51:10.54,IMU,384.77,769.53,449.22,2.48,-6.50,1.69,-57.00,40.50,3.15,26.8
2026/05/04 21:51:10.64,IMU,374.02,807.62,395.51,0.12,-0.25,-11.05,-54.90,39.60,3.30,27.2
2026/05/04 21:51:10.74,IMU,388.67,804.20,401.86,-5.43,11.43,-2.61,-54.75,41.25,3.60,27.1
2026/05/04 21:51:10.84,IMU,347.17,796.88,423.34,-12.18,14.21,-9.02,-56.10,40.05,1.95,26.9
2026/05/04 21:51:10.94,IMU,367.68,787.11,450.68,-2.28,3.89,2.47,-54.75,41.70,4.20,27.0
2026/05/04 21:51:11.04,IMU,348.63,770.02,455.57,6.41,0.82,-1.44,-55.80,40.95,4.20,27.2
2026/05/04 21:51:11.14,IMU,348.14,797.36,502.44,-1.86,2.66,-5.21,-54.60,40.05,4.50,27.1
2026/05/04 21:51:11.25,IMU,337.89,783.20,456.54,3.40,-2.69,0.84,-56.40,38.10,9.15,27.2
2026/05/04 21:51:11.35,IMU,341.80,791.50,472.17,-4.17,-0.63,-1.07,-54.60,39.15,3.30,26.8
2026/05/04 21:51:11.45,IMU,335.94,779.79,473.14,0.18,2.34,-0.18,-54.90,39.60,5.10,26.8
2026/05/04 21:51:11.55,IMU,322.27,779.30,494.14,0.53,4.20,-1.82,-54.90,41.55,5.85,26.9
2026/05/04 21:51:11.65,IMU,328.13,794.43,500.00,1.15,2.93,-0.49,-54.75,41.25,4.95,27.1
2026/05/04 21:51:11.75,IMU,331.54,771.00,457.52,-1.92,-2.54,-0.36,-53.10,40.35,6.60,27.0
2026/05/04 21:51:11.86,IMU,324.71,785.64,471.68,0.27,0.61,-0.61,-54.60,40.80,5.85,26.9
2026/05/04 21:51:11.96,IMU,335.45,808.59,476.56,2.61,0.47,-2.47,-54.45,40.95,6.00,26.8
2026/05/04 21:51:12.06,IMU,331.54,798.83,489.26,-2.11,2.24,-0.76,-52.80,40.35,5.55,26.9
2026/05/04 21:51:12.16,IMU,323.73,786.13,497.07,2.04,-0.98,-0.12,-52.95,41.25,5.40,26.9
2026/05/04 21:51:12.26,IMU,324.22,787.60,484.86,-2.12,1.74,-0.83,-58.05,37.95,8.25,27.0
2026/05/04 21:51:12.36,IMU,319.82,771.48,471.19,-0.68,0.90,-0.97,-53.85,40.80,5.85,27.2
2026/05/04 21:51:12.46,IMU,320.80,792.97,505.37,1.68,-0.53,2.31,-54.75,40.20,6.00,27.0
2026/05/04 21:51:12.56,IMU,315.92,747.56,508.79,-4.43,0.82,-2.89,-53.40,41.85,6.30,27.0
2026/05/04 21:51:12.66,IMU,321.78,787.11,515.63,0.47,-6.15,-4.20,-53.85,41.10,4.80,27.0
2026/05/04 21:51:12.77,IMU,335.45,816.41,494.63,-0.55,-1.64,-2.84,-54.60,42.60,7.35,27.0
2026/05/04 21:51:12.87,IMU,315.43,799.80,449.22,2.82,-1.89,3.82,-53.25,41.70,4.95,27.3
2026/05/04 21:51:12.97,IMU,327.64,756.84,497.56,0.37,3.37,3.56,-55.35,39.60,5.55,27.0
2026/05/04 21:51:13.07,IMU,299.32,770.02,546.88,-1.53,0.12,-3.37,-52.50,40.20,4.20,27.0
2026/05/04 21:51:13.17,IMU,297.85,797.85,468.26,-3.15,0.82,-6.73,-54.90,41.55,4.80,27.2
2026/05/04 21:51:13.27,IMU,336.91,802.25,430.18,-1.35,-2.05,-0.64,-54.15,40.35,4.50,26.8
2026/05/04 21:51:13.37,IMU,327.64,785.16,494.14,1.44,0.92,2.24,-54.45,42.00,5.70,27.2
2026/05/04 21:51:13.47,IMU,322.27,783.69,492.68,-0.81,0.77,-0.23,-54.75,41.25,4.95,27.0
2026/05/04 21:51:13.57,IMU,319.82,789.55,490.23,-0.78,1.04,-1.71,-54.90,39.60,4.05,27.2
2026/05/04 21:51:13.67,IMU,322.27,793.46,483.89,1.19,-1.61,-1.76,-54.60,40.35,5.55,27.2
2026/05/04 21:51:13.77,IMU,322.75,776.86,486.33,-2.10,-6.16,1.16,-54.15,41.10,4.80,27.3
2026/05/04 21:51:13.87,IMU,322.75,787.11,496.09,-1.73,0.34,1.24,-54.00,40.50,5.70,27.0
2026/05/04 21:51:13.97,IMU,317.87,785.64,504.88,0.24,0.66,1.12,-57.30,39.75,7.50,27.2
2026/05/04 21:51:14.07,IMU,327.15,786.13,484.86,1.01,-1.87,1.99,-54.60,40.80,5.10,26.9
2026/05/04 21:51:14.17,IMU,319.82,788.09,497.56,1.09,-2.17,1.98,-53.85,41.10,4.80,27.3
2026/05/04 21:51:14.27,IMU,320.31,776.86,482.42,1.14,-0.44,0.37,-54.00,40.20,4.95,27.2
2026/05/04 21:51:14.37,IMU,329.59,793.95,477.05,-3.80,-2.30,0.99,-54.00,39.75,5.40,27.3
2026/05/04 21:51:14.47,IMU,311.52,778.81,494.63,-2.55,0.08,0.25,-54.00,40.50,6.00,26.9
2026/05/04 21:51:14.57,IMU,329.59,781.25,493.16,-7.95,2.50,0.69,-54.00,41.25,5.70,27.2
2026/05/04 21:51:14.67,IMU,330.08,784.67,504.88,-2.62,1.15,-1.01,-54.00,40.20,4.65,27.2
2026/05/04 21:51:14.77,IMU,328.13,785.16,498.54,-2.91,3.87,-1.37,-55.80,41.25,6.00,27.1
2026/05/04 21:51:14.87,IMU,323.73,768.55,498.54,-1.93,-0.02,1.32,-54.75,40.20,4.20,27.0
2026/05/04 21:51:14.97,IMU,312.99,783.20,533.69,-1.56,0.43,-3.97,-55.80,40.20,6.75,27.0
2026/05/04 21:51:15.07,IMU,332.03,772.46,507.32,3.69,-6.69,1.32,-54.00,41.25,6.00,27.1
2026/05/04 21:51:15.17,IMU,333.50,774.41,507.81,1.28,1.19,1.58,-54.60,39.60,4.05,27.1
2026/05/04 21:51:15.27,IMU,345.70,765.63,500.98,-0.11,-2.08,1.98,-54.60,39.60,4.05,27.1
2026/05/04 21:51:15.37,IMU,327.15,791.99,540.04,-7.42,7.97,-3.63,-56.10,40.80,4.80,27.3
2026/05/04 21:51:15.47,IMU,335.45,753.91,519.53,-5.11,0.64,-2.22,-54.75,40.50,5.40,27.2
2026/05/04 21:51:15.57,IMU,332.52,755.37,526.86,-1.41,3.37,1.92,-55.05,40.50,4.20,26.7
2026/05/04 21:51:15.67,IMU,323.73,788.09,525.88,-1.27,-2.09,-0.07,-53.85,41.10,3.75,26.9
2026/05/04 21:51:15.78,IMU,300.29,751.46,530.76,-1.66,3.06,0.57,-54.15,41.10,6.30,27.1
2026/05/04 21:51:15.88,IMU,315.43,788.57,541.99,4.86,0.01,0.46,-53.10,41.55,4.80,26.8
2026/05/04 21:51:15.99,IMU,341.80,763.67,513.67,-0.66,-2.38,-1.58,-55.05,40.20,4.65,27.1
2026/05/04 21:51:16.09,IMU,338.87,768.55,510.25,-3.96,1.07,-0.95,-54.75,40.95,4.95,26.7
2026/05/04 21:51:16.19,IMU,316.41,764.65,543.95,-4.81,-2.23,1.59,-54.15,39.60,6.60,27.2
2026/05/04 21:51:16.29,IMU,325.20,763.67,519.04,-0.13,-1.41,-1.83,-54.15,39.60,6.90,26.8
2026/05/04 21:51:16.39,IMU,331.54,763.67,515.63,0.88,-2.30,4.52,-55.35,40.35,5.85,27.1
2026/05/04 21:51:16.49,IMU,315.92,752.44,530.76,-2.62,2.72,0.36,-54.00,41.25,5.40,27.0
2026/05/04 21:51:16.59,IMU,326.17,766.60,543.46,-2.02,0.50,1.76,-54.90,39.60,4.05,27.0
2026/05/04 21:51:16.69,IMU,339.36,755.86,514.16,-0.86,0.49,-0.26,-54.60,39.60,5.55,26.8
2026/05/04 21:51:16.79,IMU,342.29,758.79,527.83,0.96,0.86,-1.21,-54.75,39.00,4.65,27.2
2026/05/04 21:51:16.89,IMU,315.92,763.67,500.98,-1.32,1.99,-1.24,-54.75,40.50,6.45,26.8
2026/05/04 21:51:16.99,IMU,335.45,760.74,526.37,0.49,-1.36,1.93,-54.60,39.15,4.50,27.2
2026/05/04 21:51:17.09,IMU,311.04,755.37,533.20,-0.45,-1.95,0.77,-55.05,40.50,5.40,27.0
2026/05/04 21:51:17.20,IMU,315.43,765.14,535.16,0.10,-2.13,0.75,-54.00,40.20,5.70,27.3
2026/05/04 21:51:17.30,IMU,323.24,753.42,529.79,-0.03,-2.79,0.88,-55.05,41.25,6.00,27.2
2026/05/04 21:51:17.40,IMU,329.10,758.79,541.50,0.46,0.65,-0.40,-54.15,40.35,4.50,27.1
2026/05/04 21:51:17.50,IMU,315.43,763.18,553.71,-1.13,0.63,1.27,-54.75,41.25,4.95,26.9
2026/05/04 21:51:17.60,IMU,322.27,764.65,508.30,1.27,-0.11,-1.09,-53.85,40.80,5.85,27.0
2026/05/04 21:51:17.70,IMU,325.68,750.98,543.95,-0.10,1.00,1.12,-53.70,38.70,6.00,26.9
2026/05/04 21:51:17.81,IMU,320.80,765.14,534.67,-0.64,-2.36,-1.05,-54.60,39.60,5.55,27.0
2026/05/04 21:51:17.91,IMU,326.17,759.77,537.11,1.67,-3.84,-2.13,-54.60,40.35,6.60,27.2
2026/05/04 21:51:18.01,IMU,333.50,761.72,543.46,-0.31,-1.04,-1.34,-55.35,39.60,6.60,27.1
2026/05/04 21:51:18.11,IMU,319.34,759.28,531.25,-2.33,1.82,0.69,-54.90,40.35,6.30,27.1
2026/05/04 21:51:18.21,IMU,324.22,750.49,520.02,0.48,2.18,-1.60,-54.45,40.95,5.40,27.3
2026/05/04 21:51:18.31,IMU,334.47,766.11,529.30,3.39,-2.30,1.59,-55.65,40.35,5.55,27.3
2026/05/04 21:51:18.41,IMU,313.96,758.79,535.64,0.45,-0.65,1.82,-54.15,41.85,4.50,27.0
2026/05/04 21:51:18.51,IMU,323.73,759.28,542.48,-1.41,-0.75,1.83,-54.90,41.55,4.05,27.0
2026/05/04 21:51:18.61,IMU,319.82,742.19,536.13,-2.34,3.00,-0.80,-55.35,40.05,6.30,27.3
2026/05/04 21:51:18.71,IMU,302.25,746.09,558.59,-5.02,3.05,0.21,-54.45,40.95,5.70,27.2
2026/05/04 21:51:18.81,IMU,322.75,766.60,551.76,-2.90,-1.83,-2.43,-54.90,39.60,6.60,27.1
2026/05/04 21:51:18.92,IMU,308.59,741.70,562.50,-5.89,7.07,-2.87,-54.75,40.50,4.95,27.3
2026/05/04 21:51:19.02,IMU,286.62,786.13,556.64,-9.92,-1.46,-0.90,-54.45,39.45,5.40,27.1
2026/05/04 21:51:19.12,IMU,313.48,725.10,544.43,1.53,-1.33,-2.09,-54.00,40.20,6.75,27.2
2026/05/04 21:51:19.22,IMU,305.66,743.65,575.68,4.05,-1.21,0.92,-54.90,39.60,4.50,27.3
2026/05/04 21:51:19.32,IMU,308.11,741.21,554.69,2.44,-1.19,0.82,-54.90,40.05,5.85,27.3
2026/05/04 21:51:19.42,IMU,288.09,771.97,559.08,0.98,2.22,0.04,-56.85,37.35,8.10,27.3
2026/05/04 21:51:19.52,IMU,309.57,752.93,563.96,-0.21,0.91,6.35,-55.05,40.50,4.65,27.2
2026/05/04 21:51:19.62,IMU,316.41,754.39,551.76,4.44,-0.70,0.66,-54.15,40.80,5.10,27.2
2026/05/04 21:51:19.72,IMU,307.13,734.86,551.27,-2.85,2.01,1.94,-54.60,39.60,5.10,27.0
2026/05/04 21:51:19.82,IMU,331.05,757.81,555.18,1.66,0.61,-2.18,-54.75,40.95,6.45,27.1
2026/05/04 21:51:19.92,IMU,309.08,741.70,552.73,-1.67,-1.89,-1.78,-54.75,39.00,4.95,27.1
2026/05/04 21:51:20.02,IMU,301.27,742.68,540.04,-0.78,1.17,-0.53,-53.25,39.00,4.65,27.5
2026/05/04 21:51:20.12,IMU,295.90,755.37,563.96,-0.08,-3.00,2.92,-55.35,40.05,6.30,26.8
2026/05/04 21:51:20.22,IMU,329.10,749.51,542.48,1.73,-1.02,-0.56,-54.15,39.60,5.10,27.3
2026/05/04 21:51:20.32,IMU,309.57,743.65,573.73,2.59,0.38,2.85,-53.85,39.60,5.85,27.4
2026/05/04 21:51:20.42,IMU,299.32,743.16,556.15,0.50,-1.96,0.98,-57.00,37.20,9.30,27.3
2026/05/04 21:51:20.52,IMU,336.43,744.14,543.46,1.82,-1.56,1.09,-55.35,41.55,5.85,27.5
2026/05/04 21:51:20.62,IMU,307.13,749.51,550.78,-1.88,0.87,1.99,-53.40,40.05,5.10,27.0
2026/05/04 21:51:20.72,IMU,315.43,742.19,553.22,-0.90,4.31,-2.01,-54.90,40.05,5.85,27.2
2026/05/04 21:51:20.82,IMU,330.08,745.12,529.79,0.26,2.05,0.13,-54.75,40.50,5.40,27.0
2026/05/04 21:51:20.92,IMU,331.54,753.91,515.14,-4.65,0.40,0.71,-53.70,39.75,6.45,27.1
2026/05/04 21:51:21.02,IMU,307.62,739.75,551.76,0.96,-3.16,1.24,-54.60,38.85,5.85,27.2
2026/05/04 21:51:21.12,IMU,303.22,741.70,559.08,0.70,0.50,4.11,-53.10,40.80,5.10,27.5
2026/05/04 21:51:21.22,IMU,311.04,766.11,553.71,0.10,0.80,-1.08,-54.00,40.20,5.40,27.1
2026/05/04 21:51:21.32,IMU,320.80,737.79,551.27,-0.27,2.28,1.19,-53.40,38.85,4.80,27.2
2026/05/04 21:51:21.44,IMU,304.69,753.91,567.87,0.27,1.31,2.67,-58.05,38.70,10.35,27.5
2026/05/04 21:51:21.54,IMU,304.69,764.16,552.73,-0.31,0.98,0.92,-53.40,40.80,5.55,27.3
2026/05/04 21:51:21.64,IMU,296.88,771.48,582.52,-4.54,-1.26,1.92,-54.45,40.95,5.70,27.3
2026/05/04 21:51:21.74,IMU,306.15,739.75,541.99,4.77,-1.69,0.03,-54.15,40.35,6.30,27.3
2026/05/04 21:51:21.84,IMU,313.96,756.35,546.39,-4.25,4.15,2.09,-53.85,40.80,4.80,27.2
2026/05/04 21:51:21.95,IMU,290.53,747.56,580.57,1.47,1.94,0.73,-58.95,37.65,11.70,27.5
2026/05/04 21:51:22.05,IMU,312.99,739.75,572.75,-1.73,2.56,3.96,-53.40,41.10,5.85,27.3
2026/05/04 21:51:22.15,IMU,287.11,739.75,569.82,2.05,1.79,3.13,-53.25,42.00,6.75,27.0
2026/05/04 21:51:22.25,IMU,294.43,764.16,550.29,1.07,-1.31,0.95,-54.00,40.50,6.45,27.3
2026/05/04 21:51:22.35,IMU,309.08,746.58,546.88,1.83,0.73,3.44,-51.75,40.95,7.20,27.4
2026/05/04 21:51:22.46,IMU,305.18,715.82,552.73,-0.05,3.78,0.22,-58.50,39.45,10.05,27.3
2026/05/04 21:51:22.56,IMU,295.41,753.42,591.80,1.37,0.83,-1.96,-53.40,41.55,6.90,27.0
2026/05/04 21:51:22.66,IMU,292.97,747.56,525.39,3.08,-4.50,-1.05,-54.15,40.05,4.80,27.5
2026/05/04 21:51:22.76,IMU,343.26,765.14,521.48,-1.61,-3.24,0.18,-55.50,40.20,4.95,27.3
2026/05/04 21:51:22.86,IMU,307.62,733.40,544.43,-1.59,1.01,1.56,-54.90,39.15,6.30,27.2
2026/05/04 21:51:22.97,IMU,295.90,749.51,557.13,0.18,0.31,-2.13,-54.00,40.20,4.95,27.4
2026/05/04 21:51:23.07,IMU,333.50,752.93,522.46,-0.06,-2.65,0.17,-54.15,41.10,5.55,27.3
2026/05/04 21:51:23.17,IMU,307.62,747.56,538.09,0.92,1.19,-2.22,-53.40,39.15,4.50,27.3
2026/05/04 21:51:23.27,IMU,304.69,744.14,541.02,1.48,-3.04,0.76,-55.05,39.45,6.00,26.9
2026/05/04 21:51:23.37,IMU,312.50,748.05,555.66,1.08,-3.35,-2.12,-54.45,38.25,3.60,27.5
2026/05/04 21:51:23.47,IMU,307.62,755.37,546.88,2.29,-1.25,2.21,-57.45,37.65,9.45,27.5
2026/05/04 21:51:23.57,IMU,311.52,753.42,525.39,-0.59,1.42,1.10,-54.00,40.95,6.00,27.3
2026/05/04 21:51:23.67,IMU,297.85,762.21,547.36,0.05,0.09,-2.36,-54.90,39.60,5.55,27.5
2026/05/04 21:51:23.77,IMU,312.99,743.65,531.25,1.21,1.64,0.09,-53.85,39.60,5.85,27.5
2026/05/04 21:51:23.88,IMU,304.69,739.75,562.99,-2.21,0.01,-1.55,-55.50,40.20,5.70,27.5
2026/05/04 21:51:23.98,IMU,312.01,754.88,541.50,0.20,-0.03,-0.89,-54.90,40.05,5.10,27.3
2026/05/04 21:51:24.08,IMU,307.13,772.95,543.46,-0.08,0.69,0.85,-54.60,39.60,4.80,27.5
2026/05/04 21:51:24.18,IMU,318.85,754.39,545.90,-0.27,1.08,-1.09,-54.75,39.75,3.90,27.5
2026/05/04 21:51:24.28,IMU,310.06,756.35,535.16,-0.13,-0.06,-0.12,-53.40,41.85,5.10,27.3
2026/05/04 21:51:24.38,IMU,311.52,748.54,541.99,-0.97,-0.35,4.44,-54.90,39.15,5.55,27.1
2026/05/04 21:51:24.48,IMU,305.66,772.95,544.43,0.47,-0.15,1.40,-53.70,40.95,6.00,27.5
2026/05/04 21:51:24.58,IMU,313.48,742.68,541.02,-3.43,2.96,-0.73,-54.45,40.95,4.20,27.3
2026/05/04 21:51:24.68,IMU,305.66,756.84,541.99,-1.95,2.12,-0.31,-54.00,39.75,3.90,27.0
2026/05/04 21:51:24.79,IMU,263.67,758.79,572.75,-1.13,-0.68,5.63,-54.60,40.05,4.80,27.3
2026/05/04 21:51:24.89,IMU,346.19,729.49,518.07,-0.48,-2.28,0.82,-54.90,40.05,5.55,27.2
2026/05/04 21:51:24.99,IMU,323.24,769.53,539.06,-2.80,0.25,-1.10,-55.05,40.50,4.95,27.1
2026/05/04 21:51:25.09,IMU,308.11,753.42,536.13,1.56,-1.31,2.30,-54.45,40.20,5.40,27.5
2026/05/04 21:51:25.19,IMU,314.45,746.09,541.50,-1.24,2.50,-2.67,-54.60,40.05,4.80,27.5
2026/05/04 21:51:25.29,IMU,318.85,751.95,529.30,0.60,2.08,-2.97,-54.00,40.20,5.70,27.4
2026/05/04 21:51:25.39,IMU,330.08,751.95,517.58,0.54,1.83,2.07,-53.40,39.60,6.30,27.5
2026/05/04 21:51:25.49,IMU,300.78,758.79,557.13,-0.01,1.47,2.89,-53.40,39.15,6.90,27.5
2026/05/04 21:51:25.59,IMU,310.55,751.46,535.16,-0.31,-1.79,-0.71,-54.45,39.75,5.40,27.3
2026/05/04 21:51:25.69,IMU,319.34,762.70,551.27,0.72,-0.08,1.28,-52.80,40.80,5.85,27.5
2026/05/04 21:51:25.79,IMU,312.99,742.68,542.48,0.19,-0.59,1.24,-54.00,40.95,5.40,27.0
2026/05/04 21:51:25.89,IMU,312.01,755.86,540.53,-1.18,0.07,-0.03,-54.60,40.35,5.55,27.3
2026/05/04 21:51:25.99,IMU,313.96,740.23,541.99,0.27,-2.50,0.81,-54.90,39.60,4.80,27.1
2026/05/04 21:51:26.09,IMU,300.78,738.77,540.53,1.05,-2.23,0.27,-54.75,40.50,5.40,27.4
2026/05/04 21:51:26.19,IMU,317.38,753.91,560.06,0.66,-0.16,-1.39,-53.25,39.45,6.00,27.0
2026/05/04 21:51:26.30,IMU,317.38,754.88,540.53,-0.41,0.99,-0.83,-54.60,40.35,3.75,27.5
2026/05/04 21:51:26.40,IMU,315.92,749.51,524.41,0.34,3.33,0.91,-54.15,40.80,5.10,27.2
2026/05/04 21:51:26.50,IMU,295.90,753.42,549.80,1.20,-2.19,-0.28,-54.15,40.35,4.50,27.3
2026/05/04 21:51:26.60,IMU,352.54,768.07,511.72,-2.27,0.92,1.60,-55.05,41.25,5.40,27.0
2026/05/04 21:51:26.70,IMU,326.66,738.77,537.60,0.82,2.27,-0.58,-54.45,39.75,4.95,27.4
2026/05/04 21:51:26.80,IMU,300.78,757.32,547.36,1.71,-1.52,-1.54,-54.75,40.50,5.40,27.3
2026/05/04 21:51:26.90,IMU,323.73,751.46,529.30,0.08,-0.10,-1.83,-54.75,41.25,5.40,27.3
2026/05/04 21:51:27.00,IMU,308.59,758.30,546.88,-5.53,5.72,-8.76,-54.45,40.20,4.65,27.2
2026/05/04 21:51:27.10,IMU,311.52,770.02,563.96,3.37,0.57,-0.23,-53.85,38.85,5.85,27.1
2026/05/04 21:51:27.20,IMU,296.88,744.63,540.04,-1.34,0.83,0.75,-54.75,39.00,5.70,27.5
2026/05/04 21:51:27.30,IMU,311.04,758.30,542.97,-0.66,1.28,2.92,-53.25,39.45,5.70,27.2
2026/05/04 21:51:27.40,IMU,302.73,750.98,546.88,1.33,2.65,3.97,-55.80,39.45,5.40,27.4
2026/05/04 21:51:27.50,IMU,312.99,745.12,549.80,-0.21,-1.02,-1.11,-54.00,39.75,6.00,27.3
2026/05/04 21:51:27.60,IMU,306.64,746.58,534.67,-0.76,-1.89,2.62,-54.15,40.05,4.80,27.1
2026/05/04 21:51:27.70,IMU,300.78,746.09,563.96,-1.57,-1.50,-2.08,-54.15,41.85,4.50,27.3
2026/05/04 21:51:27.80,IMU,299.80,733.40,551.27,-1.03,-2.47,2.21,-54.15,38.85,6.30,27.5
2026/05/04 21:51:27.90,IMU,302.73,750.49,546.39,0.25,0.72,-0.30,-55.35,40.35,6.90,27.5
2026/05/04 21:51:28.00,IMU,301.76,753.91,542.97,3.47,-0.16,1.81,-52.80,40.05,5.85,27.5
2026/05/04 21:51:28.10,IMU,300.78,742.68,550.78,1.39,3.11,1.94,-53.85,40.80,4.80,27.3
2026/05/04 21:51:28.20,IMU,304.20,770.02,554.20,-0.99,3.05,-3.32,-53.25,39.75,7.20,27.3
2026/05/04 21:51:28.30,IMU,294.43,746.09,539.55,2.18,-0.29,-1.46,-53.70,40.95,5.40,27.3
2026/05/04 21:51:28.40,IMU,283.69,745.61,541.50,1.18,-2.29,0.89,-54.15,41.55,5.55,27.2
2026/05/04 21:51:28.50,IMU,312.50,745.12,526.37,-0.08,-1.53,-2.16,-54.75,40.50,5.40,27.0
2026/05/04 21:51:28.60,IMU,311.52,751.46,551.27,-1.66,2.47,1.22,-54.00,40.50,5.40,27.3
2026/05/04 21:51:28.70,IMU,291.99,715.82,587.89,-5.43,1.89,-1.27,-54.15,40.35,4.80,27.3
2026/05/04 21:51:28.80,IMU,297.85,759.28,571.78,0.83,3.15,-1.15,-54.45,41.25,6.45,27.5
2026/05/04 21:51:28.92,IMU,298.83,748.05,536.13,1.64,-1.88,2.07,-54.45,40.50,4.20,27.3
2026/05/04 21:51:29.02,IMU,311.52,771.97,549.32,2.42,-0.58,-1.73,-52.80,41.85,5.10,27.2
2026/05/04 21:51:29.12,IMU,305.66,741.21,563.48,0.02,1.66,0.65,-54.60,41.55,5.85,27.5
2026/05/04 21:51:29.22,IMU,306.64,745.61,554.69,0.55,-0.19,0.15,-55.05,41.70,4.65,27.5
2026/05/04 21:51:29.32,IMU,300.29,756.35,561.04,-2.07,0.68,-3.21,-53.85,40.35,4.80,27.4
2026/05/04 21:51:29.42,IMU,303.71,747.56,552.25,0.61,-3.08,-1.62,-54.45,40.50,6.00,27.1
2026/05/04 21:51:29.52,IMU,307.13,754.39,578.13,-2.07,2.08,-1.51,-53.25,39.75,6.45,27.5
2026/05/04 21:51:29.62,IMU,296.88,734.86,562.01,-3.11,1.55,2.18,-54.75,40.95,6.45,27.3
2026/05/04 21:51:29.72,IMU,298.34,745.61,563.48,0.37,-0.52,-2.18,-54.15,40.35,5.55,27.4
2026/05/04 21:51:29.82,IMU,303.22,741.21,553.22,0.15,1.14,-2.27,-55.05,40.95,6.45,27.6
2026/05/04 21:51:29.92,IMU,295.90,751.46,556.15,1.74,-1.37,-2.03,-53.70,41.25,6.00,27.2
2026/05/04 21:51:30.03,IMU,297.36,746.58,555.18,1.36,-0.35,-2.98,-54.15,40.80,4.80,27.5
2026/05/04 21:51:30.13,IMU,303.71,743.65,553.22,1.29,-1.40,4.33,-53.10,40.80,5.10,27.3
2026/05/04 21:51:30.23,IMU,316.41,746.09,554.20,-0.53,1.62,0.50,-53.85,40.35,6.60,27.5
2026/05/04 21:51:30.33,IMU,287.60,748.54,547.85,0.23,-2.74,-2.72,-54.90,40.05,5.10,27.3
2026/05/04 21:51:30.43,IMU,298.83,751.95,573.73,-1.41,0.52,-1.53,-54.15,39.60,6.30,27.3
2026/05/04 21:51:30.53,IMU,293.95,748.54,547.36,3.47,-1.94,2.45,-53.25,40.20,5.70,27.5
2026/05/04 21:51:30.63,IMU,303.22,733.40,561.04,-2.05,4.05,-0.01,-57.90,38.40,12.45,27.6
2026/05/04 21:51:30.73,IMU,305.18,750.49,551.27,-0.89,-1.37,-0.10,-54.60,40.80,5.85,27.3
2026/05/04 21:51:30.83,IMU,297.85,755.37,570.31,-0.55,3.79,-0.18,-55.05,40.95,5.70,27.4
2026/05/04 21:51:30.93,IMU,298.34,726.56,551.76,1.11,1.59,2.26,-53.40,41.55,5.10,27.2
2026/05/04 21:51:31.03,IMU,298.34,749.02,562.01,-0.54,-2.01,2.35,-54.60,40.80,6.60,27.5
2026/05/04 21:51:31.13,IMU,305.18,753.42,557.13,-1.25,-0.60,-3.17,-53.70,39.75,7.50,27.2
2026/05/04 21:51:31.23,IMU,302.25,752.44,547.36,0.70,-2.64,-0.75,-53.85,40.80,5.55,27.6
2026/05/04 21:51:31.33,IMU,294.92,727.54,570.80,2.82,-3.25,0.30,-53.85,41.10,6.90,27.2
2026/05/04 21:51:31.43,IMU,311.04,758.79,554.20,1.63,0.35,0.47,-54.00,41.25,5.40,27.5
2026/05/04 21:51:31.53,IMU,294.92,735.84,567.87,-4.11,0.23,-2.18,-54.75,39.75,6.45,27.2
2026/05/04 21:51:31.63,IMU,297.85,748.54,565.43,2.37,-1.15,-0.53,-56.85,38.40,10.20,27.4
2026/05/04 21:51:31.73,IMU,299.32,738.77,555.18,0.57,-2.59,-0.22,-54.15,40.05,6.30,27.5
2026/05/04 21:51:31.83,IMU,290.04,744.63,560.06,-2.04,1.96,4.50,-54.75,40.95,6.00,27.1
2026/05/04 21:51:31.93,IMU,303.22,749.02,561.52,2.54,1.54,-2.35,-54.60,39.15,5.55,27.5
2026/05/04 21:51:32.04,IMU,298.34,741.70,544.92,-1.43,2.40,-1.73,-56.40,37.35,10.50,27.5
2026/05/04 21:51:32.14,IMU,298.83,748.54,558.11,2.51,-2.08,1.18,-52.95,41.25,6.45,27.5
2026/05/04 21:51:32.24,IMU,299.80,756.84,555.66,-0.41,0.26,2.73,-53.40,41.55,5.10,27.3
2026/05/04 21:51:32.34,IMU,303.71,746.58,546.88,-0.52,0.88,-2.50,-55.35,41.10,5.55,27.6
2026/05/04 21:51:32.44,IMU,297.85,729.98,565.43,-1.79,0.66,1.80,-54.00,40.50,6.45,27.3
2026/05/04 21:51:32.54,IMU,299.32,752.44,561.52,-0.54,5.69,1.27,-53.10,39.60,5.10,27.7
2026/05/04 21:51:32.66,IMU,293.95,756.35,563.96,-0.37,3.47,-3.82,-56.40,38.10,8.70,27.6
2026/05/04 21:51:32.76,IMU,294.43,741.21,548.34,1.08,1.33,2.89,-54.00,40.20,6.75,27.6
2026/05/04 21:51:32.86,IMU,288.57,743.16,556.64,0.57,1.11,0.03,-54.45,41.25,7.20,27.4
2026/05/04 21:51:32.96,IMU,285.16,739.26,566.89,0.13,-0.17,0.44,-53.70,40.95,7.20,27.5
2026/05/04 21:51:33.06,IMU,297.85,745.12,542.48,-2.32,-0.14,-0.92,-56.40,41.10,5.85,27.5
2026/05/04 21:51:33.16,IMU,295.90,739.26,550.29,0.76,-0.44,0.49,-53.25,39.75,5.40,27.5
2026/05/04 21:51:33.26,IMU,293.95,742.19,578.61,-1.21,0.40,0.23,-52.20,40.20,5.70,27.5
2026/05/04 21:51:33.36,IMU,291.02,748.05,551.76,-1.05,-0.03,-0.32,-55.05,40.20,4.95,27.6
2026/05/04 21:51:33.46,IMU,298.34,746.09,560.55,2.53,-1.08,2.39,-56.10,40.80,6.30,27.5
2026/05/04 21:51:33.56,IMU,296.39,747.56,558.11,-0.24,0.70,-0.65,-53.40,40.80,5.85,27.5
2026/05/04 21:51:33.66,IMU,283.20,751.95,577.15,0.15,-1.18,2.31,-54.90,41.55,6.60,27.6
2026/05/04 21:51:33.76,IMU,294.43,754.39,559.08,2.38,-1.65,-0.79,-54.90,40.80,5.85,27.5
2026/05/04 21:51:33.86,IMU,301.76,734.86,562.01,0.51,-1.49,-1.11,-54.75,39.75,6.75,27.5
2026/05/04 21:51:33.96,IMU,298.34,750.98,562.99,1.31,0.74,-1.50,-54.45,40.20,6.45,27.6
2026/05/04 21:51:34.06,IMU,299.32,747.56,559.57,1.21,-1.72,-0.86,-53.40,39.15,6.30,27.5
2026/05/04 21:51:34.16,IMU,291.50,750.00,549.80,0.27,4.38,-2.27,-54.00,40.20,6.45,27.6
2026/05/04 21:51:34.26,IMU,297.85,745.61,565.92,0.65,1.40,1.02,-53.70,40.50,7.20,27.6
2026/05/04 21:51:34.36,IMU,298.34,747.07,567.87,1.77,1.18,2.34,-53.70,41.25,6.45,27.5
2026/05/04 21:51:34.46,IMU,301.27,745.61,553.71,3.22,-4.39,-1.82,-55.65,41.55,7.35,27.5
2026/05/04 21:51:34.56,IMU,275.88,733.89,573.24,-0.02,-0.85,-0.48,-54.00,40.95,6.00,27.0
2026/05/04 21:51:34.66,IMU,306.15,739.26,551.76,-1.22,-0.56,-0.98,-53.85,40.05,7.35,27.5
2026/05/04 21:51:34.76,IMU,293.46,750.00,540.53,-0.63,2.43,-1.54,-53.40,41.85,6.60,27.7
2026/05/04 21:51:34.86,IMU,290.53,748.05,549.80,-1.08,0.38,-0.66,-53.25,40.50,5.70,27.5
2026/05/04 21:51:34.96,IMU,295.41,740.23,542.48,1.00,1.95,-0.82,-54.45,40.20,5.40,27.6
2026/05/04 21:51:35.06,IMU,296.88,752.93,563.96,0.37,0.80,-1.31,-53.40,41.10,5.10,27.5
2026/05/04 21:51:35.17,IMU,291.99,743.16,546.88,-0.05,0.13,0.95,-54.15,41.55,5.85,27.3
2026/05/04 21:51:35.27,IMU,290.53,763.67,556.15,0.22,0.21,0.37,-53.70,42.00,4.65,27.6
2026/05/04 21:51:35.37,IMU,299.80,746.58,552.73,1.34,-0.77,-2.12,-52.05,40.35,5.55,27.2
2026/05/04 21:51:35.47,IMU,288.09,753.91,562.01,1.49,-1.21,0.80,-52.50,40.20,4.95,27.5
2026/05/04 21:51:35.57,IMU,286.62,727.05,569.82,0.29,1.80,-2.07,-53.40,39.60,5.85,27.4
2026/05/04 21:51:35.67,IMU,303.71,756.84,560.06,-0.02,0.77,-2.99,-52.95,41.25,6.75,27.5
2026/05/04 21:51:35.77,IMU,303.71,752.44,571.29,-1.66,-0.93,-1.52,-53.40,41.85,5.85,27.6
2026/05/04 21:51:35.88,IMU,307.13,761.23,566.41,0.29,3.40,0.29,-53.40,40.35,6.60,27.2
2026/05/04 21:51:35.98,IMU,286.13,739.75,564.94,-1.53,2.04,1.35,-52.80,41.55,6.90,27.5
2026/05/04 21:51:36.08,IMU,296.88,745.12,566.41,-0.25,1.09,1.76,-53.40,40.05,5.85,27.5
2026/05/04 21:51:36.18,IMU,288.57,753.42,574.71,1.02,2.48,1.64,-54.90,38.85,6.90,27.5
2026/05/04 21:51:36.28,IMU,286.13,737.30,560.06,1.38,-2.61,1.35,-53.85,41.10,6.60,27.3
2026/05/04 21:51:36.38,IMU,290.53,749.51,549.32,-0.08,-0.46,0.15,-54.15,40.80,6.60,27.3
2026/05/04 21:51:36.48,IMU,301.27,752.93,543.46,-0.56,0.89,-3.09,-52.95,40.95,7.20,27.5
2026/05/04 21:51:36.58,IMU,301.27,752.93,553.71,1.50,0.89,-0.85,-54.15,40.05,6.90,27.5
2026/05/04 21:51:36.68,IMU,307.13,760.74,550.29,0.05,1.57,1.04,-53.40,40.05,6.30,27.3
2026/05/04 21:51:36.78,IMU,300.29,760.74,567.87,0.34,0.82,-1.73,-53.70,40.50,5.70,27.3
2026/05/04 21:51:36.88,IMU,292.97,731.45,549.32,1.58,-1.70,0.76,-54.00,40.20,4.95,27.5
2026/05/04 21:51:36.98,IMU,307.13,728.52,560.55,-0.31,-1.67,-0.32,-54.15,39.60,5.55,27.5
2026/05/04 21:51:37.08,IMU,292.48,754.88,569.34,0.50,2.54,-0.40,-53.85,40.35,4.50,27.2
2026/05/04 21:51:37.19,IMU,292.97,746.58,551.76,-0.60,1.40,-2.08,-53.70,40.50,5.40,27.3
2026/05/04 21:51:37.29,IMU,300.78,750.98,538.09,2.24,-5.05,3.13,-54.00,39.45,5.40,27.3
2026/05/04 21:51:37.39,IMU,281.74,743.16,578.13,2.32,1.99,-0.47,-53.25,40.50,4.95,27.5
2026/05/04 21:51:37.49,IMU,296.88,747.07,553.71,-0.84,0.51,-2.47,-55.05,40.20,5.40,27.2
2026/05/04 21:51:37.59,IMU,303.22,762.70,541.99,2.63,-1.45,-1.40,-55.35,40.80,5.85,27.5
2026/05/04 21:51:37.69,IMU,303.22,731.45,553.71,-2.22,-0.53,-0.86,-53.85,40.80,6.30,27.2
2026/05/04 21:51:37.79,IMU,297.85,732.42,555.66,1.51,1.06,-1.18,-53.25,40.95,5.70,27.6
2026/05/04 21:51:37.89,IMU,283.69,741.70,565.43,-0.53,-0.40,1.24,-53.70,40.95,5.40,27.5
2026/05/04 21:51:37.99,IMU,308.59,753.91,542.48,1.52,-0.45,-0.33,-54.00,40.50,7.20,27.4
2026/05/04 21:51:38.09,IMU,288.09,748.05,547.85,-2.45,0.02,0.69,-54.15,41.85,5.85,27.5
2026/05/04 21:51:38.19,IMU,306.64,740.72,531.74,-1.21,-1.49,0.02,-54.75,40.20,6.75,27.5
2026/05/04 21:51:38.29,IMU,297.85,746.58,559.08,-0.92,0.53,2.35,-54.75,41.70,5.40,27.3
2026/05/04 21:51:38.39,IMU,300.29,741.21,557.13,0.31,-0.39,2.23,-53.10,41.85,5.55,27.6
2026/05/04 21:51:38.49,IMU,302.73,758.30,560.06,-2.60,0.32,-1.37,-54.00,40.95,6.00,27.3
2026/05/04 21:51:38.59,IMU,299.80,746.09,550.29,1.75,-0.49,-0.94,-53.70,40.20,5.40,27.5
2026/05/04 21:51:38.69,IMU,283.69,747.56,546.88,-0.69,2.57,0.69,-54.15,41.55,5.55,27.2
2026/05/04 21:51:38.79,IMU,299.80,754.39,557.62,1.53,1.53,-0.69,-54.15,40.35,5.55,27.3
2026/05/04 21:51:38.89,IMU,299.32,743.16,545.90,1.44,-3.06,0.69,-53.70,40.95,4.20,27.6
2026/05/04 21:51:38.99,IMU,311.04,753.42,545.41,2.10,1.59,0.44,-56.55,38.70,10.80,27.3
2026/05/04 21:51:39.09,IMU,285.16,746.58,570.31,-0.08,1.18,-0.93,-54.15,40.80,5.85,27.2
2026/05/04 21:51:39.19,IMU,318.85,759.28,554.20,1.85,0.33,0.81,-53.40,41.10,6.60,27.5
2026/05/04 21:51:39.29,IMU,287.60,753.42,559.08,-0.28,1.05,1.85,-53.85,40.05,4.80,27.5
2026/05/04 21:51:39.39,IMU,283.69,749.02,555.66,-2.24,0.95,-1.56,-53.40,41.55,5.55,27.5
2026/05/04 21:51:39.49,IMU,280.76,757.81,553.71,-0.69,1.56,-1.61,-53.85,38.85,5.85,27.2
2026/05/04 21:51:39.59,IMU,298.83,750.49,537.60,1.21,1.56,-0.24,-55.50,40.20,6.00,27.5
2026/05/04 21:51:39.69,IMU,300.78,740.23,553.71,-1.79,0.97,1.66,-54.45,41.25,5.40,27.4
2026/05/04 21:51:39.80,IMU,296.39,735.84,552.25,2.62,0.36,0.83,-55.05,38.25,9.30,27.3
2026/05/04 21:51:39.89,IMU,301.27,738.28,532.23,-1.06,0.74,0.44,-54.00,41.25,5.70,27.4
2026/05/04 21:51:40.01,IMU,297.85,754.88,557.13,0.69,-1.90,1.04,-53.10,41.85,6.30,27.6
2026/05/04 21:51:40.11,IMU,313.48,731.45,531.25,1.18,1.15,-2.11,-54.60,40.80,6.60,27.3
2026/05/04 21:51:40.21,IMU,288.57,748.05,568.85,-0.73,1.77,-2.89,-54.60,40.05,5.85,27.5
2026/05/04 21:51:40.31,IMU,290.53,742.68,576.66,4.54,-2.42,0.64,-54.00,39.75,4.95,27.3
2026/05/04 21:51:40.41,IMU,298.34,761.72,558.59,1.85,1.93,0.28,-53.70,39.45,6.00,27.3
2026/05/04 21:51:40.51,IMU,297.36,752.93,567.87,0.68,-0.15,0.66,-53.85,41.10,5.85,27.4
2026/05/04 21:51:40.61,IMU,308.11,745.61,557.62,3.29,-5.12,0.93,-54.15,40.80,5.85,27.5
2026/05/04 21:51:40.71,IMU,312.01,708.01,547.36,0.64,2.39,-0.27,-53.85,41.55,5.85,27.4
2026/05/04 21:51:40.81,IMU,303.71,757.81,547.85,-1.02,1.77,-1.32,-55.05,41.70,5.70,27.5
2026/05/04 21:51:40.91,IMU,302.73,756.84,528.81,2.20,-4.03,-4.87,-52.95,39.75,5.40,27.3
2026/05/04 21:51:41.01,IMU,341.31,781.74,512.70,-0.28,0.05,0.48,-53.70,40.95,4.65,27.3
2026/05/04 21:51:41.11,IMU,295.41,772.46,551.76,-2.79,7.63,1.07,-55.35,40.35,5.55,27.6
2026/05/04 21:51:41.21,IMU,290.53,726.56,571.29,-1.21,1.79,-4.68,-52.80,41.55,5.55,27.5
2026/05/04 21:51:41.31,IMU,301.27,755.86,556.15,-0.18,-3.22,1.01,-53.85,41.10,5.10,27.3
2026/05/04 21:51:41.41,IMU,324.22,771.48,528.32,1.18,3.67,-2.38,-53.70,39.75,4.95,27.5
2026/05/04 21:51:41.52,IMU,289.06,748.05,576.66,1.01,-1.08,-1.50,-54.75,40.95,4.95,27.2
2026/05/04 21:51:41.62,IMU,315.43,785.64,576.17,0.72,-0.35,2.05,-54.15,41.10,6.30,27.5
2026/05/04 21:51:41.72,IMU,302.73,748.05,548.34,-2.03,0.91,-0.57,-53.70,38.70,5.70,27.5
2026/05/04 21:51:41.84,IMU,299.32,758.30,544.92,-3.46,0.37,2.99,-53.85,40.35,5.10,27.6
2026/05/04 21:51:41.94,IMU,309.08,748.05,572.75,4.50,-0.52,0.89,-54.45,38.70,6.00,27.5
2026/05/04 21:51:42.04,IMU,284.67,768.07,533.69,-1.86,4.51,0.48,-54.60,40.05,5.85,27.2
2026/05/04 21:51:42.14,IMU,298.34,714.84,557.13,-2.75,1.73,-1.40,-53.10,39.60,4.80,27.4
2026/05/04 21:51:42.24,IMU,277.34,760.74,548.34,5.60,-9.21,3.69,-54.15,40.35,6.30,27.2
2026/05/04 21:51:42.34,IMU,343.75,773.44,484.86,5.66,-1.37,3.77,-54.90,40.35,5.85,27.5
2026/05/04 21:51:42.44,IMU,357.91,753.42,545.90,2.25,6.30,6.15,-54.45,39.45,3.60,27.2
2026/05/04 21:51:42.54,IMU,278.32,750.00,599.61,7.90,2.05,-1.05,-54.15,40.05,3.30,27.5
2026/05/04 21:51:42.64,IMU,289.06,815.43,593.26,-4.02,-2.73,-5.32,-54.75,39.75,5.40,27.1
2026/05/04 21:51:42.74,IMU,353.03,718.75,424.80,-0.31,-8.80,-1.55,-54.60,39.60,5.55,27.5
2026/05/04 21:51:42.84,IMU,364.26,807.62,477.54,4.30,4.14,1.52,-55.50,40.95,4.20,27.3
2026/05/04 21:51:42.94,IMU,315.92,740.23,547.85,2.60,-4.51,2.44,-54.45,39.45,4.20,27.5
2026/05/04 21:51:43.04,IMU,385.74,793.46,478.52,1.51,-2.92,3.65,-54.75,40.20,3.90,27.5
2026/05/04 21:51:43.14,IMU,357.42,761.72,501.46,-6.37,10.38,4.18,-56.25,40.20,3.60,27.3
2026/05/04 21:51:43.24,IMU,351.07,732.91,520.02,-2.99,6.77,2.94,-54.00,40.50,4.95,27.5
2026/05/04 21:51:43.34,IMU,302.73,731.93,563.48,2.08,1.86,0.23,-54.45,40.50,4.65,27.3
2026/05/04 21:51:43.44,IMU,328.61,739.26,517.58,-0.16,-4.47,-4.71,-55.05,39.75,5.40,27.0
2026/05/04 21:51:43.54,IMU,364.26,749.51,500.98,3.51,-4.40,-1.80,-55.35,39.60,4.80,27.5
2026/05/04 21:51:43.64,IMU,357.91,790.04,487.30,-0.99,0.21,-0.53,-54.60,41.10,3.75,27.5
2026/05/04 21:51:43.74,IMU,316.89,741.21,520.51,-4.13,3.16,2.06,-54.45,40.50,3.15,27.3
2026/05/04 21:51:43.85,IMU,296.88,756.84,531.25,3.15,-2.23,-8.13,-55.05,40.50,4.65,27.1
2026/05/04 21:51:43.95,IMU,311.04,720.70,501.95,0.04,-6.11,0.76,-54.75,40.95,3.60,27.3
2026/05/04 21:51:44.05,IMU,327.15,771.00,449.22,6.07,-9.12,-5.47,-54.60,40.35,3.30,27.0
2026/05/04 21:51:44.15,IMU,388.67,828.13,457.03,3.46,-1.85,1.28,-54.75,41.70,2.85,27.4
2026/05/04 21:51:44.25,IMU,319.82,788.09,481.93,-0.06,-3.57,3.95,-54.75,42.90,2.85,27.2
2026/05/04 21:51:44.35,IMU,332.52,780.27,477.05,-1.55,-1.47,-0.18,-54.60,41.55,3.75,27.3
2026/05/04 21:51:44.45,IMU,371.09,801.76,471.68,-6.39,2.34,0.53,-53.10,40.80,1.95,27.5
2026/05/04 21:51:44.55,IMU,330.08,716.80,468.75,-7.68,2.49,1.83,-54.75,42.00,3.90,27.2
2026/05/04 21:51:44.65,IMU,347.66,783.20,512.70,-2.00,3.51,-0.65,-56.40,40.35,3.75,27.3
2026/05/04 21:51:44.75,IMU,330.08,739.75,495.12,-1.37,1.43,2.46,-56.25,41.70,3.15,27.0
2026/05/04 21:51:44.85,IMU,309.08,778.81,514.16,6.66,1.94,-2.93,-54.15,41.55,2.70,27.4
2026/05/04 21:51:44.95,IMU,363.28,783.69,478.52,-4.37,5.17,-1.40,-53.85,40.80,2.25,27.2
2026/05/04 21:51:45.05,IMU,282.23,761.23,541.50,-6.89,5.88,-4.05,-54.60,41.10,4.50,27.3
2026/05/04 21:51:45.15,IMU,272.95,744.63,540.04,4.98,-5.33,-4.08,-55.50,40.95,3.15,27.3
2026/05/04 21:51:45.25,IMU,366.70,819.34,456.05,3.67,-5.67,-3.70,-55.50,40.50,3.90,27.2
2026/05/04 21:51:45.35,IMU,354.98,757.32,469.24,-0.68,5.69,8.79,-53.40,40.05,3.00,27.0
2026/05/04 21:51:45.45,IMU,295.90,756.84,553.22,1.35,10.95,-3.86,-54.45,40.20,3.60,27.5
2026/05/04 21:51:45.55,IMU,289.55,765.63,530.27,1.12,-2.87,-1.76,-54.15,40.80,3.00,27.0
2026/05/04 21:51:45.65,IMU,341.31,774.41,444.34,4.15,-7.50,-5.83,-56.25,41.25,2.85,27.3
2026/05/04 21:51:45.75,IMU,337.89,786.62,490.23,-1.30,6.79,-1.85,-54.75,40.20,3.15,26.9
2026/05/04 21:51:45.85,IMU,287.60,782.23,509.77,0.11,3.81,-1.34,-55.05,41.70,4.65,27.3
2026/05/04 21:51:45.97,IMU,295.41,817.87,475.59,0.16,-1.56,0.01,-54.00,41.25,3.15,27.0
2026/05/04 21:51:46.07,IMU,310.06,755.37,438.96,-0.18,-0.18,-0.37,-54.90,41.85,3.30,27.3
2026/05/04 21:51:46.17,IMU,321.29,820.31,507.32,2.69,-2.63,-0.44,-54.90,42.30,5.10,27.1
2026/05/04 21:51:46.27,IMU,301.27,795.41,469.73,0.60,-0.96,-2.13,-53.25,42.00,3.15,27.1
2026/05/04 21:51:46.37,IMU,292.97,801.76,516.11,4.05,-1.32,1.25,-54.15,43.35,3.75,27.0
2026/05/04 21:51:46.47,IMU,323.24,804.20,476.56,-9.93,-0.56,-0.20,-54.75,42.45,3.60,27.5
2026/05/04 21:51:46.57,IMU,310.55,784.18,539.55,-15.62,7.40,5.59,-53.40,41.55,4.50,27.3
2026/05/04 21:51:46.67,IMU,280.27,788.09,524.41,-0.92,2.50,-1.44,-54.15,41.10,4.05,27.3
2026/05/04 21:51:46.77,IMU,315.92,778.81,485.35,5.66,-3.34,5.18,-53.40,41.10,3.00,27.0
2026/05/04 21:51:46.87,IMU,315.43,754.39,464.84,-0.13,0.69,0.55,-54.45,40.95,3.90,27.1
2026/05/04 21:51:46.97,IMU,312.99,774.41,520.02,0.47,2.63,1.14,-54.00,41.70,4.20,27.2
2026/05/04 21:51:47.07,IMU,294.92,775.88,517.09,4.03,-4.96,2.48,-54.15,41.85,4.80,27.2
2026/05/04 21:51:47.17,IMU,348.14,791.02,491.70,2.46,-1.94,0.60,-54.90,40.80,1.95,27.3
2026/05/04 21:51:47.28,IMU,322.75,795.90,483.40,-5.20,3.63,2.99,-55.65,41.85,2.70,26.8
2026/05/04 21:51:47.38,IMU,282.71,773.93,484.38,-4.09,4.47,-0.74,-55.05,42.45,3.60,27.2
2026/05/04 21:51:47.48,IMU,309.57,775.88,510.74,3.76,-1.69,3.10,-54.45,42.45,3.15,27.0
2026/05/04 21:51:47.58,IMU,310.55,795.41,522.46,-2.89,3.29,-1.88,-52.95,41.25,2.85,27.2
2026/05/04 21:51:47.68,IMU,316.41,780.27,452.15,0.60,0.70,-1.68,-54.15,42.30,3.00,27.0
2026/05/04 21:51:47.79,IMU,317.87,782.23,498.05,3.86,-1.24,-4.89,-54.75,41.25,2.85,27.1
2026/05/04 21:51:47.90,IMU,291.99,782.71,493.65,0.77,-2.98,1.73,-54.75,41.70,3.15,27.2
2026/05/04 21:51:48.00,IMU,321.78,792.48,476.56,-0.27,-0.36,0.47,-53.10,41.55,2.25,27.1
2026/05/04 21:51:48.10,IMU,321.78,790.04,499.51,-3.72,3.10,-2.82,-54.45,42.90,2.10,27.1
2026/05/04 21:51:48.20,IMU,320.80,808.11,471.19,-4.98,4.14,0.39,-55.50,41.70,3.60,27.1
2026/05/04 21:51:48.30,IMU,302.73,762.70,530.76,-4.24,6.56,-3.60,-55.35,41.85,4.05,26.9
2026/05/04 21:51:48.40,IMU,275.39,788.09,517.09,6.08,-2.64,0.68,-53.85,41.55,3.75,27.0
2026/05/04 21:51:48.50,IMU,336.43,801.27,470.70,4.60,-4.37,-2.44,-54.00,42.00,2.10,27.1
2026/05/04 21:51:48.60,IMU,324.22,781.74,484.86,-3.18,6.50,4.58,-54.00,41.25,3.60,27.2
2026/05/04 21:51:48.70,IMU,281.74,757.32,517.58,1.11,2.07,1.50,-54.75,41.70,3.90,27.1
2026/05/04 21:51:48.80,IMU,291.99,789.06,509.77,2.56,3.11,-1.76,-53.70,42.00,4.65,27.0
2026/05/04 21:51:48.90,IMU,322.27,789.55,489.26,-0.55,1.85,1.43,-55.05,41.70,3.60,27.2
2026/05/04 21:51:49.00,IMU,294.43,786.62,511.72,0.96,1.98,1.38,-54.90,41.10,3.00,27.0
2026/05/04 21:51:49.10,IMU,298.34,775.88,499.02,2.11,1.19,-4.18,-53.40,41.55,4.05,26.8
2026/05/04 21:51:49.20,IMU,285.64,818.85,560.06,-0.38,1.79,1.61,-54.60,42.60,4.80,27.1
2026/05/04 21:51:49.30,IMU,301.76,769.04,502.93,0.73,-0.79,-1.45,-53.85,41.10,4.50,27.1
2026/05/04 21:51:49.40,IMU,294.43,810.55,521.00,-2.94,-0.53,1.11,-54.00,41.25,4.65,26.8
2026/05/04 21:51:49.50,IMU,299.32,780.27,517.58,0.46,-3.98,0.28,-53.85,40.35,4.05,27.1
2026/05/04 21:51:49.60,IMU,304.20,798.34,516.11,0.89,-2.02,1.28,-54.00,42.00,4.65,26.9
2026/05/04 21:51:49.70,IMU,284.18,779.79,513.18,-2.65,-0.73,-1.44,-53.70,41.25,3.90,27.0
2026/05/04 21:51:49.80,IMU,317.38,752.93,451.17,4.35,2.02,-3.07,-53.10,39.15,3.30,26.8
2026/05/04 21:51:49.90,IMU,283.69,847.17,519.53,5.40,9.08,-0.83,-52.50,40.50,4.20,27.1
2026/05/04 21:51:50.00,IMU,270.02,807.62,492.19,-4.55,-2.05,1.50,-55.35,41.10,8.40,27.0
2026/05/04 21:51:50.10,IMU,314.94,782.23,461.91,2.15,-2.24,-0.90,-53.85,41.10,3.30,27.1
2026/05/04 21:51:50.20,IMU,262.70,785.64,550.29,-1.18,4.45,3.56,-54.15,41.10,3.00,27.0
2026/05/04 21:51:50.30,IMU,279.79,787.11,508.30,1.32,-0.53,0.24,-52.35,40.05,3.00,26.8
2026/05/04 21:51:50.40,IMU,296.88,793.95,501.46,0.51,2.43,1.16,-54.00,40.50,2.85,27.1
2026/05/04 21:51:50.50,IMU,287.60,792.48,480.96,-3.87,7.01,0.36,-53.25,40.95,3.15,27.1
2026/05/04 21:51:50.60,IMU,286.13,782.23,498.05,-2.48,4.53,-0.02,-53.10,40.80,4.50,26.9
2026/05/04 21:51:50.70,IMU,291.02,777.83,508.30,0.41,1.92,-0.28,-53.40,41.10,4.05,27.0
2026/05/04 21:51:50.80,IMU,306.15,797.85,485.84,-1.27,2.70,0.34,-52.80,41.55,2.25,26.8
2026/05/04 21:51:50.90,IMU,295.41,776.86,497.56,0.92,-1.02,-0.02,-51.45,39.75,2.85,26.9
2026/05/04 21:51:51.01,IMU,281.74,795.90,533.69,5.45,-0.73,0.19,-53.25,41.25,3.60,27.0
2026/05/04 21:51:51.11,IMU,288.57,794.43,481.93,4.34,-4.82,1.11,-52.80,41.10,2.25,27.3
2026/05/04 21:51:51.21,IMU,260.74,790.04,491.70,4.63,6.81,-1.56,-53.40,43.05,3.30,27.1
2026/05/04 21:51:51.31,IMU,296.39,826.17,488.77,2.92,-9.18,-2.35,-53.40,42.30,3.30,26.8
2026/05/04 21:51:51.41,IMU,320.31,808.11,453.13,-5.21,4.13,-1.92,-52.95,42.00,2.10,27.0
2026/05/04 21:51:51.51,IMU,290.04,795.41,470.21,1.53,1.24,0.66,-53.85,41.55,3.00,26.9
2026/05/04 21:51:51.61,IMU,300.78,785.64,463.87,-2.34,1.13,-0.77,-54.00,40.50,3.60,27.0
2026/05/04 21:51:51.71,IMU,311.04,809.57,476.56,-5.04,0.02,1.46,-53.25,40.95,2.40,26.8
2026/05/04 21:51:51.81,IMU,313.96,796.39,461.43,-1.01,1.69,1.00,-52.95,41.25,2.40,27.0
2026/05/04 21:51:51.92,IMU,308.59,798.34,495.61,0.53,0.76,1.89,-52.35,40.35,3.30,26.9
2026/05/04 21:51:52.03,IMU,302.25,795.90,473.63,-2.60,-1.02,2.11,-56.85,39.15,7.65,26.9
2026/05/04 21:51:52.13,IMU,290.04,808.59,496.09,-2.57,-1.83,2.92,-54.15,40.80,4.50,27.1
2026/05/04 21:51:52.23,IMU,306.15,807.62,469.24,2.43,-3.82,-0.26,-53.25,42.45,2.85,26.9
2026/05/04 21:51:52.33,IMU,291.02,816.41,480.47,2.80,-4.04,-0.28,-53.25,41.70,3.90,26.9
2026/05/04 21:51:52.43,IMU,281.74,801.27,508.79,-4.46,4.70,1.90,-52.05,40.35,3.30,26.9
2026/05/04 21:51:52.53,IMU,299.32,786.13,489.26,-4.76,7.07,-4.43,-52.95,39.75,3.15,26.9
2026/05/04 21:51:52.63,IMU,286.13,787.60,509.77,-0.82,-1.72,0.31,-51.60,40.35,4.05,26.8
2026/05/04 21:51:52.73,IMU,301.27,806.15,494.14,-0.25,-5.73,6.14,-52.50,41.25,2.10,26.9
2026/05/04 21:51:52.83,IMU,319.34,785.16,485.35,-2.31,0.44,-1.33,-52.50,40.95,2.85,26.8
2026/05/04 21:51:52.93,IMU,305.66,791.02,501.95,1.24,3.09,2.05,-51.75,40.95,2.85,26.8
2026/05/04 21:51:53.03,IMU,276.37,781.74,496.09,-1.42,-1.44,1.54,-52.50,41.70,3.90,27.0
2026/05/04 21:51:53.13,IMU,288.57,796.88,508.79,-4.05,5.86,-3.03,-53.10,41.10,1.20,27.1
2026/05/04 21:51:53.23,IMU,300.78,808.11,500.49,1.02,-1.98,1.87,-52.95,40.95,3.90,26.8
2026/05/04 21:51:53.33,IMU,308.11,758.30,478.03,0.69,-3.89,4.29,-52.95,41.25,2.40,26.8
2026/05/04 21:51:53.43,IMU,307.13,809.08,534.67,-5.56,-1.98,4.41,-52.05,40.35,2.70,27.0
2026/05/04 21:51:53.53,IMU,299.32,766.60,530.27,3.50,-4.34,4.18,-54.45,40.50,2.40,26.9
2026/05/04 21:51:53.63,IMU,334.96,749.51,489.75,2.68,-5.82,1.22,-53.85,40.80,3.75,27.1
2026/05/04 21:51:53.73,IMU,323.24,781.25,484.38,0.77,0.95,0.22,-53.40,40.80,1.20,26.7
2026/05/04 21:51:53.83,IMU,299.32,790.53,517.09,-3.58,3.55,-2.87,-54.90,41.55,3.00,26.9
2026/05/04 21:51:53.93,IMU,302.73,770.51,500.98,-0.25,-0.86,0.21,-52.95,39.00,2.40,26.6
2026/05/04 21:51:54.03,IMU,331.05,796.88,528.32,0.05,-1.76,1.71,-56.85,40.35,5.10,27.1
2026/05/04 21:51:54.13,IMU,329.10,800.29,496.58,0.95,-0.36,-3.85,-53.70,39.45,2.10,26.9
2026/05/04 21:51:54.24,IMU,333.01,786.62,468.26,0.53,-4.04,1.21,-53.25,41.25,1.35,26.8
2026/05/04 21:51:54.34,IMU,315.43,824.71,515.63,-7.98,-2.11,-2.20,-53.85,40.80,3.30,26.8
2026/05/04 21:51:54.44,IMU,310.55,700.20,482.42,0.43,-0.47,1.55,-53.70,40.50,2.85,27.0
2026/05/04 21:51:54.54,IMU,313.96,784.67,534.67,1.35,1.24,-0.46,-54.00,39.75,2.85,26.7
2026/05/04 21:51:54.64,IMU,305.66,762.70,514.65,1.15,-3.58,0.47,-55.50,38.70,3.60,27.0
2026/05/04 21:51:54.74,IMU,321.78,792.97,530.76,-1.49,0.90,-1.43,-54.75,38.70,3.60,27.0
2026/05/04 21:51:54.84,IMU,312.01,778.32,511.72,1.93,-3.13,2.66,-54.60,39.60,2.70,26.8
2026/05/04 21:51:54.94,IMU,332.52,804.69,544.43,-2.17,0.89,0.68,-54.45,39.75,1.80,27.1
2026/05/04 21:51:55.04,IMU,309.08,758.79,490.72,-9.24,-8.75,-1.43,-54.00,40.20,2.10,26.7
2026/05/04 21:51:55.14,IMU,336.91,790.04,525.39,4.91,-1.53,-2.87,-54.15,41.85,2.25,27.1
2026/05/04 21:51:55.24,IMU,319.82,749.02,495.12,-7.84,-0.25,1.21,-53.40,40.35,2.25,27.0
2026/05/04 21:51:55.34,IMU,332.52,775.88,521.00,-0.40,0.47,-1.66,-54.15,39.15,1.50,26.8
2026/05/04 21:51:55.44,IMU,334.96,784.67,519.04,-1.07,0.87,-1.21,-53.70,39.45,3.60,26.8
2026/05/04 21:51:55.54,IMU,307.62,750.98,561.04,-13.39,-9.38,-0.34,-54.75,40.50,1.80,26.9
2026/05/04 21:51:55.64,IMU,348.63,727.54,486.82,1.95,-6.61,-3.54,-54.90,39.60,3.00,26.9
2026/05/04 21:51:55.74,IMU,342.29,761.72,532.23,-1.74,2.34,1.64,-56.10,40.35,3.30,26.9
2026/05/04 21:51:55.84,IMU,320.31,745.61,532.23,3.92,0.80,-1.04,-54.00,40.95,3.15,26.9
2026/05/04 21:51:55.94,IMU,328.61,753.91,516.60,3.99,-2.33,-0.67,-54.45,39.75,3.15,27.0
2026/05/04 21:51:56.04,IMU,356.45,748.54,511.23,1.98,1.33,1.86,-53.85,39.60,2.70,26.8
2026/05/04 21:51:56.14,IMU,315.43,753.42,542.48,3.12,-0.48,-0.49,-54.90,39.60,2.25,26.8
2026/05/04 21:51:56.24,IMU,338.38,778.32,511.72,1.71,-2.28,0.44,-53.85,38.40,1.50,26.8
2026/05/04 21:51:56.34,IMU,359.38,742.19,493.65,2.56,3.34,-0.53,-55.05,39.75,1.35,26.8
2026/05/04 21:51:56.44,IMU,351.07,822.27,539.55,5.72,-2.88,4.48,-54.90,39.60,1.95,26.9
2026/05/04 21:51:56.54,IMU,333.50,772.95,488.77,-5.41,7.47,-0.07,-53.40,39.15,1.50,26.7
2026/05/04 21:51:56.64,IMU,325.68,762.21,532.23,-2.43,1.20,-1.90,-53.70,39.00,2.10,26.8
2026/05/04 21:51:56.74,IMU,358.89,744.63,499.02,0.83,-2.47,1.57,-55.50,37.50,2.40,26.8
2026/05/04 21:51:56.84,IMU,340.33,751.46,524.90,-1.50,3.18,4.21,-58.65,36.15,8.70,27.1
2026/05/04 21:51:56.94,IMU,310.55,723.14,526.86,-1.44,0.29,-3.88,-50.40,38.25,2.40,26.9
2026/05/04 21:51:57.04,IMU,342.77,775.39,520.51,-0.50,-1.98,1.76,-52.80,38.10,3.30,26.7
2026/05/04 21:51:57.14,IMU,331.05,761.23,505.37,1.32,1.14,0.15,-56.25,37.20,6.00,26.6
2026/05/04 21:51:57.25,IMU,313.48,743.16,542.48,1.52,-0.55,2.40,-52.20,37.95,1.80,26.9
2026/05/04 21:51:57.35,IMU,326.66,759.77,500.00,3.76,-0.40,1.31,-53.10,38.85,3.00,26.8
2026/05/04 21:51:57.45,IMU,318.85,763.67,531.25,1.23,-1.95,3.27,-52.95,39.45,2.85,26.8
2026/05/04 21:51:57.55,IMU,329.10,754.88,528.81,-0.02,-0.52,-1.92,-53.70,38.70,2.10,27.0
2026/05/04 21:51:57.65,IMU,298.34,770.51,551.76,-1.73,5.11,-0.85,-53.40,39.60,3.30,26.9
2026/05/04 21:51:57.75,IMU,306.15,762.70,533.20,-0.02,-1.68,1.67,-52.80,39.60,3.00,26.8
2026/05/04 21:51:57.86,IMU,332.03,769.04,497.56,0.04,-0.31,-2.73,-53.25,38.25,2.10,26.6
2026/05/04 21:51:57.96,IMU,325.68,755.37,535.64,1.22,0.45,1.63,-54.00,39.00,3.90,26.6
2026/05/04 21:51:58.06,IMU,299.80,755.86,544.43,0.73,1.63,0.64,-52.80,39.60,3.00,27.0
2026/05/04 21:51:58.16,IMU,336.43,739.75,529.79,-0.63,-0.79,1.40,-57.30,37.50,7.80,26.9
2026/05/04 21:51:58.26,IMU,345.70,753.91,516.11,0.24,0.64,1.07,-54.45,38.70,2.40,26.7
2026/05/04 21:51:58.36,IMU,302.73,761.72,520.51,3.18,0.88,1.76,-52.20,40.20,3.15,26.9
2026/05/04 21:51:58.46,IMU,314.94,777.83,547.36,0.32,-0.13,3.69,-53.70,38.70,3.15,26.9
2026/05/04 21:51:58.56,IMU,329.59,761.23,523.93,-0.92,3.41,-2.82,-51.75,40.20,2.10,26.9
2026/05/04 21:51:58.66,IMU,307.62,777.34,543.46,1.18,-1.15,0.47,-52.05,38.40,2.25,27.0
2026/05/04 21:51:58.76,IMU,296.88,755.37,562.01,-3.05,-1.83,-3.14,-53.10,39.15,4.05,26.8
2026/05/04 21:51:58.86,IMU,321.78,761.23,552.73,0.39,-2.35,1.60,-53.10,39.15,3.30,26.7
2026/05/04 21:51:58.96,IMU,300.78,751.46,539.06,-2.12,3.38,-0.46,-52.95,39.45,3.60,26.8
2026/05/04 21:51:59.06,IMU,291.50,747.07,553.22,1.65,-1.92,-0.74,-52.95,39.00,4.20,26.6
2026/05/04 21:51:59.17,IMU,302.25,756.84,526.37,-1.38,-1.60,1.52,-57.00,36.75,8.25,26.9
2026/05/04 21:51:59.26,IMU,338.38,760.25,531.74,1.86,-0.35,-3.30,-53.70,39.00,3.90,26.9
2026/05/04 21:51:59.36,IMU,312.01,756.84,531.74,-0.63,-0.40,3.31,-53.40,40.05,4.80,26.7
2026/05/04 21:51:59.47,IMU,328.13,767.58,516.11,-1.92,0.87,-0.45,-53.25,38.25,4.95,26.8
2026/05/04 21:51:59.57,IMU,324.22,762.21,527.83,1.59,4.71,-0.70,-53.85,40.80,3.75,26.8
2026/05/04 21:51:59.67,IMU,315.92,756.35,539.06,0.05,1.24,-4.36,-52.95,39.75,2.40,26.7
2026/05/04 21:51:59.77,IMU,309.57,753.91,564.94,0.39,-2.17,4.50,-54.00,37.95,3.15,26.8
2026/05/04 21:51:59.87,IMU,315.43,755.37,522.95,2.11,-1.33,0.66,-54.00,39.00,3.90,26.8
2026/05/04 21:51:59.97,IMU,324.71,748.05,525.88,-1.09,2.45,5.27,-53.10,39.60,2.25,26.8
2026/05/04 21:52:00.07,IMU,307.62,765.63,569.82,1.15,-1.27,1.91,-53.70,40.95,3.90,26.8
2026/05/04 21:52:00.17,IMU,301.76,747.56,538.09,2.79,-3.82,2.60,-53.25,39.00,4.95,26.9
2026/05/04 21:52:00.27,IMU,322.27,764.16,517.58,0.13,1.10,-2.61,-54.75,39.00,3.15,26.8
2026/05/04 21:52:00.37,IMU,319.82,761.23,546.88,-1.78,4.57,1.41,-53.40,39.60,2.70,26.6
2026/05/04 21:52:00.47,IMU,306.15,729.00,541.50,-2.08,1.83,1.08,-53.25,38.25,2.40,27.0
2026/05/04 21:52:00.57,IMU,300.78,749.02,548.34,-1.89,-2.40,-2.56,-53.25,39.45,4.20,26.6
2026/05/04 21:52:00.67,IMU,339.84,744.63,527.83,3.39,1.13,-2.90,-52.80,39.60,4.50,27.1
2026/05/04 21:52:00.77,IMU,312.01,750.49,520.02,1.63,-1.70,1.42,-53.40,40.35,3.30,26.8
2026/05/04 21:52:00.87,IMU,316.89,776.86,524.41,3.08,-4.89,-2.21,-54.15,39.15,3.00,26.8
2026/05/04 21:52:00.97,IMU,324.22,771.00,517.09,-2.61,2.00,-0.49,-55.65,38.85,5.10,26.7
2026/05/04 21:52:01.07,IMU,332.52,776.86,520.51,-1.65,5.63,0.73,-53.85,39.15,3.30,26.9
2026/05/04 21:52:01.17,IMU,291.99,761.72,546.88,0.01,-1.86,2.68,-54.60,39.15,2.70,26.9
2026/05/04 21:52:01.27,IMU,307.62,753.42,528.81,-0.15,2.15,-2.31,-52.95,40.20,3.60,26.9
2026/05/04 21:52:01.37,IMU,319.34,764.16,529.30,1.74,-1.94,-0.60,-53.85,41.10,2.70,26.8
2026/05/04 21:52:01.47,IMU,313.96,771.48,539.06,-0.53,1.26,1.37,-54.45,40.20,2.85,26.8
2026/05/04 21:52:01.57,IMU,295.90,766.11,532.23,0.56,-7.38,-0.02,-55.05,38.70,3.60,26.7
2026/05/04 21:52:01.67,IMU,317.87,744.63,519.53,2.60,-1.09,1.42,-53.40,40.80,3.30,26.7
2026/05/04 21:52:01.77,IMU,306.15,777.34,515.14,1.90,0.45,-5.34,-54.00,40.95,2.85,26.9
2026/05/04 21:52:01.87,IMU,324.71,759.77,491.21,0.97,-3.05,-1.44,-54.15,40.80,3.00,26.8
2026/05/04 21:52:01.99,IMU,319.82,807.13,541.50,-1.82,0.67,3.11,-54.75,41.25,3.60,26.8
2026/05/04 21:52:02.09,IMU,327.15,783.69,495.12,1.61,3.67,1.81,-54.90,40.05,1.50,26.8
2026/05/04 21:52:02.19,IMU,317.38,776.86,524.90,0.41,3.37,0.62,-54.00,40.20,3.15,26.8
2026/05/04 21:52:02.29,IMU,315.92,764.16,510.74,0.70,1.56,-1.62,-53.25,39.75,2.10,26.6
2026/05/04 21:52:02.39,IMU,309.57,766.11,521.48,-0.73,0.09,-2.15,-54.15,41.10,2.70,26.4
2026/05/04 21:52:02.49,IMU,326.17,781.74,518.55,2.76,-1.04,-3.09,-52.80,40.80,2.25,26.6
2026/05/04 21:52:02.59,IMU,314.94,786.62,503.42,0.35,0.01,1.04,-54.00,40.50,2.10,26.8
2026/05/04 21:52:02.69,IMU,305.18,770.02,529.30,0.39,5.05,0.92,-53.10,40.80,2.25,26.9
2026/05/04 21:52:02.79,IMU,312.99,743.65,506.84,1.73,0.79,-0.62,-53.10,40.80,3.00,26.8
2026/05/04 21:52:02.89,IMU,322.27,774.41,499.02,-2.18,-3.15,-0.47,-53.70,40.20,2.85,26.7
2026/05/04 21:52:02.99,IMU,323.73,775.88,485.84,0.59,-0.04,-5.85,-52.20,42.00,1.35,26.8
2026/05/04 21:52:03.09,IMU,317.38,783.20,508.79,-1.93,0.73,2.08,-52.20,39.45,1.05,26.7
2026/05/04 21:52:03.19,IMU,304.69,766.11,529.30,-0.76,0.93,2.53,-52.95,41.70,1.05,26.8
2026/05/04 21:52:03.29,IMU,324.71,761.72,530.27,0.48,0.79,1.52,-53.85,40.05,2.70,26.8
2026/05/04 21:52:03.39,IMU,295.90,770.02,503.91,1.73,-0.53,-0.64,-52.20,39.45,1.80,26.8
2026/05/04 21:52:03.49,IMU,317.87,779.79,543.95,1.85,-1.14,-2.45,-54.75,40.50,2.10,26.7
2026/05/04 21:52:03.59,IMU,316.41,782.23,517.09,-0.36,-1.29,-2.27,-53.85,39.60,2.25,26.8
2026/05/04 21:52:03.69,IMU,317.87,763.18,502.93,0.27,-1.92,1.62,-53.40,41.10,1.20,26.8
2026/05/04 21:52:03.81,IMU,344.73,786.62,475.10,-2.44,-2.74,1.05,-54.75,40.95,1.35,26.8
2026/05/04 21:52:03.91,IMU,288.57,753.42,542.48,0.27,7.32,0.98,-53.70,39.75,1.05,26.7
2026/05/04 21:52:04.01,IMU,309.08,762.21,519.53,3.21,-1.59,-1.18,-53.85,40.35,1.20,26.7
2026/05/04 21:52:04.11,IMU,327.15,814.45,498.54,1.21,-2.49,-4.92,-53.85,40.80,1.20,26.8
2026/05/04 21:52:04.21,IMU,334.47,782.71,485.35,0.31,-3.44,0.08,-53.10,40.05,1.20,26.7
2026/05/04 21:52:04.31,IMU,319.34,791.02,483.40,-1.06,0.31,-0.12,-53.85,41.10,0.15,26.9
2026/05/04 21:52:04.41,IMU,338.87,768.55,491.70,1.93,2.22,0.82,-53.85,40.05,0.45,26.5
2026/05/04 21:52:04.51,IMU,308.11,781.25,535.16,0.07,-0.43,-1.90,-54.60,41.10,2.25,26.8
2026/05/04 21:52:04.61,IMU,302.73,806.64,503.91,-0.05,-3.50,-0.97,-53.25,39.75,2.10,26.8
2026/05/04 21:52:04.71,IMU,324.22,793.46,470.70,-1.56,-2.17,-3.55,-54.45,40.20,1.05,26.9
2026/05/04 21:52:04.81,IMU,324.22,788.09,479.00,1.03,0.98,-0.31,-53.85,40.80,1.50,26.8
2026/05/04 21:52:04.92,IMU,311.04,779.79,491.21,-0.60,4.31,3.00,-52.95,39.00,1.80,26.6
2026/05/04 21:52:05.02,IMU,308.11,791.50,502.44,0.05,-0.08,2.88,-52.80,40.35,0.45,26.7
2026/05/04 21:52:05.12,IMU,313.96,773.44,483.40,-1.24,2.95,3.02,-54.75,40.50,1.35,26.7
2026/05/04 21:52:05.22,IMU,315.92,775.88,506.35,-0.60,1.47,1.40,-53.25,40.95,1.35,26.9
2026/05/04 21:52:05.32,IMU,301.27,787.11,470.70,-0.75,5.74,-1.23,-52.95,40.20,2.40,26.7
2026/05/04 21:52:05.42,IMU,312.50,775.88,495.61,0.66,2.95,-0.31,-52.95,40.95,1.05,26.7
2026/05/04 21:52:05.52,IMU,321.29,781.74,492.68,-1.25,-0.53,-3.75,-53.70,41.70,1.05,26.6
2026/05/04 21:52:05.62,IMU,311.04,776.37,507.81,-0.25,0.42,-3.79,-53.10,40.80,2.25,26.8
2026/05/04 21:52:05.72,IMU,304.20,783.69,502.93,0.75,0.06,-0.03,-52.35,40.35,1.20,26.9
2026/05/04 21:52:05.82,IMU,295.41,784.67,503.91,-1.20,-1.60,1.85,-53.10,40.05,1.95,26.5
2026/05/04 21:52:05.92,IMU,313.48,788.57,505.86,-1.68,0.11,0.36,-53.70,40.20,2.40,26.8
2026/05/04 21:52:06.02,IMU,307.62,776.37,495.12,1.19,0.50,2.32,-54.60,40.35,1.20,26.6
2026/05/04 21:52:06.12,IMU,314.45,790.04,490.72,0.25,-2.04,2.29,-52.50,40.95,1.35,26.7
2026/05/04 21:52:06.22,IMU,312.01,777.34,500.00,0.83,0.64,0.48,-53.10,41.10,2.70,26.7
2026/05/04 21:52:06.32,IMU,299.80,791.02,473.63,0.74,0.76,-1.11,-54.45,39.75,1.35,26.8
2026/05/04 21:52:06.42,IMU,317.38,792.48,498.54,0.69,2.73,-2.37,-52.80,41.10,0.90,26.5
2026/05/04 21:52:06.52,IMU,301.27,774.90,504.88,-0.51,0.62,-1.59,-54.45,40.50,1.35,26.5
2026/05/04 21:52:06.62,IMU,314.45,802.73,493.65,-0.08,-0.15,1.39,-52.80,40.35,1.50,26.8
2026/05/04 21:52:06.72,IMU,326.66,789.55,484.86,0.09,0.01,2.27,-54.45,40.50,2.10,26.7
2026/05/04 21:52:06.82,IMU,319.82,789.06,497.07,-0.72,3.11,-1.85,-54.15,40.35,1.50,26.8
2026/05/04 21:52:06.92,IMU,310.55,776.37,491.21,-0.60,1.34,3.20,-52.95,40.50,1.80,26.6
2026/05/04 21:52:07.02,IMU,300.78,793.95,514.16,-0.27,2.67,-0.20,-52.95,39.45,2.10,26.7
2026/05/04 21:52:07.12,IMU,340.33,788.57,507.81,1.07,-1.94,1.37,-53.10,40.80,1.20,26.5
2026/05/04 21:52:07.22,IMU,313.96,762.70,504.39,-0.59,-0.85,-0.30,-53.10,41.85,3.00,26.8
2026/05/04 21:52:07.32,IMU,311.52,773.44,505.86,2.50,-2.89,2.24,-56.40,40.80,5.10,26.9
2026/05/04 21:52:07.42,IMU,336.43,792.97,492.68,0.82,-1.78,1.78,-53.25,40.20,1.80,27.0
2026/05/04 21:52:07.52,IMU,324.71,796.88,510.74,-3.30,3.51,-1.93,-52.05,42.60,1.50,26.7
2026/05/04 21:52:07.62,IMU,324.71,776.86,505.86,-1.53,-0.02,1.07,-53.10,40.80,0.90,26.8
2026/05/04 21:52:07.72,IMU,319.82,782.71,515.63,-1.56,0.05,3.21,-53.25,42.45,2.85,26.5
2026/05/04 21:52:07.82,IMU,330.08,757.32,490.72,-0.70,3.92,-1.35,-54.60,42.30,0.90,26.6
2026/05/04 21:52:07.94,IMU,296.88,749.02,549.32,-5.77,0.80,-2.08,-52.95,43.20,2.40,26.6
2026/05/04 21:52:08.04,IMU,321.29,782.23,523.93,0.12,-2.79,-0.08,-53.85,41.85,3.75,26.6
2026/05/04 21:52:08.14,IMU,319.34,748.05,512.21,4.19,-0.80,3.47,-52.95,42.00,1.05,26.4
2026/05/04 21:52:08.24,IMU,310.06,778.81,478.52,3.24,-1.04,3.15,-53.85,41.10,1.50,26.5
2026/05/04 21:52:08.34,IMU,346.19,761.23,509.28,3.76,2.45,-1.92,-57.00,40.50,6.45,26.5
2026/05/04 21:52:08.44,IMU,312.50,774.41,515.14,-1.50,7.34,-0.93,-52.35,43.05,0.45,26.6
2026/05/04 21:52:08.54,IMU,285.64,751.95,557.62,-4.72,-0.93,-4.14,-53.25,43.95,2.85,26.4
2026/05/04 21:52:08.64,IMU,301.76,776.37,474.61,2.27,-0.50,-5.45,-52.95,42.90,2.10,26.6
2026/05/04 21:52:08.74,IMU,286.62,788.09,487.79,2.36,0.37,-4.60,-53.85,43.05,3.30,26.7
2026/05/04 21:52:08.84,IMU,287.60,793.95,541.50,0.16,3.27,0.79,-52.50,42.45,3.15,26.7
2026/05/04 21:52:08.94,IMU,289.55,764.65,484.38,-0.12,-6.08,1.78,-53.25,43.20,2.85,26.6
2026/05/04 21:52:09.04,IMU,296.39,779.79,536.13,-1.90,-1.54,-0.49,-52.05,43.05,2.70,26.8
2026/05/04 21:52:09.14,IMU,272.46,800.78,536.62,-5.98,0.59,1.19,-51.75,42.90,1.35,26.8
2026/05/04 21:52:09.24,IMU,253.91,734.38,426.76,-11.76,9.86,-1.44,-52.20,44.70,2.40,26.6
2026/05/04 21:52:09.35,IMU,309.57,802.25,544.43,-1.76,-10.31,0.92,-52.20,42.45,2.10,26.7
2026/05/04 21:52:09.45,IMU,317.87,755.37,456.54,6.13,-12.76,2.70,-52.50,42.00,0.60,26.8
2026/05/04 21:52:09.55,IMU,330.08,804.20,529.30,-1.08,-8.19,6.35,-54.75,42.90,0.60,26.7
2026/05/04 21:52:09.65,IMU,324.22,767.09,507.81,2.32,-8.30,4.29,-55.05,43.65,-0.30,26.4
2026/05/04 21:52:09.75,IMU,349.12,828.61,468.75,3.72,-18.31,0.42,-53.70,42.90,-0.30,26.8
2026/05/04 21:52:09.85,IMU,345.70,775.39,484.86,3.44,1.02,-1.79,-53.25,42.90,-0.30,26.7
2026/05/04 21:52:09.95,IMU,341.80,764.16,503.91,1.77,1.19,-0.80,-54.60,41.55,0.45,26.8
2026/05/04 21:52:10.05,IMU,382.32,681.64,492.19,1.95,-0.93,-2.82,-54.75,42.45,-1.05,26.7
2026/05/04 21:52:10.15,IMU,317.87,824.22,489.75,-0.50,1.60,-1.63,-55.05,42.90,1.05,26.5
2026/05/04 21:52:10.25,IMU,341.80,767.58,498.54,2.70,-1.06,0.62,-55.35,42.60,-1.50,26.8
2026/05/04 21:52:10.35,IMU,347.17,769.53,451.66,4.12,-3.80,5.30,-54.90,41.55,-1.20,26.8
2026/05/04 21:52:10.45,IMU,357.42,780.76,467.29,-1.02,-0.53,2.28,-53.40,41.55,-1.95,26.6
2026/05/04 21:52:10.55,IMU,342.29,776.37,461.43,-0.87,3.31,-3.37,-53.85,43.05,-1.95,26.7
2026/05/04 21:52:10.65,IMU,331.05,818.36,486.82,-0.31,2.98,1.27,-56.25,41.70,-0.60,26.4
2026/05/04 21:52:10.75,IMU,338.87,796.39,475.10,1.92,-3.05,-1.27,-54.60,42.60,-0.90,26.8
2026/05/04 21:52:10.85,IMU,350.10,793.46,482.42,3.65,-5.06,0.39,-52.95,43.65,-1.80,26.7
2026/05/04 21:52:10.95,IMU,350.59,776.86,461.91,-1.33,-2.26,-0.53,-54.90,42.30,-1.20,26.6
2026/05/04 21:52:11.05,IMU,330.08,788.57,474.12,-3.04,0.11,0.82,-54.15,41.85,-1.20,26.7
2026/05/04 21:52:11.15,IMU,312.01,855.96,475.59,-1.18,7.63,2.76,-53.85,41.55,-0.45,26.7
2026/05/04 21:52:11.25,IMU,337.89,826.66,487.79,-11.08,2.76,-1.53,-53.70,41.25,-1.05,26.6
2026/05/04 21:52:11.35,IMU,366.70,754.39,451.66,1.83,-1.59,-3.41,-53.10,41.10,-1.20,26.8
2026/05/04 21:52:11.45,IMU,335.45,798.83,491.70,-4.63,3.02,-3.60,-54.60,42.60,-0.90,26.7
2026/05/04 21:52:11.55,IMU,337.40,781.25,518.07,-5.34,-3.14,1.81,-54.90,39.60,-1.20,26.8
2026/05/04 21:52:11.65,IMU,309.57,746.09,490.23,-6.24,0.82,1.07,-54.15,38.85,-0.15,26.5
2026/05/04 21:52:11.75,IMU,347.17,771.00,488.77,-2.79,-5.67,-6.34,-54.75,38.70,-0.30,26.3
2026/05/04 21:52:11.85,IMU,336.43,797.85,521.97,-3.56,-0.31,2.08,-56.40,37.65,-1.20,26.7
2026/05/04 21:52:11.95,IMU,303.22,725.10,497.56,-4.11,16.05,11.69,-54.75,39.75,0.00,26.5
2026/05/04 21:52:12.05,IMU,375.49,769.53,523.93,2.08,-4.98,-3.63,-54.75,38.25,1.05,26.8
2026/05/04 21:52:12.15,IMU,341.80,718.75,523.44,-0.88,2.95,3.96,-54.75,38.70,0.00,26.8
2026/05/04 21:52:12.25,IMU,316.89,768.55,539.55,1.76,-4.27,-1.31,-54.90,38.85,-0.90,26.6
2026/05/04 21:52:12.36,IMU,372.07,762.70,486.82,-1.41,-3.22,-1.86,-56.25,39.45,0.60,26.9
2026/05/04 21:52:12.46,IMU,319.34,755.86,540.53,-1.66,1.95,-3.44,-56.40,38.10,0.45,27.0
2026/05/04 21:52:12.56,IMU,330.57,748.05,521.97,-1.63,-1.43,-0.42,-55.05,38.70,0.60,26.6
2026/05/04 21:52:12.66,IMU,355.96,757.32,527.83,1.00,2.19,3.24,-53.70,39.00,0.30,26.6
2026/05/04 21:52:12.76,IMU,346.19,771.97,506.35,0.54,1.56,1.14,-54.90,38.85,-0.45,26.9
2026/05/04 21:52:12.86,IMU,305.66,770.51,535.64,-2.09,2.82,2.79,-55.65,39.15,1.95,26.8
2026/05/04 21:52:12.96,IMU,335.94,773.93,521.97,-2.19,3.56,-9.24,-53.85,39.60,0.15,26.8
2026/05/04 21:52:13.06,IMU,293.95,828.61,574.22,-14.81,18.43,-24.82,-53.40,40.05,0.90,27.0
2026/05/04 21:52:13.16,IMU,244.63,756.35,481.45,-1.45,28.33,-31.05,-52.50,42.45,1.35,26.7
2026/05/04 21:52:13.26,IMU,226.07,740.72,573.24,11.16,11.29,-3.51,-50.85,41.55,3.00,26.6
2026/05/04 21:52:13.36,IMU,226.56,758.79,537.11,-0.53,6.89,-6.89,-50.40,41.25,3.60,26.6
2026/05/04 21:52:13.46,IMU,188.96,771.97,563.96,0.95,3.52,1.58,-53.25,40.95,5.40,27.0
2026/05/04 21:52:13.56,IMU,225.59,795.90,511.72,1.60,-6.13,1.70,-50.85,41.85,3.30,26.8
2026/05/04 21:52:13.66,IMU,205.57,783.69,533.69,-0.92,2.02,2.53,-50.40,42.45,2.85,27.0
2026/05/04 21:52:13.76,IMU,213.87,788.09,547.36,-3.19,2.74,0.30,-51.00,40.95,4.65,26.7
2026/05/04 21:52:13.87,IMU,213.87,790.04,544.92,-0.66,2.65,-1.21,-51.45,40.95,2.40,26.8
2026/05/04 21:52:13.97,IMU,193.85,772.46,559.57,-0.28,0.97,-0.29,-51.00,41.25,3.15,26.7
2026/05/04 21:52:14.07,IMU,204.10,791.99,554.20,0.37,-0.14,-1.00,-50.70,39.75,4.65,26.6
2026/05/04 21:52:14.17,IMU,197.27,786.13,559.57,-1.28,2.26,-0.67,-52.05,40.35,4.05,26.9
2026/05/04 21:52:14.27,IMU,202.64,778.81,565.43,0.86,1.80,-2.55,-50.85,41.10,3.30,26.6
2026/05/04 21:52:14.37,IMU,213.87,794.43,565.43,-1.33,1.21,-1.25,-51.30,41.10,3.75,26.7
2026/05/04 21:52:14.47,IMU,202.64,778.81,537.60,-0.44,0.87,3.08,-53.10,40.80,5.55,26.4
2026/05/04 21:52:14.58,IMU,200.20,776.37,541.50,0.83,0.39,-1.44,-50.55,41.55,4.50,26.6
2026/05/04 21:52:14.68,IMU,225.10,772.46,550.29,-1.84,2.76,-0.60,-50.10,40.80,3.00,26.8
2026/05/04 21:52:14.78,IMU,216.31,785.64,536.62,1.18,2.69,1.64,-50.40,41.70,3.15,26.5
2026/05/04 21:52:14.88,IMU,234.38,762.70,523.44,-6.79,1.82,1.59,-52.20,40.20,3.15,26.7
2026/05/04 21:52:14.98,IMU,232.42,799.32,554.20,-2.03,4.44,0.44,-50.85,40.35,1.95,26.5
2026/05/04 21:52:15.08,IMU,226.07,765.14,547.85,5.74,-10.92,9.12,-51.45,41.70,1.80,26.5
2026/05/04 21:52:15.18,IMU,266.11,770.02,530.76,5.16,-15.82,3.03,-52.35,40.05,0.90,26.7
2026/05/04 21:52:15.28,IMU,340.82,828.13,478.03,-0.98,-7.13,4.50,-52.20,39.75,0.60,26.8
2026/05/04 21:52:15.38,IMU,254.88,748.54,512.70,-1.94,-1.05,3.41,-52.20,38.25,0.00,26.8
2026/05/04 21:52:15.48,IMU,310.06,779.79,497.56,0.25,-4.15,-2.60,-53.10,39.60,-0.15,26.8
2026/05/04 21:52:15.58,IMU,312.01,766.11,521.00,0.98,-5.82,2.13,-52.95,39.45,-2.10,26.8
2026/05/04 21:52:15.68,IMU,305.18,775.39,516.60,1.11,-0.21,-2.92,-52.50,39.45,-1.05,26.9
2026/05/04 21:52:15.78,IMU,289.55,796.39,508.79,0.35,-4.50,-1.80,-53.40,41.10,-1.20,26.8
2026/05/04 21:52:15.88,IMU,321.29,791.50,483.40,-0.09,-3.93,-1.75,-54.75,40.20,-3.15,26.7
2026/05/04 21:52:15.98,IMU,323.24,777.34,493.16,0.88,-2.24,-1.41,-53.25,39.75,0.00,26.7
2026/05/04 21:52:16.08,IMU,293.95,771.97,495.61,3.15,4.23,-1.80,-52.05,39.15,-1.50,26.7
2026/05/04 21:52:16.18,IMU,286.62,858.40,547.36,10.11,2.08,-6.37,-51.60,40.35,-1.50,27.0
2026/05/04 21:52:16.28,IMU,290.53,775.88,487.79,0.14,-4.16,-1.35,-52.95,40.95,-1.80,26.6
2026/05/04 21:52:16.38,IMU,312.01,801.27,496.58,-1.44,0.16,0.35,-52.35,40.35,-1.50,26.7
2026/05/04 21:52:16.48,IMU,299.32,809.57,505.86,1.08,-4.31,-0.56,-52.35,40.80,-1.95,26.8
2026/05/04 21:52:16.58,IMU,325.20,791.99,469.24,3.87,-6.16,-1.99,-51.60,39.60,-1.50,26.8
2026/05/04 21:52:16.68,IMU,330.57,804.69,458.01,-4.37,-2.72,3.50,-52.20,42.00,-1.80,26.9
2026/05/04 21:52:16.78,IMU,333.98,786.13,489.26,-1.81,-3.94,5.10,-52.20,43.20,-1.35,26.5
2026/05/04 21:52:16.88,IMU,334.47,768.55,489.26,2.49,1.76,-2.50,-51.45,42.00,-1.05,26.8
2026/05/04 21:52:16.98,IMU,336.91,796.39,456.54,10.99,9.94,-3.39,-52.50,42.45,-1.80,27.0
2026/05/04 21:52:17.08,IMU,281.25,814.94,539.06,-0.15,2.38,9.11,-52.80,43.35,-0.90,26.8
2026/05/04 21:52:17.18,IMU,378.42,771.48,484.86,1.78,-9.12,0.49,-50.55,43.80,-0.15,26.4
2026/05/04 21:52:17.28,IMU,361.33,802.25,477.54,-10.95,-3.57,22.75,-52.80,41.55,-1.95,27.0
2026/05/04 21:52:17.38,IMU,370.12,696.29,396.97,27.67,-42.22,39.81,-54.00,41.70,-1.05,26.8
2026/05/04 21:52:17.48,IMU,454.59,688.96,434.57,-54.64,8.53,7.41,-56.25,39.75,-3.15,26.8
2026/05/04 21:52:17.59,IMU,458.01,664.06,421.88,-16.99,-17.02,-0.60,-56.40,38.85,-3.75,26.9
2026/05/04 21:52:17.69,IMU,487.30,730.96,419.92,-15.43,-15.90,7.56,-54.15,39.60,-4.50,26.7
2026/05/04 21:52:17.79,IMU,452.15,709.47,574.71,-2.02,-0.14,5.42,-55.50,39.00,-4.20,26.8
2026/05/04 21:52:17.89,IMU,526.37,637.70,395.02,-7.23,-10.15,0.62,-55.50,38.25,-3.60,26.8
2026/05/04 21:52:18.00,IMU,468.26,699.22,531.25,3.12,11.89,-8.90,-55.65,36.90,-2.70,27.0
2026/05/04 21:52:18.10,IMU,457.03,754.88,549.80,-2.48,2.59,-5.34,-55.35,38.40,-2.70,27.0
2026/05/04 21:52:18.20,IMU,465.33,691.89,562.01,-7.58,-5.19,17.84,-57.00,76.35,-1.50,27.0
2026/05/04 21:52:18.30,IMU,483.40,604.00,474.12,37.27,7.00,10.28,-55.05,39.00,-2.85,26.8
2026/05/04 21:52:18.40,IMU,520.02,683.59,524.41,6.54,-23.48,16.62,-55.35,39.15,-3.75,26.7
2026/05/04 21:52:18.50,IMU,551.76,674.80,473.63,8.36,-14.52,0.35,-55.50,36.75,-6.30,27.0
2026/05/04 21:52:18.60,IMU,524.90,673.34,314.94,105.37,0.42,1.29,-57.15,37.65,-7.35,26.9
2026/05/04 21:52:18.70,IMU,591.31,824.71,276.37,99.15,20.63,2.70,-55.80,39.45,-9.00,27.0
2026/05/04 21:52:18.80,IMU,501.95,792.48,121.09,76.16,32.14,-18.19,-59.40,39.15,-8.55,26.8
2026/05/04 21:52:18.90,IMU,485.84,867.19,89.36,47.75,10.42,4.83,-57.00,39.75,-12.15,26.8
2026/05/04 21:52:19.00,IMU,554.20,813.96,1.46,-12.98,-23.19,3.58,-57.00,38.70,-10.80,27.2
2026/05/04 21:52:19.10,IMU,521.00,860.84,137.70,-18.88,-13.27,6.85,-55.80,40.50,-12.90,27.0
2026/05/04 21:52:19.20,IMU,595.70,840.82,21.00,-15.55,8.04,11.85,-57.90,39.15,-13.80,26.9
2026/05/04 21:52:19.30,IMU,511.72,807.62,152.83,-35.27,-6.18,3.89,-57.00,38.25,-11.10,26.8
2026/05/04 21:52:19.40,IMU,601.07,818.85,73.73,9.34,-16.06,21.76,-57.30,37.50,-11.85,26.8
2026/05/04 21:52:19.50,IMU,569.82,754.39,164.55,-43.64,-1.99,15.83,-57.45,35.85,-13.80,26.8
2026/05/04 21:52:19.60,IMU,628.91,644.53,419.43,-10.06,4.24,7.75,-57.75,34.50,-12.15,26.9
2026/05/04 21:52:19.70,IMU,669.92,755.37,93.26,-12.27,-4.57,13.58,-58.65,36.15,-11.85,26.8
2026/05/04 21:52:19.81,IMU,690.43,690.43,172.85,-11.14,-3.63,17.55,-58.80,33.00,-11.85,26.9
2026/05/04 21:52:19.91,IMU,810.55,111.33,592.77,9.09,-94.73,29.85,-60.15,31.20,-13.50,27.0
2026/05/04 21:52:20.01,IMU,769.53,599.61,-48.34,17.21,-9.98,-18.34,-59.10,29.55,-15.75,26.9
2026/05/04 21:52:20.11,IMU,778.32,599.12,-51.76,37.73,37.65,58.85,-60.30,27.30,-16.50,27.0
2026/05/04 21:52:20.21,IMU,791.02,454.10,-71.78,-5.15,9.37,-8.58,-60.30,24.60,-17.55,26.7
2026/05/04 21:52:20.31,IMU,875.49,606.93,-121.58,-8.82,11.60,11.94,-59.40,22.95,-17.10,27.0
2026/05/04 21:52:20.41,IMU,807.13,561.04,71.78,6.75,12.37,26.00,-60.60,22.35,-16.20,27.1
2026/05/04 21:52:20.51,IMU,625.98,1019.04,9.77,-55.47,-54.67,-113.89,-58.95,21.00,-15.30,26.9
2026/05/04 21:52:20.61,IMU,914.55,517.09,174.32,-50.50,-4.20,17.26,-60.75,21.45,-14.55,26.8
2026/05/04 21:52:20.71,IMU,806.15,527.83,138.18,-106.07,14.24,-38.40,-59.10,21.90,-13.65,26.9
2026/05/04 21:52:20.81,IMU,841.31,550.78,194.82,-79.48,11.60,-16.76,-61.35,23.85,-15.45,27.0
2026/05/04 21:52:20.91,IMU,781.74,424.80,381.35,18.65,-17.95,-0.56,-61.05,25.35,-14.40,27.0
2026/05/04 21:52:21.01,IMU,826.66,524.90,237.79,3.75,-12.24,-48.79,-60.30,25.05,-18.30,26.9
2026/05/04 21:52:21.12,IMU,903.81,395.51,43.95,17.93,-50.83,4.01,-59.10,23.85,-19.80,27.1
2026/05/04 21:52:21.22,IMU,1149.90,387.21,31.25,-82.00,11.44,10.66,-58.65,21.75,-23.25,26.9
2026/05/04 21:52:21.32,IMU,781.25,489.26,-35.16,47.15,-81.06,-2.75,-58.05,21.90,-25.50,26.8
2026/05/04 21:52:21.42,IMU,824.71,369.63,-60.55,-44.76,44.28,-49.84,-56.40,23.25,-27.60,27.0
2026/05/04 21:52:21.52,IMU,809.57,437.99,-17.09,65.19,-9.31,-45.00,-55.35,24.45,-27.60,26.9
2026/05/04 21:52:21.62,IMU,654.30,570.31,-529.79,190.30,-96.29,-80.92,-57.15,25.95,-25.80,26.8
2026/05/04 21:52:21.72,IMU,898.44,615.72,-354.98,-39.34,101.61,-43.81,-51.60,25.50,-35.55,26.7
2026/05/04 21:52:21.82,IMU,639.65,453.13,-932.13,28.02,91.02,-43.92,-52.80,26.25,-33.60,26.8
2026/05/04 21:52:21.92,IMU,693.85,675.78,-167.97,27.66,20.67,-37.94,-52.05,27.00,-32.25,26.9
2026/05/04 21:52:22.02,IMU,654.79,615.72,-364.75,58.53,-37.02,-0.95,-52.05,26.25,-33.30,27.1
2026/05/04 21:52:22.12,IMU,614.26,589.84,-451.17,32.02,-8.46,-2.24,-50.85,23.70,-35.85,26.9
2026/05/04 21:52:22.22,IMU,656.74,493.16,-310.06,71.20,15.54,-35.30,-52.35,25.20,-35.55,27.1
2026/05/04 21:52:22.32,IMU,633.30,472.17,-786.13,63.52,-30.86,-9.74,-50.85,21.75,-36.15,26.8
2026/05/04 21:52:22.42,IMU,572.27,439.94,-687.99,55.98,-6.18,-33.38,-49.95,20.40,-37.05,26.8
2026/05/04 21:52:22.52,IMU,394.53,643.55,-27.83,27.92,20.47,-10.11,-50.40,16.20,-37.05,27.1
2026/05/04 21:52:22.62,IMU,465.82,391.11,-875.49,8.32,-29.75,10.75,-50.40,15.15,-34.20,27.0
2026/05/04 21:52:22.72,IMU,503.91,317.38,-751.46,67.40,-5.89,7.47,-48.00,14.85,-37.95,26.9
2026/05/04 21:52:22.82,IMU,418.95,248.54,-871.58,19.91,-31.15,20.33,-46.05,9.60,-38.40,26.8
2026/05/04 21:52:22.92,IMU,405.27,322.27,-1061.52,-0.79,-43.42,36.50,-44.70,10.35,-39.45,26.8
2026/05/04 21:52:23.02,IMU,366.70,146.48,-876.95,18.53,17.98,33.43,-42.60,8.25,-41.85,27.0
2026/05/04 21:52:23.12,IMU,496.58,225.59,-881.35,-14.69,-43.65,36.95,-42.00,7.65,-39.45,26.8
2026/05/04 21:52:23.22,IMU,409.67,196.29,-845.21,-4.56,-12.40,0.70,-43.20,6.60,-41.25,26.9
2026/05/04 21:52:23.32,IMU,421.88,162.11,-903.32,1.68,11.10,10.37,-42.45,6.90,-40.95,27.2
2026/05/04 21:52:23.42,IMU,470.21,132.32,-852.54,11.61,-9.83,5.57,-42.30,6.45,-39.60,27.1
2026/05/04 21:52:23.52,IMU,500.49,177.73,-848.63,10.66,25.78,3.27,-42.45,4.35,-39.75,26.6
2026/05/04 21:52:23.63,IMU,485.84,104.49,-877.44,0.30,-4.27,9.85,-45.00,1.20,-35.10,26.8
2026/05/04 21:52:23.73,IMU,372.56,25.88,-994.63,1.50,13.02,-6.40,-41.85,5.25,-40.65,27.0
2026/05/04 21:52:23.83,IMU,499.51,98.63,-833.50,-1.97,-9.21,-1.78,-42.45,3.15,-37.95,26.8
2026/05/04 21:52:23.94,IMU,474.12,112.30,-907.71,-3.56,-15.27,2.45,-41.70,4.65,-39.75,27.0
2026/05/04 21:52:24.04,IMU,428.71,92.29,-913.57,-10.63,-13.53,5.55,-40.20,4.35,-40.50,27.1
2026/05/04 21:52:24.14,IMU,432.62,129.39,-958.01,-1.21,-8.63,1.97,-38.70,5.10,-42.00,26.6
2026/05/04 21:52:24.24,IMU,418.95,106.93,-900.39,-3.06,-10.60,6.95,-39.30,5.25,-41.85,27.1
2026/05/04 21:52:24.34,IMU,374.51,116.70,-934.08,7.18,-2.78,3.17,-39.60,4.50,-42.45,26.9
2026/05/04 21:52:24.44,IMU,394.04,74.71,-923.34,4.45,-6.34,-2.82,-37.95,4.80,-43.20,27.2
2026/05/04 21:52:24.54,IMU,404.79,57.13,-983.89,4.67,0.42,4.31,-38.40,4.35,-42.30,26.8
2026/05/04 21:52:24.65,IMU,369.63,67.38,-912.11,-5.34,-4.33,-0.25,-40.20,0.45,-38.40,27.2
2026/05/04 21:52:24.75,IMU,373.05,110.84,-920.90,-10.12,-1.27,5.76,-36.15,3.15,-43.80,27.1
2026/05/04 21:52:24.85,IMU,352.54,31.25,-943.36,3.67,0.35,-11.76,-37.80,3.30,-43.65,26.8
2026/05/04 21:52:24.95,IMU,370.12,59.57,-974.61,10.85,8.37,-3.31,-38.25,4.50,-43.20,26.8
2026/05/04 21:52:25.05,IMU,431.64,54.20,-917.48,10.10,11.60,-16.34,-39.60,2.55,-41.10,26.8
2026/05/04 21:52:25.15,IMU,422.36,104.49,-920.41,19.73,21.11,-20.66,-40.80,3.00,-40.65,26.8
2026/05/04 21:52:25.25,IMU,451.17,41.50,-890.63,1.49,14.15,-6.74,-41.10,2.25,-39.30,27.1
2026/05/04 21:52:25.35,IMU,464.36,67.87,-880.37,-0.58,6.28,-4.96,-40.20,2.70,-37.95,26.8
2026/05/04 21:52:25.45,IMU,467.29,68.36,-896.00,-1.88,6.36,1.05,-41.55,3.30,-38.25,27.0
2026/05/04 21:52:25.55,IMU,477.54,73.73,-874.02,-1.79,19.36,-0.05,-42.60,2.55,-37.80,26.8
2026/05/04 21:52:25.65,IMU,528.32,74.71,-878.42,-1.69,31.53,1.11,-43.65,3.75,-37.05,27.1
2026/05/04 21:52:25.75,IMU,541.02,77.15,-818.85,-1.95,-5.98,-2.11,-44.40,2.55,-37.80,26.6
2026/05/04 21:52:25.85,IMU,529.79,80.08,-853.52,-11.24,-11.22,2.83,-43.95,4.35,-37.95,26.9
2026/05/04 21:52:25.95,IMU,491.70,80.08,-906.74,-4.56,-17.76,-9.37,-43.50,3.90,-38.70,27.1
2026/05/04 21:52:26.06,IMU,509.77,116.70,-875.98,-13.44,-1.86,4.92,-43.95,5.10,-37.95,27.0
2026/05/04 21:52:26.16,IMU,497.07,117.19,-862.30,-36.82,4.02,8.06,-43.50,5.85,-39.15,26.8
2026/05/04 21:52:26.26,IMU,524.41,150.88,-807.62,-53.50,20.85,13.70,-42.75,8.10,-40.95,27.0
2026/05/04 21:52:26.36,IMU,569.82,271.48,-807.62,-23.47,12.43,20.40,-44.40,9.00,-40.05,27.0
2026/05/04 21:52:26.46,IMU,550.29,277.34,-770.02,-30.08,10.99,23.66,-43.35,12.90,-41.10,27.0
2026/05/04 21:52:26.56,IMU,592.29,279.79,-741.70,-23.05,1.27,13.53,-43.65,10.50,-41.40,26.9
2026/05/04 21:52:26.66,IMU,604.00,316.89,-770.02,12.77,7.89,16.20,-43.50,10.80,-40.50,27.0
2026/05/04 21:52:26.76,IMU,596.68,271.00,-776.37,-11.69,-7.08,1.33,-43.65,11.25,-41.10,27.2
2026/05/04 21:52:26.86,IMU,619.14,280.76,-782.23,3.24,0.85,-5.11,-42.60,10.50,-41.85,27.0
2026/05/04 21:52:26.96,IMU,594.73,307.62,-732.42,-3.53,-1.21,1.42,-42.45,12.30,-41.55,27.0
2026/05/04 21:52:27.06,IMU,541.02,337.89,-513.18,1.99,5.76,15.60,-42.75,11.10,-41.25,27.1
2026/05/04 21:52:27.16,IMU,566.89,332.03,-799.80,-2.49,-3.37,-3.32,-43.35,11.25,-42.15,27.2
2026/05/04 21:52:27.26,IMU,517.09,298.34,-719.24,-16.57,-36.08,4.22,-43.05,12.15,-41.40,27.1
2026/05/04 21:52:27.36,IMU,560.55,287.11,-845.70,1.01,-6.98,2.63,-42.45,11.55,-44.55,27.1
2026/05/04 21:52:27.46,IMU,585.94,284.18,-739.26,16.85,-12.74,10.97,-41.10,12.45,-44.25,26.8
2026/05/04 21:52:27.56,IMU,554.69,341.80,-769.53,0.06,2.24,-2.77,-41.85,14.40,-43.20,26.8
2026/05/04 21:52:27.66,IMU,549.80,315.92,-758.30,-3.07,0.91,-6.30,-40.35,12.90,-43.65,27.2
2026/05/04 21:52:27.76,IMU,469.73,513.18,-776.86,0.61,-0.56,-8.85,-40.80,13.65,-44.25,26.8
2026/05/04 21:52:27.86,IMU,506.35,323.24,-681.15,4.42,-10.48,-0.87,-40.95,12.60,-44.10,27.2
2026/05/04 21:52:27.96,IMU,562.99,315.43,-855.96,-14.46,-6.67,14.59,-40.80,13.65,-45.75,27.1
2026/05/04 21:52:28.06,IMU,495.12,270.02,-758.79,-30.29,28.30,-24.80,-39.45,14.55,-44.55,27.0
2026/05/04 21:52:28.16,IMU,553.71,488.77,-705.08,-18.66,27.35,-18.38,-41.85,17.40,-44.25,27.0
2026/05/04 21:52:28.26,IMU,562.99,456.54,-671.88,-10.62,11.60,-7.63,-42.60,18.90,-43.95,27.0
2026/05/04 21:52:28.36,IMU,574.71,437.01,-657.23,6.77,-0.90,-11.85,-43.35,18.90,-41.10,27.2
2026/05/04 21:52:28.46,IMU,584.96,445.80,-691.41,-5.61,6.60,-0.69,-44.40,18.90,-42.90,26.8
2026/05/04 21:52:28.56,IMU,571.29,440.43,-665.04,-2.40,4.40,-3.82,-44.10,18.90,-44.70,27.2
2026/05/04 21:52:28.66,IMU,578.61,465.82,-676.27,-1.43,0.66,-6.07,-45.60,17.70,-43.20,27.2
2026/05/04 21:52:28.76,IMU,561.04,486.82,-665.53,-5.40,-1.20,-5.44,-44.25,19.50,-43.80,27.1
2026/05/04 21:52:28.86,IMU,579.59,473.63,-639.65,-3.20,1.30,-3.89,-43.65,19.65,-42.45,26.9
2026/05/04 21:52:28.96,IMU,576.66,480.47,-675.78,1.52,0.06,-4.44,-44.70,19.80,-43.05,27.0
2026/05/04 21:52:29.07,IMU,563.96,447.27,-682.62,-3.92,-2.20,-2.30,-44.70,21.00,-42.75,27.0
2026/05/04 21:52:29.17,IMU,572.27,508.30,-658.69,-5.59,-1.82,-1.20,-43.65,20.10,-43.20,26.9
2026/05/04 21:52:29.27,IMU,559.57,501.95,-654.79,-3.92,-3.30,-4.75,-44.25,22.50,-43.05,27.3
2026/05/04 21:52:29.37,IMU,557.13,483.89,-655.27,3.11,8.20,1.42,-44.10,21.15,-43.20,26.7
2026/05/04 21:52:29.47,IMU,564.45,513.18,-665.04,2.01,4.76,-7.82,-45.15,20.85,-42.90,27.3
2026/05/04 21:52:29.57,IMU,532.23,490.23,-641.11,-7.76,-3.91,0.04,-43.35,20.85,-43.20,27.2
2026/05/04 21:52:29.67,IMU,546.39,528.81,-688.96,-6.50,-2.21,2.09,-43.65,23.10,-42.45,27.3
2026/05/04 21:52:29.77,IMU,526.86,496.58,-652.83,12.62,0.24,-5.14,-42.00,20.55,-44.55,26.8
2026/05/04 21:52:29.88,IMU,554.69,524.90,-675.78,-8.92,3.44,7.74,-43.20,22.50,-44.10,27.2
2026/05/04 21:52:29.98,IMU,519.53,485.35,-632.81,3.71,0.13,0.08,-42.75,22.20,-43.35,27.1
2026/05/04 21:52:30.08,IMU,531.74,531.25,-663.57,-3.10,-5.41,3.55,-43.05,21.90,-43.95,27.0
2026/05/04 21:52:30.18,IMU,533.69,495.61,-655.76,-8.05,4.00,-3.23,-42.75,22.20,-42.30,27.1
2026/05/04 21:52:30.28,IMU,529.30,585.45,-646.97,-10.01,4.70,-1.11,-43.05,23.10,-44.25,27.0
2026/05/04 21:52:30.38,IMU,524.90,551.76,-625.98,-15.08,0.89,0.78,-43.35,23.85,-45.00,27.0
2026/05/04 21:52:30.48,IMU,535.16,570.31,-640.14,-10.03,2.22,2.38,-43.50,24.00,-43.35,27.3
2026/05/04 21:52:30.58,IMU,515.63,559.57,-611.33,-7.64,4.41,11.57,-43.05,25.80,-44.70,26.8
2026/05/04 21:52:30.68,IMU,527.83,576.66,-588.38,-4.04,-4.89,1.15,-42.75,26.25,-43.05,27.0
2026/05/04 21:52:30.78,IMU,551.27,578.13,-611.33,-6.57,1.26,1.63,-43.95,24.75,-40.95,27.1
2026/05/04 21:52:30.88,IMU,526.37,573.73,-614.75,-1.27,0.73,5.57,-43.05,26.55,-45.00,27.2
2026/05/04 21:52:30.98,IMU,533.20,590.33,-610.84,2.76,1.24,-2.34,-41.55,26.55,-43.95,27.0
2026/05/04 21:52:31.08,IMU,527.34,551.27,-600.59,-3.18,-1.72,2.21,-42.75,24.00,-44.10,27.0
2026/05/04 21:52:31.18,IMU,554.20,641.60,-634.28,-1.58,2.22,1.17,-42.30,26.55,-44.25,26.8
2026/05/04 21:52:31.28,IMU,534.67,585.94,-598.14,2.66,-1.14,-2.73,-42.60,27.30,-43.20,27.5
2026/05/04 21:52:31.39,IMU,524.90,617.19,-589.36,-1.80,-2.22,-0.44,-43.05,25.05,-43.20,27.1
2026/05/04 21:52:31.49,IMU,540.53,582.03,-606.45,2.64,-1.66,-2.47,-42.30,26.10,-43.20,27.0
2026/05/04 21:52:31.59,IMU,531.74,562.50,-623.05,3.53,-1.11,0.84,-42.00,26.25,-43.35,27.2
2026/05/04 21:52:31.69,IMU,530.27,570.80,-595.21,4.40,-3.63,-1.16,-43.65,25.80,-44.70,27.1
2026/05/04 21:52:31.79,IMU,520.02,588.38,-627.44,-1.33,0.59,0.73,-46.05,24.45,-38.40,27.3
2026/05/04 21:52:31.89,IMU,542.97,568.85,-625.49,0.81,1.57,-6.74,-41.25,25.50,-44.85,26.8
2026/05/04 21:52:31.99,IMU,525.88,581.54,-608.40,3.91,-0.34,-0.72,-41.70,25.20,-44.10,27.0
2026/05/04 21:52:32.09,IMU,540.04,580.08,-618.65,0.37,0.17,-0.66,-42.30,25.05,-46.20,27.1
2026/05/04 21:52:32.19,IMU,515.14,565.92,-629.39,0.09,-3.05,3.24,-41.55,26.10,-43.20,27.0
2026/05/04 21:52:32.29,IMU,529.30,584.96,-632.32,1.04,0.43,-1.40,-41.10,26.10,-44.25,27.0
2026/05/04 21:52:32.39,IMU,535.16,578.13,-623.05,-1.02,0.94,1.99,-41.85,25.35,-44.25,27.1
2026/05/04 21:52:32.49,IMU,530.76,587.89,-620.12,0.73,-1.73,0.73,-40.80,26.55,-44.70,27.1
2026/05/04 21:52:32.59,IMU,512.21,568.85,-623.05,0.47,-0.08,1.70,-42.30,24.60,-45.00,27.1
2026/05/04 21:52:32.69,IMU,528.81,570.80,-608.40,0.42,1.65,-1.34,-40.05,25.80,-44.25,27.1
2026/05/04 21:52:32.80,IMU,516.60,578.61,-629.88,-0.85,0.08,1.87,-45.15,25.80,-39.60,27.3
2026/05/04 21:52:32.90,IMU,506.35,559.57,-622.56,3.26,-1.06,-1.01,-41.25,27.00,-44.10,27.2
2026/05/04 21:52:33.00,IMU,515.14,571.29,-624.51,2.63,1.86,-2.06,-41.25,24.00,-44.55,27.3
2026/05/04 21:52:33.10,IMU,530.76,549.80,-628.91,1.81,-0.37,1.17,-41.85,24.60,-43.65,26.8
2026/05/04 21:52:33.20,IMU,525.88,555.18,-626.95,2.21,-0.74,0.50,-40.95,24.45,-44.85,27.3
2026/05/04 21:52:33.30,IMU,530.27,574.71,-629.88,2.79,2.75,1.26,-43.35,27.30,-44.25,26.9
2026/05/04 21:52:33.40,IMU,544.43,555.18,-637.21,-0.41,2.65,0.33,-42.30,26.55,-45.00,27.0
2026/05/04 21:52:33.50,IMU,519.53,565.43,-631.35,1.04,0.50,-1.07,-41.55,26.10,-43.95,26.8
2026/05/04 21:52:33.60,IMU,537.60,565.43,-640.63,2.11,-0.30,1.42,-41.70,25.95,-44.85,27.3
2026/05/04 21:52:33.70,IMU,527.83,561.52,-633.79,0.15,-0.27,-0.50,-40.65,23.70,-43.80,27.4
2026/05/04 21:52:33.80,IMU,535.64,554.69,-621.58,3.27,1.42,-5.53,-42.00,24.45,-44.10,27.2
2026/05/04 21:52:33.91,IMU,527.83,560.55,-631.84,-2.43,2.54,-0.02,-42.00,24.75,-44.10,26.8
2026/05/04 21:52:34.01,IMU,519.04,558.11,-625.49,-0.32,1.79,-0.70,-42.45,21.75,-42.30,27.1
2026/05/04 21:52:34.11,IMU,521.00,571.78,-628.42,1.12,1.19,0.99,-40.95,25.20,-43.35,26.9
2026/05/04 21:52:34.21,IMU,523.44,567.87,-629.88,2.25,0.86,1.76,-41.55,24.60,-44.70,27.1
2026/05/04 21:52:34.31,IMU,536.62,554.20,-631.35,4.92,0.79,0.21,-42.45,25.20,-44.55,27.3
2026/05/04 21:52:34.41,IMU,510.25,571.78,-631.35,-1.12,-0.33,2.01,-41.70,24.45,-43.80,26.7
2026/05/04 21:52:34.51,IMU,537.60,552.25,-635.74,3.36,4.98,-1.97,-41.70,25.95,-43.35,27.3
2026/05/04 21:52:34.61,IMU,528.32,562.01,-654.79,3.22,0.65,-1.55,-41.70,25.20,-45.15,27.2
2026/05/04 21:52:34.71,IMU,530.76,565.43,-609.38,5.24,3.96,-1.85,-41.55,24.60,-44.25,27.2
2026/05/04 21:52:34.81,IMU,522.95,554.20,-630.86,2.64,-1.43,0.51,-42.30,24.60,-43.20,27.1
2026/05/04 21:52:34.91,IMU,539.06,553.71,-634.77,-0.53,1.99,2.39,-42.00,25.95,-44.55,27.3
2026/05/04 21:52:35.03,IMU,554.20,547.85,-648.93,0.03,0.98,-3.85,-41.25,24.75,-43.35,26.8
2026/05/04 21:52:35.13,IMU,515.63,547.85,-632.81,1.12,1.77,-6.16,-42.30,23.40,-43.20,27.2
2026/05/04 21:52:35.23,IMU,517.09,556.64,-624.02,3.65,1.16,-3.19,-41.55,24.30,-44.25,26.8
2026/05/04 21:52:35.33,IMU,518.07,548.83,-625.98,0.99,1.63,0.98,-42.30,24.30,-43.95,27.0
2026/05/04 21:52:35.43,IMU,531.25,531.25,-640.14,-1.42,1.05,-1.12,-41.10,24.30,-43.95,27.2
2026/05/04 21:52:35.53,IMU,530.27,546.39,-658.69,0.83,-4.53,-0.18,-42.75,24.75,-44.55,27.0
2026/05/04 21:52:35.63,IMU,518.07,557.13,-664.06,0.11,0.27,0.04,-43.35,24.30,-43.65,27.0
2026/05/04 21:52:35.73,IMU,508.30,549.80,-617.68,1.76,1.66,-0.74,-41.10,24.60,-43.65,27.2
2026/05/04 21:52:35.83,IMU,538.09,568.36,-651.37,1.11,-0.40,-1.63,-42.30,23.10,-43.65,27.1
2026/05/04 21:52:35.93,IMU,519.53,546.88,-623.54,1.45,2.66,1.52,-41.10,23.40,-43.95,26.9
2026/05/04 21:52:36.03,IMU,529.30,571.29,-644.53,4.71,0.98,-1.66,-42.30,24.30,-43.65,27.3
2026/05/04 21:52:36.13,IMU,530.76,546.39,-609.38,0.05,-3.18,0.60,-42.60,23.85,-43.20,27.2
2026/05/04 21:52:36.23,IMU,517.09,533.69,-630.86,-5.58,-3.18,-0.77,-42.45,23.70,-42.30,26.9
2026/05/04 21:52:36.33,IMU,521.48,549.80,-665.53,1.97,0.63,-6.20,-42.60,23.40,-44.25,27.0
2026/05/04 21:52:36.43,IMU,517.09,566.89,-650.88,-6.18,-2.83,-8.72,-42.30,24.60,-43.95,26.8
2026/05/04 21:52:36.53,IMU,507.32,567.38,-599.61,-11.44,-10.56,-11.94,-41.55,25.05,-43.65,27.0
2026/05/04 21:52:36.63,IMU,457.03,674.80,-683.11,-9.79,-13.15,-3.84,-39.90,25.50,-45.60,27.0
2026/05/04 21:52:36.73,IMU,458.01,553.71,-649.41,2.90,1.69,-1.23,-39.90,25.95,-44.85,27.0
2026/05/04 21:52:36.84,IMU,451.17,658.20,-614.75,-4.36,5.02,-1.18,-39.45,27.00,-46.35,27.1
2026/05/04 21:52:36.94,IMU,468.75,584.96,-649.90,-3.47,-1.89,1.27,-40.05,26.85,-45.45,27.2
2026/05/04 21:52:37.04,IMU,456.54,557.62,-653.81,-2.02,4.06,2.41,-40.35,27.30,-45.45,27.1
2026/05/04 21:52:37.14,IMU,450.68,612.30,-619.63,5.08,1.75,0.10,-40.80,25.80,-45.00,27.3
2026/05/04 21:52:37.24,IMU,463.38,582.52,-636.72,3.67,0.73,0.65,-40.05,26.55,-44.25,27.0
2026/05/04 21:52:37.34,IMU,466.31,581.54,-648.93,1.32,-0.95,-0.50,-40.95,27.00,-44.55,27.2
2026/05/04 21:52:37.45,IMU,465.82,603.03,-620.61,1.57,1.66,-1.19,-40.65,27.45,-45.60,26.8
2026/05/04 21:52:37.55,IMU,475.10,595.70,-672.36,-3.19,-2.78,3.82,-40.80,26.85,-44.70,26.9
2026/05/04 21:52:37.65,IMU,465.82,540.53,-646.97,3.49,-0.95,-0.08,-40.80,26.10,-45.00,27.3
2026/05/04 21:52:37.75,IMU,478.03,584.96,-653.32,2.56,-1.66,-3.11,-39.30,25.80,-44.70,26.9
2026/05/04 21:52:37.85,IMU,475.10,581.05,-650.39,3.56,0.60,-2.21,-40.35,25.80,-44.70,27.1
2026/05/04 21:52:37.95,IMU,460.94,573.73,-646.48,-3.18,-1.11,-1.90,-38.70,25.95,-44.85,27.0
2026/05/04 21:52:38.05,IMU,462.89,573.24,-656.25,-0.53,0.89,-1.53,-40.05,26.10,-45.45,27.3
2026/05/04 21:52:38.15,IMU,461.91,583.98,-676.76,-5.33,-1.17,-4.51,-40.05,25.05,-44.25,27.1
2026/05/04 21:52:38.25,IMU,456.54,607.91,-652.83,0.31,-1.85,-3.82,-40.05,25.80,-45.45,27.1
2026/05/04 21:52:38.35,IMU,440.92,622.56,-649.41,-3.01,3.18,-4.02,-39.45,27.90,-45.15,26.9
2026/05/04 21:52:38.45,IMU,425.29,566.41,-665.53,-2.46,0.98,-4.16,-39.60,26.55,-45.75,26.9
2026/05/04 21:52:38.55,IMU,448.24,607.91,-649.90,0.68,7.44,-1.99,-40.20,27.45,-44.85,27.1
2026/05/04 21:52:38.65,IMU,446.78,611.33,-635.25,-3.93,0.93,0.62,-39.45,26.25,-45.15,26.8
2026/05/04 21:52:38.75,IMU,449.71,601.56,-657.71,1.40,4.31,3.71,-40.35,28.05,-45.75,27.3
2026/05/04 21:52:38.85,IMU,457.03,611.82,-638.67,-1.76,3.82,-2.18,-40.35,26.55,-45.75,27.0
2026/05/04 21:52:38.95,IMU,453.61,619.63,-625.00,-0.11,-0.61,1.21,-40.05,27.30,-45.00,26.9
2026/05/04 21:52:39.05,IMU,449.71,601.07,-640.14,-1.11,-1.02,0.46,-39.90,27.45,-44.55,26.8
2026/05/04 21:52:39.15,IMU,446.78,603.52,-646.00,-2.01,-1.65,-1.09,-40.95,26.25,-44.55,27.1
2026/05/04 21:52:39.25,IMU,450.20,616.21,-638.67,-1.02,0.08,-4.99,-42.45,27.45,-44.85,26.9
2026/05/04 21:52:39.35,IMU,447.75,633.79,-645.51,-1.65,-1.12,-3.35,-39.00,28.05,-46.20,26.7
2026/05/04 21:52:39.45,IMU,453.61,611.33,-648.44,0.88,-2.47,-3.58,-39.30,28.35,-44.70,27.0
2026/05/04 21:52:39.55,IMU,435.55,618.65,-641.11,-1.32,2.00,-0.37,-40.20,27.45,-44.85,27.0
2026/05/04 21:52:39.65,IMU,439.94,582.03,-607.91,-7.27,-4.11,-10.03,-40.35,27.30,-45.45,27.0
2026/05/04 21:52:39.75,IMU,426.76,655.76,-638.67,-2.02,4.50,-3.31,-39.00,28.05,-43.65,27.0
2026/05/04 21:52:39.85,IMU,409.18,630.37,-641.11,-5.89,-0.21,-5.55,-39.15,28.65,-44.85,26.9
2026/05/04 21:52:39.97,IMU,393.07,715.82,-619.63,-6.20,-2.99,-7.39,-39.15,29.40,-45.15,26.9
2026/05/04 21:52:40.07,IMU,392.09,664.55,-592.29,-6.42,-2.39,-6.01,-39.45,30.45,-44.10,26.7
2026/05/04 21:52:40.17,IMU,394.04,696.78,-602.05,-5.40,1.75,-0.47,-38.70,31.65,-45.60,26.8
2026/05/04 21:52:40.27,IMU,376.46,724.61,-602.54,-4.21,-0.08,0.21,-38.40,32.70,-43.05,27.0
2026/05/04 21:52:40.37,IMU,367.68,693.36,-618.65,2.99,3.55,0.19,-38.55,32.55,-46.20,26.8
2026/05/04 21:52:40.47,IMU,374.02,693.36,-587.40,1.66,-1.79,-2.27,-37.65,31.95,-43.80,27.0
2026/05/04 21:52:40.58,IMU,389.16,717.77,-604.00,-3.24,1.03,2.98,-39.15,31.20,-43.05,26.8
2026/05/04 21:52:40.68,IMU,376.95,683.59,-599.12,-3.08,-1.34,3.11,-38.55,31.80,-43.20,27.2
2026/05/04 21:52:40.78,IMU,376.46,698.73,-592.77,4.33,3.73,0.47,-39.90,31.65,-45.15,26.8
2026/05/04 21:52:40.88,IMU,394.04,725.10,-591.80,-2.44,-0.42,4.15,-38.25,31.80,-45.00,26.8
2026/05/04 21:52:40.98,IMU,372.56,660.16,-595.21,-3.05,-0.72,-1.17,-37.80,32.55,-44.70,26.8
2026/05/04 21:52:41.08,IMU,384.77,689.45,-566.41,-0.19,-0.04,0.11,-37.80,31.80,-45.75,26.8
2026/05/04 21:52:41.18,IMU,388.67,711.43,-580.57,1.50,-0.66,1.71,-38.55,32.25,-44.70,27.3
2026/05/04 21:52:41.28,IMU,371.58,700.68,-609.38,-5.10,1.37,3.43,-40.20,32.40,-44.55,27.1
2026/05/04 21:52:41.38,IMU,398.44,695.31,-600.59,2.32,1.04,-0.44,-37.50,31.50,-44.25,27.0
2026/05/04 21:52:41.48,IMU,397.95,659.18,-586.43,3.61,2.62,-1.82,-39.00,31.05,-43.95,27.0
2026/05/04 21:52:41.58,IMU,393.07,705.57,-601.07,-0.71,-1.27,2.74,-38.40,31.20,-43.80,26.8
2026/05/04 21:52:41.68,IMU,403.32,659.18,-609.86,3.58,2.22,2.35,-37.80,29.85,-44.70,27.0
2026/05/04 21:52:41.80,IMU,394.04,683.59,-590.82,0.82,1.88,0.89,-38.40,30.90,-44.55,27.0
2026/05/04 21:52:41.90,IMU,397.95,664.55,-575.68,-3.41,4.44,4.19,-40.20,31.65,-45.15,26.9
2026/05/04 21:52:42.00,IMU,421.39,666.50,-592.29,0.92,-1.07,0.87,-39.45,30.90,-44.70,27.0
2026/05/04 21:52:42.10,IMU,415.04,693.36,-598.63,-4.56,-2.15,-0.21,-39.45,31.20,-44.85,26.9
2026/05/04 21:52:42.20,IMU,404.30,663.09,-576.66,-1.98,0.02,-1.76,-40.65,32.40,-43.80,27.0
2026/05/04 21:52:42.30,IMU,424.80,711.91,-612.30,-10.04,-0.33,5.93,-39.15,31.95,-44.55,26.8
2026/05/04 21:52:42.40,IMU,428.22,705.08,-563.96,-7.41,4.82,6.44,-40.35,31.05,-43.20,27.0
2026/05/04 21:52:42.50,IMU,440.43,686.52,-564.94,-23.49,21.91,-6.92,-39.90,33.15,-43.35,26.9
2026/05/04 21:52:42.60,IMU,462.89,740.23,-545.90,-7.47,5.11,6.18,-40.05,34.05,-43.95,26.8
2026/05/04 21:52:42.70,IMU,456.54,696.29,-527.34,2.95,8.18,3.16,-40.65,33.15,-41.55,26.8
2026/05/04 21:52:42.80,IMU,471.19,718.75,-504.88,6.07,7.87,-0.15,-42.75,31.95,-41.55,26.9
2026/05/04 21:52:42.90,IMU,482.42,737.79,-525.39,-1.21,4.56,0.89,-41.25,32.70,-42.00,26.8
2026/05/04 21:52:43.00,IMU,484.86,692.38,-491.70,3.96,5.66,0.89,-45.60,31.05,-37.80,27.0
2026/05/04 21:52:43.10,IMU,487.79,691.89,-480.47,1.25,0.11,3.27,-41.70,32.40,-40.65,26.8
2026/05/04 21:52:43.20,IMU,465.82,742.19,-517.58,-4.17,0.44,-0.22,-42.00,33.60,-41.55,26.5
2026/05/04 21:52:43.30,IMU,480.96,674.32,-490.72,-3.70,1.67,-2.08,-43.05,33.30,-41.85,26.8
2026/05/04 21:52:43.40,IMU,490.23,703.61,-517.09,-1.39,-2.44,0.31,-41.25,31.95,-42.75,27.0
2026/05/04 21:52:43.50,IMU,475.59,717.77,-504.88,4.31,1.75,-3.68,-42.45,33.15,-41.55,26.8
2026/05/04 21:52:43.60,IMU,479.98,697.75,-515.63,2.59,-0.12,1.53,-42.75,33.90,-43.05,26.8
2026/05/04 21:52:43.70,IMU,465.82,696.78,-522.46,3.08,0.38,-2.15,-43.20,34.65,-42.00,26.5
2026/05/04 21:52:43.80,IMU,471.68,703.13,-510.25,0.47,0.08,-3.24,-42.45,34.65,-43.05,26.8
2026/05/04 21:52:43.90,IMU,480.47,725.10,-532.23,-1.96,-1.54,1.40,-43.35,31.80,-42.15,26.7
2026/05/04 21:52:44.01,IMU,480.96,716.80,-498.54,2.45,3.65,1.31,-43.35,31.80,-42.15,26.8
2026/05/04 21:52:44.11,IMU,476.07,703.61,-493.16,3.59,0.18,0.69,-43.20,33.60,-43.05,26.9
2026/05/04 21:52:44.21,IMU,467.29,723.63,-509.77,2.50,-1.97,-0.33,-41.85,32.25,-42.45,27.0
2026/05/04 21:52:44.31,IMU,459.96,715.82,-525.39,4.18,-0.68,-2.11,-41.85,32.25,-42.15,26.8
2026/05/04 21:52:44.41,IMU,471.68,716.80,-533.20,1.60,-0.69,-4.45,-43.20,32.40,-42.00,26.6
2026/05/04 21:52:44.51,IMU,467.29,706.54,-516.60,-0.35,0.02,2.39,-43.20,33.15,-42.30,26.8
2026/05/04 21:52:44.61,IMU,459.96,689.94,-526.37,1.92,0.15,1.40,-42.45,31.65,-42.75,26.8
2026/05/04 21:52:44.71,IMU,457.52,724.61,-521.48,2.57,1.18,1.88,-42.75,33.15,-42.00,26.8
2026/05/04 21:52:44.81,IMU,473.63,702.15,-507.81,2.06,0.76,1.63,-42.00,33.15,-42.30,26.5
2026/05/04 21:52:44.91,IMU,452.64,691.41,-531.74,0.86,4.67,1.44,-41.70,31.65,-43.05,26.4
2026/05/04 21:52:45.01,IMU,481.45,691.41,-546.88,6.60,1.54,0.16,-42.30,31.50,-41.40,26.6
2026/05/04 21:52:45.11,IMU,485.84,737.79,-521.00,11.21,2.79,-10.72,-41.85,32.25,-42.45,26.9
2026/05/04 21:52:45.22,IMU,451.66,738.77,-508.30,-7.57,2.96,-2.89,-41.85,34.80,-44.25,26.8
2026/05/04 21:52:45.32,IMU,457.52,702.15,-560.55,-0.81,-0.29,0.67,-42.00,31.95,-43.35,26.6
2026/05/04 21:52:45.42,IMU,462.89,711.91,-527.34,2.33,3.24,-2.61,-40.95,33.15,-43.35,26.8
2026/05/04 21:52:45.52,IMU,460.45,697.27,-514.65,-3.73,-2.94,1.96,-43.20,32.70,-42.75,26.8
2026/05/04 21:52:45.62,IMU,451.17,712.40,-539.55,-1.63,-2.95,-3.72,-41.10,32.55,-42.15,26.5
2026/05/04 21:52:45.72,IMU,465.33,696.78,-524.90,-1.39,0.79,1.76,-42.00,32.70,-40.95,26.6
2026/05/04 21:52:45.82,IMU,444.34,703.13,-523.44,1.60,2.99,3.40,-43.05,33.00,-42.15,26.8
2026/05/04 21:52:45.93,IMU,449.71,703.61,-517.58,-2.61,-0.50,-1.79,-42.00,32.70,-41.55,26.9
2026/05/04 21:52:46.03,IMU,456.54,726.56,-534.18,-6.55,5.02,-1.08,-41.70,32.40,-41.55,26.8
2026/05/04 21:52:46.13,IMU,444.34,674.32,-473.14,-3.60,1.95,0.97,-43.05,34.50,-41.85,26.8
2026/05/04 21:52:46.23,IMU,472.17,778.81,-469.73,-7.06,0.17,-0.99,-43.50,34.65,-41.55,26.8
2026/05/04 21:52:46.33,IMU,477.54,730.96,-459.47,-4.75,0.42,5.27,-42.60,35.55,-41.40,26.7
2026/05/04 21:52:46.43,IMU,454.10,681.15,-465.33,2.56,-3.08,-0.74,-41.55,34.50,-41.10,26.6
2026/05/04 21:52:46.53,IMU,506.35,708.01,-540.04,-0.41,-4.85,-3.23,-41.25,34.35,-40.50,26.8
2026/05/04 21:52:46.63,IMU,438.48,736.33,-465.82,-10.71,-7.94,2.03,-41.85,34.05,-40.35,26.9
2026/05/04 21:52:46.73,IMU,444.82,749.02,-514.65,3.76,1.89,-4.19,-40.80,34.05,-42.45,26.5
2026/05/04 21:52:46.83,IMU,465.33,738.28,-465.82,-5.31,4.40,-5.24,-43.20,33.90,-42.00,27.0
2026/05/04 21:52:46.93,IMU,454.59,759.28,-517.58,-0.81,2.69,2.86,-40.80,35.25,-40.65,26.8
2026/05/04 21:52:47.03,IMU,465.33,733.89,-466.31,2.44,4.37,-0.64,-42.30,34.50,-41.85,26.8
2026/05/04 21:52:47.13,IMU,466.31,744.14,-459.47,2.47,2.36,-2.05,-41.70,34.65,-39.15,26.9
2026/05/04 21:52:47.24,IMU,452.64,753.42,-461.91,0.34,1.30,-1.16,-41.85,34.80,-41.40,27.0
2026/05/04 21:52:47.34,IMU,459.47,729.98,-457.03,-1.74,-0.83,-0.04,-42.45,34.35,-40.50,26.9
2026/05/04 21:52:47.44,IMU,445.80,744.63,-484.86,-0.02,0.79,0.37,-42.75,34.65,-42.00,26.8
2026/05/04 21:52:47.54,IMU,465.33,747.07,-483.40,2.89,1.83,-2.09,-42.60,34.80,-41.10,26.8
2026/05/04 21:52:47.64,IMU,445.80,740.23,-454.59,1.73,-2.27,1.40,-42.30,36.00,-41.40,26.7
2026/05/04 21:52:47.74,IMU,454.10,736.82,-475.59,0.76,-0.19,4.15,-41.85,35.25,-38.85,26.7
2026/05/04 21:52:47.84,IMU,452.64,749.51,-474.12,1.85,3.43,3.01,-42.00,35.40,-40.50,26.7
2026/05/04 21:52:47.94,IMU,466.80,747.56,-462.40,0.26,-1.00,4.00,-43.65,35.55,-40.35,27.0
2026/05/04 21:52:48.04,IMU,447.27,767.09,-469.73,2.11,1.58,3.63,-43.05,37.20,-42.45,26.8
2026/05/04 21:52:48.14,IMU,458.50,733.89,-463.38,0.08,0.50,-1.73,-41.85,36.00,-41.10,26.8
2026/05/04 21:52:48.24,IMU,460.45,742.19,-476.56,2.14,0.31,-0.24,-43.05,35.25,-41.40,26.7
2026/05/04 21:52:48.34,IMU,448.73,741.21,-489.26,0.98,-1.52,-1.79,-42.75,35.10,-41.55,26.8
2026/05/04 21:52:48.44,IMU,442.87,734.38,-483.40,4.66,3.14,-1.21,-42.30,34.50,-41.85,26.8
2026/05/04 21:52:48.54,IMU,445.31,750.98,-487.79,-2.56,-2.10,3.83,-42.30,33.30,-40.65,26.6
2026/05/04 21:52:48.64,IMU,446.78,756.84,-469.24,-2.63,0.76,4.07,-43.05,34.50,-41.85,26.8
2026/05/04 21:52:48.74,IMU,456.05,736.33,-475.10,-2.66,-4.81,2.81,-41.85,35.25,-41.40,26.9
2026/05/04 21:52:48.84,IMU,455.57,749.51,-462.40,-2.37,1.60,3.10,-41.55,36.45,-42.15,27.0
2026/05/04 21:52:48.94,IMU,452.15,734.86,-445.31,-3.95,0.83,1.71,-42.00,33.90,-40.50,26.8
2026/05/04 21:52:49.04,IMU,462.40,755.37,-464.36,-2.82,-0.98,-0.37,-42.00,35.40,-40.50,26.7
2026/05/04 21:52:49.14,IMU,458.98,755.86,-474.12,-2.18,0.93,-1.61,-42.75,35.85,-40.95,26.8
2026/05/04 21:52:49.24,IMU,449.71,740.72,-454.10,1.31,0.91,-0.88,-42.30,34.80,-41.40,26.7
2026/05/04 21:52:49.34,IMU,447.75,763.67,-455.57,-0.63,-1.11,-1.67,-43.05,36.00,-41.85,26.8
2026/05/04 21:52:49.44,IMU,445.31,759.77,-461.43,0.52,-0.73,0.60,-41.85,35.55,-41.10,27.0
2026/05/04 21:52:49.54,IMU,443.85,771.00,-465.82,2.16,1.08,-3.54,-42.75,35.40,-41.25,26.5
2026/05/04 21:52:49.64,IMU,450.20,746.09,-460.45,1.50,2.28,1.09,-42.00,35.40,-3.60,26.8
2026/05/04 21:52:49.74,IMU,437.01,752.44,-464.36,-0.55,-1.44,2.11,-42.30,36.00,-41.10,27.0
2026/05/04 21:52:49.84,IMU,460.94,742.19,-462.89,1.96,-1.85,-2.87,-42.00,35.85,-41.25,26.9
2026/05/04 21:52:49.94,IMU,468.75,747.56,-461.43,2.73,2.04,0.89,-41.55,36.00,-41.10,26.8
2026/05/04 21:52:50.04,IMU,449.22,747.07,-454.10,-0.29,1.93,-0.50,-43.65,34.80,-41.40,26.5
2026/05/04 21:52:50.15,IMU,448.24,726.07,-468.26,-1.09,0.24,-1.25,-45.15,34.05,-37.80,26.8
2026/05/04 21:52:50.25,IMU,460.94,762.70,-465.82,-0.37,-1.15,1.98,-42.00,35.85,-40.95,26.9
2026/05/04 21:52:50.35,IMU,446.29,750.49,-464.36,-2.32,-0.07,2.33,-42.30,34.50,-40.35,26.6
2026/05/04 21:52:50.47,IMU,445.31,760.25,-459.47,-1.13,-0.98,0.34,-42.60,35.25,-41.40,26.9
2026/05/04 21:52:50.57,IMU,457.03,758.79,-447.27,-1.84,0.02,0.23,-41.85,36.45,-40.35,26.7
2026/05/04 21:52:50.67,IMU,454.59,757.32,-436.52,-3.67,2.32,1.72,-43.50,34.65,-41.25,27.0
2026/05/04 21:52:50.77,IMU,443.85,751.46,-442.38,0.43,2.05,1.56,-42.75,37.35,-39.15,26.5
2026/05/04 21:52:50.87,IMU,471.68,767.09,-437.01,-0.76,1.53,-0.87,-42.45,35.85,-39.75,26.8
2026/05/04 21:52:50.97,IMU,448.24,748.54,-449.71,-0.15,-2.06,-0.89,-42.75,35.40,-40.50,26.7
2026/05/04 21:52:51.07,IMU,453.13,763.18,-445.31,3.31,0.38,-1.46,-43.65,36.00,-40.05,26.8
2026/05/04 21:52:51.17,IMU,450.68,775.39,-445.80,-0.15,0.89,-0.08,-41.25,34.65,-40.50,27.0
2026/05/04 21:52:51.27,IMU,467.77,741.21,-456.05,-1.05,-2.60,0.63,-42.00,35.10,-40.50,26.7
2026/05/04 21:52:51.37,IMU,446.78,775.39,-465.33,2.22,0.50,-0.79,-43.05,35.55,-39.30,26.9
2026/05/04 21:52:51.47,IMU,452.15,760.74,-440.92,-0.06,0.29,-1.91,-43.05,34.50,-40.35,26.8
2026/05/04 21:52:51.61,IMU,456.54,745.12,-452.15,1.02,1.23,0.89,-42.30,35.25,-41.10,26.8
2026/05/04 21:52:51.71,IMU,451.17,759.28,-448.73,1.12,0.44,-0.03,-43.05,36.75,-41.10,26.8
2026/05/04 21:52:51.81,IMU,460.94,745.61,-465.82,-1.90,2.44,-1.28,-44.10,35.25,-41.10,26.8
2026/05/04 21:52:51.91,IMU,454.59,799.80,-466.31,-5.50,8.34,-0.60,-42.60,36.75,-40.65,26.8
2026/05/04 21:52:52.01,IMU,488.28,758.79,-350.10,-7.46,4.43,4.65,-43.35,37.20,-38.55,26.8
2026/05/04 21:52:52.11,IMU,488.28,757.32,-410.16,3.64,2.02,4.58,-44.10,37.20,-40.65,26.7
2026/05/04 21:52:52.21,IMU,483.40,749.51,-385.25,3.63,3.02,0.98,-44.25,37.65,-39.75,27.0
2026/05/04 21:52:52.31,IMU,495.61,769.04,-398.93,-3.54,1.05,1.72,-42.45,36.15,-39.75,26.6
2026/05/04 21:52:52.41,IMU,488.77,748.54,-385.25,-1.34,0.76,2.35,-44.85,36.45,-39.30,26.9
2026/05/04 21:52:52.51,IMU,474.12,775.88,-393.55,-1.16,0.38,-0.56,-45.75,33.60,-36.15,26.8
2026/05/04 21:52:52.61,IMU,470.21,779.79,-387.21,1.63,2.09,-2.28,-43.65,36.00,-39.30,26.7
2026/05/04 21:52:52.71,IMU,496.58,767.09,-382.81,1.07,2.78,1.88,-44.25,37.35,-40.20,27.0
2026/05/04 21:52:52.81,IMU,472.66,788.57,-406.25,-2.18,0.83,-1.31,-43.20,37.35,-37.65,27.0
2026/05/04 21:52:52.91,IMU,484.38,768.07,-388.18,1.24,4.53,0.16,-43.20,38.10,-38.40,26.8
2026/05/04 21:52:53.04,IMU,479.49,785.64,-373.54,-2.66,9.59,1.86,-44.25,38.10,-39.45,26.8
2026/05/04 21:52:53.14,IMU,476.07,771.97,-352.54,-4.69,2.96,-2.00,-44.85,37.50,-39.30,26.8
2026/05/04 21:52:53.24,IMU,504.88,768.55,-356.45,-3.79,2.56,0.69,-45.15,37.20,-37.80,26.7
2026/05/04 21:52:53.34,IMU,497.07,782.71,-351.56,-0.98,0.24,1.63,-43.50,38.10,-38.40,26.6
2026/05/04 21:52:53.44,IMU,488.28,766.11,-348.14,-2.04,0.84,-0.16,-45.30,37.35,-37.95,27.1
2026/05/04 21:52:53.54,IMU,480.96,793.95,-369.63,-0.23,2.23,-0.91,-45.60,37.20,-37.05,26.8
2026/05/04 21:52:53.64,IMU,490.72,800.78,-340.33,0.53,0.89,1.73,-44.70,37.65,-39.15,26.9
2026/05/04 21:52:53.75,IMU,492.68,791.02,-353.52,0.37,3.56,2.82,-46.05,37.35,-37.95,26.6
2026/05/04 21:52:53.85,IMU,494.14,794.43,-339.36,3.02,1.49,0.53,-45.00,36.15,-39.45,26.8
2026/05/04 21:52:53.95,IMU,488.28,791.50,-357.91,-0.56,1.47,1.95,-45.75,37.65,-37.65,26.8
2026/05/04 21:52:54.05,IMU,480.96,804.69,-335.94,-2.28,4.02,2.07,-44.10,37.95,-38.85,26.8
2026/05/04 21:52:54.17,IMU,494.14,771.48,-349.61,6.72,1.16,-4.70,-44.85,39.00,-36.75,26.8
2026/05/04 21:52:54.27,IMU,496.09,787.11,-337.40,2.56,7.83,-2.69,-45.15,38.25,-37.80,26.5
2026/05/04 21:52:54.37,IMU,502.44,783.20,-337.40,-0.18,1.09,1.62,-46.65,37.50,-37.80,26.9
2026/05/04 21:52:54.47,IMU,488.28,812.50,-347.17,-2.87,-0.71,4.35,-44.85,38.70,-36.75,26.9
2026/05/04 21:52:54.57,IMU,515.63,759.28,-291.02,-2.60,2.93,-0.80,-43.65,37.50,-36.75,26.5
2026/05/04 21:52:54.67,IMU,512.21,758.79,-314.45,-2.70,2.21,2.73,-46.35,39.00,-36.00,26.9
2026/05/04 21:52:54.77,IMU,514.65,763.67,-285.64,-6.85,-1.71,0.45,-46.35,38.70,-36.75,26.7
2026/05/04 21:52:54.87,IMU,515.63,755.86,-294.43,-7.46,-0.23,-0.74,-45.15,37.50,-37.80,26.7
2026/05/04 21:52:54.97,IMU,525.88,781.25,-275.39,-1.24,7.29,-0.42,-46.05,38.85,-35.85,26.8
2026/05/04 21:52:55.08,IMU,492.19,790.04,-290.04,-0.94,5.97,-3.37,-44.40,38.70,-36.00,26.6
2026/05/04 21:52:55.18,IMU,509.28,776.37,-333.50,7.39,9.62,-9.73,-46.05,38.85,-35.55,26.9
2026/05/04 21:52:55.28,IMU,468.75,791.99,-277.83,-0.56,4.81,-9.69,-46.50,37.65,-37.65,27.0
2026/05/04 21:52:55.38,IMU,464.84,828.13,-261.23,-10.31,-2.05,-3.20,-44.85,40.50,-35.25,27.0
2026/05/04 21:52:55.48,IMU,456.54,834.47,-288.57,4.82,16.12,-15.66,-45.00,41.55,-35.10,27.1
2026/05/04 21:52:55.61,IMU,459.47,829.59,-212.40,14.16,12.65,-17.44,-45.15,42.00,-34.20,26.7
2026/05/04 21:52:55.71,IMU,433.11,814.94,-249.02,9.99,1.44,-13.13,-45.90,39.45,-33.45,26.9
2026/05/04 21:52:55.81,IMU,410.64,875.98,-289.06,1.65,-4.90,-8.77,-45.00,39.60,-34.05,26.9
2026/05/04 21:52:55.91,IMU,414.06,850.59,-325.68,-5.98,-7.77,-8.73,-45.90,40.50,-33.45,26.9
2026/05/04 21:52:56.01,IMU,376.46,822.75,-305.18,-0.44,-6.69,-15.62,-43.35,41.70,-33.15,26.8
2026/05/04 21:52:56.11,IMU,335.45,965.82,-282.71,4.56,-3.33,-21.60,-42.75,42.60,-34.05,26.8
2026/05/04 21:52:56.21,IMU,306.64,885.74,-272.46,-9.51,-0.52,-0.34,-41.25,43.80,-34.35,26.8
2026/05/04 21:52:56.31,IMU,319.34,926.76,-280.76,1.08,2.50,-6.40,-43.20,44.10,-33.00,26.9
2026/05/04 21:52:56.42,IMU,321.29,907.23,-248.54,2.04,-2.02,-1.04,-41.85,45.15,-34.20,27.0
2026/05/04 21:52:56.52,IMU,317.87,882.81,-268.07,-6.63,-0.55,4.44,-42.60,43.20,-33.90,27.0
2026/05/04 21:52:56.62,IMU,329.59,886.72,-245.61,-1.13,0.24,1.17,-42.75,44.85,-32.55,27.1
2026/05/04 21:52:56.72,IMU,331.05,883.30,-230.47,0.17,-0.32,1.34,-42.30,43.20,-33.15,26.9
2026/05/04 21:52:56.82,IMU,340.33,874.02,-247.56,1.66,2.18,5.75,-42.30,44.70,-33.90,26.9
2026/05/04 21:52:56.92,IMU,345.70,914.55,-233.89,-2.99,-0.30,2.54,-42.60,43.65,-32.70,26.7
2026/05/04 21:52:57.04,IMU,337.40,879.88,-208.98,2.31,-1.05,5.31,-44.10,44.40,-33.15,26.6
2026/05/04 21:52:57.14,IMU,341.31,897.95,-263.18,-4.89,-1.89,5.41,-43.95,45.75,-33.30,26.9
2026/05/04 21:52:57.24,IMU,348.14,877.44,-257.81,0.13,0.33,-5.59,-44.10,45.15,-32.70,26.8
2026/05/04 21:52:57.34,IMU,353.52,908.69,-227.05,-7.44,0.16,1.47,-45.90,43.20,-29.55,26.8
2026/05/04 21:52:57.44,IMU,365.72,859.86,-246.58,-8.45,2.19,0.53,-43.20,44.85,-31.20,27.0
2026/05/04 21:52:57.54,IMU,342.77,896.48,-196.29,-14.26,4.27,-4.29,-42.75,45.30,-31.80,26.8
2026/05/04 21:52:57.64,IMU,339.36,930.66,-158.69,-16.82,1.38,3.97,-43.65,46.20,-32.10,26.8
2026/05/04 21:52:57.74,IMU,324.22,900.39,-148.93,-5.99,-2.45,-3.84,-44.10,47.40,-30.60,26.8
2026/05/04 21:52:57.84,IMU,333.01,894.04,-167.48,0.27,0.00,3.67,-44.10,46.20,-31.35,26.5
2026/05/04 21:52:57.94,IMU,362.30,916.99,-149.41,0.07,1.26,1.97,-43.20,45.75,-31.20,26.7
2026/05/04 21:52:58.04,IMU,362.79,900.88,-157.23,-0.59,4.64,0.37,-44.10,44.40,-31.35,26.8
2026/05/04 21:52:58.16,IMU,365.23,906.74,-148.93,-4.54,1.79,4.96,-44.25,46.05,-30.75,26.8
2026/05/04 21:52:58.26,IMU,378.91,895.02,-144.53,-3.22,5.69,-1.08,-43.95,46.05,-30.00,26.7
2026/05/04 21:52:58.36,IMU,382.81,918.95,-139.16,-1.58,-1.27,0.33,-44.40,46.95,-28.80,26.7
2026/05/04 21:52:58.47,IMU,375.98,905.76,-108.89,-1.64,0.47,1.42,-44.70,47.25,-29.70,26.7
2026/05/04 21:52:58.57,IMU,357.42,903.32,-117.19,-0.21,1.99,1.55,-44.70,46.05,-30.45,26.9
2026/05/04 21:52:58.67,IMU,365.72,910.64,-127.93,0.04,0.71,5.46,-45.15,46.65,-29.85,26.8
2026/05/04 21:52:58.77,IMU,386.23,908.69,-124.02,-1.97,0.82,5.78,-45.90,46.65,-31.65,26.8
2026/05/04 21:52:58.87,IMU,385.74,866.70,-148.93,-4.98,-3.78,9.73,-46.50,46.50,-29.70,26.6
2026/05/04 21:52:58.97,IMU,409.18,877.93,-120.61,-1.09,-3.11,4.76,-45.30,45.75,-29.70,26.7
2026/05/04 21:52:59.07,IMU,409.67,900.88,-134.77,0.22,2.10,0.09,-48.15,44.40,-28.80,26.5
2026/05/04 21:52:59.17,IMU,413.09,875.98,-125.00,3.08,0.11,2.18,-44.85,45.45,-31.35,26.8
2026/05/04 21:52:59.27,IMU,424.80,886.72,-141.11,1.44,-1.52,0.15,-46.05,43.80,-31.80,26.8
2026/05/04 21:52:59.38,IMU,418.46,895.51,-124.02,-0.08,4.38,8.06,-45.00,44.10,-31.80,26.9
2026/05/04 21:52:59.48,IMU,415.53,870.12,-115.23,-1.34,2.08,3.27,-46.05,43.35,-31.20,26.8
2026/05/04 21:52:59.58,IMU,424.32,864.75,-127.93,-0.65,1.01,-0.81,-46.05,42.60,-31.80,26.5
2026/05/04 21:52:59.68,IMU,449.22,859.86,-140.63,0.25,-0.12,7.62,-45.75,43.05,-32.25,27.0
2026/05/04 21:52:59.78,IMU,443.85,858.89,-130.37,-3.18,4.39,2.92,-45.30,41.85,-31.20,26.8
2026/05/04 21:52:59.88,IMU,463.87,842.77,-151.37,6.42,1.53,1.59,-46.65,41.70,-30.30,26.5
2026/05/04 21:52:59.98,IMU,458.98,861.82,-115.23,2.73,1.95,8.42,-46.35,42.45,-29.85,26.9
2026/05/04 21:53:00.08,IMU,472.66,852.54,-118.65,0.44,3.16,0.18,-46.80,42.30,-30.00,26.8
2026/05/04 21:53:00.20,IMU,465.33,845.21,-114.26,2.55,3.85,4.53,-46.50,40.35,-29.40,26.7
2026/05/04 21:53:00.30,IMU,457.52,848.14,-116.21,0.31,4.68,1.95,-47.40,43.20,-31.35,26.5
2026/05/04 21:53:00.40,IMU,478.52,854.00,-102.05,1.38,4.88,5.60,-47.25,41.10,-30.00,26.9
2026/05/04 21:53:00.50,IMU,464.36,830.08,-80.08,1.44,1.27,0.46,-45.60,40.20,-29.70,26.8
2026/05/04 21:53:00.60,IMU,473.63,843.75,-100.59,-4.69,-4.50,-3.18,-47.10,41.70,-29.85,26.6
2026/05/04 21:53:00.70,IMU,470.70,857.91,-99.61,-4.84,4.46,0.99,-48.30,42.30,-29.40,26.8
2026/05/04 21:53:00.80,IMU,473.63,853.52,-66.41,-5.37,-0.22,1.63,-48.15,43.20,-28.80,26.8
2026/05/04 21:53:00.90,IMU,469.24,868.16,-77.64,-5.15,-0.70,5.69,-48.00,42.30,-28.95,26.9
2026/05/04 21:53:01.00,IMU,470.70,834.47,-66.89,-11.92,-7.01,4.55,-47.25,42.60,-29.40,26.8
2026/05/04 21:53:01.10,IMU,504.88,848.63,-123.54,-4.65,-6.37,17.15,-47.70,42.00,-29.55,26.7
2026/05/04 21:53:01.20,IMU,511.72,859.86,-75.68,-5.43,-1.47,14.30,-47.55,40.80,-28.20,26.8
2026/05/04 21:53:01.32,IMU,554.20,800.29,-66.89,-0.36,-12.45,15.72,-48.75,40.05,-29.70,26.9
2026/05/04 21:53:01.42,IMU,539.06,784.18,-51.76,4.63,-4.24,12.94,-47.25,41.10,-30.00,27.1
2026/05/04 21:53:01.53,IMU,609.38,720.70,-65.43,-21.47,27.18,23.26,-48.30,39.15,-30.00,26.7
2026/05/04 21:53:01.63,IMU,605.96,730.96,-35.16,3.84,7.48,16.57,-48.90,37.20,-30.90,26.8
2026/05/04 21:53:01.73,IMU,626.95,807.13,-159.18,23.68,3.82,6.53,-48.15,37.20,-30.60,26.5
2026/05/04 21:53:01.83,IMU,593.75,732.91,-123.54,46.99,6.08,-14.89,-49.05,34.65,-31.80,27.0
2026/05/04 21:53:01.93,IMU,576.66,602.05,-147.46,33.41,26.04,-11.38,-49.35,33.60,-30.45,26.8
2026/05/04 21:53:02.03,IMU,591.80,805.66,-184.08,11.59,8.85,-13.18,-49.95,33.75,-31.35,26.7
2026/05/04 21:53:02.13,IMU,632.32,826.17,-140.63,-23.19,13.13,-10.84,-50.85,35.85,-29.40,26.7
2026/05/04 21:53:02.23,IMU,511.23,757.32,-32.23,-32.80,2.16,5.02,-48.90,36.00,-30.30,26.9
2026/05/04 21:53:02.33,IMU,590.82,792.97,-27.83,-50.21,-8.70,-5.14,-46.50,38.85,-28.65,26.9
2026/05/04 21:53:02.43,IMU,565.92,825.20,-91.31,-65.82,1.34,-6.05,-46.50,40.05,-26.10,26.7
2026/05/04 21:53:02.53,IMU,597.17,830.57,-123.05,-5.57,52.68,0.82,-45.75,40.35,-25.80,26.7
2026/05/04 21:53:02.63,IMU,560.06,813.96,132.81,-11.98,39.19,10.72,-47.55,41.55,-22.50,26.7
2026/05/04 21:53:02.73,IMU,554.69,745.12,173.34,-15.40,28.94,11.04,-46.80,41.55,-19.65,26.8
2026/05/04 21:53:02.83,IMU,575.20,748.05,217.77,17.96,23.67,7.23,-48.45,40.20,-17.55,26.8
2026/05/04 21:53:02.93,IMU,618.65,693.36,117.19,21.95,1.99,3.55,-49.35,41.55,-16.50,26.8
2026/05/04 21:53:03.05,IMU,596.19,720.21,171.39,-17.02,23.22,4.77,-49.65,40.50,-17.25,26.7
2026/05/04 21:53:03.15,IMU,601.56,749.02,227.54,8.24,25.05,12.77,-50.55,40.35,-14.85,26.8
2026/05/04 21:53:03.25,IMU,600.10,663.09,195.31,-10.34,14.65,13.40,-52.20,38.70,-13.95,26.5
2026/05/04 21:53:03.35,IMU,644.53,716.31,190.43,-2.37,9.66,-3.34,-52.80,40.35,-14.25,26.8
2026/05/04 21:53:03.45,IMU,621.09,692.38,227.05,-1.78,8.44,5.13,-53.70,39.00,-13.35,26.7
2026/05/04 21:53:03.55,IMU,620.12,697.27,247.56,-4.82,13.80,-2.44,-55.05,39.00,-11.85,26.8
2026/05/04 21:53:03.65,IMU,610.84,716.80,226.07,-4.26,5.93,-0.21,-55.05,38.70,-10.35,26.8
2026/05/04 21:53:03.75,IMU,613.28,710.45,283.20,-13.67,4.85,-1.79,-54.90,40.05,-12.00,26.8
2026/05/04 21:53:03.86,IMU,599.61,718.75,290.53,-7.70,11.73,2.67,-55.50,39.45,-11.55,26.7
2026/05/04 21:53:03.96,IMU,604.00,726.07,297.36,-2.02,-5.61,6.18,-55.80,39.00,-11.55,26.5
2026/05/04 21:53:04.06,IMU,616.70,688.48,317.38,-11.27,-4.98,5.80,-56.10,38.10,-12.45,26.6
2026/05/04 21:53:04.18,IMU,632.81,699.22,270.02,-0.05,-3.79,3.43,-58.50,36.45,-11.10,26.6
2026/05/04 21:53:04.28,IMU,646.00,655.76,278.32,12.36,-1.35,7.84,-57.45,38.10,-12.00,26.7
2026/05/04 21:53:04.38,IMU,652.83,662.60,306.15,8.25,-3.34,4.63,-56.40,36.90,-12.00,26.7
2026/05/04 21:53:04.49,IMU,634.28,661.13,314.94,-0.79,2.70,0.02,-56.25,35.25,-12.90,26.7
2026/05/04 21:53:04.59,IMU,640.63,651.86,261.23,3.69,-7.29,-6.73,-56.25,37.95,-11.85,26.9
2026/05/04 21:53:04.69,IMU,691.89,770.51,215.82,2.98,1.53,-7.76,-56.85,37.65,-12.75,26.4
2026/05/04 21:53:04.79,IMU,682.62,697.75,239.75,8.89,8.05,2.28,-56.25,37.95,-12.15,26.8
2026/05/04 21:53:04.89,IMU,598.14,701.66,291.02,2.98,9.15,0.91,-56.25,37.95,-11.10,26.6
2026/05/04 21:53:04.99,IMU,634.77,677.25,290.04,-3.04,-0.56,-9.02,-56.10,36.90,-12.00,26.9
2026/05/04 21:53:05.09,IMU,654.30,681.15,236.33,6.93,-1.67,-3.54,-55.80,37.50,-12.90,26.7
2026/05/04 21:53:05.19,IMU,613.77,689.94,263.18,1.78,-1.86,-0.37,-56.25,38.25,-10.80,26.5
2026/05/04 21:53:05.29,IMU,647.46,703.13,276.86,2.35,3.92,1.82,-56.40,37.35,-12.75,26.8
2026/05/04 21:53:05.39,IMU,621.09,700.68,275.88,-0.89,-0.09,4.79,-56.40,37.35,-12.45,26.5
2026/05/04 21:53:05.49,IMU,631.35,708.01,273.44,0.56,0.88,-0.30,-57.00,38.25,-11.55,27.1
2026/05/04 21:53:05.59,IMU,620.61,729.98,247.56,-4.79,1.14,-0.75,-56.85,37.65,-11.70,26.6
2026/05/04 21:53:05.69,IMU,625.00,709.96,262.21,-2.23,-0.10,1.09,-56.25,39.00,-13.35,26.7
2026/05/04 21:53:05.79,IMU,617.19,707.52,270.51,-0.97,4.26,-2.42,-55.05,38.70,-11.55,26.7
2026/05/04 21:53:05.89,IMU,626.46,701.66,291.50,2.44,1.94,-0.61,-55.65,38.10,-12.45,26.7
2026/05/04 21:53:05.99,IMU,626.95,703.13,259.77,-0.63,2.67,-1.89,-56.25,38.70,-11.85,26.7
2026/05/04 21:53:06.09,IMU,624.51,700.68,282.71,0.40,-0.68,2.65,-55.50,38.25,-12.15,27.0
2026/05/04 21:53:06.20,IMU,616.70,703.13,282.23,-0.02,-1.18,-3.44,-55.80,39.00,-11.10,27.0
2026/05/04 21:53:06.30,IMU,617.68,700.20,290.04,0.89,-0.88,-3.08,-56.55,37.20,-11.10,26.8
2026/05/04 21:53:06.40,IMU,614.26,718.75,283.20,2.35,-1.01,2.21,-56.10,38.10,-10.50,26.8
2026/05/04 21:53:06.51,IMU,640.14,695.80,248.05,1.53,-1.66,0.58,-55.50,38.25,-11.55,26.9
2026/05/04 21:53:06.61,IMU,638.18,692.87,289.06,0.33,0.79,0.27,-56.55,37.95,-12.15,26.8
2026/05/04 21:53:06.71,IMU,612.30,715.33,278.32,0.82,-0.47,0.66,-56.40,37.65,-12.75,26.7
2026/05/04 21:53:06.82,IMU,638.67,707.03,247.56,-0.47,-1.37,-1.97,-54.90,38.40,-12.75,26.8
2026/05/04 21:53:06.92,IMU,632.81,710.45,254.39,-0.32,0.38,2.71,-55.65,37.35,-13.05,26.9
2026/05/04 21:53:07.02,IMU,634.77,693.36,239.26,0.21,3.65,-1.08,-54.00,38.70,-13.35,26.6
2026/05/04 21:53:07.12,IMU,612.79,680.66,251.46,-3.31,7.79,0.81,-55.35,39.15,-12.75,26.8
2026/05/04 21:53:07.22,IMU,637.21,708.01,232.91,-4.09,4.41,-0.69,-54.90,38.10,-10.95,26.7
2026/05/04 21:53:07.32,IMU,597.66,729.98,287.60,-0.37,3.95,-5.75,-54.90,37.65,-11.25,26.7
2026/05/04 21:53:07.42,IMU,611.33,679.20,271.00,-15.19,7.98,-2.86,-55.35,38.10,-12.00,26.8
2026/05/04 21:53:07.53,IMU,596.68,712.40,295.90,4.12,-4.02,5.78,-55.05,37.20,-11.55,26.8
2026/05/04 21:53:07.63,IMU,592.29,732.91,292.48,5.95,3.54,4.28,-55.35,38.70,-11.10,26.8
2026/05/04 21:53:07.73,IMU,590.82,699.22,295.41,0.04,-1.65,8.43,-55.65,39.15,-10.50,26.5
2026/05/04 21:53:07.83,IMU,620.61,713.87,222.17,5.04,-0.60,3.70,-56.10,37.35,-11.25,26.4
2026/05/04 21:53:07.93,IMU,601.56,741.21,237.30,4.93,1.72,1.38,-56.25,39.00,-10.80,26.8
2026/05/04 21:53:08.03,IMU,638.18,740.72,228.03,-8.22,-1.83,-6.63,-55.05,37.50,-12.60,26.6
2026/05/04 21:53:08.13,IMU,617.68,725.10,222.66,6.12,4.49,-3.06,-54.15,37.65,-11.25,26.7
2026/05/04 21:53:08.25,IMU,595.70,712.89,263.18,0.31,0.34,-5.56,-55.35,38.40,-11.70,26.7
2026/05/04 21:53:08.35,IMU,617.19,744.63,255.86,6.73,6.75,0.04,-54.15,38.85,-12.00,26.7
2026/05/04 21:53:08.45,IMU,595.21,697.75,223.14,-0.76,3.09,-0.40,-54.60,38.85,-11.70,26.8
2026/05/04 21:53:08.55,IMU,616.21,754.39,222.66,9.76,0.05,1.26,-54.00,39.00,-10.35,26.7
2026/05/04 21:53:08.65,IMU,602.54,724.12,223.63,11.87,5.80,-3.81,-54.15,39.15,-11.70,26.7
2026/05/04 21:53:08.75,IMU,577.64,774.41,212.89,24.05,6.26,-8.44,-53.85,39.60,-12.75,26.5
2026/05/04 21:53:08.85,IMU,575.20,790.53,191.41,10.49,3.17,-2.15,-53.25,38.70,-12.60,26.8
2026/05/04 21:53:08.95,IMU,557.13,768.55,164.55,13.71,3.69,3.37,-54.90,39.15,-13.05,26.7
2026/05/04 21:53:09.05,IMU,573.24,781.25,153.32,4.28,6.08,0.68,-53.40,37.65,-14.25,26.5
2026/05/04 21:53:09.15,IMU,555.18,770.51,173.34,-4.44,1.69,-0.79,-52.50,37.50,-12.90,26.8
2026/05/04 21:53:09.25,IMU,579.59,782.23,152.34,4.76,4.22,-5.43,-51.00,39.45,-14.70,26.6
2026/05/04 21:53:09.35,IMU,573.73,786.13,197.27,-8.05,0.08,0.32,-51.60,38.40,-11.25,26.6
2026/05/04 21:53:09.45,IMU,558.11,774.90,187.99,-0.31,2.87,0.59,-50.85,38.85,-12.00,26.8
2026/05/04 21:53:09.55,IMU,589.36,707.52,129.88,-1.74,-4.84,-2.95,-50.85,40.35,-12.45,26.6
2026/05/04 21:53:09.68,IMU,604.00,798.34,163.57,-6.61,-2.97,5.61,-51.30,41.10,-12.75,26.8
2026/05/04 21:53:09.78,IMU,586.43,824.71,207.52,-20.63,5.75,16.13,-51.00,39.75,-11.85,26.7
2026/05/04 21:53:09.88,IMU,579.59,698.24,210.94,-2.37,0.01,14.50,-52.05,38.10,-11.25,26.8
2026/05/04 21:53:09.98,IMU,618.16,794.43,167.97,-15.21,7.73,7.11,-51.60,38.85,-11.70,26.4
2026/05/04 21:53:10.08,IMU,645.02,624.02,125.00,-15.02,-10.12,-0.29,-51.30,37.35,-13.05,26.4
2026/05/04 21:53:10.18,IMU,611.33,716.80,264.16,19.53,4.60,-14.32,-51.60,38.10,-11.25,26.8
2026/05/04 21:53:10.28,IMU,610.84,672.36,192.87,3.66,-19.27,8.52,-50.40,36.75,-11.55,26.5
2026/05/04 21:53:10.38,IMU,630.37,707.03,218.75,25.48,-26.67,-1.73,-51.75,38.25,-12.90,26.7
2026/05/04 21:53:10.48,IMU,601.56,655.27,203.13,69.69,-14.71,48.10,-53.25,37.20,-14.40,26.4
2026/05/04 21:53:10.58,IMU,678.22,768.07,104.98,8.16,8.76,14.88,-53.40,36.15,-13.80,26.8
2026/05/04 21:53:10.68,IMU,791.50,762.70,35.64,-46.26,-24.13,8.61,-52.35,35.40,-14.85,26.5
2026/05/04 21:53:10.78,IMU,754.39,652.83,127.44,4.63,4.41,14.08,-55.65,34.65,-14.25,26.4
2026/05/04 21:53:10.88,IMU,856.93,587.89,67.87,-12.73,4.07,-7.02,-54.75,33.00,-13.65,26.5
2026/05/04 21:53:10.98,IMU,721.19,590.82,136.72,-12.28,-10.38,12.49,-53.85,32.70,-14.25,26.3
2026/05/04 21:53:11.08,IMU,693.36,515.14,24.41,-30.47,-20.95,7.01,-55.80,33.75,-14.40,26.3
2026/05/04 21:53:11.18,IMU,804.69,666.99,226.56,23.92,19.69,3.47,-57.00,34.05,-13.95,26.5
2026/05/04 21:53:11.28,IMU,709.47,558.59,67.38,15.50,-11.11,16.57,-56.85,32.70,-14.55,26.4
2026/05/04 21:53:11.39,IMU,839.84,641.60,29.79,-7.88,-16.11,29.47,-57.30,31.50,-14.70,26.8
2026/05/04 21:53:11.49,IMU,843.75,504.39,31.74,-24.86,16.60,57.14,-58.05,26.85,-16.20,26.3
2026/05/04 21:53:11.59,IMU,905.76,407.23,111.82,-28.60,8.41,35.63,-58.50,25.05,-14.70,26.6
2026/05/04 21:53:11.70,IMU,833.01,335.45,207.03,-39.85,6.11,24.99,-61.05,23.40,-13.35,26.6
2026/05/04 21:53:11.80,IMU,1171.39,19.04,-147.46,98.14,-92.96,37.56,-59.55,24.60,-12.15,26.7
2026/05/04 21:53:11.90,IMU,599.61,351.07,378.42,-66.05,-64.89,14.75,-58.80,23.85,-11.85,26.6
2026/05/04 21:53:12.00,IMU,895.51,299.80,405.27,1.40,-4.09,-25.03,-58.05,25.05,-9.60,26.6
2026/05/04 21:53:12.10,IMU,760.74,617.19,258.79,44.81,59.27,41.09,-58.95,25.50,-9.15,26.7
2026/05/04 21:53:12.20,IMU,830.08,376.46,334.47,16.69,33.53,-5.00,-59.70,25.20,-8.40,26.7
2026/05/04 21:53:12.30,IMU,822.75,386.23,275.39,-6.91,-6.92,7.39,-60.45,23.70,-4.80,26.7
2026/05/04 21:53:12.40,IMU,897.95,388.67,270.02,18.24,4.06,15.13,-58.80,23.85,-7.50,26.7
2026/05/04 21:53:12.50,IMU,840.33,388.67,216.31,2.47,-1.92,-2.77,-58.20,23.70,-8.40,26.7
2026/05/04 21:53:12.60,IMU,833.98,330.57,317.87,9.40,4.04,-16.04,-61.05,23.85,-5.40,26.7
2026/05/04 21:53:12.70,IMU,819.34,416.02,312.99,10.37,5.86,-0.49,-58.80,25.80,-8.55,26.7
2026/05/04 21:53:12.84,IMU,816.41,441.41,344.73,-1.29,1.59,-0.29,-58.50,25.80,-7.80,26.8
2026/05/04 21:53:12.94,IMU,822.75,445.31,338.38,-1.27,1.07,4.86,-58.80,25.80,-7.50,26.8
2026/05/04 21:53:13.04,IMU,811.52,412.11,113.28,-3.02,4.27,4.60,-56.85,28.20,-6.60,26.8
2026/05/04 21:53:13.14,IMU,820.31,381.35,269.53,-5.15,-4.37,-3.55,-57.75,26.10,-6.75,26.9
2026/05/04 21:53:13.24,IMU,829.10,403.81,292.97,7.59,-20.29,16.60,-58.50,25.80,-8.55,26.4
2026/05/04 21:53:13.34,IMU,902.83,353.03,284.18,37.72,-24.50,32.37,-58.20,23.25,-9.90,27.0
2026/05/04 21:53:13.44,IMU,854.49,364.26,137.21,41.37,-30.55,6.18,-60.30,20.40,-8.55,26.8
2026/05/04 21:53:13.54,IMU,951.66,454.10,23.93,81.54,-58.84,1.62,-57.30,20.85,-13.35,26.7
2026/05/04 21:53:13.64,IMU,187.50,592.77,357.91,-45.93,46.03,-250.14,-57.30,21.15,-16.50,26.7
2026/05/04 21:53:13.74,IMU,798.83,374.51,2.44,126.47,-64.63,38.08,-56.85,25.95,-16.65,26.7
2026/05/04 21:53:13.84,IMU,777.34,570.31,-109.37,50.50,33.73,-29.17,-57.15,25.95,-17.40,26.8
2026/05/04 21:53:13.94,IMU,822.75,694.82,-294.43,48.97,-15.11,5.92,-57.00,25.35,-18.30,26.5
2026/05/04 21:53:14.04,IMU,759.77,488.28,-242.68,13.47,2.44,-17.32,-57.45,25.20,-17.85,26.8
2026/05/04 21:53:14.14,IMU,837.40,500.98,-100.59,-69.54,58.66,-43.73,-58.50,25.80,-15.75,26.8
2026/05/04 21:53:14.27,IMU,758.30,591.31,-171.39,5.73,-2.93,1.36,-58.05,28.80,-12.60,26.8
2026/05/04 21:53:14.37,IMU,752.93,592.29,-143.07,0.00,16.53,-7.69,-58.80,29.85,-12.90,26.9
2026/05/04 21:53:14.47,IMU,760.74,630.37,-102.05,-0.34,7.33,-7.69,-58.50,28.80,-12.15,26.8
2026/05/04 21:53:14.57,IMU,772.95,633.30,-108.40,7.12,14.98,-1.02,-57.30,29.55,-11.55,26.8
2026/05/04 21:53:14.67,IMU,746.58,588.38,-81.05,-1.15,20.96,13.98,-58.50,30.30,-9.00,26.6
2026/05/04 21:53:14.77,IMU,759.77,592.77,-21.48,-10.50,13.95,0.66,-57.30,29.10,-9.30,26.8
2026/05/04 21:53:14.87,IMU,781.74,587.89,-34.18,0.73,4.94,4.08,-62.25,26.25,-5.55,26.7
2026/05/04 21:53:14.97,IMU,788.09,615.72,-16.60,0.60,3.89,1.37,-57.30,28.80,-6.75,26.8
2026/05/04 21:53:15.07,IMU,790.04,588.87,-22.46,-2.77,4.26,-3.29,-57.75,28.05,-6.45,26.8
2026/05/04 21:53:15.17,IMU,770.51,604.98,-49.80,-6.27,2.81,-3.85,-58.50,28.05,-7.80,27.0
2026/05/04 21:53:15.27,IMU,769.04,616.70,16.11,2.21,0.07,0.20,-57.30,28.05,-6.75,26.5
2026/05/04 21:53:15.37,IMU,761.72,647.95,10.74,-18.49,4.82,1.78,-58.80,26.85,-5.70,26.8
2026/05/04 21:53:15.47,IMU,765.63,624.02,22.46,-4.79,10.92,-4.10,-57.00,26.10,-5.40,26.7
2026/05/04 21:53:15.57,IMU,865.72,630.86,71.29,-53.53,-40.90,24.05,-58.80,27.30,-4.95,26.7
2026/05/04 21:53:15.67,IMU,743.16,594.24,50.78,-48.26,-20.44,1.65,-61.50,25.95,-5.10,26.8
2026/05/04 21:53:15.77,IMU,818.85,555.18,68.36,-34.17,-17.45,4.88,-57.90,27.00,-7.35,26.8
2026/05/04 21:53:15.87,IMU,770.02,589.84,73.24,0.44,-43.76,4.44,-58.95,26.25,-9.90,26.9
2026/05/04 21:53:15.99,IMU,794.43,553.71,-85.45,18.03,-18.18,-3.48,-57.45,25.50,-13.05,26.8
2026/05/04 21:53:16.09,IMU,808.59,607.91,-83.98,50.28,-25.76,4.36,-57.45,25.20,-16.35,26.9
2026/05/04 21:53:16.19,IMU,695.80,512.21,-227.05,36.17,-27.11,-12.51,-57.45,24.00,-16.05,26.8
2026/05/04 21:53:16.30,IMU,835.94,506.35,-291.02,100.66,-123.55,55.44,-55.80,24.30,-18.30,26.8
2026/05/04 21:53:16.40,IMU,770.02,437.50,-474.12,68.63,-53.46,10.54,-55.50,20.10,-23.40,26.8
2026/05/04 21:53:16.50,IMU,741.21,363.77,-594.73,5.20,-23.03,9.16,-55.05,19.65,-24.90,26.8
2026/05/04 21:53:16.60,IMU,723.63,393.55,-532.23,-6.15,-9.21,23.05,-54.60,19.05,-25.05,26.8
2026/05/04 21:53:16.70,IMU,767.58,402.34,-525.39,-24.74,11.37,0.67,-52.50,19.35,-26.25,27.1
2026/05/04 21:53:16.80,IMU,759.77,427.73,-481.93,-22.99,-4.52,4.75,-53.70,21.15,-24.15,26.6
2026/05/04 21:53:16.90,IMU,782.23,482.42,-384.77,-7.03,4.93,-1.70,-57.45,19.50,-23.25,26.7
2026/05/04 21:53:17.00,IMU,763.18,424.32,-432.13,16.95,-8.44,3.39,-55.35,21.00,-24.00,26.9
2026/05/04 21:53:17.10,IMU,754.88,438.96,-433.11,15.47,-7.22,2.79,-55.35,21.00,-25.05,26.5
2026/05/04 21:53:17.20,IMU,761.72,431.15,-456.05,0.90,-3.48,-1.31,-55.05,21.15,-24.90,26.6
2026/05/04 21:53:17.30,IMU,777.34,437.99,-455.57,7.43,0.43,1.60,-55.65,20.55,-24.60,26.8
2026/05/04 21:53:17.44,IMU,767.58,462.40,-458.50,-5.02,8.68,-1.12,-55.65,21.45,-24.60,26.8
2026/05/04 21:53:17.54,IMU,787.60,415.04,-472.66,-2.31,7.82,-6.59,-56.40,21.00,-23.55,26.7
2026/05/04 21:53:17.64,IMU,758.30,410.16,-474.61,-4.39,9.11,0.52,-56.25,21.15,-24.15,26.7
2026/05/04 21:53:17.74,IMU,741.21,486.82,-443.85,-6.41,-25.11,6.02,-54.60,20.25,-26.10,26.9
2026/05/04 21:53:17.84,IMU,769.04,448.24,-412.11,-25.20,-9.44,-10.89,-53.40,18.75,-27.60,26.4
2026/05/04 21:53:17.94,IMU,684.08,457.03,-591.80,4.62,-5.14,4.85,-53.25,18.60,-30.30,26.4
2026/05/04 21:53:18.04,IMU,713.87,437.50,-576.17,2.31,5.36,-4.34,-54.75,18.60,-30.90,26.8
2026/05/04 21:53:18.14,IMU,720.70,439.45,-535.64,-2.84,-2.36,-2.27,-53.25,18.60,-29.85,26.7
2026/05/04 21:53:18.24,IMU,678.71,455.57,-553.22,-12.48,-0.92,0.62,-53.70,19.35,-32.70,26.7
2026/05/04 21:53:18.34,IMU,710.94,431.15,-516.60,-29.06,1.74,-0.68,-55.65,19.80,-31.80,26.8
2026/05/04 21:53:18.44,IMU,732.42,495.61,-472.17,-57.33,20.76,0.06,-54.75,19.65,-31.65,26.3
2026/05/04 21:53:18.54,IMU,804.20,313.48,-187.50,-111.11,4.96,-32.02,-54.75,24.30,-28.05,26.6
2026/05/04 21:53:18.64,IMU,778.32,530.76,-182.13,-73.46,22.71,19.95,-56.25,26.55,-28.50,26.4
