Timestamp,Sensor,AccX,AccY,AccZ,GyrX,GyrY,GyrZ,MagX,MagY,MagZ,Temp
2026/05/04 21:56:14.04,IMU,874.02,288.57,-362.79,7.45,-21.11,10.76,-62.25,8.40,-28.95,24.3
2026/05/04 21:56:14.14,IMU,906.25,300.78,-359.38,-0.06,-10.88,1.92,-58.65,11.55,-32.55,24.5
2026/05/04 21:56:14.24,IMU,876.46,284.67,-408.69,-0.18,-8.82,1.92,-57.30,10.20,-32.70,24.4
2026/05/04 21:56:14.34,IMU,870.61,307.62,-345.70,0.35,-11.01,-0.37,-57.45,11.10,-33.60,24.4
2026/05/04 21:56:14.44,IMU,873.54,281.25,-365.72,-1.02,11.58,-4.99,-57.15,8.85,-33.60,24.4
2026/05/04 21:56:14.54,IMU,872.07,296.88,-406.25,3.23,-0.79,1.44,-57.15,10.80,-33.60,24.3
2026/05/04 21:56:14.64,IMU,857.91,295.90,-393.07,19.82,15.88,-13.43,-57.90,10.80,-32.55,24.1
2026/05/04 21:56:14.74,IMU,877.93,256.35,-302.25,-8.23,20.77,7.27,-59.55,9.75,-33.45,24.3
2026/05/04 21:56:14.85,IMU,880.86,275.88,-306.15,-5.05,4.53,6.58,-58.50,9.45,-32.70,24.4
2026/05/04 21:56:14.95,IMU,877.44,287.60,-388.18,-1.18,0.62,0.25,-58.95,10.35,-31.80,24.4
2026/05/04 21:56:15.06,IMU,891.60,276.37,-339.84,1.65,-0.99,-1.93,-60.45,8.10,-28.20,24.2
2026/05/04 21:56:15.16,IMU,872.56,273.44,-345.70,9.01,0.14,7.65,-60.75,9.60,-28.20,24.4
2026/05/04 21:56:15.26,IMU,877.44,288.09,-324.22,4.44,-0.49,3.72,-57.90,10.35,-31.80,24.3
2026/05/04 21:56:15.36,IMU,899.41,287.60,-333.50,-1.06,-1.91,4.13,-57.30,8.70,-32.70,24.3
2026/05/04 21:56:15.46,IMU,842.29,281.25,-363.77,-0.76,4.01,-2.53,-57.90,9.30,-33.00,24.4
2026/05/04 21:56:15.56,IMU,920.41,287.60,-351.56,-1.91,-0.54,-4.35,-57.45,10.80,-33.30,24.2
2026/05/04 21:56:15.66,IMU,870.12,279.30,-356.93,6.37,-17.52,1.72,-58.50,9.45,-32.70,24.1
2026/05/04 21:56:15.76,IMU,833.98,317.38,-458.01,-4.47,-5.00,8.29,-57.15,9.60,-33.60,24.0
2026/05/04 21:56:15.86,IMU,855.96,263.18,-451.66,-2.59,6.27,1.64,-58.95,10.05,-32.25,24.0
2026/05/04 21:56:15.96,IMU,875.49,312.99,-443.36,-5.11,-12.66,-1.05,-57.00,9.75,-34.65,24.3
2026/05/04 21:56:16.07,IMU,878.42,266.11,-465.82,4.97,-15.59,-0.18,-57.45,9.30,-34.80,24.2
2026/05/04 21:56:16.17,IMU,850.10,236.33,-433.11,18.52,-3.50,-4.67,-55.05,7.95,-34.20,24.0
2026/05/04 21:56:16.27,IMU,822.27,250.98,-445.31,24.05,-1.81,-6.62,-55.35,6.60,-35.55,24.3
2026/05/04 21:56:16.37,IMU,858.89,221.68,-442.87,9.08,2.18,-11.80,-56.25,7.95,-33.45,24.3
2026/05/04 21:56:16.47,IMU,852.05,218.75,-387.21,7.24,19.02,-6.66,-55.80,9.00,-34.20,24.3
2026/05/04 21:56:16.58,IMU,828.13,261.72,-441.41,-6.50,17.73,2.03,-57.30,9.75,-33.15,24.1
2026/05/04 21:56:16.68,IMU,851.07,228.03,-443.85,-3.46,12.12,0.63,-57.15,8.40,-33.30,24.2
2026/05/04 21:56:16.78,IMU,912.60,312.01,-401.37,-16.28,16.02,16.04,-56.85,9.30,-33.30,24.3
2026/05/04 21:56:16.88,IMU,847.66,269.53,-434.08,-8.52,-12.64,10.09,-56.85,8.85,-33.00,24.3
2026/05/04 21:56:16.98,IMU,853.03,265.63,-437.50,-3.07,-11.83,-2.27,-57.90,8.40,-33.00,24.1
2026/05/04 21:56:17.08,IMU,846.68,250.00,-416.02,10.46,-20.68,2.47,-56.55,9.75,-34.65,24.2
2026/05/04 21:56:17.18,IMU,865.72,234.38,-449.22,1.15,-0.07,-5.46,-59.40,6.15,-30.45,24.1
2026/05/04 21:56:17.28,IMU,854.00,269.53,-449.71,1.85,-2.95,-0.82,-56.25,9.45,-33.15,24.3
2026/05/04 21:56:17.38,IMU,844.24,238.28,-399.41,-3.83,11.38,-8.37,-56.85,7.65,-33.00,23.9
2026/05/04 21:56:17.48,IMU,861.33,258.79,-419.92,0.18,4.28,3.57,-56.10,9.30,-34.80,23.8
2026/05/04 21:56:17.58,IMU,858.40,265.63,-423.83,-0.17,3.92,4.56,-57.90,9.30,-33.30,24.2
2026/05/04 21:56:17.72,IMU,822.27,269.53,-399.41,-6.93,-2.62,0.91,-56.10,8.10,-35.10,24.0
2026/05/04 21:56:17.82,IMU,941.41,150.39,-210.45,24.21,-6.22,-50.46,-56.85,7.65,-35.10,24.0
2026/05/04 21:56:17.92,IMU,859.38,267.09,-537.11,22.44,-2.67,-28.12,-57.15,10.35,-34.05,24.2
2026/05/04 21:56:18.02,IMU,869.14,299.80,-480.96,-3.62,-13.93,2.44,-57.00,10.50,-35.25,24.0
2026/05/04 21:56:18.13,IMU,821.78,270.02,-466.80,2.85,-20.05,7.37,-57.75,7.50,-32.40,24.1
2026/05/04 21:56:18.23,IMU,852.05,278.32,-471.19,-0.23,-3.14,-3.64,-56.85,10.80,-35.85,24.0
2026/05/04 21:56:18.33,IMU,828.61,279.79,-468.26,0.24,15.47,-7.45,-56.40,11.85,-35.85,23.9
2026/05/04 21:56:18.43,IMU,859.38,361.33,-434.08,-5.60,8.10,-6.98,-56.55,11.25,-34.65,24.3
2026/05/04 21:56:18.53,IMU,781.25,329.59,-515.14,29.52,-31.06,-10.59,-57.90,11.55,-35.10,24.1
2026/05/04 21:56:18.63,IMU,792.97,304.20,-489.75,-0.04,-9.61,-2.60,-57.30,10.50,-35.70,24.1
2026/05/04 21:56:18.73,IMU,793.46,308.59,-503.91,-4.86,-14.80,-3.38,-55.50,11.25,-36.00,24.2
2026/05/04 21:56:18.85,IMU,780.76,285.64,-567.38,4.05,-7.17,6.99,-54.60,11.55,-37.65,24.2
2026/05/04 21:56:18.95,IMU,850.10,250.00,-497.07,15.63,-34.73,-9.45,-53.70,9.75,-37.80,24.2
2026/05/04 21:56:19.05,IMU,799.80,356.45,-492.19,-0.22,39.79,-4.90,-55.50,10.95,-36.45,24.2
2026/05/04 21:56:19.17,IMU,801.27,279.30,-481.93,-4.91,5.30,3.18,-60.30,7.20,-30.90,23.8
2026/05/04 21:56:19.27,IMU,822.75,305.18,-477.05,-3.65,6.78,-6.76,-57.45,11.10,-35.10,24.0
2026/05/04 21:56:19.37,IMU,841.80,278.81,-455.08,9.71,-12.08,1.52,-57.30,10.50,-34.95,24.3
2026/05/04 21:56:19.47,IMU,840.82,315.43,-500.00,1.86,-7.55,-12.50,-60.60,9.00,-29.10,24.4
2026/05/04 21:56:19.57,IMU,815.92,276.37,-487.30,13.68,-10.23,-3.88,-56.10,9.60,-35.85,24.2
2026/05/04 21:56:19.67,IMU,817.38,302.73,-479.49,1.69,4.53,-2.64,-57.00,10.50,-34.95,24.2
2026/05/04 21:56:19.77,IMU,805.18,365.23,-629.39,-0.85,-10.15,14.28,-55.05,11.70,-33.45,24.2
2026/05/04 21:56:19.87,IMU,894.04,368.65,-594.73,4.73,-11.13,2.60,-55.05,9.45,-35.25,24.1
2026/05/04 21:56:19.97,IMU,787.11,271.00,-542.48,6.28,-8.44,5.51,-55.35,9.60,-36.90,24.3
2026/05/04 21:56:20.07,IMU,778.81,254.88,-533.69,5.37,5.82,-6.98,-54.90,8.85,-35.55,24.3
2026/05/04 21:56:20.17,IMU,790.04,319.34,-452.15,-7.84,25.86,-3.98,-55.80,9.45,-36.75,24.1
2026/05/04 21:56:20.27,IMU,830.08,298.83,-509.28,6.71,15.44,-7.92,-56.25,9.00,-35.25,24.2
2026/05/04 21:56:20.37,IMU,767.09,291.99,-487.79,1.87,5.05,-1.13,-57.00,9.45,-35.25,24.3
2026/05/04 21:56:20.47,IMU,824.71,306.64,-449.71,11.89,10.03,-7.67,-58.05,10.50,-33.15,24.0
2026/05/04 21:56:20.57,IMU,804.69,258.79,-484.86,1.86,0.39,2.21,-58.05,7.95,-33.90,24.3
2026/05/04 21:56:20.67,IMU,889.65,324.71,-414.55,-0.91,15.98,-4.32,-58.65,9.30,-31.20,24.2
2026/05/04 21:56:20.77,IMU,838.87,297.36,-439.94,-2.50,-4.56,-3.79,-58.05,8.25,-32.10,24.1
2026/05/04 21:56:20.87,IMU,817.87,232.42,-500.00,-0.63,-5.34,0.84,-58.65,10.80,-32.55,24.0
2026/05/04 21:56:20.97,IMU,820.80,322.75,-461.91,-2.16,-2.69,-3.43,-58.65,10.80,-32.55,24.1
2026/05/04 21:56:21.07,IMU,853.03,350.59,-483.40,-9.31,6.82,-5.39,-58.05,10.95,-32.70,24.3
2026/05/04 21:56:21.18,IMU,850.59,318.85,-438.48,-1.91,-14.83,4.57,-58.80,9.75,-31.35,24.1
2026/05/04 21:56:21.28,IMU,795.41,314.45,-495.61,0.13,0.11,-2.47,-58.05,9.45,-34.20,24.4
2026/05/04 21:56:21.38,IMU,813.96,345.21,-491.21,-1.37,8.20,-0.40,-57.15,10.80,-33.30,24.1
2026/05/04 21:56:21.48,IMU,797.85,315.92,-476.56,4.53,-3.68,-2.23,-58.50,10.20,-33.45,24.1
2026/05/04 21:56:21.58,IMU,817.38,20.51,-544.92,-0.44,7.24,-0.22,-58.05,10.95,-33.15,24.3
2026/05/04 21:56:21.68,IMU,794.43,321.78,-487.79,2.62,-11.99,0.63,-57.90,10.80,-34.35,24.2
2026/05/04 21:56:21.78,IMU,785.16,295.90,-517.58,1.61,-6.18,-1.49,-59.40,9.30,-31.50,24.1
2026/05/04 21:56:21.88,IMU,780.27,363.28,-445.31,-6.82,9.56,-5.11,-56.25,10.20,-34.65,24.0
2026/05/04 21:56:21.98,IMU,746.09,94.73,-530.27,11.29,2.52,-0.41,-58.20,10.35,-34.80,24.2
2026/05/04 21:56:22.08,IMU,810.06,296.88,-478.52,0.89,22.24,0.87,-57.15,10.80,-35.10,24.2
2026/05/04 21:56:22.18,IMU,777.34,185.06,-520.51,-3.77,6.07,-1.18,-56.25,8.25,-33.90,24.3
2026/05/04 21:56:22.32,IMU,767.58,438.48,-370.12,-26.87,-40.80,-19.75,-58.65,11.10,-33.00,24.2
2026/05/04 21:56:22.42,IMU,768.07,331.54,-604.49,-24.59,38.64,-13.87,-57.30,10.95,-34.20,24.0
2026/05/04 21:56:22.52,IMU,807.62,415.04,-384.28,24.37,-10.45,5.73,-57.45,11.10,-35.85,24.3
2026/05/04 21:56:22.62,IMU,819.34,308.59,-505.37,2.88,-7.34,0.91,-57.75,10.50,-36.45,24.3
2026/05/04 21:56:22.72,IMU,736.82,332.03,-549.80,3.90,-6.25,4.29,-57.00,10.95,-36.45,24.3
2026/05/04 21:56:22.82,IMU,771.48,297.85,-540.53,-1.93,-3.42,-0.79,-56.40,10.80,-35.85,24.3
2026/05/04 21:56:22.92,IMU,783.20,340.82,-535.64,13.93,-6.86,-0.95,-57.00,9.75,-35.70,24.4
2026/05/04 21:56:23.02,IMU,779.30,339.36,-520.51,-17.17,4.73,0.93,-56.40,10.80,-35.55,24.3
2026/05/04 21:56:23.12,IMU,750.00,353.52,-556.15,31.18,-19.53,3.18,-56.85,9.60,-36.60,24.3
2026/05/04 21:56:23.22,IMU,731.45,278.32,-641.60,16.44,-7.05,-1.74,-54.45,9.75,-38.25,24.2
2026/05/04 21:56:23.32,IMU,771.97,324.71,-581.54,6.40,-14.57,1.64,-53.40,8.40,-37.35,24.1
2026/05/04 21:56:23.42,IMU,736.33,279.30,-586.91,3.11,-4.92,6.44,-54.60,8.10,-37.95,24.1
2026/05/04 21:56:23.52,IMU,736.82,247.07,-611.33,12.29,-7.31,0.10,-53.25,9.00,-38.25,24.2
2026/05/04 21:56:23.62,IMU,711.43,253.91,-632.81,6.26,4.44,-2.05,-51.75,7.50,-38.85,24.2
2026/05/04 21:56:23.75,IMU,697.75,226.56,-703.61,10.69,-12.14,1.85,-51.60,7.35,-40.20,24.4
2026/05/04 21:56:23.85,IMU,699.71,151.37,-671.88,2.31,2.53,1.71,-52.35,5.10,-39.45,24.3
2026/05/04 21:56:23.94,IMU,693.85,169.92,-693.85,0.69,10.47,0.93,-50.85,5.40,-40.20,24.2
2026/05/04 21:56:24.05,IMU,700.20,187.01,-710.45,0.40,-1.79,4.13,-51.45,4.80,-40.05,24.0
2026/05/04 21:56:24.15,IMU,695.31,198.24,-716.80,4.66,-8.98,-0.75,-50.40,5.25,-40.65,24.3
2026/05/04 21:56:24.25,IMU,688.48,192.87,-717.77,-0.91,6.79,1.04,-50.70,5.55,-40.05,24.2
2026/05/04 21:56:24.35,IMU,699.71,193.36,-686.04,1.61,3.32,1.90,-50.10,3.60,-39.45,24.3
2026/05/04 21:56:24.45,IMU,701.66,162.11,-673.83,0.15,6.49,0.24,-50.40,4.05,-40.05,24.1
2026/05/04 21:56:24.55,IMU,714.84,182.62,-678.71,1.34,5.58,-0.95,-49.35,3.90,-40.50,24.1
2026/05/04 21:56:24.65,IMU,699.22,199.22,-690.92,1.83,-7.23,1.76,-49.95,3.75,-40.35,24.1
2026/05/04 21:56:24.75,IMU,707.52,186.52,-701.17,1.56,2.70,0.69,-50.40,4.05,-41.10,24.2
2026/05/04 21:56:24.85,IMU,693.85,164.06,-696.78,0.93,4.50,0.80,-50.85,3.60,-40.95,24.1
2026/05/04 21:56:24.95,IMU,693.36,172.85,-701.17,0.96,-0.44,-1.89,-49.65,4.50,-40.35,24.2
2026/05/04 21:56:25.05,IMU,692.87,162.60,-723.63,1.73,-4.04,-2.63,-49.95,4.05,-40.65,24.1
2026/05/04 21:56:25.17,IMU,682.13,169.43,-691.41,1.31,4.64,4.02,-50.10,3.60,-40.20,24.1
2026/05/04 21:56:25.27,IMU,704.10,155.27,-696.29,0.49,0.66,0.59,-49.95,3.30,-39.60,24.2
2026/05/04 21:56:25.37,IMU,713.38,180.18,-697.27,-0.21,1.28,-0.16,-49.80,4.35,-41.25,23.8
2026/05/04 21:56:25.47,IMU,683.59,181.64,-722.17,1.23,-0.26,3.92,-49.65,3.30,-40.05,24.3
2026/05/04 21:56:25.57,IMU,703.61,156.74,-693.85,-4.23,8.05,-2.11,-49.20,3.75,-40.05,24.1
2026/05/04 21:56:25.67,IMU,699.22,154.30,-713.87,-1.80,4.61,-4.27,-49.05,2.40,-40.20,24.1
2026/05/04 21:56:25.77,IMU,677.73,188.48,-736.82,2.50,1.45,-2.95,-49.95,3.30,-40.65,24.1
2026/05/04 21:56:25.87,IMU,708.98,175.78,-713.87,2.08,7.03,2.82,-48.90,2.55,-40.05,24.0
2026/05/04 21:56:25.97,IMU,698.24,143.55,-710.45,4.17,1.37,-0.96,-50.55,2.70,-39.75,24.0
2026/05/04 21:56:26.07,IMU,698.24,167.97,-724.61,5.56,2.98,3.31,-51.30,3.60,-39.75,23.9
2026/05/04 21:56:26.17,IMU,713.38,143.55,-704.10,-0.16,-0.38,-3.99,-49.95,2.55,-39.30,24.0
2026/05/04 21:56:26.30,IMU,693.85,164.06,-713.87,-5.47,13.16,-2.03,-49.65,3.00,-38.85,24.0
2026/05/04 21:56:26.40,IMU,708.98,157.23,-675.29,-2.77,9.72,-0.27,-49.65,3.00,-38.85,24.2
2026/05/04 21:56:26.50,IMU,713.87,189.94,-690.92,1.46,-5.27,4.52,-50.70,2.55,-39.60,24.2
2026/05/04 21:56:26.62,IMU,686.04,139.16,-709.96,-0.87,7.63,4.31,-49.35,3.15,-39.45,23.9
2026/05/04 21:56:26.72,IMU,679.20,111.82,-747.56,-4.99,6.95,4.06,-48.75,1.95,-40.20,23.9
2026/05/04 21:56:26.82,IMU,706.54,140.63,-724.12,-1.14,1.01,4.05,-48.75,2.70,-40.20,24.1
2026/05/04 21:56:26.92,IMU,714.84,131.35,-693.85,-4.04,5.89,6.76,-52.80,0.90,-35.55,24.3
2026/05/04 21:56:27.02,IMU,711.43,145.51,-725.10,-6.91,-3.06,1.77,-49.35,2.40,-39.45,24.3
2026/05/04 21:56:27.12,IMU,681.15,146.97,-756.35,0.41,-9.60,9.31,-48.15,2.55,-41.40,24.1
2026/05/04 21:56:27.22,IMU,655.76,102.05,-724.12,6.35,-13.05,6.03,-50.10,0.90,-40.20,24.1
2026/05/04 21:56:27.32,IMU,719.24,90.33,-685.06,-0.22,-5.78,11.47,-48.00,0.90,-39.75,24.1
2026/05/04 21:56:27.42,IMU,659.67,56.15,-809.08,-12.76,9.99,6.41,-45.75,0.90,-41.25,24.1
2026/05/04 21:56:27.52,IMU,659.18,91.80,-806.64,-0.56,-6.54,2.82,-46.50,1.20,-42.75,24.3
2026/05/04 21:56:27.62,IMU,684.57,121.09,-703.13,-3.32,0.69,-1.51,-46.50,1.20,-42.00,23.9
2026/05/04 21:56:27.75,IMU,715.82,90.33,-674.80,-5.66,-5.27,-3.65,-46.80,0.90,-41.55,23.9
2026/05/04 21:56:27.85,IMU,697.75,136.23,-713.87,4.39,-9.63,0.83,-45.75,1.95,-43.35,24.1
2026/05/04 21:56:27.95,IMU,699.71,85.45,-747.07,19.60,-4.76,-5.17,-45.75,0.90,-42.75,24.2
2026/05/04 21:56:28.05,IMU,645.51,134.77,-806.15,9.56,-5.95,-13.53,-46.05,0.45,-41.55,24.1
2026/05/04 21:56:28.15,IMU,643.55,42.48,-818.85,13.68,-17.86,-5.08,-46.35,-0.75,-42.15,24.1
2026/05/04 21:56:28.25,IMU,652.83,141.11,-746.09,20.21,12.36,-9.33,-46.50,0.90,-41.55,24.1
2026/05/04 21:56:28.35,IMU,648.44,78.12,-742.68,8.27,11.39,-1.18,-47.25,-1.65,-37.65,24.0
2026/05/04 21:56:28.45,IMU,677.73,91.80,-724.61,11.27,8.95,-4.38,-47.10,-1.05,-40.35,24.2
2026/05/04 21:56:28.55,IMU,646.97,80.08,-776.86,-2.18,10.04,-13.29,-47.40,-0.30,-38.25,24.1
2026/05/04 21:56:28.65,IMU,652.83,111.82,-796.39,13.69,-14.84,-7.95,-48.75,0.45,-39.15,24.1
2026/05/04 21:56:28.76,IMU,640.63,35.64,-804.69,16.11,10.13,-14.80,-49.20,0.00,-38.25,24.0
2026/05/04 21:56:28.86,IMU,679.69,38.57,-732.42,14.31,7.34,-11.73,-49.35,-0.15,-37.65,24.0
2026/05/04 21:56:28.96,IMU,671.88,50.29,-734.86,8.86,2.15,-9.62,-49.35,0.15,-36.90,24.1
2026/05/04 21:56:29.06,IMU,650.88,-1.46,-746.58,8.02,3.69,-9.60,-50.10,0.15,-36.90,24.1
2026/05/04 21:56:29.18,IMU,660.64,-6.35,-690.43,3.79,-6.05,-3.40,-50.55,0.45,-37.95,24.0
2026/05/04 21:56:29.28,IMU,678.22,41.99,-836.43,12.87,-4.05,2.82,-49.65,-1.05,-37.50,24.0
2026/05/04 21:56:29.38,IMU,559.08,15.63,-790.53,17.36,-7.44,16.41,-47.40,-0.30,-38.55,24.1
2026/05/04 21:56:29.48,IMU,577.64,21.48,-877.44,-8.21,-0.47,2.85,-48.00,-0.15,-37.35,23.8
2026/05/04 21:56:29.58,IMU,575.68,51.76,-868.65,6.44,-10.31,-3.16,-49.65,-0.30,-38.25,24.0
2026/05/04 21:56:29.68,IMU,575.68,51.76,-805.66,6.91,-1.40,-6.86,-48.00,-0.45,-38.40,24.0
2026/05/04 21:56:29.78,IMU,625.00,99.61,-840.82,-6.57,6.82,-3.41,-51.75,-2.55,-36.45,24.4
2026/05/04 21:56:29.88,IMU,627.44,51.76,-786.13,-0.04,11.89,10.37,-49.20,-0.75,-40.05,24.1
2026/05/04 21:56:29.98,IMU,677.25,49.80,-757.81,-0.87,16.18,13.74,-50.10,-1.65,-38.40,24.1
2026/05/04 21:56:30.08,IMU,622.07,-5.37,-815.43,13.80,15.81,18.92,-49.65,-2.25,-37.05,24.2
2026/05/04 21:56:30.18,IMU,661.13,-76.17,-749.51,6.24,-8.57,4.17,-48.45,-3.75,-36.45,24.2
2026/05/04 21:56:30.30,IMU,662.60,-45.90,-750.00,2.15,29.86,-4.88,-48.45,-4.05,-36.75,24.2
2026/05/04 21:56:30.40,IMU,735.35,-36.13,-703.13,7.62,18.56,1.73,-49.05,-4.35,-34.80,24.0
2026/05/04 21:56:30.50,IMU,717.77,5.37,-741.70,0.93,21.37,-0.59,-50.85,-4.35,-31.50,24.1
2026/05/04 21:56:30.61,IMU,803.71,-51.27,-586.91,11.86,32.21,-11.53,-52.20,-4.80,-29.85,24.0
2026/05/04 21:56:30.71,IMU,795.90,-70.80,-586.43,23.45,41.54,-12.11,-53.40,-4.65,-27.60,24.1
2026/05/04 21:56:30.81,IMU,804.20,-47.36,-554.20,4.63,52.89,-29.97,-55.05,-3.30,-24.15,23.8
2026/05/04 21:56:30.91,IMU,859.38,-13.18,-430.18,17.86,45.02,-27.04,-56.10,-2.70,-22.50,24.1
2026/05/04 21:56:31.01,IMU,860.84,-41.50,-497.56,16.04,39.20,0.03,-57.30,-3.30,-21.90,24.0
2026/05/04 21:56:31.11,IMU,806.15,-130.86,-530.27,-6.15,36.21,0.02,-56.10,-3.15,-21.45,24.1
2026/05/04 21:56:31.21,IMU,815.92,-67.87,-627.44,-14.86,50.83,-18.02,-58.50,-6.00,-17.25,24.1
2026/05/04 21:56:31.31,IMU,819.34,-38.57,-504.39,-2.21,-60.25,2.50,-57.45,-3.15,-22.05,24.0
2026/05/04 21:56:31.41,IMU,836.43,-23.44,-646.00,-9.34,-14.10,-15.04,-56.40,-1.65,-22.80,24.1
2026/05/04 21:56:31.51,IMU,831.54,-17.58,-535.64,-17.47,8.37,-17.41,-57.30,-1.50,-25.20,23.8
2026/05/04 21:56:31.61,IMU,804.69,-45.41,-622.07,-2.32,-29.82,6.96,-56.25,0.00,-26.25,24.2
2026/05/04 21:56:31.71,IMU,777.34,11.23,-647.46,-12.18,-29.00,2.76,-55.65,-1.20,-28.95,24.1
2026/05/04 21:56:31.81,IMU,664.55,-34.18,-699.71,8.45,-60.74,2.05,-53.10,-1.65,-30.75,24.0
2026/05/04 21:56:31.91,IMU,635.25,-9.28,-854.00,-7.31,-56.83,21.73,-51.60,-1.95,-34.35,24.0
2026/05/04 21:56:32.01,IMU,524.41,-20.02,-859.38,-0.43,-22.67,-12.89,-48.90,-2.55,-38.25,23.9
2026/05/04 21:56:32.11,IMU,526.86,-30.76,-795.41,4.80,-8.29,10.02,-48.00,-1.95,-37.95,23.9
2026/05/04 21:56:32.21,IMU,490.72,-74.71,-905.76,-0.47,-1.88,3.17,-47.55,-1.65,-39.15,24.3
2026/05/04 21:56:32.34,IMU,389.65,20.51,-1159.67,22.13,77.02,-12.84,-47.55,-0.90,-37.65,24.0
2026/05/04 21:56:32.44,IMU,690.43,62.50,-673.83,-7.35,30.00,-3.68,-53.25,-2.25,-32.40,23.9
2026/05/04 21:56:32.54,IMU,720.70,25.39,-715.33,-9.41,-1.82,-3.66,-53.10,-1.65,-31.80,24.0
2026/05/04 21:56:32.64,IMU,691.89,-21.00,-744.14,8.73,8.96,1.06,-52.35,-1.95,-32.25,24.2
2026/05/04 21:56:32.74,IMU,732.42,36.62,-673.83,-16.33,40.91,-13.07,-54.45,-0.75,-30.90,24.2
2026/05/04 21:56:32.84,IMU,682.13,-21.48,-745.12,2.26,1.22,11.85,-53.85,-1.20,-30.45,23.9
2026/05/04 21:56:32.94,IMU,740.72,31.25,-729.49,3.77,15.10,11.21,-53.85,-1.95,-29.40,23.9
2026/05/04 21:56:33.04,IMU,747.56,-25.39,-675.78,7.69,7.73,11.42,-53.40,-4.35,-30.00,23.8
2026/05/04 21:56:33.14,IMU,778.32,-64.45,-648.93,-5.14,11.44,-3.35,-52.05,-4.35,-28.65,23.9
2026/05/04 21:56:33.24,IMU,791.99,-33.69,-649.41,-1.97,6.14,-4.54,-53.10,-5.10,-28.65,23.7
2026/05/04 21:56:33.34,IMU,803.22,-45.90,-641.60,-2.31,0.47,4.55,-53.85,-3.90,-27.90,23.6
2026/05/04 21:56:33.44,IMU,747.07,-64.45,-611.33,2.85,5.29,-0.40,-53.85,-2.70,-27.15,24.0
2026/05/04 21:56:33.54,IMU,761.72,-21.00,-673.83,-1.06,1.59,0.02,-55.05,-2.25,-27.75,23.8
2026/05/04 21:56:33.64,IMU,781.74,-38.09,-673.83,0.37,-0.07,0.08,-55.35,-3.15,-27.90,23.6
2026/05/04 21:56:33.76,IMU,756.35,-3.42,-639.16,2.76,-14.94,1.15,-53.10,-3.60,-28.20,23.8
2026/05/04 21:56:33.86,IMU,714.36,-21.97,-695.31,-2.70,1.47,-8.69,-54.15,-3.60,-30.00,23.9
2026/05/04 21:56:33.96,IMU,720.21,-47.85,-732.91,-15.26,-23.05,-3.50,-51.45,-3.00,-31.65,23.7
2026/05/04 21:56:34.06,IMU,721.19,-40.53,-761.72,3.27,-19.08,-0.63,-52.35,-0.90,-32.25,24.0
2026/05/04 21:56:34.16,IMU,684.08,-18.07,-756.35,5.19,5.02,5.53,-51.00,-3.00,-32.40,24.0
2026/05/04 21:56:34.26,IMU,691.41,-28.32,-714.84,7.50,0.62,2.82,-51.75,-3.30,-31.35,24.0
2026/05/04 21:56:34.36,IMU,703.13,-21.97,-671.88,12.16,-5.73,1.04,-52.35,-3.60,-31.50,23.9
2026/05/04 21:56:34.46,IMU,702.15,-44.92,-700.20,-4.83,5.50,-0.96,-51.75,-3.30,-32.70,23.7
2026/05/04 21:56:34.56,IMU,679.69,-43.46,-731.45,0.53,-0.24,0.20,-52.80,-2.40,-32.25,24.0
2026/05/04 21:56:34.66,IMU,708.98,-60.06,-731.45,2.13,-7.15,-0.23,-52.35,-2.70,-31.80,24.1
2026/05/04 21:56:34.76,IMU,667.48,-33.69,-756.84,13.34,-12.28,3.95,-51.30,-3.90,-32.55,24.1
2026/05/04 21:56:34.88,IMU,674.32,-62.01,-799.32,7.93,4.79,3.16,-52.35,-2.70,-31.80,23.6
2026/05/04 21:56:34.98,IMU,682.62,-85.45,-744.63,13.72,-3.85,5.64,-51.30,-4.35,-32.25,23.8
2026/05/04 21:56:35.08,IMU,705.08,-81.54,-681.15,8.53,-0.16,0.27,-51.45,-6.00,-29.10,24.0
2026/05/04 21:56:35.19,IMU,746.58,-74.71,-663.09,-7.00,12.89,2.40,-51.75,-6.00,-29.55,23.9
2026/05/04 21:56:35.29,IMU,728.03,-99.12,-697.27,-2.80,13.34,3.95,-50.40,-4.80,-29.10,23.8
2026/05/04 21:56:35.39,IMU,750.49,-138.67,-634.77,-3.78,17.24,4.60,-53.25,-4.80,-28.80,23.7
2026/05/04 21:56:35.49,IMU,766.60,-112.30,-679.69,-1.34,12.27,3.45,-51.75,-6.45,-28.05,23.8
2026/05/04 21:56:35.59,IMU,754.39,-125.00,-683.59,-3.16,10.63,7.26,-50.55,-6.15,-28.95,23.7
2026/05/04 21:56:35.69,IMU,729.98,-90.82,-689.94,-0.60,25.33,1.80,-51.60,-5.10,-28.20,24.0
2026/05/04 21:56:35.79,IMU,734.38,-124.51,-677.25,1.69,5.53,9.12,-52.95,-5.55,-28.05,24.1
2026/05/04 21:56:35.89,IMU,770.02,-140.14,-666.99,3.68,-6.01,9.00,-50.40,-6.75,-29.55,24.0
2026/05/04 21:56:35.99,IMU,764.65,-135.25,-576.66,12.08,-19.85,6.76,-51.75,-7.95,-29.10,23.8
2026/05/04 21:56:36.09,IMU,757.32,-136.23,-659.67,-13.70,15.22,-0.01,-50.40,-7.20,-26.70,23.9
2026/05/04 21:56:36.19,IMU,779.30,-171.88,-601.56,0.78,6.24,1.94,-49.95,-8.25,-28.50,23.6
2026/05/04 21:56:36.29,IMU,748.54,-125.00,-609.86,-11.06,34.87,-4.85,-50.70,-6.45,-27.75,23.8
2026/05/04 21:56:36.39,IMU,741.21,-155.76,-680.18,-9.69,32.24,-7.33,-51.00,-8.25,-27.30,23.6
2026/05/04 21:56:36.49,IMU,717.29,-176.76,-667.97,-15.14,34.76,-5.84,-49.80,-8.40,-26.40,24.0
2026/05/04 21:56:36.59,IMU,750.98,-137.21,-628.91,-12.31,28.89,-7.79,-52.05,-6.90,-28.95,23.6
2026/05/04 21:56:36.69,IMU,768.07,-122.56,-661.13,-2.31,-1.37,-5.54,-51.75,-7.50,-27.75,23.7
2026/05/04 21:56:36.79,IMU,756.84,-109.37,-675.29,3.31,2.07,0.28,-49.95,-6.45,-29.55,24.0
2026/05/04 21:56:36.91,IMU,717.77,-114.75,-711.91,-12.53,-17.09,-1.22,-51.00,-6.00,-28.05,24.0
2026/05/04 21:56:37.01,IMU,727.05,-100.10,-695.31,4.44,-34.44,-4.02,-52.20,-5.25,-29.85,24.1
2026/05/04 21:56:37.11,IMU,734.86,-92.77,-670.90,6.48,-23.03,-1.76,-51.45,-5.25,-30.90,23.8
2026/05/04 21:56:37.21,IMU,722.17,-65.92,-741.70,0.37,18.36,-8.08,-50.40,-4.80,-30.30,23.6
2026/05/04 21:56:37.31,IMU,730.96,-55.18,-671.88,-4.92,10.69,-3.25,-53.85,-3.90,-31.50,23.7
2026/05/04 21:56:37.41,IMU,756.35,-41.02,-691.89,1.34,-13.05,5.34,-51.45,-4.80,-29.10,24.0
2026/05/04 21:56:37.53,IMU,741.70,-44.92,-691.89,1.35,5.85,0.56,-50.85,-3.90,-31.80,23.8
2026/05/04 21:56:37.63,IMU,718.26,-98.63,-722.66,4.11,8.60,2.80,-52.35,-4.35,-32.25,23.8
2026/05/04 21:56:37.73,IMU,730.47,-61.04,-732.91,0.37,9.53,5.82,-51.60,-5.10,-31.50,23.9
2026/05/04 21:56:37.83,IMU,721.19,-91.80,-712.40,-0.69,10.66,2.00,-51.75,-4.80,-30.60,23.8
2026/05/04 21:56:37.93,IMU,772.95,-57.13,-648.93,-0.07,15.27,3.38,-51.00,-5.55,-31.65,23.4
2026/05/04 21:56:38.03,IMU,735.35,-85.94,-708.98,-2.39,7.18,-0.17,-50.85,-5.85,-30.75,23.8
2026/05/04 21:56:38.13,IMU,757.81,-35.64,-607.91,-1.60,3.33,-2.86,-51.00,-4.80,-29.85,23.9
2026/05/04 21:56:38.23,IMU,747.56,-129.39,-671.39,0.37,7.29,0.09,-52.20,-6.45,-30.30,23.8
2026/05/04 21:56:38.36,IMU,740.72,-74.71,-693.85,-1.70,4.73,-0.02,-52.95,-5.55,-30.30,23.7
2026/05/04 21:56:38.46,IMU,773.44,-60.06,-623.54,5.37,2.31,-0.11,-52.05,-3.90,-30.75,23.8
2026/05/04 21:56:38.56,IMU,746.09,-68.36,-682.13,-0.92,16.96,-1.56,-51.75,-6.00,-30.60,23.8
2026/05/04 21:56:38.66,IMU,765.63,-78.61,-628.42,-2.52,12.96,2.00,-50.70,-4.80,-28.80,23.6
2026/05/04 21:56:38.76,IMU,741.21,-129.39,-667.97,-10.71,3.16,4.99,-51.30,-6.90,-30.00,23.6
2026/05/04 21:56:38.86,IMU,748.54,-139.65,-691.89,5.71,-5.11,-1.81,-52.20,-5.55,-29.10,23.6
2026/05/04 21:56:38.96,IMU,779.79,-102.54,-694.34,6.08,-2.76,12.28,-54.45,-7.50,-25.20,23.8
2026/05/04 21:56:39.06,IMU,759.28,-122.56,-675.29,3.42,-14.08,7.58,-50.85,-5.85,-28.65,23.8
2026/05/04 21:56:39.16,IMU,772.95,-123.54,-648.44,3.85,-7.79,2.18,-50.85,-7.35,-27.90,23.6
2026/05/04 21:56:39.26,IMU,762.70,-118.16,-666.50,3.37,-16.63,0.37,-51.30,-8.10,-27.90,23.6
2026/05/04 21:56:39.36,IMU,761.23,-107.91,-649.90,2.96,-13.27,1.00,-50.40,-6.75,-28.80,23.8
2026/05/04 21:56:39.48,IMU,722.66,-139.65,-699.71,-3.88,-3.35,-2.21,-50.40,-7.20,-29.55,23.8
2026/05/04 21:56:39.58,IMU,737.79,-123.54,-728.03,5.33,-5.32,1.86,-50.55,-6.15,-31.20,23.8
2026/05/04 21:56:39.68,IMU,703.61,-129.39,-741.21,-3.42,12.00,-0.01,-50.70,-6.00,-29.85,23.6
2026/05/04 21:56:39.79,IMU,699.22,-126.95,-759.28,3.81,4.47,0.15,-50.40,-6.45,-31.35,23.6
2026/05/04 21:56:39.89,IMU,692.38,-146.97,-721.19,2.21,14.91,-2.51,-49.80,-6.90,-31.20,23.8
2026/05/04 21:56:39.99,IMU,762.70,-104.98,-638.67,-3.54,7.40,-2.47,-49.65,-7.20,-28.80,23.6
2026/05/04 21:56:40.09,IMU,775.39,-130.86,-620.61,0.96,25.78,-17.47,-51.00,-7.20,-28.05,23.4
2026/05/04 21:56:40.19,IMU,758.79,-96.19,-624.02,-11.71,29.30,-19.28,-53.85,-5.85,-27.15,23.7
2026/05/04 21:56:40.29,IMU,771.00,-114.75,-622.07,-2.47,-5.64,-6.81,-54.60,-3.90,-26.10,23.6
2026/05/04 21:56:40.39,IMU,767.58,-70.31,-694.82,-11.39,-2.28,0.80,-55.80,-4.80,-24.15,23.4
2026/05/04 21:56:40.49,IMU,864.75,-18.55,-560.55,-2.02,-23.13,4.95,-54.45,-3.30,-27.00,23.5
2026/05/04 21:56:40.59,IMU,771.48,-64.94,-623.54,-1.09,-4.82,9.47,-53.25,-3.75,-28.80,23.7
2026/05/04 21:56:40.69,IMU,809.57,-22.46,-539.55,-5.12,4.96,1.27,-54.00,-4.05,-27.30,23.8
2026/05/04 21:56:40.79,IMU,805.18,-16.60,-572.75,0.08,16.15,-2.71,-54.75,-3.00,-27.30,23.5
2026/05/04 21:56:40.89,IMU,835.94,-27.34,-618.16,-0.21,13.70,0.28,-53.40,-4.35,-27.60,23.4
2026/05/04 21:56:40.99,IMU,816.89,-2.44,-590.33,5.82,4.63,-1.74,-52.80,-3.15,-27.60,24.0
2026/05/04 21:56:41.09,IMU,782.71,-59.08,-618.16,-2.38,22.04,-9.41,-54.75,-3.75,-27.75,23.6
2026/05/04 21:56:41.19,IMU,757.32,-67.38,-624.51,2.99,1.63,-0.27,-53.70,-3.00,-27.30,23.8
2026/05/04 21:56:41.29,IMU,807.13,-41.50,-635.74,0.56,10.91,-1.67,-53.40,-4.35,-28.20,23.6
2026/05/04 21:56:41.39,IMU,813.48,-54.20,-615.23,3.35,-6.57,0.27,-54.45,-4.05,-27.00,23.6
2026/05/04 21:56:41.50,IMU,801.76,-46.88,-603.03,-4.60,-14.64,5.36,-54.00,-3.30,-27.00,23.7
2026/05/04 21:56:41.60,IMU,869.14,-90.82,-568.36,5.69,-15.95,5.02,-54.60,-4.65,-27.60,23.5
2026/05/04 21:56:41.70,IMU,823.24,-73.24,-586.43,5.76,-11.50,8.57,-53.40,-4.65,-28.65,23.6
2026/05/04 21:56:41.81,IMU,804.20,-101.07,-587.40,20.12,-9.34,15.19,-51.75,-5.25,-28.05,23.6
2026/05/04 21:56:41.91,IMU,746.09,-155.76,-695.31,3.96,-17.32,20.87,-49.95,-7.20,-28.80,23.3
2026/05/04 21:56:42.01,IMU,669.92,-164.55,-710.45,-0.40,-2.73,8.21,-48.90,-7.95,-29.55,23.4
2026/05/04 21:56:42.12,IMU,738.28,-156.74,-629.88,1.19,-40.07,5.89,-49.80,-8.85,-28.65,23.1
2026/05/04 21:56:42.22,IMU,728.03,-208.50,-770.02,20.19,30.52,-11.16,-48.00,-10.05,-27.90,23.3
2026/05/04 21:56:42.32,IMU,654.79,-186.04,-760.74,0.84,25.48,-2.21,-49.35,-7.65,-28.20,23.5
2026/05/04 21:56:42.42,IMU,775.88,-183.59,-625.49,5.15,8.85,-2.40,-52.80,-11.55,-25.80,23.5
2026/05/04 21:56:42.52,IMU,747.56,-155.27,-659.67,9.08,-2.65,3.21,-48.75,-8.85,-29.40,23.3
2026/05/04 21:56:42.62,IMU,720.21,-180.18,-677.73,9.09,-22.60,14.97,-49.65,-9.00,-28.50,23.4
2026/05/04 21:56:42.72,IMU,679.20,-190.92,-769.53,-1.70,-25.40,20.40,-47.55,-10.80,-29.40,23.6
2026/05/04 21:56:42.82,IMU,659.18,-266.11,-717.29,-7.07,-0.50,2.46,-47.25,-10.80,-28.20,23.3
2026/05/04 21:56:42.92,IMU,681.64,-226.07,-709.47,-5.27,11.24,-7.05,-47.40,-10.50,-27.75,23.5
2026/05/04 21:56:43.02,IMU,752.44,-172.36,-638.18,-6.41,15.99,-5.76,-48.00,-8.40,-28.65,23.3
2026/05/04 21:56:43.12,IMU,730.47,-208.01,-665.53,-0.79,-6.59,4.66,-48.45,-8.25,-29.55,23.1
2026/05/04 21:56:43.22,IMU,709.47,-185.55,-675.78,-3.49,-1.15,0.18,-48.00,-10.35,-29.40,23.3
2026/05/04 21:56:43.32,IMU,716.80,-241.21,-736.33,-2.94,-12.25,-2.53,-47.40,-9.45,-29.85,23.4
2026/05/04 21:56:43.42,IMU,742.68,-185.55,-711.43,6.27,-16.11,4.64,-49.20,-7.95,-29.85,23.6
2026/05/04 21:56:43.55,IMU,695.80,-189.94,-761.72,-0.79,1.27,-0.66,-48.00,-9.60,-30.00,23.4
2026/05/04 21:56:43.65,IMU,689.45,-207.03,-649.90,2.40,14.67,-5.43,-48.30,-8.40,-28.95,23.3
2026/05/04 21:56:43.75,IMU,691.89,-228.03,-719.24,1.43,-3.72,-0.87,-49.05,-9.60,-29.40,23.6
2026/05/04 21:56:43.85,IMU,698.24,-211.91,-744.63,-2.09,2.62,-8.05,-53.10,-12.30,-24.60,23.6
2026/05/04 21:56:43.95,IMU,715.33,-201.66,-673.83,7.78,-1.22,-0.54,-48.30,-9.60,-29.70,23.5
2026/05/04 21:56:44.05,IMU,709.96,-188.96,-665.53,0.37,3.77,-0.31,-46.80,-10.05,-28.95,23.6
2026/05/04 21:56:44.15,IMU,723.63,-201.17,-708.50,-10.95,2.89,6.41,-47.55,-9.60,-28.65,23.3
2026/05/04 21:56:44.25,IMU,686.52,-224.12,-666.99,-1.15,8.44,2.36,-47.10,-8.70,-29.10,23.1
2026/05/04 21:56:44.35,IMU,732.91,-212.40,-702.15,4.35,3.82,-4.98,-48.45,-9.45,-29.55,23.5
2026/05/04 21:56:44.45,IMU,698.24,-219.24,-708.50,-2.06,-9.74,2.73,-47.40,-8.70,-28.80,23.6
2026/05/04 21:56:44.55,IMU,684.57,-235.84,-775.88,-0.66,-8.31,3.62,-47.25,-8.10,-28.20,23.3
2026/05/04 21:56:44.65,IMU,681.15,-229.00,-717.29,0.65,1.09,-1.67,-48.75,-11.10,-28.65,23.4
2026/05/04 21:56:44.75,IMU,724.12,-197.75,-696.29,-1.34,4.23,1.24,-51.00,-11.70,-26.70,23.4
2026/05/04 21:56:44.85,IMU,688.48,-213.87,-713.87,3.70,-4.31,0.60,-47.40,-10.50,-28.05,23.6
2026/05/04 21:56:44.97,IMU,702.64,-222.66,-708.50,-3.82,1.59,-1.55,-48.45,-9.00,-28.80,23.4
2026/05/04 21:56:45.07,IMU,701.17,-242.68,-718.26,-0.34,-3.90,4.09,-48.00,-10.05,-28.95,23.4
2026/05/04 21:56:45.17,IMU,693.36,-203.13,-722.66,2.04,-6.23,6.95,-47.55,-10.35,-29.40,23.4
2026/05/04 21:56:45.27,IMU,716.80,-236.82,-703.61,0.05,-10.98,4.26,-47.70,-10.50,-28.05,23.3
2026/05/04 21:56:45.37,IMU,700.68,-201.17,-722.17,-0.08,-10.27,3.76,-48.45,-9.45,-30.30,23.3
2026/05/04 21:56:45.47,IMU,719.24,-204.59,-659.18,0.34,-6.30,-0.13,-48.45,-9.75,-28.50,23.3
2026/05/04 21:56:45.57,IMU,664.55,-255.86,-762.70,3.62,-4.12,3.76,-50.10,-11.55,-24.60,23.2
2026/05/04 21:56:45.67,IMU,715.82,-203.61,-731.93,-0.07,5.24,2.94,-47.70,-10.20,-29.55,23.6
2026/05/04 21:56:45.77,IMU,704.59,-241.70,-690.92,-2.95,9.37,4.08,-50.10,-11.85,-26.10,23.2
2026/05/04 21:56:45.87,IMU,716.31,-204.59,-733.89,-1.51,2.15,-3.92,-48.75,-10.35,-27.60,23.5
2026/05/04 21:56:45.97,IMU,699.22,-235.35,-709.96,-1.98,-0.66,1.82,-48.90,-8.70,-28.05,23.3
2026/05/04 21:56:46.09,IMU,703.61,-209.96,-674.80,2.79,13.16,-3.60,-48.45,-10.50,-27.30,23.4
2026/05/04 21:56:46.19,IMU,740.23,-214.84,-650.88,1.94,8.04,-0.89,-48.90,-9.75,-28.05,23.3
2026/05/04 21:56:46.29,IMU,725.10,-196.29,-696.29,0.30,-3.03,2.63,-48.30,-10.80,-27.15,23.3
2026/05/04 21:56:46.40,IMU,679.20,-264.65,-583.50,2.63,-9.98,7.60,-48.45,-9.45,-27.75,23.1
2026/05/04 21:56:46.50,IMU,720.70,-214.84,-695.80,4.02,-6.14,2.14,-48.00,-9.30,-29.40,23.4
2026/05/04 21:56:46.60,IMU,710.45,-223.63,-664.55,0.25,5.61,-1.36,-48.90,-10.50,-28.05,23.3
2026/05/04 21:56:46.70,IMU,711.91,-232.42,-709.47,-0.92,-7.46,2.90,-47.55,-9.60,-29.70,22.9
2026/05/04 21:56:46.80,IMU,706.54,-214.36,-698.24,2.11,1.05,0.19,-48.90,-11.25,-29.55,23.5
2026/05/04 21:56:46.90,IMU,693.36,-188.48,-689.45,4.02,-5.24,-0.28,-48.90,-9.45,-28.50,23.3
2026/05/04 21:56:47.00,IMU,702.15,-240.72,-726.56,-0.81,-1.98,2.24,-50.10,-11.10,-24.30,23.3
2026/05/04 21:56:47.10,IMU,717.29,-228.03,-686.04,0.80,-0.85,4.73,-47.40,-9.75,-29.55,23.6
2026/05/04 21:56:47.20,IMU,691.89,-265.63,-705.08,5.46,-4.32,0.97,-47.40,-10.50,-27.30,23.1
2026/05/04 21:56:47.30,IMU,697.75,-230.47,-723.63,2.65,18.49,-8.18,-48.15,-10.50,-29.10,23.3
2026/05/04 21:56:47.40,IMU,725.10,-205.08,-636.23,1.31,18.34,-0.60,-47.70,-10.50,-27.75,23.4
2026/05/04 21:56:47.50,IMU,716.80,-249.02,-680.18,-3.44,-6.89,4.40,-47.10,-9.75,-28.05,23.5
2026/05/04 21:56:47.60,IMU,685.06,-240.23,-697.75,-2.27,-1.56,-0.08,-47.55,-9.30,-27.90,23.1
2026/05/04 21:56:47.70,IMU,689.94,-223.14,-695.80,0.53,-3.25,0.74,-48.15,-10.50,-29.10,23.4
2026/05/04 21:56:47.80,IMU,675.29,-214.84,-701.17,0.56,-0.20,0.40,-48.90,-11.25,-27.00,23.6
2026/05/04 21:56:47.90,IMU,709.96,-221.19,-710.94,3.20,7.53,-0.42,-47.25,-10.05,-28.20,23.5
2026/05/04 21:56:48.00,IMU,693.85,-253.91,-744.14,4.65,5.25,-2.59,-47.40,-10.95,-28.50,23.3
2026/05/04 21:56:48.13,IMU,659.67,-262.70,-702.15,2.44,2.52,-3.21,-48.15,-9.45,-29.10,23.6
2026/05/04 21:56:48.23,IMU,717.77,-221.19,-736.33,3.47,8.56,-3.66,-47.10,-9.75,-29.55,23.5
2026/05/04 21:56:48.33,IMU,735.84,-203.13,-644.53,-2.43,27.50,-3.73,-47.70,-10.20,-28.80,23.6
2026/05/04 21:56:48.43,IMU,702.15,-231.45,-675.29,-0.55,-10.15,5.31,-47.55,-11.10,-26.85,23.4
2026/05/04 21:56:48.53,IMU,689.45,-208.50,-715.82,0.06,-9.08,2.50,-47.10,-9.75,-27.30,23.3
2026/05/04 21:56:48.63,IMU,673.83,-246.58,-758.79,-2.73,-3.27,0.57,-47.70,-9.75,-28.80,23.4
2026/05/04 21:56:48.73,IMU,662.60,-263.67,-773.44,1.36,-6.32,2.13,-47.55,-10.05,-28.95,23.1
2026/05/04 21:56:48.83,IMU,667.97,-239.75,-705.08,2.53,-5.30,-3.11,-49.65,-10.95,-25.95,23.5
2026/05/04 21:56:48.93,IMU,689.45,-216.31,-714.84,1.37,-0.27,-0.66,-45.60,-10.20,-29.55,23.4
2026/05/04 21:56:49.03,IMU,695.31,-231.93,-695.80,2.40,4.57,-2.63,-47.55,-10.80,-28.20,23.3
2026/05/04 21:56:49.13,IMU,687.50,-259.77,-728.03,1.43,-3.50,-1.18,-47.55,-9.60,-27.90,23.3
2026/05/04 21:56:49.23,IMU,730.96,-222.66,-713.87,-3.67,3.09,-4.63,-49.20,-10.95,-28.50,23.4
2026/05/04 21:56:49.34,IMU,679.69,-214.36,-711.91,4.03,-1.44,4.48,-47.55,-11.10,-27.90,23.1
2026/05/04 21:56:49.44,IMU,674.32,-230.96,-729.98,4.19,-13.12,2.45,-47.10,-9.45,-28.80,23.4
2026/05/04 21:56:49.56,IMU,681.15,-207.52,-768.07,-2.06,2.10,-5.67,-46.65,-9.75,-27.75,23.6
2026/05/04 21:56:49.66,IMU,693.36,-231.45,-674.80,-2.41,16.94,-5.20,-48.30,-8.85,-29.40,23.4
2026/05/04 21:56:49.76,IMU,688.48,-211.43,-676.76,-2.61,-4.42,-9.68,-48.30,-8.40,-28.20,23.4
2026/05/04 21:56:49.86,IMU,656.25,-244.14,-773.44,-7.78,2.00,-8.65,-50.70,-10.95,-26.25,23.3
2026/05/04 21:56:49.96,IMU,673.34,-176.27,-771.97,-10.18,-9.91,-5.51,-48.75,-8.85,-29.40,23.1
2026/05/04 21:56:50.06,IMU,721.68,-155.27,-616.70,-6.31,-63.18,4.33,-50.40,-8.70,-30.30,23.1
2026/05/04 21:56:50.16,IMU,775.88,-134.77,-513.18,-9.08,-56.37,6.94,-51.60,-11.85,-25.80,23.3
2026/05/04 21:56:50.26,IMU,768.55,-71.78,-537.11,-0.73,37.97,-11.15,-49.20,-7.20,-32.10,23.3
2026/05/04 21:56:50.36,IMU,716.80,-87.40,-772.95,24.60,31.60,-7.69,-47.70,-5.25,-31.65,23.2
2026/05/04 21:56:50.46,IMU,624.02,-165.53,-829.59,20.72,-13.79,7.82,-48.75,-6.60,-31.80,23.4
2026/05/04 21:56:50.56,IMU,595.70,-224.61,-820.80,13.08,-4.35,7.59,-47.40,-8.25,-31.35,23.3
2026/05/04 21:56:50.66,IMU,493.65,-226.56,-702.15,4.66,5.57,-13.51,-48.15,-9.75,-31.35,23.3
2026/05/04 21:56:50.76,IMU,652.83,-190.92,-757.81,-3.08,4.99,-0.24,-49.65,-9.75,-29.85,23.3
2026/05/04 21:56:50.86,IMU,627.93,-220.21,-751.95,8.25,-7.06,5.99,-52.35,-11.55,-26.85,23.4
2026/05/04 21:56:50.96,IMU,630.86,-233.89,-712.40,3.31,-0.20,6.01,-46.50,-10.80,-27.90,23.1
2026/05/04 21:56:51.06,IMU,614.75,-247.07,-762.21,1.75,-0.08,1.97,-48.30,-8.40,-30.45,23.1
2026/05/04 21:56:51.16,IMU,624.02,-252.44,-769.53,2.08,10.61,-5.05,-48.30,-9.30,-28.20,23.3
2026/05/04 21:56:51.27,IMU,630.86,-223.63,-744.14,-3.47,9.93,-4.96,-48.90,-9.00,-27.75,23.2
2026/05/04 21:56:51.36,IMU,638.18,-246.09,-734.38,1.22,4.87,-0.20,-49.80,-10.05,-28.95,23.4
2026/05/04 21:56:51.46,IMU,626.95,-235.35,-739.26,2.85,-2.97,3.15,-47.55,-8.85,-30.00,23.6
2026/05/04 21:56:51.57,IMU,622.56,-227.54,-774.41,-2.01,26.95,-2.60,-46.65,-10.50,-29.85,23.4
2026/05/04 21:56:51.67,IMU,616.70,-245.12,-744.63,3.97,28.15,-7.17,-48.15,-10.20,-28.50,22.9
2026/05/04 21:56:51.77,IMU,602.54,-256.84,-821.78,1.17,-7.13,-3.33,-49.20,-10.50,-30.30,23.2
2026/05/04 21:56:51.88,IMU,655.27,-208.50,-802.25,-6.50,3.13,9.43,-51.60,-10.80,-24.30,23.3
2026/05/04 21:56:51.98,IMU,650.88,-245.61,-783.20,4.56,12.07,-4.45,-47.40,-10.20,-29.10,23.2
2026/05/04 21:56:52.08,IMU,634.77,-231.93,-716.31,2.37,-5.68,8.10,-48.45,-8.25,-28.50,23.4
2026/05/04 21:56:52.18,IMU,628.42,-238.28,-756.35,0.53,-16.81,5.62,-52.05,-12.60,-25.35,23.4
2026/05/04 21:56:52.28,IMU,613.28,-226.07,-740.23,1.40,0.20,-0.16,-47.25,-10.35,-29.40,23.4
2026/05/04 21:56:52.38,IMU,601.56,-242.19,-794.92,6.97,-28.56,-7.63,-47.25,-9.30,-31.50,23.3
2026/05/04 21:56:52.48,IMU,583.98,-258.79,-790.04,3.24,3.54,3.13,-45.75,-9.60,-30.75,23.5
2026/05/04 21:56:52.58,IMU,548.83,-259.28,-784.18,0.86,-11.66,6.21,-46.35,-10.50,-32.40,23.2
2026/05/04 21:56:52.70,IMU,579.10,-249.51,-852.05,-2.95,3.93,-7.50,-45.60,-9.75,-31.35,23.5
2026/05/04 21:56:52.80,IMU,561.04,-220.70,-802.73,10.03,-5.27,-10.82,-45.90,-8.70,-30.90,23.1
2026/05/04 21:56:52.90,IMU,575.20,-242.68,-801.27,10.68,12.85,-1.40,-50.70,-12.15,-25.50,23.4
2026/05/04 21:56:53.01,IMU,558.11,-309.57,-781.25,7.08,2.38,-4.66,-45.90,-8.70,-30.30,23.3
2026/05/04 21:56:53.10,IMU,544.92,-295.41,-784.67,10.68,-2.12,0.01,-46.05,-10.35,-30.00,23.3
2026/05/04 21:56:53.20,IMU,532.71,-303.71,-812.50,-4.11,-18.59,-2.74,-46.50,-10.80,-30.75,23.3
2026/05/04 21:56:53.33,IMU,565.43,-276.37,-816.89,1.27,6.02,0.66,-48.90,-13.65,-25.50,23.3
2026/05/04 21:56:53.43,IMU,564.94,-261.23,-750.49,2.73,-5.96,0.65,-47.70,-9.45,-31.35,23.3
2026/05/04 21:56:53.53,IMU,552.73,-270.51,-797.85,-1.84,7.77,-6.40,-46.35,-10.95,-31.65,23.1
2026/05/04 21:56:53.63,IMU,567.38,-272.95,-830.08,1.48,2.21,2.39,-46.80,-10.05,-29.70,23.3
2026/05/04 21:56:53.73,IMU,596.19,-255.86,-714.36,5.03,9.85,2.15,-48.15,-9.45,-28.50,23.3
2026/05/04 21:56:53.83,IMU,590.82,-271.48,-771.00,2.40,10.94,6.46,-47.55,-10.35,-28.95,23.3
2026/05/04 21:56:53.93,IMU,538.57,-261.23,-785.16,-6.18,-21.15,-2.50,-49.35,-10.80,-28.65,23.3
2026/05/04 21:56:54.03,IMU,555.66,-273.93,-815.92,-2.32,-6.05,4.40,-46.50,-11.10,-30.75,23.4
2026/05/04 21:56:54.16,IMU,547.36,-283.69,-757.81,2.44,5.37,-6.24,-47.10,-10.50,-32.10,23.4
2026/05/04 21:56:54.26,IMU,531.25,-287.11,-832.03,13.47,-4.48,-3.17,-45.30,-10.80,-30.45,23.4
2026/05/04 21:56:54.36,IMU,512.70,-279.79,-807.62,-2.17,-11.08,1.25,-47.40,-9.75,-29.85,23.5
2026/05/04 21:56:54.46,IMU,524.41,-249.02,-847.66,5.82,8.19,-13.47,-45.30,-10.05,-30.75,23.5
2026/05/04 21:56:54.56,IMU,502.44,-234.38,-825.68,-8.72,2.74,-6.76,-46.80,-8.40,-31.20,23.3
2026/05/04 21:56:54.66,IMU,572.27,-258.79,-790.53,7.34,-9.40,0.77,-46.50,-8.85,-31.50,23.5
2026/05/04 21:56:54.76,IMU,565.43,-255.86,-773.44,-0.41,0.24,2.23,-50.10,-10.80,-27.90,23.2
2026/05/04 21:56:54.86,IMU,540.04,-230.47,-830.57,1.73,2.15,-3.15,-48.15,-9.75,-31.35,23.3
2026/05/04 21:56:54.96,IMU,504.39,-281.25,-886.23,10.60,0.89,-6.60,-46.35,-9.45,-32.10,23.3
2026/05/04 21:56:55.06,IMU,457.52,-288.57,-876.46,21.44,-15.82,-2.27,-47.25,-9.60,-30.00,23.3
2026/05/04 21:56:55.16,IMU,496.58,-266.11,-763.18,14.73,13.77,-3.66,-47.25,-8.85,-31.50,23.3
2026/05/04 21:56:55.26,IMU,496.09,-328.61,-749.51,13.19,-6.53,-9.11,-47.25,-9.60,-31.20,23.3
2026/05/04 21:56:55.37,IMU,429.20,-344.24,-907.71,24.70,-25.14,-8.72,-46.05,-10.05,-31.20,23.1
2026/05/04 21:56:55.47,IMU,395.51,-351.56,-871.58,66.27,-25.77,-14.44,-45.60,-10.50,-29.85,23.1
2026/05/04 21:56:55.57,IMU,390.63,-402.83,-855.47,14.04,-6.81,-8.12,-46.80,-10.80,-29.40,23.3
2026/05/04 21:56:55.67,IMU,442.87,-368.16,-830.57,-4.21,5.49,-1.80,-47.25,-12.30,-28.65,23.2
2026/05/04 21:56:55.77,IMU,383.30,-395.02,-810.55,-8.27,12.18,-3.45,-48.30,-10.80,-29.40,23.3
2026/05/04 21:56:55.88,IMU,414.55,-399.41,-848.14,2.44,3.05,-3.47,-47.55,-11.55,-28.20,23.3
2026/05/04 21:56:55.98,IMU,382.32,-420.41,-825.68,-7.01,13.93,-4.58,-46.65,-10.50,-28.50,23.3
2026/05/04 21:56:56.08,IMU,427.25,-391.60,-834.96,-1.96,7.42,-3.63,-46.65,-11.70,-28.80,23.3
2026/05/04 21:56:56.18,IMU,401.86,-379.88,-829.10,4.27,-3.86,3.20,-48.00,-11.10,-28.65,23.1
2026/05/04 21:56:56.28,IMU,384.28,-404.30,-835.94,5.27,-5.88,-4.66,-47.55,-11.10,-28.95,23.1
2026/05/04 21:56:56.38,IMU,389.65,-401.86,-828.61,5.00,7.59,-0.50,-46.05,-10.80,-28.20,23.3
2026/05/04 21:56:56.48,IMU,395.51,-409.67,-822.75,-12.27,14.65,-1.47,-47.10,-10.95,-29.85,23.3
2026/05/04 21:56:56.58,IMU,427.25,-414.06,-833.98,8.19,-4.11,4.77,-46.05,-11.55,-27.60,23.1
2026/05/04 21:56:56.68,IMU,362.30,-507.81,-831.05,3.64,-5.60,6.13,-45.30,-11.10,-28.20,23.1
2026/05/04 21:56:56.78,IMU,344.73,-413.57,-827.15,2.21,-6.29,-4.44,-48.15,-13.20,-24.15,23.2
2026/05/04 21:56:56.88,IMU,279.79,-394.53,-863.77,39.09,-4.38,-10.02,-46.35,-12.90,-29.10,23.2
2026/05/04 21:56:56.98,IMU,347.66,-439.45,-1030.76,6.49,3.05,-9.96,-47.70,-13.95,-24.90,23.1
2026/05/04 21:56:57.08,IMU,194.82,-553.22,-989.26,57.43,-58.95,4.02,-45.60,-12.90,-28.05,23.2
2026/05/04 21:56:57.18,IMU,267.58,-544.43,-924.80,25.13,-31.89,8.97,-44.25,-14.10,-27.90,23.2
2026/05/04 21:56:57.30,IMU,229.00,-563.96,-862.79,23.07,-16.37,-6.07,-43.20,-15.30,-26.40,23.2
2026/05/04 21:56:57.40,IMU,246.58,-549.80,-878.42,-15.93,19.96,-8.98,-44.10,-13.65,-25.50,23.1
2026/05/04 21:56:57.50,IMU,282.71,-550.29,-849.61,12.21,-18.22,2.73,-43.50,-13.35,-26.10,23.1
2026/05/04 21:56:57.61,IMU,240.23,-550.29,-875.49,5.44,-13.44,2.30,-45.30,-14.10,-27.60,23.2
2026/05/04 21:56:57.71,IMU,285.64,-545.90,-825.68,-1.41,2.15,-4.37,-44.10,-12.90,-27.00,23.0
2026/05/04 21:56:57.81,IMU,314.45,-476.56,-793.95,-19.05,10.25,2.67,-44.85,-13.65,-25.95,23.4
2026/05/04 21:56:57.91,IMU,266.11,-528.32,-823.24,-2.05,0.58,2.13,-44.10,-13.65,-26.70,23.3
2026/05/04 21:56:58.01,IMU,223.14,-550.78,-918.95,21.51,-31.77,-2.59,-44.85,-13.65,-28.05,23.2
2026/05/04 21:56:58.11,IMU,223.63,-556.64,-852.05,-6.02,-9.41,-1.61,-44.85,-13.95,-26.25,23.1
2026/05/04 21:56:58.21,IMU,237.79,-541.99,-913.57,9.60,-19.96,-1.93,-46.80,-15.30,-24.30,23.1
2026/05/04 21:56:58.31,IMU,265.63,-555.18,-825.20,9.51,-34.95,8.10,-46.50,-13.35,-26.85,23.0
2026/05/04 21:56:58.41,IMU,224.61,-534.67,-868.65,-0.39,-15.54,-0.24,-45.30,-12.60,-26.85,22.8
2026/05/04 21:56:58.51,IMU,262.21,-501.95,-810.55,-0.86,-10.78,4.15,-45.30,-13.35,-27.15,23.3
2026/05/04 21:56:58.61,IMU,283.20,-509.28,-842.77,0.34,2.83,-2.15,-45.00,-13.35,-26.40,23.1
2026/05/04 21:56:58.75,IMU,263.67,-509.28,-811.04,1.75,-1.87,4.97,-44.25,-14.55,-27.15,23.1
2026/05/04 21:56:58.85,IMU,234.86,-517.09,-838.38,5.66,-12.01,11.02,-44.10,-14.40,-27.00,23.3
2026/05/04 21:56:58.95,IMU,229.00,-535.64,-816.89,-3.44,2.95,3.39,-44.25,-13.35,-27.15,23.2
2026/05/04 21:56:59.05,IMU,200.68,-545.90,-823.24,5.98,2.22,-6.85,-44.25,-13.80,-27.60,23.1
2026/05/04 21:56:59.15,IMU,236.82,-555.18,-824.71,1.22,-17.70,3.73,-44.10,-14.40,-27.30,23.1
2026/05/04 21:56:59.25,IMU,227.05,-569.82,-838.38,12.78,-10.58,-2.55,-44.10,-13.95,-26.70,23.4
2026/05/04 21:56:59.35,IMU,285.64,-554.69,-768.55,11.21,-1.29,4.31,-43.35,-13.65,-25.80,23.2
2026/05/04 21:56:59.45,IMU,162.60,-674.80,-762.70,52.87,-18.97,-7.04,-42.75,-14.10,-25.80,23.1
2026/05/04 21:56:59.55,IMU,224.12,-643.55,-834.47,3.20,-38.89,19.16,-44.25,-15.90,-24.45,23.1
2026/05/04 21:56:59.65,IMU,110.35,-710.45,-808.11,10.77,-2.84,3.80,-42.30,-15.45,-25.50,22.9
2026/05/04 21:56:59.75,IMU,161.62,-629.88,-746.58,-3.37,11.51,-1.24,-42.45,-16.05,-24.30,23.1
2026/05/04 21:56:59.85,IMU,166.02,-666.02,-748.05,-2.15,5.19,6.44,-41.70,-16.80,-24.60,22.9
2026/05/04 21:56:59.95,IMU,179.20,-657.23,-742.68,2.41,5.25,-1.13,-42.75,-14.85,-25.05,22.9
2026/05/04 21:57:00.05,IMU,158.69,-663.09,-785.64,-2.36,6.86,5.77,-42.45,-16.50,-24.00,23.1
2026/05/04 21:57:00.18,IMU,171.39,-663.09,-781.74,2.16,4.83,3.47,-41.10,-15.15,-24.90,23.3
2026/05/04 21:57:00.28,IMU,184.57,-647.95,-766.11,7.31,9.10,3.26,-40.20,-15.30,-23.25,23.2
2026/05/04 21:57:00.38,IMU,146.00,-693.85,-748.54,1.35,6.31,4.78,-41.10,-17.70,-22.65,23.2
2026/05/04 21:57:00.48,IMU,160.16,-689.45,-761.72,1.25,7.10,7.94,-40.80,-16.65,-22.35,23.3
2026/05/04 21:57:00.58,IMU,182.13,-687.50,-750.00,-0.58,2.05,9.01,-41.55,-16.95,-21.90,23.1
2026/05/04 21:57:00.68,IMU,154.79,-681.64,-755.86,-4.82,-3.04,6.78,-41.10,-17.40,-23.10,23.2
2026/05/04 21:57:00.78,IMU,121.58,-714.36,-744.14,-1.98,7.63,4.53,-40.95,-16.50,-20.70,23.3
2026/05/04 21:57:00.88,IMU,146.00,-699.71,-791.02,-1.89,-7.30,11.09,-38.70,-17.55,-23.25,22.9
2026/05/04 21:57:00.98,IMU,136.23,-723.14,-792.48,5.05,-1.10,2.37,-40.80,-19.35,-22.35,23.2
2026/05/04 21:57:01.08,IMU,128.42,-706.05,-751.46,-2.45,-5.82,0.99,-39.45,-18.00,-23.55,23.1
2026/05/04 21:57:01.18,IMU,154.30,-670.41,-756.35,0.11,-6.14,2.73,-40.35,-18.15,-23.40,23.0
2026/05/04 21:57:01.30,IMU,199.71,-672.85,-774.90,0.97,-0.08,5.38,-40.80,-18.60,-22.35,22.9
2026/05/04 21:57:01.40,IMU,187.50,-661.62,-690.92,7.79,-3.26,8.84,-40.05,-17.70,-22.65,23.1
2026/05/04 21:57:01.50,IMU,129.88,-684.57,-744.14,2.76,2.35,7.15,-38.55,-18.90,-22.65,23.1
2026/05/04 21:57:01.61,IMU,129.39,-687.50,-744.14,-3.30,7.58,4.99,-37.80,-19.65,-22.65,23.2
2026/05/04 21:57:01.71,IMU,125.49,-708.01,-729.49,-1.73,8.15,3.93,-37.80,-19.35,-23.10,23.1
2026/05/04 21:57:01.81,IMU,135.74,-680.66,-726.56,7.92,1.17,1.01,-37.65,-19.05,-21.75,23.2
2026/05/04 21:57:01.91,IMU,116.70,-684.57,-728.52,-1.95,4.74,3.81,-37.95,-19.05,-21.45,23.3
2026/05/04 21:57:02.01,IMU,152.34,-666.99,-695.80,2.68,4.72,2.71,-37.95,-19.50,-20.25,23.1
2026/05/04 21:57:02.11,IMU,137.21,-678.22,-736.33,1.42,-1.47,9.17,-36.75,-19.65,-21.15,23.1
2026/05/04 21:57:02.21,IMU,120.61,-719.73,-683.11,2.53,-4.26,3.53,-37.20,-18.75,-21.45,23.3
2026/05/04 21:57:02.31,IMU,98.14,-709.96,-750.00,2.69,-8.91,3.96,-35.55,-19.65,-21.15,23.1
2026/05/04 21:57:02.41,IMU,73.73,-732.42,-715.82,0.05,-6.60,2.76,-36.30,-19.65,-21.15,23.3
2026/05/04 21:57:02.51,IMU,101.07,-705.57,-750.98,6.61,-7.56,-2.47,-36.00,-19.65,-21.60,23.3
2026/05/04 21:57:02.61,IMU,108.89,-687.01,-745.12,3.94,-5.31,-8.18,-36.00,-19.65,-21.60,23.3
2026/05/04 21:57:02.75,IMU,133.30,-687.99,-700.20,3.73,2.02,-3.47,-37.05,-18.90,-21.90,23.3
2026/05/04 21:57:02.84,IMU,134.28,-710.94,-692.87,-11.78,-11.53,-5.25,-37.50,-19.65,-22.35,23.3
2026/05/04 21:57:02.94,IMU,39.55,-676.76,-736.82,13.24,-46.99,-2.94,-34.65,-18.00,-24.60,23.0
2026/05/04 21:57:03.05,IMU,-43.46,-770.02,-713.38,17.06,-22.97,8.08,-39.15,-23.70,-18.45,23.2
2026/05/04 21:57:03.15,IMU,-34.67,-671.88,-814.45,-18.29,33.81,-5.24,-34.35,-19.05,-22.80,23.2
2026/05/04 21:57:03.25,IMU,-51.27,-752.44,-769.53,-19.39,30.47,9.08,-34.20,-20.40,-23.70,23.3
2026/05/04 21:57:03.35,IMU,-39.55,-704.10,-722.17,-12.13,14.63,1.34,-34.65,-19.80,-24.30,23.3
2026/05/04 21:57:03.45,IMU,0.00,-721.19,-712.89,6.41,17.33,3.21,-34.65,-18.75,-23.55,23.3
2026/05/04 21:57:03.55,IMU,26.86,-720.70,-724.12,5.97,4.79,-9.76,-34.65,-19.80,-25.05,23.3
2026/05/04 21:57:03.65,IMU,74.22,-674.80,-700.68,4.86,0.24,-9.90,-35.85,-19.80,-23.25,23.2
2026/05/04 21:57:03.75,IMU,60.06,-696.29,-738.28,0.02,1.81,-10.27,-36.75,-18.60,-23.10,23.2
2026/05/04 21:57:03.85,IMU,40.04,-687.50,-761.72,-4.17,-5.14,-27.65,-36.30,-20.10,-23.10,23.3
2026/05/04 21:57:03.95,IMU,106.45,-705.08,-872.07,-37.38,41.89,-16.14,-37.80,-17.70,-24.90,23.3
2026/05/04 21:57:04.05,IMU,216.31,-592.77,-774.90,-76.34,78.15,-8.79,-39.30,-15.45,-24.90,23.4
2026/05/04 21:57:04.17,IMU,459.96,-356.45,-745.61,-150.03,149.57,-11.38,-45.15,-11.70,-28.05,23.4
2026/05/04 21:57:04.27,IMU,755.37,-72.27,-623.05,-124.35,93.84,27.40,-49.35,-7.35,-29.40,23.3
2026/05/04 21:57:04.37,IMU,755.37,2.44,-721.68,-28.69,20.09,2.18,-50.85,-4.35,-33.00,23.3
2026/05/04 21:57:04.47,IMU,784.67,-16.60,-576.66,14.60,6.48,-13.81,-51.30,-3.60,-32.55,23.4
2026/05/04 21:57:04.57,IMU,778.32,-48.83,-662.60,8.96,41.80,-15.34,-51.75,-4.05,-31.35,23.3
2026/05/04 21:57:04.67,IMU,791.99,-45.41,-608.89,-49.51,44.60,14.02,-52.95,-4.50,-29.10,23.3
2026/05/04 21:57:04.77,IMU,838.87,-5.37,-517.58,-75.30,104.46,39.82,-57.30,-2.55,-25.50,23.1
2026/05/04 21:57:04.87,IMU,906.74,68.85,-362.79,2.74,42.34,-4.35,-57.00,-0.75,-25.95,23.1
2026/05/04 21:57:04.97,IMU,946.78,46.39,-396.00,13.74,27.44,-0.08,-56.25,-2.55,-24.90,23.2
2026/05/04 21:57:05.07,IMU,908.20,-15.63,-388.18,-28.45,42.32,-6.84,-56.25,-1.80,-24.45,23.6
2026/05/04 21:57:05.17,IMU,920.90,-21.97,-416.50,3.24,11.44,-9.11,-55.50,-1.80,-23.40,23.1
2026/05/04 21:57:05.27,IMU,957.03,54.69,-351.07,-30.63,48.52,-6.23,-54.90,-0.90,-24.30,23.1
2026/05/04 21:57:05.37,IMU,945.31,34.67,-308.11,-3.15,-43.34,0.45,-56.55,-2.55,-25.20,23.1
2026/05/04 21:57:05.47,IMU,875.98,23.93,-572.27,8.02,30.63,-8.28,-55.35,-0.90,-27.15,23.1
2026/05/04 21:57:05.57,IMU,898.93,89.36,-388.18,8.63,-21.66,6.47,-55.50,-2.55,-25.20,23.3
2026/05/04 21:57:05.67,IMU,924.80,57.62,-389.16,-3.95,4.94,-2.32,-55.65,-1.65,-25.80,23.3
2026/05/04 21:57:05.77,IMU,916.99,33.69,-353.52,-2.73,-3.75,-1.05,-55.65,-1.95,-26.40,23.2
2026/05/04 21:57:05.88,IMU,953.61,47.85,-366.21,-1.69,-7.69,6.66,-56.10,-1.20,-26.10,23.5
2026/05/04 21:57:05.98,IMU,908.20,43.95,-354.49,-1.63,0.92,3.13,-56.25,-1.50,-26.70,23.3
2026/05/04 21:57:06.08,IMU,935.55,79.10,-342.77,2.63,10.89,1.18,-55.80,-3.00,-26.70,23.1
2026/05/04 21:57:06.18,IMU,929.20,35.64,-350.10,-2.56,-3.54,3.98,-54.45,-1.80,-25.20,23.3
2026/05/04 21:57:06.28,IMU,940.43,23.93,-381.35,-3.66,-16.18,2.12,-56.10,-1.65,-27.60,23.4
2026/05/04 21:57:06.38,IMU,930.66,-1.46,-351.56,-5.32,-12.00,6.57,-55.35,-3.15,-26.10,23.4
2026/05/04 21:57:06.48,IMU,936.04,3.42,-474.61,-7.50,-22.66,11.27,-53.70,-4.05,-27.75,23.1
2026/05/04 21:57:06.58,IMU,891.60,-9.77,-448.24,-1.57,-6.43,6.33,-54.00,-4.05,-28.05,23.3
2026/05/04 21:57:06.68,IMU,877.44,-36.13,-409.18,-3.21,-5.56,-0.31,-52.95,-2.25,-29.85,23.1
2026/05/04 21:57:06.79,IMU,896.00,0.98,-407.71,-0.90,6.16,0.31,-53.70,-3.75,-29.55,23.3
2026/05/04 21:57:06.89,IMU,918.95,-17.09,-429.20,2.38,0.40,-0.92,-52.95,-3.00,-30.30,23.1
2026/05/04 21:57:06.99,IMU,891.60,-11.72,-398.44,0.45,-1.86,6.32,-52.80,-3.60,-30.45,23.3
2026/05/04 21:57:07.09,IMU,888.18,-25.39,-408.69,-0.49,5.98,-0.73,-52.80,-3.90,-29.40,23.1
2026/05/04 21:57:07.19,IMU,893.55,14.65,-432.13,-1.68,-1.05,3.00,-54.45,-4.05,-27.30,23.2
2026/05/04 21:57:07.29,IMU,911.62,-21.48,-383.79,-2.76,1.40,1.06,-54.00,-3.00,-29.55,23.4
2026/05/04 21:57:07.39,IMU,920.41,-8.79,-417.97,0.84,5.23,-2.89,-51.30,-2.70,-31.50,23.1
2026/05/04 21:57:07.49,IMU,897.46,30.76,-415.53,-4.05,0.76,-3.11,-53.25,-3.30,-28.80,23.1
2026/05/04 21:57:07.59,IMU,894.04,6.84,-433.11,-1.07,6.95,-5.11,-53.85,-2.70,-30.00,23.2
2026/05/04 21:57:07.69,IMU,896.97,-19.53,-440.92,-0.17,6.00,-0.47,-54.15,-3.15,-31.50,23.3
2026/05/04 21:57:07.79,IMU,937.99,39.55,-374.02,4.37,-2.61,1.18,-54.60,-2.40,-28.95,23.1
2026/05/04 21:57:07.89,IMU,888.18,18.55,-468.26,-3.99,-12.05,1.61,-53.70,-2.55,-29.85,23.2
2026/05/04 21:57:07.99,IMU,813.96,-44.92,-541.99,-0.92,-13.85,5.55,-52.05,-2.70,-30.45,23.3
2026/05/04 21:57:08.09,IMU,893.07,-2.44,-490.23,2.65,-8.24,-5.31,-52.35,-1.95,-31.80,23.1
2026/05/04 21:57:08.20,IMU,903.81,4.39,-420.90,-3.64,0.54,5.69,-53.10,-3.15,-32.25,23.3
2026/05/04 21:57:08.30,IMU,921.39,-7.32,-454.10,-4.25,-4.32,6.18,-52.50,-4.50,-30.90,23.3
2026/05/04 21:57:08.40,IMU,870.61,-7.81,-437.50,-4.49,3.70,8.56,-51.60,-4.65,-31.80,23.3
2026/05/04 21:57:08.50,IMU,886.23,-27.83,-489.75,-2.59,-0.70,8.82,-51.75,-3.30,-31.65,23.1
2026/05/04 21:57:08.60,IMU,890.63,-29.30,-449.22,-0.95,-0.20,5.74,-52.05,-4.65,-32.25,23.2
2026/05/04 21:57:08.70,IMU,889.65,-23.93,-470.70,-3.42,1.15,4.76,-52.50,-4.80,-32.70,23.6
2026/05/04 21:57:08.80,IMU,876.46,-36.13,-466.31,-4.30,3.85,4.82,-51.75,-4.05,-31.65,23.4
2026/05/04 21:57:08.90,IMU,854.00,-54.20,-464.36,-6.60,-5.24,1.44,-51.45,-2.25,-32.10,23.3
2026/05/04 21:57:09.00,IMU,891.11,-15.14,-447.75,-4.13,-1.37,-0.40,-51.00,-4.05,-32.70,23.1
2026/05/04 21:57:09.10,IMU,883.30,-34.67,-463.38,-3.54,5.92,-6.66,-50.70,-4.80,-33.15,23.5
2026/05/04 21:57:09.20,IMU,896.48,-49.32,-470.21,-3.06,-0.62,5.11,-53.70,-6.00,-30.30,23.3
2026/05/04 21:57:09.30,IMU,879.39,-59.08,-445.80,-0.08,15.91,1.24,-50.10,-3.60,-32.55,22.9
2026/05/04 21:57:09.40,IMU,894.04,-56.15,-430.66,-2.79,5.22,6.55,-50.40,-3.75,-33.45,23.5
2026/05/04 21:57:09.50,IMU,902.83,-33.20,-443.36,-0.73,-5.36,4.05,-50.10,-4.65,-33.00,23.1
2026/05/04 21:57:09.63,IMU,899.90,-38.57,-470.21,-4.87,-5.03,3.82,-48.90,-3.75,-33.45,23.1
2026/05/04 21:57:09.73,IMU,886.72,-58.59,-425.29,-2.76,0.95,10.73,-49.65,-3.75,-33.15,23.1
2026/05/04 21:57:09.83,IMU,879.88,-50.29,-460.94,-1.92,1.31,-1.40,-49.80,-4.65,-33.00,23.2
2026/05/04 21:57:09.93,IMU,866.70,-70.31,-443.85,-1.00,6.73,-0.40,-49.80,-3.60,-34.35,23.1
2026/05/04 21:57:10.03,IMU,875.98,-65.92,-480.47,-4.21,0.03,-4.98,-48.90,-3.75,-33.45,23.3
2026/05/04 21:57:10.13,IMU,900.39,-62.99,-497.07,-2.24,-5.41,-4.85,-48.45,-5.25,-33.45,23.3
2026/05/04 21:57:10.23,IMU,877.44,-63.48,-478.52,-0.31,-1.15,3.02,-51.60,-6.60,-31.20,23.3
2026/05/04 21:57:10.33,IMU,871.09,-62.99,-484.38,1.04,-0.44,-1.67,-49.95,-4.80,-35.70,23.3
2026/05/04 21:57:10.43,IMU,901.86,-44.43,-479.00,0.17,-2.08,-1.49,-49.20,-3.75,-34.20,23.1
2026/05/04 21:57:10.54,IMU,895.51,-39.55,-465.33,0.47,1.53,-2.41,-48.75,-5.10,-34.80,23.3
2026/05/04 21:57:10.64,IMU,927.73,-45.41,-439.45,-0.65,-0.14,3.90,-49.20,-4.05,-33.15,23.1
2026/05/04 21:57:10.74,IMU,857.42,-77.15,-478.03,-5.60,-4.37,9.70,-48.00,-4.65,-34.35,23.3
2026/05/04 21:57:10.84,IMU,846.19,-81.05,-506.84,-1.68,-3.15,2.06,-52.95,-7.20,-30.60,23.3
2026/05/04 21:57:10.94,IMU,894.53,-63.96,-480.47,-3.73,4.48,2.32,-49.35,-3.90,-33.60,23.4
2026/05/04 21:57:11.04,IMU,875.00,-48.83,-461.43,-1.45,1.68,1.50,-48.00,-3.90,-35.55,23.3
2026/05/04 21:57:11.14,IMU,882.81,-69.34,-460.94,-2.05,-0.40,0.71,-48.30,-3.90,-34.05,23.3
2026/05/04 21:57:11.25,IMU,872.07,-69.82,-505.37,-2.97,-5.99,-2.84,-51.60,-5.85,-33.30,23.1
2026/05/04 21:57:11.35,IMU,869.63,-69.82,-515.14,-2.92,0.25,-3.35,-46.65,-4.05,-36.45,23.3
2026/05/04 21:57:11.45,IMU,864.26,-65.92,-472.17,5.70,5.63,2.56,-47.70,-5.25,-34.20,23.3
2026/05/04 21:57:11.55,IMU,859.86,-43.46,-459.96,1.66,-1.20,3.01,-47.70,-5.55,-35.25,23.2
2026/05/04 21:57:11.67,IMU,853.03,-67.87,-511.72,1.56,0.64,-3.84,-47.10,-4.80,-35.25,23.4
2026/05/04 21:57:11.77,IMU,858.40,-93.75,-435.06,3.68,8.59,-0.15,-48.45,-4.50,-34.65,23.2
2026/05/04 21:57:11.87,IMU,896.97,-56.15,-447.75,-3.03,4.45,5.60,-49.35,-4.35,-35.10,23.1
2026/05/04 21:57:11.97,IMU,890.14,-70.80,-434.57,-9.92,-2.48,3.05,-48.15,-3.75,-34.65,23.2
2026/05/04 21:57:12.07,IMU,882.81,-35.64,-453.61,-7.73,1.35,8.26,-48.90,-4.80,-36.45,23.3
2026/05/04 21:57:12.17,IMU,858.89,-47.36,-463.87,-6.69,-5.40,-0.27,-48.45,-4.80,-37.05,22.9
2026/05/04 21:57:12.27,IMU,896.00,-12.21,-459.96,-7.49,-4.90,8.63,-51.30,-5.10,-34.05,23.3
2026/05/04 21:57:12.37,IMU,862.79,-55.18,-530.76,-8.18,-1.81,11.65,-47.25,-4.35,-38.40,23.2
2026/05/04 21:57:12.47,IMU,868.16,-36.13,-528.32,-5.16,0.26,5.74,-48.45,-3.75,-39.30,23.2
2026/05/04 21:57:12.57,IMU,833.01,-78.12,-529.30,-1.30,3.53,-0.79,-45.90,-3.75,-39.30,23.1
2026/05/04 21:57:12.67,IMU,845.21,-48.34,-391.11,-2.21,0.04,4.81,-46.50,-5.40,-38.70,23.4
2026/05/04 21:57:12.77,IMU,884.28,-48.83,-538.57,-18.84,14.64,-15.41,-46.35,-2.55,-38.85,23.2
2026/05/04 21:57:12.87,IMU,891.11,34.18,-656.25,-0.73,-10.89,-14.46,-46.05,-1.20,-39.15,23.1
2026/05/04 21:57:12.97,IMU,866.21,63.48,-683.11,3.39,-23.18,-10.89,-48.15,-1.05,-38.85,23.1
2026/05/04 21:57:13.08,IMU,857.91,-39.06,-623.54,-6.96,2.95,-1.93,-45.90,-3.00,-40.05,22.9
2026/05/04 21:57:13.18,IMU,797.85,5.86,-614.75,5.59,-1.82,-1.63,-45.60,-2.25,-40.35,23.4
2026/05/04 21:57:13.29,IMU,785.16,-27.83,-593.75,6.80,-0.30,-7.58,-49.65,-3.75,-36.00,23.3
2026/05/04 21:57:13.39,IMU,895.51,-47.36,-513.67,8.01,-1.78,-10.55,-47.55,-1.95,-37.65,22.9
2026/05/04 21:57:13.49,IMU,885.74,31.25,-577.64,7.19,-4.05,-6.92,-47.25,-2.40,-37.95,23.3
2026/05/04 21:57:13.59,IMU,846.19,-31.74,-559.08,6.05,-9.27,-1.42,-48.90,-1.50,-37.05,23.1
2026/05/04 21:57:13.69,IMU,833.50,-71.29,-495.12,7.31,-0.74,-0.34,-49.65,0.00,-37.05,23.0
2026/05/04 21:57:13.79,IMU,890.14,-3.42,-607.42,2.36,0.48,-4.53,-47.10,-2.55,-37.50,22.9
2026/05/04 21:57:13.89,IMU,845.70,23.93,-510.25,8.27,0.31,5.69,-49.35,-1.20,-37.95,23.2
2026/05/04 21:57:13.99,IMU,837.89,-22.46,-547.36,-4.02,2.37,-6.34,-47.40,-3.75,-36.75,23.1
2026/05/04 21:57:14.09,IMU,816.41,-31.25,-537.60,4.65,-4.46,0.74,-48.00,-3.60,-37.65,23.1
2026/05/04 21:57:14.19,IMU,864.26,-65.43,-532.71,-3.96,-6.60,-5.12,-48.15,-3.30,-37.05,23.3
2026/05/04 21:57:14.31,IMU,831.54,17.58,-549.32,-3.47,-16.60,1.06,-51.30,-5.85,-33.30,23.1
2026/05/04 21:57:14.40,IMU,830.57,-35.16,-581.54,-7.17,-23.31,9.01,-47.40,-2.55,-37.80,23.6
2026/05/04 21:57:14.51,IMU,806.64,-28.81,-650.88,2.87,-15.41,-1.18,-46.35,-3.00,-38.55,23.3
2026/05/04 21:57:14.61,IMU,837.40,22.46,-541.50,-1.36,-8.89,9.15,-45.90,-3.30,-40.05,23.1
2026/05/04 21:57:14.71,IMU,814.94,-45.90,-591.80,2.91,14.31,5.73,-44.70,-2.70,-38.70,23.1
2026/05/04 21:57:14.82,IMU,820.31,-59.57,-564.94,-3.23,-0.21,3.91,-45.00,-3.15,-39.15,23.3
2026/05/04 21:57:14.92,IMU,825.20,-30.27,-587.40,-4.07,8.69,2.07,-45.15,-3.00,-39.30,23.3
2026/05/04 21:57:15.02,IMU,802.25,-63.96,-596.68,0.32,1.27,5.55,-44.85,-3.75,-39.30,22.9
2026/05/04 21:57:15.13,IMU,810.06,-41.99,-605.47,-8.30,5.05,-3.53,-45.60,-3.30,-40.05,22.9
2026/05/04 21:57:15.23,IMU,850.10,-41.02,-590.33,-8.90,2.12,-3.11,-45.15,-2.25,-41.85,22.9
2026/05/04 21:57:15.33,IMU,818.36,-0.98,-599.12,-1.09,-7.62,10.69,-48.30,-6.15,-35.55,23.1
2026/05/04 21:57:15.43,IMU,778.32,-29.79,-578.13,1.78,-0.27,4.38,-44.40,-1.80,-39.60,23.1
2026/05/04 21:57:15.53,IMU,818.36,-50.78,-617.68,-6.54,-8.53,1.49,-43.20,-1.65,-41.55,23.3
2026/05/04 21:57:15.63,IMU,784.67,-45.90,-569.34,-8.92,-8.38,12.11,-43.05,-3.75,-41.10,23.1
2026/05/04 21:57:15.73,IMU,803.71,-97.66,-639.65,-0.31,5.24,6.21,-44.10,-2.25,-42.45,23.1
2026/05/04 21:57:15.83,IMU,826.66,-52.73,-528.81,5.68,11.24,8.36,-43.35,-2.55,-40.35,23.1
2026/05/04 21:57:15.93,IMU,811.52,5.37,-515.63,0.01,0.55,6.43,-44.70,-2.40,-40.95,23.0
2026/05/04 21:57:16.03,IMU,827.15,-68.85,-500.49,-9.18,-1.92,4.66,-44.40,-4.50,-40.05,23.1
2026/05/04 21:57:16.13,IMU,808.11,-81.54,-624.51,-6.10,-17.66,-2.33,-43.20,-2.70,-42.00,22.9
2026/05/04 21:57:16.25,IMU,812.01,-8.30,-629.39,2.32,0.83,1.44,-43.95,-3.60,-40.20,23.3
2026/05/04 21:57:16.35,IMU,772.95,-54.69,-628.42,5.53,7.37,-0.85,-46.50,-4.35,-37.95,23.1
2026/05/04 21:57:16.45,IMU,781.25,-55.18,-611.33,9.23,14.26,-1.39,-43.95,-2.70,-41.55,23.3
2026/05/04 21:57:16.55,IMU,804.69,-77.15,-628.42,-1.50,9.62,-5.13,-43.65,-3.00,-42.15,23.1
2026/05/04 21:57:16.65,IMU,784.18,-92.29,-579.10,4.05,-6.30,3.16,-43.95,-1.95,-40.95,23.1
2026/05/04 21:57:16.75,IMU,784.67,-69.34,-519.53,9.49,2.61,3.96,-42.60,-3.30,-41.40,22.9
2026/05/04 21:57:16.85,IMU,802.73,-138.18,-752.93,-6.95,-24.92,2.95,-40.65,-3.60,-40.95,22.9
2026/05/04 21:57:16.95,IMU,795.90,30.27,-682.13,-1.31,-25.35,9.74,-41.10,-3.30,-42.15,22.8
2026/05/04 21:57:17.05,IMU,767.09,-47.85,-620.12,-23.17,11.36,3.38,-40.35,-3.00,-43.65,23.3
2026/05/04 21:57:17.15,IMU,751.95,40.04,-607.91,-13.85,9.44,13.65,-42.60,-4.80,-40.35,23.2
2026/05/04 21:57:17.25,IMU,815.43,-93.75,-610.35,-4.54,13.56,9.57,-38.55,-1.80,-44.70,23.3
2026/05/04 21:57:17.36,IMU,730.96,-5.37,-658.69,-1.38,-10.47,-19.99,-42.00,-5.40,-41.55,23.2
2026/05/04 21:57:17.46,IMU,750.00,-85.94,-620.61,1.54,-2.92,0.47,-38.40,-2.70,-46.35,23.3
2026/05/04 21:57:17.56,IMU,756.84,-96.19,-761.72,22.88,-26.59,-15.75,-37.80,-2.25,-46.80,23.1
2026/05/04 21:57:17.68,IMU,631.84,-55.66,-712.40,29.42,-1.38,-21.04,-39.60,-3.30,-46.20,23.1
2026/05/04 21:57:17.78,IMU,740.23,-80.08,-663.09,17.56,13.07,-20.98,-39.60,-4.80,-44.70,23.3
2026/05/04 21:57:17.88,IMU,753.91,23.93,-662.11,23.34,1.93,-27.02,-40.35,-4.80,-42.15,23.3
2026/05/04 21:57:17.99,IMU,652.83,-88.38,-718.75,17.17,-2.11,-12.66,-40.95,-6.60,-39.75,23.3
2026/05/04 21:57:18.09,IMU,756.35,-3.42,-726.56,7.82,-0.36,-19.82,-43.20,-3.90,-40.20,22.9
2026/05/04 21:57:18.19,IMU,726.07,-55.66,-717.77,5.04,-0.33,-7.52,-43.35,-5.25,-38.85,23.2
2026/05/04 21:57:18.29,IMU,705.57,-51.27,-688.48,1.65,-4.07,-1.18,-44.40,-6.00,-39.60,23.1
2026/05/04 21:57:18.39,IMU,685.06,-79.10,-723.14,-0.48,-8.99,-0.21,-47.10,-7.20,-36.45,23.2
2026/05/04 21:57:18.49,IMU,750.49,-40.04,-694.34,-0.38,-8.51,5.04,-43.95,-4.65,-39.45,23.2
2026/05/04 21:57:18.59,IMU,711.91,-98.14,-689.45,-1.27,-5.63,10.87,-42.00,-5.10,-37.65,23.1
2026/05/04 21:57:18.69,IMU,675.29,-96.68,-683.11,3.49,-4.95,-0.69,-43.50,-4.35,-38.70,23.3
2026/05/04 21:57:18.79,IMU,715.33,-54.20,-762.70,-1.87,-0.53,5.37,-43.95,-4.65,-40.20,23.2
2026/05/04 21:57:18.89,IMU,721.19,-57.13,-730.47,-0.50,-4.62,12.90,-42.75,-5.85,-40.50,23.3
2026/05/04 21:57:18.99,IMU,666.02,-94.24,-667.48,5.21,-9.09,10.31,-42.45,-5.40,-40.20,22.8
2026/05/04 21:57:19.10,IMU,732.42,-62.99,-678.71,-9.27,-2.28,-5.33,-41.85,-5.25,-40.05,22.8
2026/05/04 21:57:19.20,IMU,769.04,-35.64,-711.43,-3.30,7.99,-3.73,-42.00,-4.65,-40.50,23.1
2026/05/04 21:57:19.30,IMU,695.80,-83.01,-771.00,0.02,-1.09,1.17,-43.20,-5.10,-39.15,23.2
2026/05/04 21:57:19.42,IMU,708.98,-32.71,-797.36,11.31,-23.08,4.76,-43.95,-3.90,-39.15,22.8
2026/05/04 21:57:19.52,IMU,752.44,-52.73,-697.27,-0.43,-10.61,0.73,-44.10,-4.50,-40.35,23.0
2026/05/04 21:57:19.62,IMU,739.75,-71.29,-691.41,-3.81,-10.61,3.36,-41.70,-4.65,-39.45,23.1
2026/05/04 21:57:19.73,IMU,708.98,-79.10,-737.79,-5.74,-10.63,8.08,-41.55,-4.80,-42.45,23.2
2026/05/04 21:57:19.83,IMU,687.99,-69.82,-748.54,-7.11,-8.40,3.89,-40.95,-5.85,-42.00,23.1
2026/05/04 21:57:19.93,IMU,684.57,-81.05,-769.04,-7.13,-2.79,-0.05,-39.90,-3.90,-42.30,23.1
2026/05/04 21:57:20.03,IMU,700.20,-52.25,-770.51,-7.00,-3.56,-1.02,-41.25,-4.65,-42.00,23.1
2026/05/04 21:57:20.13,IMU,702.15,-70.80,-725.59,-1.27,-11.41,5.15,-40.95,-3.60,-42.75,22.9
2026/05/04 21:57:20.23,IMU,678.22,-36.13,-744.63,-0.60,0.62,2.68,-39.30,-3.30,-43.95,22.6
2026/05/04 21:57:20.34,IMU,721.68,-69.34,-722.17,0.89,-6.27,-0.19,-39.45,-3.90,-43.35,23.1
2026/05/04 21:57:20.44,IMU,722.17,-42.97,-699.22,-1.12,18.61,0.89,-40.65,-6.60,-41.55,22.9
2026/05/04 21:57:20.54,IMU,764.65,-49.32,-669.92,-19.45,17.83,4.13,-40.20,-3.90,-41.25,22.9
2026/05/04 21:57:20.64,IMU,755.86,-16.11,-737.30,0.88,-20.29,4.86,-40.65,-3.60,-42.00,23.2
2026/05/04 21:57:20.74,IMU,673.83,-61.52,-663.57,8.17,6.21,8.55,-39.15,-3.90,-42.75,23.3
2026/05/04 21:57:20.84,IMU,727.05,-45.41,-625.00,-1.22,28.55,-0.12,-39.60,-3.75,-42.90,23.1
2026/05/04 21:57:20.94,IMU,751.95,-22.46,-636.72,4.31,2.25,-2.82,-39.90,-5.10,-43.05,23.3
2026/05/04 21:57:21.04,IMU,743.65,-51.27,-606.45,2.20,-4.85,-0.92,-42.45,-5.10,-42.30,23.1
2026/05/04 21:57:21.16,IMU,775.88,-24.90,-637.21,3.15,-4.06,-2.09,-41.70,-3.60,-42.00,23.2
2026/05/04 21:57:21.26,IMU,738.28,-51.27,-660.16,5.13,-8.00,-2.63,-42.30,-2.55,-40.65,22.9
2026/05/04 21:57:21.36,IMU,724.61,-72.27,-669.92,-3.73,2.44,1.65,-41.25,-3.90,-42.75,23.2
2026/05/04 21:57:21.47,IMU,725.59,-58.11,-675.29,-8.71,10.23,-12.81,-45.60,-4.50,-38.55,23.1
2026/05/04 21:57:21.57,IMU,776.86,20.51,-643.55,-14.28,-5.73,-1.91,-42.45,-1.95,-42.75,22.9
2026/05/04 21:57:21.67,IMU,750.00,-45.41,-743.65,-1.56,-20.95,-2.95,-43.50,-1.65,-43.80,23.1
2026/05/04 21:57:21.77,IMU,740.72,18.55,-764.16,11.63,-4.36,7.30,-43.20,-1.95,-42.75,23.1
2026/05/04 21:57:21.87,IMU,731.45,0.49,-529.30,2.29,-16.11,3.83,-41.10,-3.75,-42.90,22.9
2026/05/04 21:57:21.97,IMU,754.39,-24.90,-644.04,3.85,-19.03,0.40,-43.20,-1.95,-41.55,23.3
2026/05/04 21:57:22.07,IMU,740.23,22.95,-712.89,0.22,-4.59,0.08,-42.45,-2.40,-42.30,22.9
2026/05/04 21:57:22.17,IMU,700.20,-22.95,-714.84,8.24,5.66,-0.41,-41.10,-2.25,-43.20,22.8
2026/05/04 21:57:22.27,IMU,685.06,-34.67,-702.15,12.90,-0.47,-1.05,-40.80,-2.55,-41.40,23.1
2026/05/04 21:57:22.37,IMU,701.66,-14.65,-729.98,3.41,-3.37,-7.77,-43.65,-4.50,-41.10,22.8
2026/05/04 21:57:22.49,IMU,770.51,2.93,-678.22,-4.39,1.94,-5.99,-45.75,-4.65,-36.15,23.1
2026/05/04 21:57:22.59,IMU,711.43,-9.77,-707.03,-2.51,0.47,-0.76,-41.25,-1.95,-43.05,23.1
2026/05/04 21:57:22.69,IMU,714.36,3.91,-741.21,-3.61,-2.62,2.95,-41.85,-2.25,-42.90,22.9
2026/05/04 21:57:22.79,IMU,687.99,-21.97,-761.72,0.96,-16.44,-12.52,-40.80,-1.80,-42.15,23.1
2026/05/04 21:57:22.90,IMU,662.11,-12.70,-750.49,7.27,-12.40,-1.72,-41.55,-2.55,-43.65,23.1
2026/05/04 21:57:23.00,IMU,718.26,13.18,-735.35,-4.65,-3.39,1.75,-42.30,-3.00,-43.20,23.3
2026/05/04 21:57:23.10,IMU,691.41,11.23,-716.31,0.29,-6.84,-2.07,-40.80,-1.05,-43.65,22.9
2026/05/04 21:57:23.22,IMU,681.15,-8.30,-723.14,-7.54,10.37,0.89,-42.60,-1.05,-43.20,23.1
2026/05/04 21:57:23.32,IMU,720.21,33.69,-722.17,-7.09,5.00,6.26,-41.10,-0.30,-43.65,22.9
2026/05/04 21:57:23.42,IMU,707.03,0.00,-732.91,-1.78,-2.30,4.02,-41.25,-2.70,-43.80,22.9
2026/05/04 21:57:23.52,IMU,703.61,11.23,-724.61,0.58,-6.85,7.69,-43.35,-3.00,-40.35,23.0
2026/05/04 21:57:23.62,IMU,700.68,13.18,-736.33,-1.62,-5.92,5.18,-41.55,-1.05,-43.65,23.1
2026/05/04 21:57:23.72,IMU,689.45,6.35,-733.89,-1.14,-3.79,2.61,-40.65,-1.65,-43.35,22.9
2026/05/04 21:57:23.82,IMU,710.94,9.28,-736.33,-2.35,7.14,4.70,-39.45,-2.70,-45.15,23.1
2026/05/04 21:57:23.92,IMU,680.18,-5.86,-699.71,1.93,6.36,8.14,-40.95,-2.70,-44.10,23.1
2026/05/04 21:57:24.03,IMU,711.43,12.70,-692.38,-6.78,-2.64,13.24,-40.35,-1.05,-44.25,23.1
2026/05/04 21:57:24.13,IMU,668.95,-23.44,-739.75,5.63,-8.42,8.79,-38.25,-3.30,-45.00,22.8
2026/05/04 21:57:24.23,IMU,672.85,-17.09,-744.63,4.61,3.44,5.94,-38.40,-2.70,-44.85,22.9
2026/05/04 21:57:24.33,IMU,678.22,-30.76,-676.76,-6.89,11.46,5.60,-38.55,-2.25,-44.25,22.9
2026/05/04 21:57:24.43,IMU,708.01,-36.13,-761.23,-7.10,-0.54,-5.60,-39.45,-5.40,-39.75,22.9
2026/05/04 21:57:24.54,IMU,707.03,-4.88,-802.25,7.58,-14.78,11.31,-40.95,-5.10,-41.55,22.8
2026/05/04 21:57:24.63,IMU,713.38,-8.79,-683.59,5.40,9.97,10.16,-37.05,-2.55,-44.70,23.1
2026/05/04 21:57:24.73,IMU,634.77,-39.06,-723.14,-9.97,-13.50,4.87,-37.65,-3.60,-44.55,22.9
2026/05/04 21:57:24.84,IMU,660.16,-86.43,-784.18,-4.46,-31.84,-1.89,-37.80,-2.25,-45.45,22.9
2026/05/04 21:57:24.94,IMU,746.09,-39.06,-747.07,5.17,6.23,-9.09,-37.20,-3.15,-45.15,23.0
2026/05/04 21:57:25.04,IMU,725.10,-45.90,-723.14,-7.79,10.05,-3.11,-38.55,-3.00,-45.45,22.9
2026/05/04 21:57:25.14,IMU,695.31,-56.64,-728.52,-0.31,-12.37,-3.37,-37.50,-3.00,-44.25,22.6
2026/05/04 21:57:25.26,IMU,654.30,-53.22,-732.91,8.61,-4.46,-2.24,-37.20,-2.70,-45.60,23.3
2026/05/04 21:57:25.36,IMU,744.63,-15.14,-665.04,-5.31,5.05,0.69,-39.00,-3.75,-45.45,23.1
2026/05/04 21:57:25.46,IMU,684.57,-32.71,-692.38,-2.76,10.04,2.02,-40.05,-3.00,-43.95,23.1
2026/05/04 21:57:25.58,IMU,701.66,-5.86,-732.42,3.27,1.74,-9.55,-42.75,-5.40,-41.25,23.1
2026/05/04 21:57:25.68,IMU,674.80,-16.60,-750.49,3.59,-0.34,-8.20,-38.70,-1.95,-44.10,23.1
2026/05/04 21:57:25.78,IMU,637.21,-40.53,-764.16,7.00,-14.34,-3.60,-37.80,-1.80,-45.00,23.1
2026/05/04 21:57:25.88,IMU,779.79,36.62,-634.28,2.82,1.52,4.69,-38.70,-2.40,-45.15,22.8
2026/05/04 21:57:25.98,IMU,617.19,-27.34,-859.86,0.15,18.70,-7.91,-37.20,-1.20,-46.65,22.9
2026/05/04 21:57:26.08,IMU,548.83,-13.18,-936.52,8.83,15.20,-21.98,-37.50,-1.80,-45.00,23.0
2026/05/04 21:57:26.18,IMU,559.08,-93.26,-867.68,7.53,-7.98,-21.02,-42.45,-4.65,-42.75,22.8
2026/05/04 21:57:26.28,IMU,686.04,35.64,-768.55,16.43,-15.40,-20.63,-37.65,-1.65,-44.85,22.8
2026/05/04 21:57:26.38,IMU,664.55,1.46,-807.13,19.55,-3.13,1.08,-38.25,-3.30,-43.65,23.1
2026/05/04 21:57:26.48,IMU,659.18,-35.64,-765.63,-1.50,-16.50,18.08,-38.25,-4.50,-44.25,23.1
2026/05/04 21:57:26.58,IMU,571.29,-66.89,-934.08,-12.65,-37.25,0.57,-36.60,-4.35,-44.10,23.1
2026/05/04 21:57:26.70,IMU,560.06,13.18,-942.87,12.35,6.96,1.62,-36.30,-4.50,-45.00,23.1
2026/05/04 21:57:26.80,IMU,574.22,-33.20,-847.66,19.50,-14.87,-1.98,-36.00,-4.50,-45.45,23.1
2026/05/04 21:57:26.90,IMU,565.43,-111.33,-802.25,3.32,-14.19,4.69,-33.75,-4.50,-45.00,23.2
2026/05/04 21:57:27.01,IMU,513.18,-98.63,-806.64,3.82,-8.58,-1.14,-33.00,-5.25,-45.75,23.1
2026/05/04 21:57:27.11,IMU,583.50,-12.70,-808.11,9.76,-5.11,14.40,-33.75,-5.55,-45.00,23.1
2026/05/04 21:57:27.21,IMU,528.32,-125.00,-854.98,16.34,-3.61,-3.25,-31.95,-6.45,-44.25,23.1
2026/05/04 21:57:27.32,IMU,504.88,-122.56,-835.94,-0.33,25.37,-5.19,-32.85,-7.35,-44.55,23.1
2026/05/04 21:57:27.42,IMU,511.23,-137.21,-788.09,-1.05,33.36,-6.80,-34.50,-8.25,-43.20,23.1
2026/05/04 21:57:27.52,IMU,519.53,-9.28,-959.47,-28.90,1.72,-12.94,-35.55,-5.55,-43.65,23.1
2026/05/04 21:57:27.63,IMU,539.06,-103.52,-865.72,9.62,0.52,10.96,-39.00,-7.95,-38.25,23.0
2026/05/04 21:57:27.73,IMU,504.88,-110.35,-841.31,-13.37,6.56,-7.84,-36.90,-6.15,-43.35,23.1
2026/05/04 21:57:27.83,IMU,567.87,-63.96,-879.39,3.04,5.98,-22.10,-37.20,-4.35,-43.80,23.1
2026/05/04 21:57:27.93,IMU,561.04,-43.95,-864.75,4.02,-2.53,-8.18,-37.50,-4.50,-42.90,23.1
2026/05/04 21:57:28.03,IMU,547.36,-113.28,-867.68,2.76,25.64,-14.11,-36.30,-4.05,-43.20,23.2
2026/05/04 21:57:28.13,IMU,640.63,-48.34,-736.33,4.24,-7.56,-4.93,-38.40,-5.85,-41.55,23.1
2026/05/04 21:57:28.23,IMU,588.87,-56.15,-784.67,5.98,-8.04,-3.83,-37.80,-4.50,-43.65,22.9
2026/05/04 21:57:28.33,IMU,581.05,-11.23,-845.21,0.50,-23.12,-4.53,-39.15,-5.10,-43.80,22.9
2026/05/04 21:57:28.45,IMU,596.19,-53.71,-852.54,-5.48,-3.85,4.95,-37.65,-2.70,-42.75,23.1
2026/05/04 21:57:28.55,IMU,568.85,-42.97,-837.89,0.15,14.22,-3.60,-38.40,-5.10,-42.75,23.3
2026/05/04 21:57:28.65,IMU,540.53,-22.95,-838.38,-8.31,10.95,3.32,-41.25,-6.60,-39.15,22.8
2026/05/04 21:57:28.75,IMU,567.87,-11.72,-816.89,-0.98,-6.18,2.84,-39.15,-3.90,-44.55,23.1
2026/05/04 21:57:28.85,IMU,562.99,-46.39,-848.63,-0.78,-7.27,-7.16,-38.25,-2.55,-43.20,23.2
2026/05/04 21:57:28.95,IMU,595.21,15.14,-861.82,-1.70,8.05,2.07,-37.80,-2.55,-44.70,22.9
2026/05/04 21:57:29.05,IMU,565.43,-24.41,-797.85,5.40,8.52,0.48,-38.55,-3.30,-44.25,23.1
2026/05/04 21:57:29.15,IMU,579.59,25.39,-767.09,5.95,-18.05,10.25,-37.80,-4.50,-44.25,23.1
2026/05/04 21:57:29.25,IMU,527.34,-31.74,-771.00,6.69,15.64,4.31,-36.60,-4.65,-43.80,22.8
2026/05/04 21:57:29.35,IMU,511.72,-58.11,-809.57,-9.98,15.90,0.76,-36.60,-5.10,-43.35,22.8
2026/05/04 21:57:29.45,IMU,685.55,-7.32,-787.60,-16.73,13.82,-17.86,-38.55,-4.50,-44.70,22.8
2026/05/04 21:57:29.55,IMU,615.72,26.37,-759.28,1.67,-7.16,4.82,-39.00,-3.30,-45.00,23.1
2026/05/04 21:57:29.67,IMU,522.95,5.86,-809.57,-6.55,7.66,8.29,-42.30,-4.05,-39.30,22.9
2026/05/04 21:57:29.77,IMU,593.75,2.44,-805.66,4.18,13.05,2.37,-37.05,-3.75,-43.20,22.9
2026/05/04 21:57:29.88,IMU,572.27,-12.21,-793.95,2.66,-15.64,0.89,-37.05,-4.05,-43.95,23.3
2026/05/04 21:57:29.98,IMU,500.98,-97.17,-867.68,7.95,5.59,-2.23,-37.80,-4.05,-45.00,23.1
2026/05/04 21:57:30.08,IMU,523.93,-35.64,-877.44,-0.50,22.89,-6.16,-36.90,-3.90,-44.55,23.1
2026/05/04 21:57:30.18,IMU,592.29,-10.25,-855.47,-6.33,-11.36,-13.75,-36.30,-3.75,-43.95,22.9
2026/05/04 21:57:30.28,IMU,545.41,-6.84,-939.94,-6.18,-11.60,-8.81,-36.30,-4.50,-44.70,23.1
2026/05/04 21:57:30.38,IMU,538.09,-27.34,-878.42,1.38,7.24,-2.98,-36.75,-4.05,-44.25,23.1
2026/05/04 21:57:30.48,IMU,544.43,-9.28,-884.28,5.53,-9.34,-7.56,-37.50,-3.30,-46.20,22.9
2026/05/04 21:57:30.58,IMU,519.53,-24.90,-843.26,3.58,-14.82,-10.86,-37.50,-2.40,-44.85,22.9
2026/05/04 21:57:30.69,IMU,578.13,38.57,-885.25,5.27,2.66,-9.80,-41.70,-4.35,-40.95,23.3
2026/05/04 21:57:30.79,IMU,562.01,-9.28,-819.82,3.87,3.79,-4.70,-37.80,-3.00,-44.70,23.2
2026/05/04 21:57:30.89,IMU,539.55,12.21,-868.65,3.95,2.02,-0.76,-39.60,-3.75,-44.70,23.1
2026/05/04 21:57:30.99,IMU,576.17,-9.28,-816.89,-2.11,-0.48,10.63,-37.80,-4.05,-44.25,22.9
2026/05/04 21:57:31.09,IMU,526.37,-12.21,-908.69,-6.90,-1.01,9.66,-38.70,-3.60,-45.15,22.8
2026/05/04 21:57:31.19,IMU,557.13,-15.63,-899.90,-2.75,-0.85,4.33,-37.50,-1.50,-45.45,22.8
2026/05/04 21:57:31.30,IMU,525.39,16.11,-856.93,-0.81,2.71,4.55,-36.60,-3.90,-44.10,23.0
2026/05/04 21:57:31.40,IMU,527.83,11.23,-927.73,-2.52,2.59,8.24,-37.65,-2.70,-45.60,23.3
2026/05/04 21:57:31.50,IMU,527.34,-6.84,-856.45,6.39,19.31,9.52,-36.00,-3.75,-45.75,22.8
2026/05/04 21:57:31.61,IMU,565.92,-25.88,-779.30,0.95,18.37,7.67,-36.60,-3.90,-45.15,23.0
2026/05/04 21:57:31.71,IMU,572.27,-28.81,-824.22,-5.57,1.38,9.37,-41.10,-7.50,-39.60,23.1
2026/05/04 21:57:31.81,IMU,578.13,-26.37,-837.40,2.05,3.56,7.53,-37.50,-4.80,-42.90,22.9
2026/05/04 21:57:31.92,IMU,535.64,-84.47,-762.21,-6.43,4.38,3.09,-34.95,-4.50,-45.00,23.2
2026/05/04 21:57:32.02,IMU,550.78,-101.07,-770.51,-5.59,8.63,6.18,-36.30,-5.25,-43.65,22.8
2026/05/04 21:57:32.12,IMU,564.94,-60.55,-828.61,-9.70,7.53,5.27,-36.75,-4.50,-45.00,23.1
2026/05/04 21:57:32.22,IMU,536.62,-32.71,-863.28,0.34,-8.56,13.17,-34.50,-4.80,-46.20,23.3
2026/05/04 21:57:32.32,IMU,534.18,-104.49,-832.03,-5.37,2.47,6.09,-33.30,-4.35,-45.15,22.9
2026/05/04 21:57:32.42,IMU,512.21,-50.29,-882.81,-0.11,2.11,7.09,-33.75,-4.50,-46.20,22.9
2026/05/04 21:57:32.52,IMU,555.18,-24.90,-824.71,0.56,16.08,7.99,-35.85,-5.85,-44.85,23.1
2026/05/04 21:57:32.62,IMU,547.36,-50.29,-732.91,-0.42,13.71,5.11,-36.60,-4.35,-45.15,22.9
2026/05/04 21:57:32.76,IMU,585.45,-74.22,-832.52,-5.29,-22.85,1.41,-34.95,-5.55,-44.25,23.1
2026/05/04 21:57:32.86,IMU,560.55,-44.43,-946.78,6.32,-22.71,-2.35,-34.20,-4.80,-46.20,22.8
2026/05/04 21:57:32.96,IMU,539.55,-79.59,-890.63,5.65,-5.35,1.90,-34.95,-5.25,-45.45,22.8
2026/05/04 21:57:33.06,IMU,559.57,-79.59,-865.72,-2.72,1.75,5.37,-35.85,-6.60,-45.15,23.0
2026/05/04 21:57:33.16,IMU,546.39,-89.36,-849.12,2.70,-4.03,1.69,-35.10,-6.60,-44.10,23.1
2026/05/04 21:57:33.26,IMU,535.16,-110.35,-872.56,-8.85,0.27,3.38,-34.65,-6.60,-43.80,23.0
2026/05/04 21:57:33.36,IMU,576.17,-123.05,-850.59,-6.46,35.24,-1.39,-36.75,-6.45,-41.40,23.1
2026/05/04 21:57:33.46,IMU,585.94,-55.18,-945.31,0.21,19.87,8.18,-35.85,-3.90,-43.80,23.1
2026/05/04 21:57:33.56,IMU,588.38,-98.63,-824.71,-0.98,4.13,8.36,-34.50,-5.25,-44.70,22.9
2026/05/04 21:57:33.66,IMU,574.71,-89.36,-826.66,-2.96,13.89,5.48,-34.95,-4.80,-43.65,23.0
2026/05/04 21:57:33.76,IMU,583.50,-100.10,-808.59,3.89,-14.85,3.24,-35.55,-4.80,-42.15,22.8
2026/05/04 21:57:33.86,IMU,572.27,-93.26,-819.82,-1.27,-7.94,3.78,-33.60,-6.60,-44.10,22.9
2026/05/04 21:57:33.96,IMU,559.57,-136.72,-873.54,-3.05,-7.40,3.55,-34.20,-6.45,-43.95,22.9
2026/05/04 21:57:34.07,IMU,547.36,-101.56,-907.71,5.36,-1.40,1.40,-33.60,-5.85,-43.80,23.1
2026/05/04 21:57:34.17,IMU,510.25,-108.40,-860.84,-3.44,13.16,-12.85,-33.30,-5.10,-44.55,22.8
2026/05/04 21:57:34.27,IMU,533.69,-128.91,-822.75,-0.98,-11.55,-10.85,-34.35,-5.85,-44.55,22.8
2026/05/04 21:57:34.37,IMU,625.49,-70.31,-816.41,9.72,-9.59,2.98,-35.55,-4.50,-45.45,22.9
2026/05/04 21:57:34.47,IMU,568.36,-119.63,-833.01,1.83,-6.50,15.69,-35.25,-4.50,-44.25,22.8
2026/05/04 21:57:34.57,IMU,584.96,-78.12,-775.88,-2.48,-0.12,6.37,-34.20,-5.55,-44.25,22.8
2026/05/04 21:57:34.67,IMU,564.94,-70.31,-868.65,13.26,9.41,-0.05,-33.75,-6.45,-45.45,22.8
2026/05/04 21:57:34.79,IMU,560.55,-66.89,-793.95,-3.18,30.25,0.89,-38.70,-10.35,-44.70,22.8
2026/05/04 21:57:34.89,IMU,546.39,-104.00,-821.29,-1.52,11.38,-0.26,-34.35,-6.60,-44.55,23.1
2026/05/04 21:57:34.99,IMU,572.75,-118.65,-876.95,7.75,-13.48,3.59,-34.20,-6.75,-43.65,22.7
2026/05/04 21:57:35.09,IMU,544.43,-90.82,-846.19,1.60,5.97,0.46,-33.90,-5.85,-43.65,22.8
2026/05/04 21:57:35.19,IMU,618.65,-145.02,-858.40,-5.23,6.49,6.93,-34.95,-6.45,-43.65,22.7
2026/05/04 21:57:35.29,IMU,608.89,-101.56,-793.95,10.30,-5.90,12.40,-35.10,-8.40,-43.35,22.7
2026/05/04 21:57:35.39,IMU,567.38,-120.61,-777.34,11.34,12.77,-4.89,-37.05,-9.00,-40.05,22.8
2026/05/04 21:57:35.49,IMU,550.29,-133.79,-808.11,-19.34,26.32,-0.22,-33.60,-7.65,-41.40,22.8
2026/05/04 21:57:35.59,IMU,583.98,-170.90,-848.63,-13.00,5.30,0.55,-33.75,-6.00,-43.20,22.9
2026/05/04 21:57:35.69,IMU,589.84,-124.51,-904.79,-5.34,-1.80,0.79,-32.85,-6.15,-44.10,22.8
2026/05/04 21:57:35.79,IMU,581.05,-126.46,-838.38,1.38,23.92,6.21,-30.60,-7.65,-45.60,22.9
2026/05/04 21:57:35.91,IMU,536.62,-118.16,-837.40,10.70,25.40,-15.82,-33.00,-7.50,-43.95,22.9
2026/05/04 21:57:36.01,IMU,641.11,-73.24,-734.86,-17.11,20.56,-3.24,-32.70,-6.45,-43.95,22.8
2026/05/04 21:57:36.11,IMU,585.94,-131.84,-782.23,-11.58,-11.97,-6.55,-33.00,-5.55,-45.00,22.8
2026/05/04 21:57:36.23,IMU,528.81,-72.75,-871.09,-5.35,-35.94,-3.08,-32.85,-4.35,-46.35,22.8
2026/05/04 21:57:36.33,IMU,501.46,-40.53,-980.47,2.27,-2.44,-0.92,-30.45,-5.25,-47.25,22.6
2026/05/04 21:57:36.43,IMU,518.55,-27.83,-867.68,-0.63,25.09,-2.42,-30.60,-5.10,-45.60,22.6
2026/05/04 21:57:36.54,IMU,531.25,-95.21,-854.98,2.89,35.62,5.72,-32.55,-5.40,-46.35,22.9
2026/05/04 21:57:36.64,IMU,566.41,-81.05,-767.09,-5.81,-1.26,3.35,-33.45,-5.25,-46.50,22.8
2026/05/04 21:57:36.74,IMU,566.41,-97.66,-758.79,0.57,-30.65,-0.33,-33.60,-5.40,-45.15,22.7
2026/05/04 21:57:36.85,IMU,513.67,-53.22,-892.58,0.15,-4.95,-14.63,-33.30,-7.65,-43.05,22.6
2026/05/04 21:57:36.95,IMU,468.75,-75.68,-922.85,-7.42,-12.01,-8.99,-30.90,-4.05,-46.50,22.8
2026/05/04 21:57:37.05,IMU,484.86,-70.80,-968.26,0.21,5.18,-4.47,-31.50,-3.00,-47.55,22.8
2026/05/04 21:57:37.15,IMU,585.94,-28.81,-877.93,0.00,-11.43,-3.60,-31.35,-3.90,-46.65,22.8
2026/05/04 21:57:37.25,IMU,496.58,-63.48,-931.15,3.43,-2.10,-1.05,-31.50,-5.55,-47.55,22.8
2026/05/04 21:57:37.35,IMU,466.80,-99.12,-835.94,-3.71,-24.33,12.64,-30.60,-5.10,-47.40,22.8
2026/05/04 21:57:37.45,IMU,520.51,-97.66,-914.06,7.11,-5.04,-5.11,-31.80,-3.15,-46.65,22.7
2026/05/04 21:57:37.55,IMU,515.63,-25.39,-859.38,1.84,8.76,-6.18,-31.80,-4.35,-46.35,22.7
2026/05/04 21:57:37.65,IMU,513.18,-25.88,-916.02,-4.64,-0.63,-2.99,-31.80,-3.90,-47.10,22.4
2026/05/04 21:57:37.75,IMU,464.84,-63.48,-984.38,0.10,-14.21,-19.08,-34.35,-5.10,-43.35,22.8
2026/05/04 21:57:37.87,IMU,487.79,-49.32,-908.69,3.99,-37.69,-16.89,-34.50,-7.20,-42.90,22.8
2026/05/04 21:57:37.97,IMU,482.42,-55.66,-1037.11,7.39,-86.07,-4.69,-29.70,-5.25,-47.55,22.6
2026/05/04 21:57:38.07,IMU,436.04,-15.14,-975.10,17.66,-5.56,-11.18,-28.95,-3.75,-49.05,22.7
2026/05/04 21:57:38.17,IMU,411.13,-45.90,-892.58,-3.83,7.55,-4.15,-30.60,-3.30,-48.00,22.8
2026/05/04 21:57:38.28,IMU,475.59,48.83,-989.75,6.91,22.73,-13.65,-33.60,-3.15,-46.35,22.8
2026/05/04 21:57:38.38,IMU,445.80,-42.97,-980.96,14.23,-24.09,2.41,-31.50,-3.75,-46.20,22.4
2026/05/04 21:57:38.48,IMU,468.26,-142.58,-758.79,40.44,46.02,17.25,-32.70,-6.00,-45.75,22.6
2026/05/04 21:57:38.59,IMU,442.87,-124.02,-793.95,13.37,65.11,10.58,-32.55,-6.15,-45.60,22.5
2026/05/04 21:57:38.69,IMU,439.45,-118.16,-914.06,-9.66,19.77,-1.15,-30.90,-6.45,-45.45,22.6
2026/05/04 21:57:38.79,IMU,386.72,-146.00,-871.09,29.18,-28.43,13.70,-26.85,-6.75,-45.45,22.7
2026/05/04 21:57:38.89,IMU,275.88,-138.67,-979.98,4.56,-4.97,-10.92,-27.90,-10.50,-42.15,22.4
2026/05/04 21:57:38.99,IMU,225.10,-194.82,-962.40,0.79,11.99,-7.54,-23.10,-9.00,-45.00,22.4
2026/05/04 21:57:39.09,IMU,288.57,-165.04,-987.30,4.45,11.85,-11.28,-22.95,-8.40,-44.85,22.6
2026/05/04 21:57:39.20,IMU,245.12,-134.77,-1057.62,12.64,2.64,-4.79,-23.25,-8.85,-45.15,22.6
2026/05/04 21:57:39.30,IMU,217.29,-106.45,-1041.02,0.08,77.40,8.29,-26.10,-8.70,-43.95,22.6
2026/05/04 21:57:39.40,IMU,415.53,-320.80,-751.95,-76.78,107.63,30.32,-29.85,-9.60,-42.30,22.7
2026/05/04 21:57:39.50,IMU,428.71,-77.15,-1059.08,-5.67,-25.24,-29.11,-33.90,-7.65,-43.80,22.4
2026/05/04 21:57:39.60,IMU,586.43,-0.98,-772.95,-51.46,114.06,3.09,-37.65,-4.35,-43.80,22.4
2026/05/04 21:57:39.70,IMU,713.87,30.27,-675.29,-23.27,71.01,-29.16,-43.65,-1.05,-42.15,22.4
2026/05/04 21:57:39.80,IMU,742.19,39.06,-582.03,-94.05,97.92,-28.23,-50.70,0.75,-38.25,22.5
2026/05/04 21:57:39.91,IMU,906.74,161.13,-480.96,-179.38,124.86,-156.27,-58.50,9.45,-33.45,22.6
2026/05/04 21:57:40.01,IMU,952.64,487.30,-94.73,-48.51,-32.98,30.47,-60.75,17.25,-33.30,22.5
2026/05/04 21:57:40.11,IMU,978.52,224.12,-195.80,-19.76,55.34,33.05,-57.75,16.20,-36.00,22.5
2026/05/04 21:57:40.21,IMU,1002.93,340.33,-186.52,2.15,7.60,9.05,-58.05,14.40,-34.20,22.4
2026/05/04 21:57:40.34,IMU,974.12,230.47,-211.43,33.05,-74.71,17.36,-57.30,11.25,-34.65,22.2
2026/05/04 21:57:40.44,IMU,917.97,221.68,-304.20,-0.39,-4.51,-0.03,-54.90,10.05,-37.65,22.5
2026/05/04 21:57:40.54,IMU,878.42,203.13,-339.84,-4.16,-10.69,3.82,-55.80,11.25,-37.05,22.4
2026/05/04 21:57:40.64,IMU,898.44,203.13,-287.60,-2.79,-3.72,2.71,-56.25,12.45,-75.90,22.3
2026/05/04 21:57:40.74,IMU,936.04,247.07,-334.96,-2.38,7.00,-5.08,-56.40,10.80,-36.60,22.2
2026/05/04 21:57:40.84,IMU,913.57,233.40,-320.80,-1.78,-4.83,1.38,-55.05,12.15,-37.80,22.3
2026/05/04 21:57:40.94,IMU,878.91,203.13,-313.48,6.15,-0.58,-3.89,-57.90,9.60,-33.60,22.6
2026/05/04 21:57:41.04,IMU,931.15,245.12,-284.18,-2.69,4.98,2.78,-56.55,10.20,-37.50,22.2
2026/05/04 21:57:41.14,IMU,930.66,220.21,-260.74,-1.50,-4.26,-6.43,-53.70,11.25,-38.55,22.4
2026/05/04 21:57:41.24,IMU,849.61,150.88,-235.35,21.05,-26.77,-11.93,-56.10,10.05,-37.35,22.4
2026/05/04 21:57:41.34,IMU,966.80,256.84,-270.02,-9.34,22.58,-13.37,-54.15,13.05,-39.45,22.3
2026/05/04 21:57:41.44,IMU,1020.02,316.89,-222.66,-10.90,-8.39,3.71,-55.35,12.60,-40.50,22.3
2026/05/04 21:57:41.54,IMU,917.48,237.30,-313.48,-2.49,-15.14,14.85,-55.35,14.10,-39.75,22.4
2026/05/04 21:57:41.64,IMU,895.51,240.72,-363.77,1.99,-27.57,9.42,-53.40,12.30,-40.50,22.1
2026/05/04 21:57:41.78,IMU,859.38,257.32,-376.46,-3.10,-3.48,7.09,-54.45,11.70,-40.65,22.4
2026/05/04 21:57:41.88,IMU,903.81,250.98,-330.08,6.32,-4.61,4.23,-51.75,11.70,-41.10,22.6
2026/05/04 21:57:41.98,IMU,885.74,251.95,-470.70,9.11,-2.39,1.89,-55.05,9.00,-38.85,22.4
2026/05/04 21:57:42.08,IMU,894.04,184.57,-354.49,15.28,-21.47,3.30,-52.20,9.75,-42.45,22.3
2026/05/04 21:57:42.18,IMU,902.34,159.18,-441.41,16.37,-7.71,0.41,-52.35,10.05,-41.55,22.2
2026/05/04 21:57:42.28,IMU,895.51,164.06,-405.27,17.50,-4.30,9.89,-52.50,8.70,-41.40,22.4
2026/05/04 21:57:42.38,IMU,861.82,179.20,-382.81,9.78,0.30,4.72,-51.75,7.50,-40.05,22.3
2026/05/04 21:57:42.48,IMU,895.02,133.30,-354.98,6.81,-2.47,4.81,-51.45,7.50,-40.35,22.4
2026/05/04 21:57:42.58,IMU,861.33,92.77,-300.29,-6.30,3.17,-8.63,-50.70,6.45,-41.10,22.1
2026/05/04 21:57:42.68,IMU,884.77,163.09,-425.29,-3.22,-11.87,-10.89,-52.20,7.50,-40.35,22.3
2026/05/04 21:57:42.78,IMU,870.61,187.99,-453.13,10.47,6.37,8.47,-51.45,7.50,-40.65,22.2
2026/05/04 21:57:42.90,IMU,896.48,191.41,-367.19,-0.37,4.23,3.95,-51.45,6.45,-39.30,22.2
2026/05/04 21:57:43.00,IMU,868.16,114.75,-504.88,-2.60,-10.12,0.69,-51.75,3.75,-39.30,22.4
2026/05/04 21:57:43.10,IMU,910.64,93.26,-461.43,-8.19,15.14,4.42,-49.65,4.80,-41.10,22.2
2026/05/04 21:57:43.21,IMU,904.30,116.21,-379.88,-4.21,8.45,-3.04,-52.05,6.60,-40.50,22.4
2026/05/04 21:57:43.31,IMU,928.71,104.49,-372.07,-2.84,18.50,-14.14,-50.10,6.90,-40.95,22.3
2026/05/04 21:57:43.41,IMU,916.99,159.67,-334.47,3.04,-5.65,-0.92,-51.45,7.50,-40.35,22.2
2026/05/04 21:57:43.51,IMU,892.09,128.91,-396.00,-9.64,4.20,0.01,-54.15,6.90,-38.70,22.6
2026/05/04 21:57:43.61,IMU,898.44,165.04,-428.22,-15.53,-11.49,7.12,-51.30,8.40,-43.35,22.6
2026/05/04 21:57:43.71,IMU,889.65,199.71,-418.95,-17.27,0.77,11.70,-49.80,8.85,-42.00,22.4
2026/05/04 21:57:43.81,IMU,898.93,196.29,-378.42,-26.99,-5.69,5.14,-49.80,10.05,-44.55,22.4
2026/05/04 21:57:43.91,IMU,893.07,198.73,-421.88,-26.21,-5.81,9.53,-49.95,11.25,-43.65,22.6
2026/05/04 21:57:44.01,IMU,855.96,174.32,-475.59,-24.47,-9.14,9.16,-51.45,10.20,-40.65,22.2
2026/05/04 21:57:44.11,IMU,881.35,216.80,-385.74,-30.90,5.59,3.92,-49.20,14.40,-44.70,22.0
2026/05/04 21:57:44.21,IMU,874.51,206.05,-355.96,-34.37,-8.73,3.72,-47.70,15.15,-47.55,22.2
2026/05/04 21:57:44.34,IMU,876.46,220.21,-414.55,-24.05,0.69,-4.97,-48.15,16.65,-47.55,22.4
2026/05/04 21:57:44.44,IMU,914.55,270.51,-456.05,-13.63,-7.64,6.88,-46.65,18.60,-48.30,22.3
2026/05/04 21:57:44.54,IMU,884.28,229.00,-478.03,-5.02,-6.94,6.24,-46.65,16.95,-48.00,22.4
2026/05/04 21:57:44.65,IMU,858.89,225.10,-488.28,2.87,-22.32,13.87,-45.60,17.70,-48.30,22.3
2026/05/04 21:57:44.75,IMU,854.98,195.31,-471.19,7.88,-10.72,4.23,-45.90,18.60,-49.80,22.5
2026/05/04 21:57:44.85,IMU,874.51,197.75,-457.52,18.72,16.96,-10.44,-46.35,15.90,-47.25,22.5
2026/05/04 21:57:44.95,IMU,873.05,201.66,-436.52,20.44,2.05,-2.31,-50.10,14.10,-43.35,22.7
2026/05/04 21:57:45.05,IMU,779.30,220.21,-526.86,29.47,26.39,-19.80,-50.55,13.35,-44.10,22.3
2026/05/04 21:57:45.15,IMU,1026.86,247.56,-190.92,25.82,47.70,-5.95,-49.65,13.95,-45.75,22.4
2026/05/04 21:57:45.25,IMU,862.79,171.88,-385.25,-8.59,-28.50,10.34,-49.20,12.15,-44.70,22.2
2026/05/04 21:57:45.35,IMU,836.91,249.02,-448.73,-20.15,-20.86,0.92,-48.00,14.10,-45.90,22.4
2026/05/04 21:57:45.45,IMU,821.29,190.43,-442.87,-16.26,-7.61,-12.27,-48.75,14.55,-45.60,22.2
2026/05/04 21:57:45.55,IMU,942.87,259.77,-374.02,-10.50,-7.27,-6.73,-49.20,18.15,-47.55,22.4
2026/05/04 21:57:45.65,IMU,927.25,275.88,-436.04,-6.73,-1.37,4.77,-48.45,17.70,-46.50,22.4
2026/05/04 21:57:45.77,IMU,852.54,246.58,-406.25,1.79,-16.53,3.88,-48.30,16.80,-46.65,22.2
2026/05/04 21:57:45.87,IMU,838.87,229.00,-450.68,4.18,-16.92,9.82,-46.05,18.00,-48.15,22.4
2026/05/04 21:57:45.97,IMU,832.03,200.68,-491.70,6.43,24.19,1.67,-46.35,16.65,-47.25,22.2
2026/05/04 21:57:46.07,IMU,878.42,208.50,-433.59,3.05,9.70,-2.84,-47.70,17.70,-48.30,22.4
2026/05/04 21:57:46.17,IMU,901.86,210.45,-391.60,2.10,6.49,-0.76,-47.10,17.40,-46.20,22.4
2026/05/04 21:57:46.27,IMU,870.61,226.07,-424.80,-3.50,4.14,-2.83,-47.55,15.30,-45.60,22.7
2026/05/04 21:57:46.37,IMU,892.09,230.96,-437.01,-8.58,-7.27,6.09,-52.05,15.75,-43.80,22.4
2026/05/04 21:57:46.47,IMU,868.65,238.77,-442.87,-7.05,-9.37,2.79,-46.80,16.50,-47.70,22.2
2026/05/04 21:57:46.57,IMU,906.25,190.92,-382.32,-9.06,-16.11,-12.38,-45.60,16.95,-48.00,22.4
2026/05/04 21:57:46.67,IMU,830.08,248.54,-501.46,-21.56,-22.15,5.46,-44.25,18.30,-49.50,22.4
2026/05/04 21:57:46.77,IMU,795.90,257.32,-563.48,1.44,-11.28,2.68,-42.75,18.00,-52.05,22.4
2026/05/04 21:57:46.87,IMU,853.52,301.76,-433.11,5.18,2.58,0.37,-42.45,19.50,-51.00,22.5
2026/05/04 21:57:46.97,IMU,828.13,295.41,-423.34,-11.66,5.73,1.69,-43.20,19.50,-51.30,22.4
2026/05/04 21:57:47.07,IMU,805.66,274.90,-523.44,-8.62,5.52,-1.32,-44.85,18.60,-49.05,22.5
2026/05/04 21:57:47.17,IMU,882.81,329.59,-491.70,6.60,5.76,-1.15,-43.35,20.10,-51.15,22.2
2026/05/04 21:57:47.27,IMU,828.61,265.63,-488.28,6.92,-1.06,0.60,-43.95,19.80,-51.75,22.6
2026/05/04 21:57:47.37,IMU,831.54,280.76,-500.98,3.54,-1.18,-0.37,-42.75,18.30,-50.25,22.1
2026/05/04 21:57:47.48,IMU,827.64,248.54,-498.05,3.85,-2.10,0.79,-43.35,19.35,-50.10,22.3
2026/05/04 21:57:47.58,IMU,843.75,208.98,-498.54,8.71,-0.68,-4.08,-43.95,18.75,-49.20,22.5
2026/05/04 21:57:47.68,IMU,830.08,271.00,-510.25,10.53,-14.37,2.19,-43.05,17.70,-50.85,22.1
2026/05/04 21:57:47.78,IMU,783.69,268.55,-517.09,13.30,1.08,2.47,-42.60,17.40,-50.10,22.3
2026/05/04 21:57:47.88,IMU,778.81,214.36,-538.57,16.92,4.96,4.15,-41.10,16.65,-50.85,22.3
2026/05/04 21:57:47.98,IMU,829.10,203.13,-501.95,6.53,14.84,-1.94,-42.00,14.85,-51.00,22.4
2026/05/04 21:57:48.08,IMU,861.33,198.24,-482.42,6.28,4.63,2.28,-43.50,14.55,-48.45,22.4
2026/05/04 21:57:48.18,IMU,836.91,179.69,-462.89,3.48,6.44,4.29,-44.25,13.80,-50.25,22.5
2026/05/04 21:57:48.28,IMU,856.45,202.64,-502.93,-1.37,3.11,2.11,-43.65,15.45,-49.05,22.6
2026/05/04 21:57:48.38,IMU,861.33,193.85,-495.61,-2.60,-4.50,6.22,-43.35,12.15,-47.55,22.4
2026/05/04 21:57:48.48,IMU,858.40,209.96,-503.91,-2.10,0.12,-1.76,-44.40,14.40,-49.35,22.4
2026/05/04 21:57:48.58,IMU,839.36,219.73,-500.98,-2.24,0.96,0.31,-43.95,14.55,-49.20,22.4
2026/05/04 21:57:48.68,IMU,836.91,180.66,-507.81,-2.22,1.06,-1.25,-43.95,14.85,-50.25,22.4
2026/05/04 21:57:48.78,IMU,859.38,185.55,-496.09,-2.19,-0.44,1.27,-44.10,12.90,-49.05,22.4
2026/05/04 21:57:48.88,IMU,839.84,195.31,-506.84,0.44,-0.23,-0.61,-44.70,13.05,-49.50,22.3
2026/05/04 21:57:48.98,IMU,844.73,206.05,-496.58,-0.68,5.13,0.02,-43.05,14.40,-50.85,22.5
2026/05/04 21:57:49.10,IMU,834.96,195.31,-458.98,-1.17,-0.41,-0.15,-47.55,12.60,-45.90,22.4
2026/05/04 21:57:49.21,IMU,847.66,190.43,-497.56,1.03,3.06,0.66,-43.20,13.80,-48.15,22.3
2026/05/04 21:57:49.31,IMU,851.56,191.89,-508.79,0.02,0.94,-0.23,-44.25,14.85,-50.25,22.2
2026/05/04 21:57:49.41,IMU,862.79,185.06,-504.88,1.81,-11.28,1.01,-44.10,15.15,-50.85,22.3
2026/05/04 21:57:49.52,IMU,829.10,193.85,-491.21,1.79,-0.82,1.92,-43.95,14.85,-50.70,22.6
2026/05/04 21:57:49.62,IMU,817.38,184.08,-481.93,-2.80,-4.40,3.97,-45.00,14.55,-49.50,22.5
2026/05/04 21:57:49.72,IMU,835.94,208.01,-536.62,-8.15,-1.05,-6.89,-41.70,15.75,-50.70,22.6
2026/05/04 21:57:49.82,IMU,855.96,217.77,-527.83,1.79,-3.33,-1.01,-47.40,12.90,-45.00,22.4
2026/05/04 21:57:49.92,IMU,823.73,176.27,-564.45,0.41,-1.72,3.32,-42.60,15.15,-50.10,22.6
2026/05/04 21:57:50.02,IMU,830.57,223.63,-549.80,-1.26,-6.06,-2.99,-42.00,15.30,-49.95,22.4
2026/05/04 21:57:50.12,IMU,828.13,210.94,-545.90,0.95,-0.68,0.30,-45.60,12.45,-46.50,22.2
2026/05/04 21:57:50.22,IMU,811.52,170.90,-546.88,-0.66,2.75,-1.11,-40.65,15.30,-51.00,22.4
2026/05/04 21:57:50.32,IMU,821.78,215.33,-533.20,0.55,0.50,-1.46,-42.00,15.75,-51.00,22.4
2026/05/04 21:57:50.42,IMU,812.50,178.22,-515.63,3.43,-0.21,4.77,-42.00,15.30,-51.75,22.6
2026/05/04 21:57:50.52,IMU,846.68,185.06,-546.39,-1.47,16.90,-0.16,-43.20,16.05,-49.95,22.5
2026/05/04 21:57:50.62,IMU,833.50,217.29,-496.58,1.69,-0.22,5.79,-42.00,13.80,-49.50,22.6
2026/05/04 21:57:50.72,IMU,835.94,169.43,-530.76,-5.59,-5.71,2.94,-43.05,15.15,-49.80,22.8
2026/05/04 21:57:50.82,IMU,812.50,186.04,-524.41,-9.27,-6.87,9.40,-43.20,15.75,-50.70,22.4
2026/05/04 21:57:50.94,IMU,816.89,198.24,-522.46,-2.57,-5.88,5.31,-42.30,15.45,-51.15,22.4
2026/05/04 21:57:51.04,IMU,844.24,218.75,-532.71,0.22,-2.79,-0.16,-42.60,16.65,-51.90,22.4
2026/05/04 21:57:51.14,IMU,829.10,190.43,-538.09,-1.24,-3.50,-1.47,-45.60,14.70,-48.00,22.4
2026/05/04 21:57:51.24,IMU,829.59,173.34,-546.88,2.92,5.11,-0.26,-45.90,13.20,-45.75,22.4
2026/05/04 21:57:51.34,IMU,822.75,200.68,-510.74,-0.37,1.21,0.11,-42.75,16.50,-49.95,22.5
2026/05/04 21:57:51.44,IMU,853.03,194.82,-511.72,1.40,-1.66,3.74,-43.20,14.55,-51.30,22.4
2026/05/04 21:57:51.54,IMU,845.21,208.98,-515.63,1.13,0.04,2.26,-44.10,16.20,-50.40,22.4
2026/05/04 21:57:51.64,IMU,828.61,198.24,-523.93,0.05,7.79,-0.40,-41.10,15.90,-49.80,22.4
2026/05/04 21:57:51.74,IMU,817.87,150.88,-485.84,1.84,3.05,4.49,-42.30,15.45,-50.85,22.6
2026/05/04 21:57:51.84,IMU,853.52,154.30,-503.42,-5.81,-2.88,3.08,-42.45,14.55,-51.00,22.1
2026/05/04 21:57:51.94,IMU,818.36,173.83,-511.23,-7.60,-2.56,10.24,-41.85,15.15,-51.60,22.2
2026/05/04 21:57:52.04,IMU,834.47,174.32,-507.81,-10.18,4.34,-0.17,-42.60,15.90,-50.85,22.3
2026/05/04 21:57:52.15,IMU,863.77,188.96,-522.46,-8.47,9.01,-6.51,-46.05,14.85,-47.40,22.3
2026/05/04 21:57:52.25,IMU,867.68,197.75,-489.26,-1.86,-9.43,3.30,-41.85,17.40,-51.15,22.6
2026/05/04 21:57:52.37,IMU,857.42,213.87,-497.07,-1.24,-0.45,6.47,-42.00,16.50,-51.00,22.4
2026/05/04 21:57:52.47,IMU,861.33,201.66,-474.61,-7.34,-1.11,4.95,-42.75,17.25,-51.00,22.6
2026/05/04 21:57:52.57,IMU,828.13,190.43,-501.46,-5.09,6.89,4.42,-41.70,16.80,-51.75,22.4
2026/05/04 21:57:52.67,IMU,855.96,204.10,-487.30,-6.14,1.00,-2.53,-46.50,14.10,-46.35,22.4
2026/05/04 21:57:52.77,IMU,884.77,202.15,-514.16,0.04,-6.65,3.60,-42.45,16.80,-51.30,22.1
2026/05/04 21:57:52.87,IMU,833.01,149.90,-510.25,3.12,-0.88,7.11,-40.95,18.00,-52.50,22.4
2026/05/04 21:57:52.97,IMU,792.97,127.44,-527.34,3.72,-0.69,2.55,-41.55,16.95,-51.90,22.6
2026/05/04 21:57:53.07,IMU,848.63,143.07,-493.16,-0.33,-0.40,2.26,-40.95,18.30,-51.00,22.6
2026/05/04 21:57:53.17,IMU,848.14,139.65,-532.71,-0.58,1.21,2.46,-44.25,16.05,-47.40,22.6
2026/05/04 21:57:53.27,IMU,837.40,129.88,-514.65,-1.97,-0.95,7.25,-40.20,16.50,-52.80,22.7
2026/05/04 21:57:53.37,IMU,860.84,144.53,-431.64,-4.63,24.17,-9.97,-40.95,15.75,-51.75,22.3
2026/05/04 21:57:53.48,IMU,832.52,135.74,-519.04,2.75,-5.06,0.11,-40.95,16.50,-51.30,22.4
2026/05/04 21:57:53.58,IMU,846.68,157.71,-536.62,0.14,9.18,1.92,-39.60,16.20,-51.60,22.6
2026/05/04 21:57:53.68,IMU,831.54,132.32,-538.57,2.88,5.12,7.92,-40.20,15.75,-52.05,22.2
2026/05/04 21:57:53.78,IMU,839.36,126.46,-520.02,4.95,3.46,2.88,-41.10,15.90,-51.60,22.4
2026/05/04 21:57:53.88,IMU,884.28,163.09,-503.42,3.38,4.90,5.32,-39.60,16.20,-51.90,22.3
2026/05/04 21:57:53.98,IMU,850.10,93.26,-506.35,1.00,-1.31,3.79,-40.95,15.30,-51.00,22.4
2026/05/04 21:57:54.08,IMU,835.45,91.80,-523.44,0.14,0.95,2.37,-41.10,15.15,-52.20,22.6
2026/05/04 21:57:54.19,IMU,843.75,89.36,-540.53,-2.31,-5.53,-2.48,-43.95,13.05,-48.90,22.5
2026/05/04 21:57:54.29,IMU,852.05,105.96,-522.95,0.34,0.11,2.69,-40.65,14.85,-51.00,22.5
2026/05/04 21:57:54.39,IMU,843.26,125.00,-518.55,-0.82,-1.56,6.34,-41.85,13.65,-48.30,22.6
2026/05/04 21:57:54.49,IMU,807.62,93.75,-568.85,0.49,-1.27,1.69,-39.90,15.30,-52.50,22.6
2026/05/04 21:57:54.59,IMU,850.59,107.42,-514.16,0.09,5.30,-0.11,-38.25,14.40,-52.20,22.4
2026/05/04 21:57:54.69,IMU,844.24,95.70,-561.04,1.66,-1.92,0.38,-39.60,15.15,-53.70,22.4
2026/05/04 21:57:54.79,IMU,851.07,94.73,-501.46,0.36,2.82,4.24,-39.45,14.10,-51.75,22.4
2026/05/04 21:57:54.91,IMU,861.33,159.67,-546.88,-1.41,6.95,-0.89,-39.60,14.40,-52.20,22.7
2026/05/04 21:57:55.01,IMU,824.22,85.45,-525.39,3.01,-1.55,-3.13,-40.65,16.50,-52.50,22.4
2026/05/04 21:57:55.11,IMU,830.57,83.98,-528.32,2.82,2.28,-1.10,-38.55,13.95,-52.20,22.5
2026/05/04 21:57:55.22,IMU,841.31,85.94,-546.39,4.82,-1.15,-3.82,-44.25,14.10,-47.70,22.8
2026/05/04 21:57:55.32,IMU,833.50,89.84,-528.81,3.94,3.09,-5.37,-39.00,15.15,-51.60,22.8
2026/05/04 21:57:55.42,IMU,822.75,80.57,-549.32,2.63,-3.78,-1.76,-40.05,15.45,-51.90,22.7
2026/05/04 21:57:55.53,IMU,814.94,98.63,-551.76,4.10,5.56,-4.46,-39.00,13.95,-52.65,22.6
2026/05/04 21:57:55.63,IMU,847.66,93.75,-528.81,0.51,5.21,-2.66,-40.80,15.45,-52.20,22.6
2026/05/04 21:57:55.73,IMU,858.89,98.14,-504.88,5.79,1.31,-2.63,-40.20,13.80,-52.50,22.4
2026/05/04 21:57:55.83,IMU,819.34,85.45,-538.57,2.05,4.90,0.31,-41.55,13.95,-51.15,22.6
2026/05/04 21:57:55.93,IMU,865.23,98.14,-523.93,0.69,7.26,2.24,-41.10,13.65,-50.10,22.6
2026/05/04 21:57:56.03,IMU,864.26,94.73,-524.90,-2.51,-1.97,-2.07,-40.95,14.55,-50.70,22.6
2026/05/04 21:57:56.13,IMU,854.00,104.98,-518.55,-0.61,-0.82,3.95,-41.70,13.80,-51.30,22.6
2026/05/04 21:57:56.24,IMU,848.63,121.09,-518.55,-0.31,2.79,2.43,-44.85,10.20,-46.80,22.7
2026/05/04 21:57:56.38,IMU,838.38,102.05,-549.32,-5.91,2.27,1.97,-41.70,13.80,-50.70,22.3
2026/05/04 21:57:56.48,IMU,846.68,113.28,-526.86,-0.50,2.80,1.27,-40.80,15.15,-51.90,22.6
2026/05/04 21:57:56.58,IMU,864.75,80.57,-510.25,1.18,1.02,2.13,-41.10,15.15,-51.90,22.8
2026/05/04 21:57:56.68,IMU,861.82,95.21,-507.32,2.18,-2.61,1.89,-46.50,11.85,-47.70,22.5
2026/05/04 21:57:56.78,IMU,822.75,121.58,-517.09,2.76,-3.42,-1.18,-41.55,14.70,-52.20,22.4
2026/05/04 21:57:56.88,IMU,836.43,100.10,-515.14,2.93,-3.34,1.11,-40.05,14.70,-50.85,22.6
2026/05/04 21:57:56.98,IMU,857.91,108.40,-518.55,0.67,6.21,-3.89,-40.35,14.70,-51.15,22.7
2026/05/04 21:57:57.08,IMU,842.77,98.14,-519.53,3.66,-2.99,-1.62,-40.95,13.05,-49.50,22.6
2026/05/04 21:57:57.18,IMU,856.45,86.43,-515.14,6.53,-1.56,0.81,-39.60,13.20,-51.15,22.8
2026/05/04 21:57:57.28,IMU,836.43,72.27,-520.51,6.77,0.20,-0.54,-44.40,12.45,-46.50,22.6
2026/05/04 21:57:57.38,IMU,859.86,89.84,-485.84,-2.45,5.45,-1.34,-40.65,13.05,-52.80,22.6
2026/05/04 21:57:57.50,IMU,845.21,103.03,-584.47,-6.88,-6.96,6.23,-41.55,14.40,-50.85,22.6
2026/05/04 21:57:57.60,IMU,820.80,90.82,-577.15,2.57,1.11,-3.85,-41.10,15.15,-51.15,22.6
2026/05/04 21:57:57.70,IMU,827.64,116.21,-520.51,4.44,9.05,-4.49,-40.95,14.85,-51.30,22.6
2026/05/04 21:57:57.81,IMU,833.01,112.79,-500.98,3.26,3.69,-5.34,-40.65,14.55,-50.70,22.6
2026/05/04 21:57:57.91,IMU,843.75,103.52,-499.02,3.04,3.06,-3.89,-42.00,13.80,-51.30,22.7
2026/05/04 21:57:58.01,IMU,857.42,97.17,-511.72,1.20,-0.99,-2.15,-41.55,13.65,-51.60,22.8
2026/05/04 21:57:58.13,IMU,857.42,83.01,-532.23,2.62,-4.45,7.08,-40.95,15.30,-51.75,22.4
2026/05/04 21:57:58.23,IMU,833.98,102.54,-530.76,0.21,-1.53,1.29,-40.80,14.40,-50.40,22.6
2026/05/04 21:57:58.33,IMU,847.66,104.98,-546.88,-2.98,-1.40,-3.32,-41.55,14.40,-51.60,22.7
2026/05/04 21:57:58.43,IMU,814.45,109.37,-555.18,-0.47,-0.81,-2.41,-39.90,13.05,-52.50,22.8
2026/05/04 21:57:58.53,IMU,835.94,114.26,-535.64,-6.63,6.53,-4.69,-41.10,14.70,-52.20,22.6
2026/05/04 21:57:58.63,IMU,824.71,106.93,-527.34,-0.87,-3.50,4.15,-40.05,14.40,-52.65,22.7
2026/05/04 21:57:58.73,IMU,842.77,104.98,-522.46,-7.42,7.41,1.19,-41.10,13.65,-52.20,22.6
2026/05/04 21:57:58.83,IMU,870.61,156.25,-538.57,-5.92,4.43,-1.18,-40.20,15.30,-51.30,22.8
2026/05/04 21:57:58.96,IMU,850.10,101.07,-536.62,1.51,-7.46,4.64,-40.65,14.55,-51.00,22.8
2026/05/04 21:57:59.06,IMU,864.75,126.95,-540.04,3.58,-1.02,8.54,-39.60,14.40,-50.40,22.6
2026/05/04 21:57:59.16,IMU,795.41,97.66,-499.51,0.90,-12.97,5.89,-40.35,14.40,-52.65,22.6
2026/05/04 21:57:59.26,IMU,862.30,149.90,-604.49,0.90,-1.31,-19.43,-39.15,15.30,-52.50,22.3
2026/05/04 21:57:59.36,IMU,917.48,151.86,-519.04,-1.02,-5.59,3.36,-39.90,15.30,-52.50,22.5
2026/05/04 21:57:59.46,IMU,822.75,149.90,-531.25,2.08,-13.70,8.86,-40.80,14.40,-51.15,22.8
2026/05/04 21:57:59.56,IMU,761.72,62.99,-578.13,8.57,-23.63,5.58,-43.35,13.20,-49.05,22.6
2026/05/04 21:57:59.66,IMU,848.63,93.75,-548.83,0.58,1.73,-4.72,-38.55,14.40,-51.90,22.8
2026/05/04 21:57:59.76,IMU,835.45,97.66,-509.28,2.24,8.62,-2.96,-40.65,12.60,-52.50,22.8
2026/05/04 21:57:59.86,IMU,857.42,123.05,-489.26,-0.65,22.72,-14.38,-41.10,13.65,-50.40,22.8
2026/05/04 21:57:59.96,IMU,853.03,115.72,-488.28,0.40,-3.12,-3.81,-41.55,14.40,-51.15,22.7
2026/05/04 21:58:00.08,IMU,948.24,142.09,-520.02,-9.50,13.85,-10.39,-42.75,15.75,-50.25,22.7
2026/05/04 21:58:00.18,IMU,876.46,158.69,-448.73,-10.08,13.05,-2.52,-44.40,16.65,-50.85,22.8
2026/05/04 21:58:00.28,IMU,819.34,130.37,-519.04,-18.18,-8.76,-4.83,-41.85,16.65,-51.15,22.8
2026/05/04 21:58:00.39,IMU,805.18,204.59,-500.98,7.82,15.10,-5.39,-41.85,17.40,-51.15,22.9
2026/05/04 21:58:00.49,IMU,900.39,250.49,-403.32,6.97,9.53,-11.96,-43.95,16.50,-49.50,22.7
2026/05/04 21:58:00.59,IMU,909.18,191.89,-424.32,9.25,-11.03,-0.60,-44.85,17.40,-50.85,22.8
2026/05/04 21:58:00.69,IMU,886.23,117.68,-467.29,17.47,-7.93,11.41,-43.95,16.80,-49.50,22.8
2026/05/04 21:58:00.79,IMU,840.82,140.63,-433.59,4.14,-8.16,2.69,-43.95,15.75,-50.70,22.8
2026/05/04 21:58:00.89,IMU,855.47,167.97,-499.02,3.59,-17.76,-4.08,-42.75,15.30,-51.75,22.9
2026/05/04 21:58:00.99,IMU,850.59,135.25,-515.14,13.11,-0.27,-5.20,-45.15,12.15,-46.50,22.6
2026/05/04 21:58:01.09,IMU,868.65,114.26,-444.34,15.52,-21.52,-3.27,-42.30,15.45,-49.35,22.6
2026/05/04 21:58:01.19,IMU,791.02,208.01,-712.40,14.69,-17.67,11.10,-38.70,12.60,-52.80,22.8
2026/05/04 21:58:01.29,IMU,674.32,47.36,-601.07,33.86,9.34,4.97,-39.45,13.05,-52.80,22.6
2026/05/04 21:58:01.39,IMU,829.10,75.20,-552.73,9.31,10.60,-14.23,-39.45,11.10,-51.00,22.6
2026/05/04 21:58:01.49,IMU,867.68,103.03,-614.26,10.00,8.93,-7.48,-40.80,9.75,-49.80,22.9
2026/05/04 21:58:01.59,IMU,820.80,86.91,-562.99,7.41,9.36,6.08,-40.65,8.10,-51.00,22.8
2026/05/04 21:58:01.69,IMU,813.96,66.89,-498.54,5.06,5.87,8.02,-42.00,8.40,-49.20,22.6
2026/05/04 21:58:01.81,IMU,827.15,-26.86,-551.27,-6.71,-20.76,-0.31,-40.95,8.10,-50.70,22.8
2026/05/04 21:58:01.91,IMU,907.23,125.49,-573.73,-15.69,14.98,0.53,-41.25,9.60,-48.90,22.8
2026/05/04 21:58:02.01,IMU,806.15,64.45,-565.92,-7.97,-14.98,12.02,-40.35,11.25,-50.10,22.8
2026/05/04 21:58:02.12,IMU,747.07,146.00,-615.23,-0.05,-12.14,-11.46,-40.05,10.50,-50.40,22.8
2026/05/04 21:58:02.21,IMU,763.67,83.98,-612.30,-12.05,1.21,1.40,-39.00,11.25,-52.20,22.6
2026/05/04 21:58:02.32,IMU,841.31,89.36,-544.92,-16.59,18.16,2.31,-39.45,11.85,-51.00,22.6
2026/05/04 21:58:02.42,IMU,777.34,82.52,-427.73,-22.21,8.87,24.65,-39.90,13.80,-51.00,22.8
2026/05/04 21:58:02.52,IMU,867.68,145.51,-649.41,-24.95,50.45,-4.97,-41.10,12.15,-51.15,22.8
2026/05/04 21:58:02.62,IMU,959.47,306.64,-421.39,-29.14,2.67,-4.79,-42.60,13.95,-49.35,22.8
2026/05/04 21:58:02.72,IMU,811.04,94.24,-560.55,-12.56,-28.47,22.09,-40.20,16.05,-51.75,22.8
2026/05/04 21:58:02.82,IMU,697.27,-3.42,-436.52,-3.24,-25.37,37.13,-39.00,15.15,-50.85,22.7
2026/05/04 21:58:02.92,IMU,843.26,-1.95,-528.81,-27.25,16.69,2.72,-39.00,15.15,-51.90,22.8
2026/05/04 21:58:03.02,IMU,820.31,82.52,-529.79,-22.69,-2.56,4.37,-39.00,18.15,-51.90,22.7
2026/05/04 21:58:03.12,IMU,955.08,131.35,-433.59,-14.80,21.66,5.50,-39.90,18.75,-51.75,22.8
2026/05/04 21:58:03.24,IMU,863.77,99.12,-449.22,7.70,-4.54,19.68,-39.30,18.90,-52.20,22.8
2026/05/04 21:58:03.34,IMU,851.07,96.68,-436.04,-2.02,2.59,13.02,-40.80,18.90,-52.65,22.6
2026/05/04 21:58:03.44,IMU,832.52,90.33,-461.43,3.17,9.09,0.90,-41.10,19.65,-51.90,22.7
2026/05/04 21:58:03.54,IMU,1018.07,380.37,-198.73,-5.15,-1.05,10.98,-41.10,20.10,-51.60,23.3
2026/05/04 21:58:03.64,IMU,848.63,-200.68,-704.10,12.90,8.24,-8.36,-41.55,18.15,-52.20,22.8
2026/05/04 21:58:03.74,IMU,921.88,-82.03,-367.68,59.48,49.37,-7.54,-43.05,16.65,-50.40,22.9
2026/05/04 21:58:03.84,IMU,916.02,-112.30,-354.98,54.43,-42.26,-19.24,-44.10,12.90,-48.30,22.8
2026/05/04 21:58:03.94,IMU,913.57,-29.79,-366.21,49.94,11.00,-26.73,-42.60,12.45,-49.80,22.8
2026/05/04 21:58:04.04,IMU,936.52,132.81,-205.08,46.21,-0.44,-28.55,-43.50,9.30,-47.70,22.8
2026/05/04 21:58:04.14,IMU,1035.16,-239.26,-588.38,35.17,38.42,-17.73,-47.70,4.80,-43.65,22.8
2026/05/04 21:58:04.24,IMU,709.47,-27.34,-243.16,28.94,6.16,3.89,-49.05,9.30,-42.75,22.8
2026/05/04 21:58:04.34,IMU,698.24,4.39,-333.98,49.84,40.94,33.37,-43.65,5.55,-46.20,22.9
2026/05/04 21:58:04.44,IMU,837.40,83.01,-634.77,-20.79,40.32,-24.04,-41.55,5.25,-45.75,22.6
2026/05/04 21:58:04.54,IMU,819.34,70.80,-463.38,5.59,21.11,-2.28,-43.65,6.00,-45.75,22.8
2026/05/04 21:58:04.64,IMU,868.16,69.34,-552.25,3.24,10.56,-8.98,-42.60,7.20,-45.00,22.8
2026/05/04 21:58:04.74,IMU,890.14,-37.60,-460.94,4.60,15.06,-1.92,-45.75,3.90,-42.75,22.6
2026/05/04 21:58:04.84,IMU,1000.49,27.34,-361.82,-12.05,0.98,8.79,-47.40,7.20,-43.20,22.9
2026/05/04 21:58:04.94,IMU,919.92,69.82,-460.94,-0.57,-2.02,10.69,-46.65,6.45,-45.00,22.7
2026/05/04 21:58:05.04,IMU,871.09,68.85,-429.20,-2.43,-15.90,3.55,-47.40,6.00,-43.20,22.7
2026/05/04 21:58:05.14,IMU,865.72,-13.67,-377.44,3.92,-0.28,-12.36,-44.85,6.75,-45.45,22.9
2026/05/04 21:58:05.26,IMU,1014.65,44.43,-393.07,12.29,-8.92,-7.62,-46.65,7.20,-43.65,22.4
2026/05/04 21:58:05.36,IMU,978.52,-41.50,-506.84,1.13,-21.29,-4.16,-44.70,6.90,-46.65,22.8
2026/05/04 21:58:05.46,IMU,887.21,83.01,-345.21,-8.92,12.33,12.85,-44.70,7.65,-44.85,22.8
2026/05/04 21:58:05.57,IMU,752.93,88.87,-430.18,-7.33,-7.91,19.49,-44.25,3.90,-42.75,22.8
2026/05/04 21:58:05.67,IMU,813.96,74.22,-478.03,4.52,6.86,-9.11,-42.00,6.15,-47.70,22.7
2026/05/04 21:58:05.77,IMU,802.25,172.36,-419.92,0.98,18.28,-34.57,-43.65,7.20,-48.00,23.0
2026/05/04 21:58:05.87,IMU,863.28,142.09,-656.25,0.25,6.76,-30.39,-42.45,8.40,-47.40,22.8
2026/05/04 21:58:05.97,IMU,949.22,78.12,-613.28,4.15,-26.19,-15.08,-43.20,8.10,-46.65,22.8
2026/05/04 21:58:06.07,IMU,908.20,161.62,-636.23,-4.85,-15.78,-14.11,-41.70,8.85,-48.15,22.8
2026/05/04 21:58:06.17,IMU,802.73,88.38,-560.55,14.66,-16.95,4.18,-41.55,8.25,-49.05,22.7
2026/05/04 21:58:06.27,IMU,796.88,25.88,-545.90,3.66,20.78,-3.07,-40.20,7.35,-48.45,22.8
2026/05/04 21:58:06.37,IMU,844.24,104.49,-593.75,-11.22,14.95,-3.63,-41.70,6.60,-48.45,22.6
2026/05/04 21:58:06.47,IMU,814.45,112.79,-577.15,3.57,-9.01,9.66,-43.95,6.60,-45.60,23.1
2026/05/04 21:58:06.57,IMU,848.14,148.44,-493.16,-2.48,2.95,-1.50,-42.30,6.75,-46.50,22.8
2026/05/04 21:58:06.68,IMU,809.57,122.56,-574.71,-1.24,7.12,-5.56,-44.10,7.95,-47.55,22.4
2026/05/04 21:58:06.78,IMU,833.50,96.68,-583.01,0.12,-11.12,-7.85,-41.25,6.60,-48.90,22.8
2026/05/04 21:58:06.88,IMU,835.45,146.48,-539.55,-0.48,-4.79,0.24,-42.60,8.70,-47.55,22.8
2026/05/04 21:58:06.98,IMU,788.09,78.61,-544.92,-2.30,3.15,5.33,-41.70,8.40,-48.15,22.7
2026/05/04 21:58:07.08,IMU,757.32,105.96,-662.11,0.75,-14.37,-0.32,-41.55,6.75,-48.30,22.8
2026/05/04 21:58:07.18,IMU,940.43,224.61,-629.88,7.24,-9.67,-11.40,-41.55,7.50,-49.80,22.6
2026/05/04 21:58:07.28,IMU,782.23,74.71,-577.64,6.11,-10.73,4.94,-41.25,8.40,-47.70,22.8
2026/05/04 21:58:07.38,IMU,729.00,81.54,-575.20,4.43,-1.66,5.50,-39.60,6.75,-49.35,22.7
2026/05/04 21:58:07.48,IMU,759.77,98.14,-595.70,-3.68,2.70,-8.96,-42.60,5.25,-45.45,22.8
2026/05/04 21:58:07.58,IMU,787.60,136.23,-641.60,-0.72,-5.44,-0.48,-43.50,7.65,-45.90,22.8
2026/05/04 21:58:07.68,IMU,799.80,149.90,-638.67,5.92,3.77,-2.18,-39.60,7.50,-49.05,22.8
2026/05/04 21:58:07.78,IMU,833.01,152.34,-601.07,6.35,20.17,-0.52,-39.90,7.65,-49.20,22.4
2026/05/04 21:58:07.88,IMU,771.97,118.65,-567.87,1.88,7.25,-6.21,-42.00,6.60,-47.70,23.1
2026/05/04 21:58:07.98,IMU,798.34,157.23,-583.50,5.88,13.27,4.27,-39.15,6.15,-48.15,22.8
2026/05/04 21:58:08.08,IMU,756.84,60.06,-588.87,5.32,-4.01,3.67,-41.55,6.00,-48.30,22.9
2026/05/04 21:58:08.18,IMU,806.15,122.07,-634.77,1.65,-1.04,0.75,-41.70,5.40,-48.45,22.8
2026/05/04 21:58:08.28,IMU,792.97,51.27,-619.14,1.04,6.37,-6.10,-40.80,6.75,-48.60,22.7
2026/05/04 21:58:08.38,IMU,796.88,63.48,-560.06,3.76,12.70,-1.85,-40.80,4.80,-46.50,22.9
2026/05/04 21:58:08.49,IMU,827.15,87.89,-558.11,-2.54,-0.98,6.23,-45.00,4.65,-43.35,22.8
2026/05/04 21:58:08.59,IMU,803.22,102.54,-604.98,0.56,0.02,2.33,-42.00,6.15,-46.65,22.8
2026/05/04 21:58:08.69,IMU,804.20,86.91,-583.01,-1.81,-2.28,6.25,-41.85,6.45,-45.75,23.1
2026/05/04 21:58:08.79,IMU,791.02,86.43,-586.43,0.43,3.00,4.78,-43.35,5.55,-48.30,22.8
2026/05/04 21:58:08.89,IMU,801.76,90.82,-597.17,0.20,-3.56,1.52,-41.85,5.55,-48.30,22.6
2026/05/04 21:58:08.99,IMU,796.88,87.89,-583.98,2.46,-1.60,4.16,-42.00,7.65,-47.40,22.9
2026/05/04 21:58:09.09,IMU,827.15,91.31,-585.94,0.31,3.70,1.96,-41.85,6.45,-48.00,22.8
2026/05/04 21:58:09.19,IMU,826.17,92.77,-596.68,2.84,11.18,-1.92,-42.00,5.85,-48.45,22.9
2026/05/04 21:58:09.29,IMU,815.92,75.68,-572.75,0.88,5.54,3.27,-42.45,6.15,-46.65,23.1
2026/05/04 21:58:09.39,IMU,823.73,77.15,-526.37,1.95,-5.97,1.76,-43.20,6.15,-45.60,22.8
2026/05/04 21:58:09.49,IMU,815.43,79.59,-590.82,2.40,1.85,-0.40,-43.05,5.55,-47.25,22.8
2026/05/04 21:58:09.59,IMU,826.66,86.43,-558.11,2.42,2.84,-0.10,-42.60,6.00,-44.70,22.8
2026/05/04 21:58:09.69,IMU,823.73,72.27,-545.41,2.16,-4.33,-0.29,-43.20,6.60,-46.35,22.8
2026/05/04 21:58:09.79,IMU,843.26,49.80,-539.55,-1.42,-2.54,1.36,-42.75,6.15,-47.40,22.8
2026/05/04 21:58:09.89,IMU,832.52,52.25,-602.05,-9.51,-7.60,2.03,-42.30,6.75,-47.55,22.8
2026/05/04 21:58:09.99,IMU,829.10,-10.74,-585.94,-11.31,0.46,5.69,-40.95,5.40,-47.40,22.9
2026/05/04 21:58:10.11,IMU,766.60,19.04,-622.07,-8.24,-16.35,31.63,-41.10,6.75,-48.00,22.9
2026/05/04 21:58:10.21,IMU,765.14,62.99,-571.29,-14.59,-51.92,30.97,-39.00,6.00,-47.55,22.8
2026/05/04 21:58:10.31,IMU,689.45,-60.06,-643.07,-15.20,-36.86,-1.61,-36.00,6.75,-50.85,22.9
2026/05/04 21:58:10.42,IMU,821.29,222.66,-761.72,-24.02,-60.60,-20.25,-32.70,8.70,-52.95,22.9
2026/05/04 21:58:10.51,IMU,566.41,164.06,-960.94,-5.08,-25.87,-34.58,-30.90,11.70,-55.20,22.8
2026/05/04 21:58:10.62,IMU,601.56,238.77,-790.53,0.43,-23.22,-22.94,-29.55,10.35,-54.60,22.8
2026/05/04 21:58:10.73,IMU,581.05,222.17,-851.07,-9.31,-14.29,-2.16,-29.40,11.25,-54.45,22.6
2026/05/04 21:58:10.83,IMU,603.03,292.48,-833.50,-1.95,-15.52,-7.95,-28.05,14.55,-56.40,22.8
2026/05/04 21:58:10.93,IMU,535.16,290.04,-840.33,1.84,7.58,1.88,-28.20,12.45,-54.75,22.8
2026/05/04 21:58:11.03,IMU,531.74,309.57,-773.93,12.50,24.41,7.58,-29.40,12.45,-54.45,22.9
2026/05/04 21:58:11.13,IMU,562.01,227.05,-755.37,9.20,19.77,-8.28,-31.35,11.10,-55.35,22.9
2026/05/04 21:58:11.23,IMU,643.55,249.02,-793.46,-6.85,11.88,-3.20,-31.35,11.10,-52.80,22.8
2026/05/04 21:58:11.33,IMU,602.54,236.82,-911.13,-2.33,2.04,-7.17,-29.85,12.30,-54.90,22.8
2026/05/04 21:58:11.43,IMU,676.27,229.49,-828.61,14.04,15.55,-1.37,-31.20,11.25,-53.40,22.6
2026/05/04 21:58:11.58,IMU,674.32,139.65,-754.39,11.30,19.66,2.66,-36.90,7.35,-47.70,22.8
2026/05/04 21:58:11.68,IMU,666.02,108.40,-751.46,2.69,18.41,12.15,-34.35,7.65,-52.50,22.8
2026/05/04 21:58:11.78,IMU,669.92,101.07,-733.89,0.44,0.81,6.95,-34.20,8.25,-51.60,22.8
2026/05/04 21:58:11.88,IMU,709.47,123.05,-711.91,2.57,3.60,5.08,-36.75,7.50,-51.15,22.8
2026/05/04 21:58:11.98,IMU,749.02,131.84,-645.02,7.83,3.25,2.20,-36.30,6.75,-51.90,22.9
2026/05/04 21:58:12.08,IMU,741.21,156.74,-726.07,-0.75,23.17,-7.04,-36.15,7.35,-49.95,22.4
2026/05/04 21:58:12.18,IMU,761.72,148.44,-693.85,5.17,13.29,-0.40,-39.15,5.10,-47.40,22.9
2026/05/04 21:58:12.28,IMU,709.47,142.09,-761.23,3.01,21.01,-5.40,-36.60,5.40,-49.50,22.9
2026/05/04 21:58:12.38,IMU,729.98,89.84,-724.61,10.87,15.28,-10.56,-37.50,4.50,-49.35,23.0
2026/05/04 21:58:12.48,IMU,790.04,67.38,-621.58,9.47,8.99,-6.71,-37.95,3.90,-48.15,22.9
2026/05/04 21:58:12.58,IMU,782.23,29.79,-665.04,4.92,-0.67,-0.15,-38.70,3.15,-49.20,22.8
2026/05/04 21:58:12.70,IMU,769.53,60.55,-613.28,0.40,13.03,0.61,-39.00,4.05,-47.55,22.8
2026/05/04 21:58:12.80,IMU,736.82,44.43,-654.30,-2.86,-4.37,0.95,-37.95,2.40,-48.45,22.7
2026/05/04 21:58:12.90,IMU,754.39,47.36,-650.88,-1.62,2.04,-1.83,-37.95,4.35,-49.20,22.7
2026/05/04 21:58:13.02,IMU,765.14,32.71,-665.53,-4.40,-8.31,-3.47,-38.25,3.30,-48.60,22.4
2026/05/04 21:58:13.12,IMU,757.32,60.55,-666.50,-2.50,-1.21,2.50,-37.80,4.05,-48.60,22.9
2026/05/04 21:58:13.22,IMU,718.26,27.83,-678.22,-0.09,-8.17,0.30,-38.40,3.90,-48.45,22.8
2026/05/04 21:58:13.33,IMU,748.05,52.73,-696.78,0.94,-0.95,-1.53,-37.80,3.75,-48.60,22.6
2026/05/04 21:58:13.43,IMU,740.23,54.69,-670.41,2.92,-0.49,-8.35,-36.30,4.50,-48.30,22.6
2026/05/04 21:58:13.53,IMU,748.54,67.38,-656.74,4.69,2.21,-5.35,-37.50,3.30,-49.80,22.6
2026/05/04 21:58:13.63,IMU,780.76,91.80,-689.45,2.25,9.51,-4.69,-41.25,1.65,-44.10,22.8
2026/05/04 21:58:13.73,IMU,759.77,55.66,-676.76,-0.32,2.10,1.72,-38.25,3.75,-48.60,22.8
2026/05/04 21:58:13.83,IMU,746.09,71.78,-670.41,-0.69,1.08,4.59,-37.95,4.35,-48.45,22.6
2026/05/04 21:58:13.93,IMU,724.12,71.78,-724.61,5.27,-3.23,0.87,-36.60,3.90,-48.45,22.8
2026/05/04 21:58:14.03,IMU,744.14,1.46,-668.46,8.32,-0.92,-0.63,-38.70,2.70,-47.10,22.9
2026/05/04 21:58:14.13,IMU,720.21,22.95,-680.18,0.31,-0.01,-8.98,-37.95,3.15,-49.20,22.9
2026/05/04 21:58:14.23,IMU,749.02,51.76,-651.86,0.15,2.47,1.63,-38.25,3.75,-48.00,22.8
2026/05/04 21:58:14.33,IMU,720.21,54.20,-691.89,-2.56,-3.62,-2.45,-39.00,2.25,-47.55,22.6
2026/05/04 21:58:14.45,IMU,751.46,70.80,-688.96,-3.87,4.95,-5.62,-38.40,2.40,-48.90,22.6
2026/05/04 21:58:14.55,IMU,707.52,51.76,-691.89,-1.40,-3.43,-0.63,-37.05,3.75,-48.30,22.8
2026/05/04 21:58:14.65,IMU,729.98,49.32,-710.45,2.02,-1.40,-3.60,-40.35,2.25,-45.45,22.9
2026/05/04 21:58:14.75,IMU,717.29,50.29,-689.94,2.90,-2.08,6.71,-37.20,3.60,-49.50,22.8
2026/05/04 21:58:14.85,IMU,718.75,41.02,-680.66,1.58,-3.76,2.51,-36.60,3.90,-47.70,22.8
2026/05/04 21:58:14.95,IMU,717.77,59.08,-678.71,0.98,4.23,-0.32,-36.75,4.05,-49.05,22.7
2026/05/04 21:58:15.05,IMU,735.35,63.48,-697.27,-2.68,0.76,0.08,-37.80,3.30,-44.85,22.9
2026/05/04 21:58:15.15,IMU,728.52,50.29,-708.50,3.72,1.95,-1.48,-36.75,3.75,-48.00,22.6
2026/05/04 21:58:15.25,IMU,729.49,50.78,-676.27,-0.24,-2.18,-0.27,-37.50,2.55,-48.30,22.9
2026/05/04 21:58:15.35,IMU,736.33,-1.46,-717.77,-3.04,1.56,5.42,-37.05,2.25,-49.05,22.8
2026/05/04 21:58:15.45,IMU,592.29,5.37,-812.01,3.62,0.63,15.03,-36.90,3.60,-48.90,22.9
2026/05/04 21:58:15.55,IMU,714.84,-79.10,-694.34,4.36,12.25,-19.29,-37.95,3.90,-48.90,22.9
2026/05/04 21:58:15.67,IMU,727.54,4.39,-675.29,8.95,-22.70,-17.21,-41.25,1.65,-44.55,22.8
2026/05/04 21:58:15.77,IMU,758.30,151.86,-696.78,13.24,-8.31,-17.44,-37.80,2.55,-49.80,22.9
2026/05/04 21:58:15.87,IMU,678.22,64.45,-675.29,19.27,-6.29,-20.06,-38.25,2.25,-48.00,22.8
2026/05/04 21:58:15.97,IMU,725.59,66.89,-773.44,9.73,-22.67,-17.59,-37.65,3.90,-49.20,22.9
2026/05/04 21:58:16.07,IMU,756.35,114.75,-727.54,-4.73,-8.52,-8.24,-37.50,4.80,-49.05,22.9
2026/05/04 21:58:16.17,IMU,665.04,141.60,-752.93,-5.29,-19.44,9.04,-36.30,3.00,-50.40,22.8
2026/05/04 21:58:16.27,IMU,613.28,143.07,-779.79,-5.95,-3.01,1.73,-34.35,4.65,-48.90,22.9
2026/05/04 21:58:16.37,IMU,600.10,109.37,-772.95,2.53,-0.09,4.11,-34.35,3.15,-50.70,22.9
2026/05/04 21:58:16.47,IMU,657.23,140.63,-764.16,-6.71,12.97,-2.06,-38.40,1.65,-43.80,22.8
2026/05/04 21:58:16.57,IMU,707.03,164.06,-764.16,-9.05,10.69,2.39,-35.25,4.05,-49.80,22.9
2026/05/04 21:58:16.68,IMU,716.80,229.00,-854.49,-5.76,44.48,-12.12,-38.25,3.30,-46.80,22.8
2026/05/04 21:58:16.78,IMU,665.04,264.16,-767.09,8.73,-25.47,-4.83,-35.55,5.25,-50.40,22.9
2026/05/04 21:58:16.88,IMU,624.02,108.40,-797.36,-4.91,-25.40,-32.56,-35.25,5.25,-50.40,22.7
2026/05/04 21:58:16.98,IMU,510.25,50.29,-805.66,-11.78,7.40,-10.83,-35.55,4.80,-50.40,22.8
2026/05/04 21:58:17.08,IMU,663.57,154.30,-697.27,-20.00,55.96,-17.52,-36.15,8.40,-50.25,23.1
2026/05/04 21:58:17.18,IMU,653.81,193.36,-804.69,-9.02,-13.51,7.99,-39.60,9.45,-49.05,23.1
2026/05/04 21:58:17.30,IMU,675.29,190.43,-762.21,-8.97,-8.60,8.35,-37.80,9.75,-50.40,22.8
2026/05/04 21:58:17.39,IMU,672.36,257.81,-710.94,-12.10,-13.75,15.81,-37.50,9.45,-51.90,22.9
2026/05/04 21:58:17.49,IMU,620.12,219.73,-811.52,-5.30,-7.24,21.44,-35.55,8.25,-51.60,22.8
2026/05/04 21:58:17.60,IMU,647.46,115.23,-758.30,3.37,-9.92,23.88,-34.50,9.75,-52.20,22.8
2026/05/04 21:58:17.70,IMU,626.95,113.77,-812.01,13.88,-19.37,15.34,-36.90,5.10,-48.15,22.9
2026/05/04 21:58:17.80,IMU,622.07,214.36,-739.26,-5.39,2.67,16.91,-33.45,6.75,-52.20,22.9
2026/05/04 21:58:17.90,IMU,593.75,118.16,-751.46,11.47,-37.60,-4.37,-31.80,6.90,-53.55,22.8
2026/05/04 21:58:18.00,IMU,525.39,42.97,-848.14,-6.14,-24.19,8.91,-28.50,7.35,-52.80,23.0
2026/05/04 21:58:18.10,IMU,509.28,120.61,-846.68,6.34,0.14,-11.85,-27.00,6.60,-53.10,22.8
2026/05/04 21:58:18.20,IMU,462.40,144.04,-876.95,6.53,0.10,-27.53,-30.90,4.50,-50.40,22.9
2026/05/04 21:58:18.30,IMU,501.46,92.77,-861.82,-8.29,30.57,-26.91,-29.55,6.60,-53.10,23.0
2026/05/04 21:58:18.40,IMU,630.37,130.37,-856.93,-11.19,15.17,-10.21,-31.05,6.60,-51.30,22.8
2026/05/04 21:58:18.50,IMU,652.34,148.44,-752.93,-5.08,-1.05,-6.35,-33.60,8.40,-53.10,22.9
2026/05/04 21:58:18.61,IMU,549.80,176.27,-833.01,4.92,5.95,-1.90,-30.30,10.05,-53.10,22.8
2026/05/04 21:58:18.76,IMU,571.29,187.01,-833.50,-11.60,7.50,6.30,-31.95,9.75,-53.40,22.9
2026/05/04 21:58:18.86,IMU,624.51,255.37,-789.55,-18.76,8.79,16.71,-34.35,11.10,-52.80,22.9
2026/05/04 21:58:18.96,IMU,639.16,262.70,-841.80,-12.79,1.91,21.60,-33.90,10.80,-53.55,23.0
2026/05/04 21:58:19.06,IMU,658.69,207.03,-791.02,-18.88,29.25,1.80,-34.20,10.20,-53.40,23.0
2026/05/04 21:58:19.16,IMU,632.81,211.91,-778.32,5.27,13.92,48.11,-33.30,10.05,-52.50,22.9
2026/05/04 21:58:19.26,IMU,662.60,93.75,-760.25,8.82,-26.92,9.08,-31.20,9.00,-51.60,22.7
2026/05/04 21:58:19.36,IMU,665.53,30.27,-822.75,9.76,10.51,13.46,-33.75,4.05,-49.05,22.8
2026/05/04 21:58:19.46,IMU,687.50,121.09,-715.33,-17.40,7.08,-17.36,-31.20,8.70,-52.95,22.9
2026/05/04 21:58:19.56,IMU,669.43,123.54,-732.91,8.76,-15.42,6.71,-31.50,7.95,-51.90,22.9
2026/05/04 21:58:19.66,IMU,662.11,211.91,-683.11,1.50,0.00,0.67,-30.15,8.70,-52.95,22.8
2026/05/04 21:58:19.76,IMU,625.00,163.57,-769.53,4.51,-14.76,1.47,-31.20,8.25,-52.20,22.9
2026/05/04 21:58:19.88,IMU,591.31,157.71,-831.54,5.60,9.05,-8.09,-31.95,9.00,-53.40,22.8
2026/05/04 21:58:19.98,IMU,621.58,134.28,-778.32,12.34,-0.73,-11.22,-30.60,7.65,-52.80,22.9
2026/05/04 21:58:20.08,IMU,611.33,131.35,-839.84,10.14,-1.28,-9.87,-31.35,8.10,-51.75,22.9
2026/05/04 21:58:20.19,IMU,628.91,134.28,-801.76,18.76,-3.50,-6.96,-31.50,8.25,-51.15,22.8
2026/05/04 21:58:20.29,IMU,624.02,135.74,-777.34,11.11,-0.98,-11.95,-31.05,7.65,-51.75,23.0
2026/05/04 21:58:20.39,IMU,605.47,16.11,-783.20,34.01,4.66,0.89,-31.80,6.15,-50.70,23.1
2026/05/04 21:58:20.49,IMU,584.47,142.58,-787.60,5.56,-5.92,-1.89,-29.70,6.75,-50.85,22.8
2026/05/04 21:58:20.59,IMU,583.98,119.63,-754.88,-1.06,63.12,28.21,-32.25,6.75,-50.85,22.6
2026/05/04 21:58:20.69,IMU,640.14,145.51,-730.96,-2.64,20.44,-5.67,-33.75,6.45,-51.60,23.0
2026/05/04 21:58:20.79,IMU,658.69,169.92,-754.88,2.17,1.44,-1.47,-36.00,5.25,-48.00,23.2
2026/05/04 21:58:20.89,IMU,632.81,97.66,-766.60,3.15,10.79,-4.42,-34.20,6.75,-50.85,22.8
2026/05/04 21:58:20.99,IMU,655.27,154.79,-772.46,3.61,3.40,-4.89,-34.50,5.55,-50.40,23.1
2026/05/04 21:58:21.09,IMU,649.41,111.82,-752.93,11.11,4.10,-7.59,-35.25,6.00,-49.35,23.1
2026/05/04 21:58:21.19,IMU,674.32,128.42,-741.21,9.73,-5.92,-0.33,-35.25,4.50,-49.35,22.9
2026/05/04 21:58:21.31,IMU,650.39,118.16,-769.04,4.34,0.28,-2.85,-35.55,4.05,-48.60,23.1
2026/05/04 21:58:21.41,IMU,659.18,113.77,-750.00,5.28,3.08,-2.69,-36.00,4.05,-50.10,23.1
2026/05/04 21:58:21.51,IMU,638.18,87.89,-748.54,6.61,2.92,-1.19,-35.25,4.80,-49.35,23.0
2026/05/04 21:58:21.62,IMU,648.44,94.24,-755.37,4.22,0.73,0.69,-37.05,4.05,-49.80,23.2
2026/05/04 21:58:21.72,IMU,675.29,110.35,-747.07,0.93,1.64,0.08,-35.10,3.90,-49.20,23.2
2026/05/04 21:58:21.83,IMU,620.61,54.20,-733.40,-0.56,4.28,-2.10,-39.30,1.05,-45.45,23.2
2026/05/04 21:58:21.93,IMU,648.44,129.39,-733.40,8.95,1.61,0.53,-36.15,4.65,-49.50,23.1
2026/05/04 21:58:22.03,IMU,629.39,33.69,-762.70,18.54,-11.75,19.20,-35.10,3.90,-47.40,23.1
2026/05/04 21:58:22.13,IMU,597.66,131.84,-843.26,33.82,-27.66,35.24,-31.50,0.75,-48.15,23.2
2026/05/04 21:58:22.23,IMU,685.06,67.87,-729.49,-4.10,21.67,-22.97,-34.35,-2.70,-45.60,22.8
2026/05/04 21:58:22.33,IMU,638.67,37.11,-809.08,-9.66,27.30,-27.85,-32.10,-1.50,-48.00,23.1
2026/05/04 21:58:22.43,IMU,652.34,36.62,-780.76,-13.48,31.76,-10.64,-34.20,1.80,-47.55,23.1
2026/05/04 21:58:22.53,IMU,661.13,12.21,-782.23,-7.53,22.85,2.69,-36.75,1.50,-46.50,23.1
2026/05/04 21:58:22.63,IMU,702.64,-33.69,-736.33,3.86,45.17,10.75,-38.70,0.15,-47.10,22.9
2026/05/04 21:58:22.76,IMU,761.23,-43.95,-750.49,-21.66,15.89,22.15,-37.65,1.20,-44.85,23.2
2026/05/04 21:58:22.86,IMU,779.79,32.23,-694.82,-34.59,13.54,33.96,-41.85,0.00,-42.15,23.1
2026/05/04 21:58:22.96,IMU,779.79,-16.60,-601.07,-36.80,-33.43,17.03,-37.05,2.25,-47.25,23.2
2026/05/04 21:58:23.06,IMU,751.95,55.18,-570.31,-45.95,-3.56,23.85,-38.40,3.15,-45.15,23.0
2026/05/04 21:58:23.16,IMU,763.67,4.88,-623.05,-28.67,7.34,9.15,-33.30,6.90,-51.30,22.9
2026/05/04 21:58:23.26,IMU,789.55,58.59,-609.86,-16.74,-0.94,3.24,-34.35,7.35,-51.00,22.9
2026/05/04 21:58:23.36,IMU,752.93,83.01,-687.99,-8.69,1.27,-4.83,-34.50,9.75,-52.20,23.2
2026/05/04 21:58:23.46,IMU,705.08,71.78,-672.36,-3.56,0.02,-10.07,-33.45,9.75,-52.65,23.1
2026/05/04 21:58:23.56,IMU,721.19,57.13,-634.77,7.05,-9.55,-5.14,-34.20,9.75,-51.60,22.9
2026/05/04 21:58:23.66,IMU,740.72,102.05,-736.33,3.23,-15.78,-8.49,-32.25,9.75,-52.95,23.1
2026/05/04 21:58:23.76,IMU,667.97,97.17,-689.45,11.56,-7.60,-9.56,-31.35,10.05,-53.85,23.1
2026/05/04 21:58:23.87,IMU,653.32,49.80,-739.26,10.91,-13.29,-19.47,-35.40,6.60,-49.20,22.8
2026/05/04 21:58:23.97,IMU,719.73,104.49,-717.29,9.61,-0.26,-14.41,-32.25,7.95,-50.85,23.1
2026/05/04 21:58:24.07,IMU,671.39,95.70,-729.98,11.91,-3.50,-13.84,-31.50,9.00,-51.90,23.1
2026/05/04 21:58:24.17,IMU,645.51,102.05,-735.84,11.66,-5.68,-5.92,-32.10,7.35,-53.10,23.1
2026/05/04 21:58:24.27,IMU,669.92,104.00,-752.93,4.92,-5.48,-6.68,-33.00,6.45,-52.95,22.8
2026/05/04 21:58:24.37,IMU,660.16,95.21,-789.06,8.38,-0.98,1.67,-31.35,6.90,-52.50,22.8
2026/05/04 21:58:24.48,IMU,639.16,95.70,-715.82,8.55,12.19,-13.71,-32.10,5.10,-52.80,22.9
2026/05/04 21:58:24.58,IMU,618.16,-5.37,-729.00,16.95,13.41,-0.27,-32.25,6.45,-51.90,23.1
2026/05/04 21:58:24.68,IMU,561.04,80.57,-743.65,-5.41,-2.56,5.61,-32.85,6.15,-52.50,22.9
2026/05/04 21:58:24.78,IMU,621.09,111.33,-849.12,-10.76,0.08,11.71,-32.25,6.75,-50.85,23.1
2026/05/04 21:58:24.89,IMU,687.01,115.72,-767.58,-13.01,37.53,9.79,-35.55,3.30,-47.55,23.1
2026/05/04 21:58:24.99,IMU,721.68,72.75,-740.72,-29.95,-3.96,13.95,-33.45,7.95,-52.20,23.1
2026/05/04 21:58:25.09,IMU,692.38,186.04,-703.13,-21.23,-6.80,16.47,-32.55,9.60,-50.70,23.1
2026/05/04 21:58:25.19,IMU,640.14,90.33,-747.56,-12.92,-0.53,18.41,-31.35,10.05,-54.30,23.2
2026/05/04 21:58:25.29,IMU,715.82,168.95,-681.64,-19.34,15.28,10.89,-31.20,11.70,-54.00,23.1
2026/05/04 21:58:25.39,IMU,695.31,94.73,-707.52,-9.96,-13.70,20.50,-30.90,13.20,-55.80,23.1
2026/05/04 21:58:25.49,IMU,753.91,153.81,-649.41,-11.99,12.53,15.99,-31.35,12.60,-55.35,23.1
2026/05/04 21:58:25.59,IMU,721.19,134.28,-709.96,0.97,-0.05,9.15,-28.80,13.35,-56.40,23.1
2026/05/04 21:58:25.69,IMU,729.00,109.37,-736.82,12.53,11.32,-14.13,-30.30,13.80,-55.65,23.1
2026/05/04 21:58:25.79,IMU,736.82,207.03,-662.60,6.89,25.31,-26.05,-33.45,11.70,-53.40,23.1
2026/05/04 21:58:25.92,IMU,639.65,134.28,-748.54,16.11,-14.02,-8.04,-37.65,8.85,-49.95,22.9
2026/05/04 21:58:26.02,IMU,682.13,141.60,-704.59,19.10,13.17,-11.05,-31.95,11.25,-53.70,23.1
2026/05/04 21:58:26.12,IMU,687.99,126.46,-714.36,14.26,17.85,-17.21,-33.00,10.50,-53.40,22.8
2026/05/04 21:58:26.23,IMU,724.61,132.81,-689.45,10.44,0.25,-5.27,-35.55,9.75,-52.95,23.1
2026/05/04 21:58:26.33,IMU,717.29,106.45,-689.45,9.53,5.10,-10.04,-35.55,9.45,-53.40,23.0
2026/05/04 21:58:26.43,IMU,763.67,111.33,-650.88,0.87,11.20,-11.18,-36.00,8.70,-52.20,22.9
2026/05/04 21:58:26.53,IMU,748.54,122.56,-675.29,0.92,0.27,-1.76,-35.40,8.85,-51.30,23.3
2026/05/04 21:58:26.63,IMU,732.91,137.70,-678.71,-3.23,-1.98,0.95,-36.00,8.25,-51.15,23.1
2026/05/04 21:58:26.73,IMU,718.75,109.37,-700.68,3.73,-1.70,8.85,-36.90,8.85,-51.30,23.1
2026/05/04 21:58:26.83,IMU,748.54,116.21,-692.87,4.57,-1.79,8.89,-36.15,8.10,-52.05,23.1
2026/05/04 21:58:26.94,IMU,755.37,96.19,-721.68,3.70,-0.27,10.41,-39.45,4.65,-47.70,23.1
2026/05/04 21:58:27.04,IMU,713.38,56.64,-669.43,6.12,1.44,11.32,-34.50,8.25,-52.65,23.2
2026/05/04 21:58:27.14,IMU,708.50,13.18,-681.15,4.85,-1.46,6.69,-34.35,4.65,-52.80,23.3
2026/05/04 21:58:27.24,IMU,738.28,60.55,-745.12,-0.71,4.04,-2.24,-33.90,5.85,-52.05,23.3
2026/05/04 21:58:27.34,IMU,720.21,52.25,-760.25,0.50,-1.38,-1.34,-33.75,6.75,-51.90,23.3
2026/05/04 21:58:27.44,IMU,714.84,29.79,-690.43,-0.92,-6.76,1.23,-34.35,7.35,-52.50,23.3
2026/05/04 21:58:27.54,IMU,725.10,43.95,-713.87,5.97,2.79,-1.33,-34.95,4.80,-51.90,23.0
2026/05/04 21:58:27.64,IMU,722.17,26.86,-671.88,6.08,-0.64,1.45,-34.50,4.80,-51.90,23.3
2026/05/04 21:58:27.74,IMU,715.82,41.02,-679.20,3.80,3.42,-5.92,-33.45,4.80,-50.40,23.1
2026/05/04 21:58:27.84,IMU,716.31,21.97,-690.43,8.78,-1.46,-3.78,-35.25,3.30,-51.60,23.1
2026/05/04 21:58:27.98,IMU,743.65,27.83,-673.83,2.68,-0.62,-2.09,-37.50,1.80,-48.00,22.9
2026/05/04 21:58:28.08,IMU,734.86,9.28,-688.48,3.89,-3.30,3.68,-34.95,4.80,-50.10,23.1
2026/05/04 21:58:28.18,IMU,733.40,17.09,-701.17,3.06,-1.34,-3.21,-34.95,4.05,-50.40,23.1
2026/05/04 21:58:28.28,IMU,719.73,28.81,-707.52,-2.47,-4.88,-0.31,-34.35,5.10,-50.25,23.2
2026/05/04 21:58:28.38,IMU,726.56,9.77,-715.33,-1.09,0.30,-5.66,-33.00,3.75,-49.80,23.3
2026/05/04 21:58:28.48,IMU,725.10,3.42,-710.45,3.71,-1.66,-4.89,-34.20,5.25,-50.85,23.4
2026/05/04 21:58:28.58,IMU,713.87,5.37,-703.61,2.87,5.27,0.64,-33.75,4.80,-50.85,23.3
2026/05/04 21:58:28.68,IMU,721.19,27.83,-703.13,4.51,2.70,4.86,-34.20,3.30,-50.85,23.3
2026/05/04 21:58:28.78,IMU,712.89,4.88,-697.27,4.09,2.11,-0.40,-35.25,4.05,-50.10,23.1
2026/05/04 21:58:28.88,IMU,714.84,-40.53,-693.85,-0.46,1.60,-4.51,-33.60,3.60,-51.75,23.3
2026/05/04 21:58:28.98,IMU,740.72,14.16,-703.61,-0.65,1.92,1.98,-35.10,2.70,-51.30,23.1
2026/05/04 21:58:29.10,IMU,736.33,0.49,-672.36,-2.76,7.19,4.17,-35.10,1.65,-50.25,23.3
2026/05/04 21:58:29.20,IMU,723.63,-7.81,-690.92,-5.79,-1.63,3.85,-35.25,3.00,-50.85,23.4
2026/05/04 21:58:29.30,IMU,743.65,4.88,-661.13,-6.73,9.16,-3.60,-36.90,2.70,-48.90,23.1
2026/05/04 21:58:29.41,IMU,841.31,59.57,-562.01,-10.51,23.97,-6.08,-36.15,4.35,-50.25,23.4
2026/05/04 21:58:29.51,IMU,846.19,-5.37,-627.93,-4.98,5.26,10.48,-36.15,3.60,-49.50,23.3
2026/05/04 21:58:29.61,IMU,718.26,-6.84,-718.26,-0.37,-11.08,27.27,-36.90,4.35,-51.00,23.5
2026/05/04 21:58:29.72,IMU,671.88,57.62,-703.61,-0.44,-14.20,-0.84,-33.90,3.60,-50.70,23.1
2026/05/04 21:58:29.82,IMU,700.20,9.77,-687.50,-2.49,-19.05,-2.58,-33.00,4.05,-50.40,23.2
2026/05/04 21:58:29.92,IMU,705.08,5.37,-723.14,-8.46,2.98,-0.01,-32.25,4.05,-51.60,23.2
2026/05/04 21:58:30.05,IMU,640.14,-19.04,-758.30,-6.94,2.17,-7.21,-34.95,3.75,-49.05,23.6
2026/05/04 21:58:30.15,IMU,716.80,84.47,-774.90,-7.58,7.13,-15.14,-31.20,7.20,-51.90,23.1
2026/05/04 21:58:30.25,IMU,739.26,88.38,-695.80,1.37,-8.85,6.98,-33.75,8.25,-51.90,23.3
2026/05/04 21:58:30.35,IMU,696.29,59.57,-729.49,1.98,-3.66,-1.67,-33.45,6.45,-52.95,23.2
2026/05/04 21:58:30.45,IMU,729.98,112.79,-669.43,2.73,-0.67,5.69,-33.75,7.50,-51.60,23.4
2026/05/04 21:58:30.57,IMU,700.68,55.18,-746.09,2.99,-0.41,4.21,-34.35,8.10,-52.05,23.6
2026/05/04 21:58:30.67,IMU,708.98,66.41,-677.73,4.11,-2.79,2.82,-33.00,6.75,-51.90,23.2
2026/05/04 21:58:30.77,IMU,706.05,52.73,-684.57,1.02,-8.11,2.61,-35.40,6.90,-51.00,23.5
2026/05/04 21:58:30.87,IMU,705.57,53.22,-752.44,1.07,0.91,1.76,-32.70,5.55,-53.70,23.1
2026/05/04 21:58:30.97,IMU,717.77,40.04,-721.68,2.05,-0.92,2.22,-33.75,4.80,-52.65,23.3
2026/05/04 21:58:31.07,IMU,698.73,37.60,-712.89,2.43,2.34,0.31,-36.90,3.15,-48.45,23.3
2026/05/04 21:58:31.17,IMU,706.05,25.88,-734.38,-0.61,2.97,-5.95,-36.60,4.35,-49.50,23.3
2026/05/04 21:58:31.27,IMU,742.68,100.10,-696.29,1.35,12.41,-5.10,-34.65,5.10,-51.30,23.1
2026/05/04 21:58:31.37,IMU,684.57,35.64,-688.96,-0.17,7.65,-6.37,-34.35,6.60,-52.50,23.3
2026/05/04 21:58:31.47,IMU,716.80,47.85,-691.89,-0.96,2.84,-6.63,-35.55,5.55,-50.40,23.3
2026/05/04 21:58:31.57,IMU,728.52,53.22,-683.11,4.33,-1.85,-0.73,-33.45,6.00,-51.60,23.4
2026/05/04 21:58:31.70,IMU,737.79,63.48,-691.89,2.11,4.72,0.83,-34.50,4.80,-51.15,23.4
2026/05/04 21:58:31.80,IMU,700.20,1.46,-741.21,2.66,-16.15,-3.24,-33.45,6.00,-52.95,23.2
2026/05/04 21:58:31.90,IMU,723.63,57.13,-749.51,-8.29,6.12,-2.02,-33.45,6.45,-51.60,23.2
2026/05/04 21:58:32.00,IMU,739.26,36.62,-650.88,11.32,-5.08,6.66,-32.25,5.25,-51.60,23.4
2026/05/04 21:58:32.10,IMU,709.96,15.14,-669.92,3.18,-5.36,24.00,-36.30,1.50,-46.80,23.3
2026/05/04 21:58:32.20,IMU,716.80,21.97,-705.57,-9.79,-31.22,14.48,-30.30,4.35,-52.05,23.4
2026/05/04 21:58:32.30,IMU,584.47,-0.98,-810.06,-19.62,-8.64,12.24,-28.95,4.05,-52.95,23.3
2026/05/04 21:58:32.40,IMU,625.00,19.04,-699.22,-9.86,17.31,-0.45,-29.25,5.40,-54.60,23.5
2026/05/04 21:58:32.50,IMU,612.30,19.53,-805.18,1.93,-11.32,3.64,-27.90,7.95,-54.00,23.4
2026/05/04 21:58:32.60,IMU,672.36,64.45,-768.07,4.77,6.01,1.60,-31.20,5.55,-52.65,23.1
2026/05/04 21:58:32.70,IMU,606.93,1.95,-801.27,6.42,-18.44,-11.13,-29.25,6.90,-53.55,23.1
2026/05/04 21:58:32.80,IMU,604.98,-26.37,-833.01,3.02,-14.23,-0.84,-27.90,6.75,-53.40,23.3
2026/05/04 21:58:32.90,IMU,501.95,-21.97,-905.76,-6.98,-1.06,-48.27,-27.45,6.45,-52.95,23.2
2026/05/04 21:58:33.00,IMU,659.18,208.98,-774.41,-18.41,10.60,-12.10,-31.35,9.30,-54.90,23.3
2026/05/04 21:58:33.11,IMU,546.39,15.63,-921.39,0.63,13.94,7.21,-31.20,5.55,-50.10,23.3
2026/05/04 21:58:33.21,IMU,649.41,87.40,-748.54,1.56,31.18,1.21,-29.55,7.65,-53.55,23.4
2026/05/04 21:58:33.31,IMU,607.42,20.02,-799.80,14.05,5.79,-4.61,-29.25,9.30,-53.10,23.3
2026/05/04 21:58:33.41,IMU,496.58,-126.95,-828.61,-4.14,77.40,-17.60,-31.50,6.45,-54.00,23.3
2026/05/04 21:58:33.51,IMU,664.06,40.53,-753.91,1.21,5.44,-11.40,-31.35,5.85,-53.10,23.3
2026/05/04 21:58:33.61,IMU,678.71,102.05,-776.86,5.54,9.02,-3.30,-33.30,8.10,-52.50,23.4
2026/05/04 21:58:33.72,IMU,696.29,75.68,-702.64,10.71,-5.23,-0.66,-34.35,7.65,-52.05,23.3
2026/05/04 21:58:33.82,IMU,678.71,68.36,-718.75,2.69,-3.34,-11.02,-33.00,5.25,-51.90,23.4
2026/05/04 21:58:33.92,IMU,716.31,69.34,-725.10,4.76,2.31,4.50,-32.55,6.15,-52.50,23.3
2026/05/04 21:58:34.02,IMU,708.98,25.88,-682.62,3.97,-0.89,4.82,-34.35,2.70,-51.30,23.3
2026/05/04 21:58:34.13,IMU,713.87,80.57,-712.89,-0.10,-0.21,-2.12,-37.80,3.75,-47.25,23.4
2026/05/04 21:58:34.23,IMU,666.99,65.43,-714.36,2.67,-4.46,-4.17,-33.60,5.85,-51.75,23.3
2026/05/04 21:58:34.33,IMU,663.57,71.29,-771.97,2.33,-10.64,-2.42,-35.10,5.85,-51.30,23.3
2026/05/04 21:58:34.43,IMU,617.19,-18.55,-741.21,4.64,7.15,-22.63,-35.40,6.15,-51.30,23.3
2026/05/04 21:58:34.53,IMU,682.13,65.43,-773.44,1.76,3.37,0.30,-33.60,6.90,-52.50,23.4
2026/05/04 21:58:34.63,IMU,695.80,107.42,-728.03,-4.37,-2.63,-1.21,-39.15,5.40,-48.90,23.3
2026/05/04 21:58:34.73,IMU,724.12,99.12,-700.20,-4.98,11.91,-4.63,-35.10,5.40,-51.00,23.3
2026/05/04 21:58:34.83,IMU,685.55,83.01,-697.27,-0.81,7.88,-7.01,-33.75,5.55,-51.90,23.3
2026/05/04 21:58:34.93,IMU,706.54,94.24,-702.15,-0.83,2.90,-2.11,-36.75,5.55,-51.15,22.9
2026/05/04 21:58:35.03,IMU,729.00,120.61,-686.52,-2.46,0.08,4.52,-36.15,6.15,-50.25,23.2
2026/05/04 21:58:35.15,IMU,654.30,96.19,-714.84,-3.34,-2.33,3.00,-37.50,4.05,-48.60,23.3
2026/05/04 21:58:35.25,IMU,658.69,36.13,-800.29,-13.37,-16.35,-16.72,-35.25,8.25,-52.20,23.3
2026/05/04 21:58:35.35,IMU,702.64,65.92,-772.46,3.47,-2.23,7.48,-34.20,7.20,-52.20,23.2
2026/05/04 21:58:35.45,IMU,709.96,109.86,-727.05,2.20,-2.13,11.80,-34.50,7.20,-52.20,23.3
2026/05/04 21:58:35.55,IMU,664.06,111.33,-691.89,-2.73,-3.89,10.21,-33.75,6.00,-52.20,23.4
2026/05/04 21:58:35.65,IMU,612.79,40.04,-781.74,-12.03,-15.43,15.82,-31.05,5.10,-53.85,23.1
2026/05/04 21:58:35.77,IMU,667.97,60.06,-820.31,-8.60,-0.18,14.09,-29.85,6.15,-53.85,23.4
2026/05/04 21:58:35.87,IMU,638.67,-37.60,-691.41,-25.50,29.53,-5.53,-30.60,6.90,-52.80,23.3
2026/05/04 21:58:35.97,IMU,669.92,34.18,-780.27,-6.09,-14.26,14.16,-31.35,7.35,-53.10,23.1
2026/05/04 21:58:36.07,IMU,669.92,50.78,-743.16,0.19,-6.11,9.67,-32.25,7.95,-52.95,23.2
2026/05/04 21:58:36.17,IMU,670.90,47.85,-775.88,-5.54,-11.29,3.69,-33.45,7.50,-51.15,23.1
2026/05/04 21:58:36.27,IMU,669.43,31.74,-783.20,-1.24,-5.53,3.44,-29.55,8.10,-53.85,22.9
2026/05/04 21:58:36.37,IMU,692.38,82.03,-733.40,3.66,-6.56,5.19,-28.80,6.90,-54.60,23.0
2026/05/04 21:58:36.47,IMU,652.83,45.41,-726.07,3.39,-8.46,-1.33,-29.70,7.20,-55.50,23.4
2026/05/04 21:58:36.57,IMU,639.16,39.55,-784.18,-6.78,-0.50,-3.60,-28.05,7.65,-54.90,23.3
2026/05/04 21:58:36.67,IMU,646.97,26.86,-779.30,-2.25,-3.02,0.87,-29.25,7.65,-54.90,23.3
2026/05/04 21:58:36.77,IMU,631.84,51.76,-805.66,-2.95,-10.18,1.87,-28.05,9.30,-54.60,23.4
2026/05/04 21:58:36.90,IMU,644.53,54.69,-744.63,1.89,-4.51,1.85,-27.30,8.85,-54.60,23.2
2026/05/04 21:58:37.00,IMU,636.23,56.15,-794.92,-3.23,-6.34,5.47,-26.85,9.75,-55.50,23.1
2026/05/04 21:58:37.09,IMU,610.35,49.32,-815.43,0.76,-9.71,7.59,-26.85,9.00,-54.45,23.1
2026/05/04 21:58:37.21,IMU,599.12,53.22,-831.05,0.19,2.87,-5.21,-28.50,7.35,-53.10,23.1
2026/05/04 21:58:37.31,IMU,603.03,57.13,-817.38,1.73,-0.31,-0.73,-25.80,10.35,-55.65,23.2
2026/05/04 21:58:37.41,IMU,610.35,22.46,-790.04,2.64,1.14,-3.98,-25.35,9.45,-55.50,23.4
2026/05/04 21:58:37.52,IMU,601.56,58.11,-794.92,2.76,-5.62,4.05,-25.65,8.25,-53.70,23.1
2026/05/04 21:58:37.62,IMU,619.63,52.73,-829.59,-6.54,2.41,-4.75,-25.50,10.05,-56.40,23.1
2026/05/04 21:58:37.72,IMU,603.03,68.36,-824.71,-8.04,7.40,-9.00,-26.25,7.35,-54.30,23.1
2026/05/04 21:58:37.82,IMU,584.47,68.36,-823.24,6.53,3.31,-4.45,-29.85,6.90,-51.00,23.3
2026/05/04 21:58:37.92,IMU,583.01,34.18,-847.17,7.84,2.49,-2.76,-24.90,7.50,-54.45,23.3
2026/05/04 21:58:38.02,IMU,639.65,46.39,-824.22,3.88,8.18,0.52,-27.15,9.45,-54.75,23.3
2026/05/04 21:58:38.12,IMU,632.81,37.11,-773.44,6.55,-2.05,3.88,-26.85,9.00,-53.70,23.3
2026/05/04 21:58:38.22,IMU,613.77,12.21,-795.41,5.44,-8.11,4.30,-30.30,6.15,-52.05,23.3
2026/05/04 21:58:38.32,IMU,635.25,13.67,-805.66,3.34,3.75,-2.06,-27.45,7.95,-54.75,23.3
2026/05/04 21:58:38.42,IMU,648.44,35.16,-803.71,6.54,-4.73,5.91,-28.50,6.60,-54.60,23.4
2026/05/04 21:58:38.52,IMU,632.81,17.58,-762.70,2.02,1.98,-3.82,-28.65,7.95,-54.45,23.1
2026/05/04 21:58:38.62,IMU,624.51,0.98,-800.29,1.53,1.62,-4.95,-27.90,6.45,-55.20,23.1
2026/05/04 21:58:38.72,IMU,645.02,23.44,-792.48,-0.88,2.13,-6.85,-28.05,6.90,-54.90,23.3
2026/05/04 21:58:38.82,IMU,640.63,21.48,-771.97,3.63,18.90,-5.99,-29.25,7.65,-54.60,23.2
2026/05/04 21:58:38.95,IMU,678.22,27.83,-768.55,-1.37,7.70,5.93,-28.65,8.25,-53.70,23.1
2026/05/04 21:58:39.05,IMU,668.95,35.64,-753.91,2.75,3.51,0.54,-29.40,6.75,-53.70,23.1
2026/05/04 21:58:39.15,IMU,657.23,34.18,-677.73,3.37,13.15,6.25,-29.85,6.60,-53.55,23.2
2026/05/04 21:58:39.25,IMU,664.06,55.18,-707.52,-0.58,14.34,5.17,-31.05,6.15,-52.50,23.1
2026/05/04 21:58:39.35,IMU,624.51,-26.37,-732.42,-2.11,-2.78,5.54,-31.80,6.90,-53.85,22.9
2026/05/04 21:58:39.45,IMU,678.22,63.48,-765.14,-1.88,17.27,6.75,-32.10,6.90,-53.85,23.1
2026/05/04 21:58:39.55,IMU,730.96,-53.22,-696.29,-9.54,3.97,-7.72,-31.95,7.20,-52.20,23.2
2026/05/04 21:58:39.65,IMU,832.52,65.43,-696.78,1.88,-9.24,17.14,-31.20,6.75,-52.65,23.1
2026/05/04 21:58:39.75,IMU,703.61,80.57,-722.17,-2.49,1.95,5.24,-30.60,7.65,-54.90,23.1
2026/05/04 21:58:39.85,IMU,658.69,61.52,-713.38,-10.36,13.27,-4.49,-35.10,5.40,-48.45,23.1
2026/05/04 21:58:39.95,IMU,630.37,-1.95,-798.83,-3.38,16.82,-11.94,-30.60,8.10,-53.55,23.2
2026/05/04 21:58:40.05,IMU,765.63,16.60,-713.87,6.38,5.74,-9.55,-31.95,7.95,-53.40,22.9
2026/05/04 21:58:40.15,IMU,719.73,-2.93,-688.48,20.39,-8.27,2.03,-31.35,6.60,-52.50,23.2
2026/05/04 21:58:40.25,IMU,685.06,-23.93,-731.93,7.50,6.27,-10.82,-34.35,3.90,-49.20,23.3
2026/05/04 21:58:40.35,IMU,784.18,92.77,-695.31,0.95,17.75,-3.67,-33.45,5.25,-52.65,23.2
2026/05/04 21:58:40.45,IMU,693.85,-23.44,-649.90,2.06,-6.89,-4.58,-32.70,6.00,-51.90,23.1
2026/05/04 21:58:40.55,IMU,722.17,3.91,-747.56,-6.15,-14.77,-1.72,-32.55,5.85,-52.05,23.3
2026/05/04 21:58:40.65,IMU,702.15,28.81,-727.54,3.01,11.69,-13.96,-31.80,5.10,-52.05,23.1
2026/05/04 21:58:40.75,IMU,716.80,71.78,-689.45,4.09,11.57,-6.18,-32.55,5.10,-52.80,23.1
2026/05/04 21:58:40.85,IMU,675.29,-29.30,-721.68,2.24,-15.49,5.37,-31.95,4.80,-52.95,23.3
2026/05/04 21:58:40.98,IMU,705.57,52.25,-740.23,3.82,-3.58,4.39,-33.30,6.60,-52.05,23.1
2026/05/04 21:58:41.08,IMU,704.59,21.00,-740.72,2.92,-1.37,11.92,-33.45,5.25,-52.65,23.1
2026/05/04 21:58:41.18,IMU,687.50,27.34,-750.49,-0.98,-5.32,4.09,-31.50,5.25,-52.95,23.2
2026/05/04 21:58:41.28,IMU,671.88,21.48,-731.45,0.64,-4.04,8.44,-35.25,2.55,-47.55,23.1
2026/05/04 21:58:41.38,IMU,675.29,-10.25,-699.22,-2.96,-7.81,10.61,-30.30,5.85,-52.80,23.1
2026/05/04 21:58:41.48,IMU,655.27,-21.00,-769.04,-5.48,-5.99,7.04,-30.15,6.00,-51.60,23.2
2026/05/04 21:58:41.59,IMU,678.22,40.04,-723.14,-6.27,21.05,10.63,-29.85,5.10,-52.80,23.2
2026/05/04 21:58:41.69,IMU,666.02,-18.55,-712.89,1.55,-7.34,8.84,-31.50,6.75,-54.00,23.6
2026/05/04 21:58:41.79,IMU,708.98,46.39,-697.75,-1.81,-6.50,7.05,-30.90,7.20,-52.20,23.2
2026/05/04 21:58:41.89,IMU,648.44,11.23,-720.21,-8.04,10.56,1.78,-30.45,7.20,-54.75,23.1
2026/05/04 21:58:41.99,IMU,668.95,36.13,-736.33,-3.14,7.60,-2.76,-30.60,8.10,-54.30,23.2
2026/05/04 21:58:42.09,IMU,715.33,31.25,-674.32,-2.46,11.60,1.56,-32.25,7.95,-53.40,23.3
2026/05/04 21:58:42.19,IMU,742.68,-11.72,-659.67,-0.83,5.60,10.15,-35.10,5.85,-51.00,23.5
2026/05/04 21:58:42.30,IMU,714.84,9.28,-758.79,-6.76,-4.93,3.57,-37.05,5.55,-48.60,23.2
2026/05/04 21:58:42.40,IMU,683.59,40.53,-716.80,-11.24,-1.20,-15.79,-31.35,8.10,-53.85,23.2
2026/05/04 21:58:42.50,IMU,724.12,31.74,-739.26,-1.56,-7.79,-7.25,-32.10,8.40,-53.10,22.9
2026/05/04 21:58:42.60,IMU,742.19,19.04,-673.83,3.31,2.75,3.82,-32.55,9.60,-53.85,23.3
2026/05/04 21:58:42.71,IMU,679.20,22.46,-774.41,-3.03,-6.50,-3.10,-31.95,10.20,-53.70,23.3
2026/05/04 21:58:42.81,IMU,696.29,102.05,-711.91,1.62,2.27,1.11,-31.20,9.75,-54.45,23.3
2026/05/04 21:58:42.91,IMU,702.15,51.76,-719.24,1.82,3.93,-6.51,-33.30,11.10,-55.35,23.4
2026/05/04 21:58:43.01,IMU,702.64,47.85,-708.50,5.18,4.76,-8.41,-30.60,8.85,-54.30,23.6
2026/05/04 21:58:43.11,IMU,701.17,36.13,-686.52,-2.49,11.84,-5.81,-32.55,9.30,-54.60,23.3
2026/05/04 21:58:43.21,IMU,818.36,147.46,-583.50,-8.83,7.40,-2.64,-34.95,8.70,-53.70,23.5
2026/05/04 21:58:43.32,IMU,688.96,33.69,-770.02,-0.31,11.11,-0.96,-37.05,8.25,-49.05,23.3
2026/05/04 21:58:43.42,IMU,790.53,101.56,-636.23,1.81,22.63,-1.91,-33.30,9.60,-53.55,23.3
2026/05/04 21:58:43.52,IMU,803.22,100.59,-639.65,-8.27,2.37,-5.06,-35.25,10.95,-52.65,23.1
2026/05/04 21:58:43.62,IMU,735.84,82.03,-684.08,-6.79,-0.40,4.04,-36.90,9.60,-51.30,23.6
2026/05/04 21:58:43.72,IMU,704.10,62.99,-710.45,-8.75,-13.49,5.22,-32.70,10.95,-53.70,23.4
2026/05/04 21:58:43.82,IMU,696.78,75.20,-742.68,-7.96,-3.78,-4.39,-33.00,11.25,-53.70,23.3
2026/05/04 21:58:43.92,IMU,742.19,113.77,-726.07,-0.69,-7.04,-1.33,-33.75,10.50,-54.75,23.3
2026/05/04 21:58:44.02,IMU,708.01,90.33,-706.54,7.76,-8.42,5.15,-32.70,12.15,-53.70,23.3
2026/05/04 21:58:44.15,IMU,700.20,65.92,-687.01,10.92,7.87,5.15,-32.10,11.85,-56.10,23.1
2026/05/04 21:58:44.25,IMU,737.30,53.22,-684.08,9.17,0.67,6.82,-33.00,9.75,-53.40,23.1
2026/05/04 21:58:44.35,IMU,730.96,65.43,-671.88,1.63,-2.63,-1.20,-34.95,7.95,-50.85,23.3
2026/05/04 21:58:44.45,IMU,750.98,72.27,-670.41,1.17,3.97,0.12,-35.55,6.00,-48.00,23.1
2026/05/04 21:58:44.55,IMU,730.47,61.04,-722.17,1.77,-5.92,-2.28,-32.70,9.45,-52.95,23.3
2026/05/04 21:58:44.65,IMU,747.07,68.36,-700.68,0.73,-4.79,2.02,-32.85,9.60,-52.80,23.1
2026/05/04 21:58:44.75,IMU,702.15,62.01,-714.84,-0.40,3.15,-0.19,-32.85,9.60,-53.55,23.3
2026/05/04 21:58:44.85,IMU,740.72,55.18,-674.32,1.90,-1.30,-0.88,-33.45,10.20,-54.45,23.3
2026/05/04 21:58:44.95,IMU,709.96,26.86,-708.01,5.28,-10.57,4.65,-32.85,8.40,-54.60,23.4
2026/05/04 21:58:45.05,IMU,727.05,65.92,-694.82,3.12,7.67,-2.90,-33.30,10.05,-54.30,23.1
2026/05/04 21:58:45.15,IMU,713.38,59.57,-660.16,2.77,-1.27,0.69,-32.70,9.00,-52.20,23.4
2026/05/04 21:58:45.25,IMU,715.33,14.65,-662.60,-2.44,-5.82,-11.05,-34.50,10.95,-53.40,23.3
2026/05/04 21:58:45.35,IMU,729.49,29.30,-748.05,-1.26,-21.80,-5.33,-36.30,8.70,-48.60,23.3
2026/05/04 21:58:45.45,IMU,722.17,106.45,-744.63,-6.75,-10.93,-3.26,-32.85,11.55,-54.60,23.4
2026/05/04 21:58:45.58,IMU,691.89,174.80,-695.80,-6.47,4.52,-0.58,-31.95,10.95,-54.60,23.6
2026/05/04 21:58:45.68,IMU,659.18,42.97,-684.57,4.56,14.91,9.10,-32.25,10.35,-54.90,23.0
2026/05/04 21:58:45.78,IMU,721.68,133.30,-644.53,-1.96,32.69,8.74,-32.25,10.50,-53.40,23.4
2026/05/04 21:58:45.88,IMU,737.79,106.45,-757.32,-18.73,11.48,-3.76,-36.15,10.35,-50.70,23.6
2026/05/04 21:58:45.98,IMU,764.16,107.42,-726.56,-7.95,-0.92,-5.47,-34.95,12.15,-54.00,23.6
2026/05/04 21:58:46.08,IMU,776.37,162.11,-705.57,-2.15,10.30,7.75,-34.35,12.15,-54.75,23.5
2026/05/04 21:58:46.18,IMU,735.35,125.49,-627.44,0.14,7.50,15.17,-34.50,12.15,-54.00,23.3
2026/05/04 21:58:46.28,IMU,756.84,89.84,-630.86,-5.32,11.25,3.43,-35.40,11.55,-53.55,23.3
2026/05/04 21:58:46.38,IMU,792.48,36.13,-626.46,-5.49,0.76,8.08,-39.15,8.40,-49.50,23.6
2026/05/04 21:58:46.48,IMU,790.04,46.39,-585.94,-8.53,8.44,4.80,-35.10,12.30,-53.85,23.6
2026/05/04 21:58:46.58,IMU,811.52,116.21,-583.01,-18.29,0.14,-2.40,-35.55,12.45,-54.75,23.7
2026/05/04 21:58:46.70,IMU,792.97,13.67,-664.55,-8.54,-3.53,4.53,-34.50,15.15,-54.45,23.5
2026/05/04 21:58:46.80,IMU,757.81,97.66,-628.42,-2.72,-8.69,-1.41,-36.60,14.10,-54.30,23.4
2026/05/04 21:58:46.90,IMU,778.32,121.09,-616.21,-3.16,-4.73,2.89,-34.95,14.70,-55.20,23.6
2026/05/04 21:58:47.01,IMU,789.06,64.94,-669.92,-5.08,7.56,-8.51,-33.90,14.55,-55.65,23.6
2026/05/04 21:58:47.11,IMU,724.61,146.00,-647.95,-3.67,-5.08,3.34,-34.20,14.70,-54.45,23.3
2026/05/04 21:58:47.21,IMU,762.70,62.01,-661.13,-2.15,2.61,-5.27,-34.35,15.30,-54.60,23.6
2026/05/04 21:58:47.31,IMU,783.69,117.68,-667.97,4.92,6.66,-5.42,-38.55,14.70,-50.10,23.3
2026/05/04 21:58:47.41,IMU,725.10,93.26,-623.54,2.10,-6.94,-2.47,-36.75,13.95,-52.95,23.3
2026/05/04 21:58:47.51,IMU,662.11,204.59,-714.84,7.95,2.79,-1.29,-33.60,14.85,-53.85,23.5
2026/05/04 21:58:47.61,IMU,833.01,139.16,-555.18,12.35,22.69,-29.26,-33.45,15.15,-54.45,23.4
2026/05/04 21:58:47.71,IMU,811.04,80.57,-625.98,0.66,-11.71,-19.63,-33.00,15.45,-54.75,23.6
2026/05/04 21:58:47.81,IMU,738.77,85.94,-594.73,11.88,-16.21,10.36,-33.45,14.70,-55.50,23.4
2026/05/04 21:58:47.91,IMU,728.52,142.58,-615.72,6.28,-14.87,8.97,-33.00,14.40,-54.00,23.3
2026/05/04 21:58:48.01,IMU,679.20,151.86,-619.63,8.67,-27.32,1.78,-33.60,13.80,-54.30,23.6
2026/05/04 21:58:48.14,IMU,729.00,185.55,-654.30,-3.79,-7.21,-14.26,-32.70,15.15,-54.75,23.4
2026/05/04 21:58:48.24,IMU,739.75,212.89,-697.75,-12.05,-1.53,-14.39,-33.90,15.75,-55.35,23.5
2026/05/04 21:58:48.34,IMU,658.69,162.11,-718.75,0.34,-13.28,-4.20,-32.85,15.75,-56.40,23.4
2026/05/04 21:58:48.44,IMU,718.26,167.48,-720.21,-1.56,-17.67,-4.93,-30.15,16.95,-55.50,23.6
2026/05/04 21:58:48.54,IMU,680.66,142.58,-764.16,12.21,-11.12,6.73,-31.05,18.30,-55.35,23.6
2026/05/04 21:58:48.64,IMU,665.04,259.77,-852.05,19.73,-36.76,22.83,-29.25,16.50,-56.10,23.3
2026/05/04 21:58:48.74,IMU,590.82,179.20,-670.41,17.38,-24.39,5.60,-29.70,13.65,-55.50,23.5
2026/05/04 21:58:48.84,IMU,584.47,105.96,-746.58,20.52,12.85,6.04,-27.75,13.05,-56.40,23.3
2026/05/04 21:58:48.94,IMU,583.01,-37.11,-791.99,5.61,-6.64,-12.74,-28.80,11.85,-55.65,23.6
2026/05/04 21:58:49.04,IMU,601.07,42.97,-708.98,10.98,-11.18,-12.69,-30.45,12.45,-54.75,23.4
2026/05/04 21:58:49.14,IMU,630.37,90.33,-782.23,8.21,-11.48,-2.21,-29.55,11.10,-54.30,23.6
2026/05/04 21:58:49.24,IMU,686.52,125.00,-917.97,-18.28,-23.43,-18.38,-28.65,10.95,-54.45,23.6
2026/05/04 21:58:49.34,IMU,637.21,79.59,-873.05,-17.28,18.56,-6.71,-30.30,11.85,-54.30,23.8
2026/05/04 21:58:49.44,IMU,693.85,102.54,-785.64,-15.34,7.73,14.68,-32.85,11.85,-51.30,23.5
2026/05/04 21:58:49.57,IMU,674.32,156.25,-818.36,-18.64,-0.50,23.34,-32.10,13.80,-56.40,23.8
2026/05/04 21:58:49.67,IMU,681.15,107.91,-682.13,-12.03,-2.17,26.34,-31.95,14.70,-55.20,23.6
2026/05/04 21:58:49.77,IMU,707.52,178.22,-654.30,-27.69,3.11,21.37,-30.90,16.95,-55.20,23.4
2026/05/04 21:58:49.87,IMU,671.88,162.11,-685.06,-17.29,-3.79,22.73,-31.35,18.00,-55.35,23.6
2026/05/04 21:58:49.97,IMU,734.38,160.16,-667.48,-14.78,4.24,12.21,-30.90,19.35,-55.20,23.7
2026/05/04 21:58:50.07,IMU,748.54,137.70,-671.88,-8.22,1.98,10.35,-31.05,19.50,-54.90,23.8
2026/05/04 21:58:50.17,IMU,733.89,185.06,-641.60,-5.66,5.98,16.39,-35.40,18.00,-49.50,23.4
2026/05/04 21:58:50.27,IMU,729.98,149.41,-655.76,-3.74,5.56,6.71,-31.20,21.60,-56.25,23.4
2026/05/04 21:58:50.37,IMU,765.63,136.72,-639.16,-2.53,5.74,6.07,-31.20,20.10,-55.80,23.4
2026/05/04 21:58:50.47,IMU,780.76,124.51,-644.04,0.93,1.89,5.44,-34.95,20.40,-52.65,23.5
2026/05/04 21:58:50.57,IMU,764.65,119.63,-612.79,-1.50,11.99,1.36,-31.80,20.25,-55.65,23.6
2026/05/04 21:58:50.70,IMU,741.70,109.86,-643.55,-2.76,-8.01,2.65,-31.50,20.85,-55.50,23.7
2026/05/04 21:58:50.80,IMU,792.97,155.27,-637.70,-0.22,1.24,2.26,-33.60,21.00,-55.65,23.6
2026/05/04 21:58:50.90,IMU,789.06,113.77,-637.70,5.07,-1.33,4.54,-34.50,20.40,-55.20,23.6
2026/05/04 21:58:51.00,IMU,766.60,93.26,-636.23,0.74,0.69,3.03,-31.80,20.25,-55.65,23.4
2026/05/04 21:58:51.10,IMU,773.93,94.73,-647.95,2.69,2.20,1.60,-32.55,20.25,-55.65,23.6
2026/05/04 21:58:51.20,IMU,797.85,120.12,-639.16,1.56,10.65,1.77,-33.30,20.25,-54.90,23.5
2026/05/04 21:58:51.30,IMU,749.02,134.28,-606.45,4.87,-0.81,9.78,-33.00,18.90,-54.00,23.6
2026/05/04 21:58:51.40,IMU,747.56,63.96,-637.21,-0.87,-10.04,1.76,-33.30,20.25,-55.35,23.6
2026/05/04 21:58:51.50,IMU,811.04,99.12,-607.42,0.41,-1.29,-2.29,-33.00,20.40,-55.80,23.6
2026/05/04 21:58:51.60,IMU,764.65,137.70,-633.79,4.05,-12.16,5.84,-36.00,17.70,-53.40,23.4
2026/05/04 21:58:51.70,IMU,735.35,75.68,-571.29,-4.59,5.73,0.98,-33.60,19.50,-55.65,23.6
2026/05/04 21:58:51.80,IMU,762.21,117.19,-644.53,-6.85,-0.11,-10.98,-33.75,20.40,-54.45,23.6
2026/05/04 21:58:51.90,IMU,793.95,145.02,-628.91,-4.48,4.20,-8.76,-32.85,20.25,-54.90,23.8
2026/05/04 21:58:52.00,IMU,770.02,137.21,-649.41,-1.00,2.88,0.33,-34.35,22.95,-55.35,23.6
2026/05/04 21:58:52.14,IMU,763.67,130.86,-614.26,1.63,-0.79,-0.62,-33.60,22.20,-53.10,23.4
2026/05/04 21:58:52.24,IMU,792.97,178.22,-616.70,0.02,1.52,0.31,-33.00,21.15,-55.20,23.3
2026/05/04 21:58:52.34,IMU,789.55,175.78,-620.12,-2.69,2.47,-0.70,-34.35,22.95,-55.65,23.8
2026/05/04 21:58:52.44,IMU,773.44,145.51,-610.35,1.33,-3.12,1.58,-37.95,19.50,-49.95,23.6
2026/05/04 21:58:52.54,IMU,771.97,158.20,-589.36,4.08,-2.66,5.24,-33.75,20.40,-54.75,23.6
2026/05/04 21:58:52.64,IMU,783.69,136.23,-616.21,12.45,-0.27,11.11,-34.20,21.60,-54.45,23.6
2026/05/04 21:58:52.74,IMU,799.80,147.46,-609.38,-4.30,4.65,-0.47,-34.20,18.60,-54.75,23.8
2026/05/04 21:58:52.84,IMU,781.25,136.72,-612.79,-0.98,8.29,0.63,-33.00,20.40,-54.00,23.6
2026/05/04 21:58:52.94,IMU,795.41,115.72,-603.52,1.51,1.78,2.12,-33.30,20.25,-55.65,23.8
2026/05/04 21:58:53.04,IMU,796.88,102.54,-601.07,-0.31,5.53,1.75,-34.65,20.25,-53.55,23.4
2026/05/04 21:58:53.14,IMU,825.68,110.84,-612.30,1.37,2.20,-0.12,-34.20,20.40,-54.75,23.8
2026/05/04 21:58:53.24,IMU,801.76,112.79,-563.96,-2.96,-4.96,4.52,-35.55,21.60,-52.95,23.6
2026/05/04 21:58:53.34,IMU,774.90,79.10,-607.91,2.23,3.24,4.15,-35.55,20.10,-54.75,23.5
2026/05/04 21:58:53.44,IMU,806.15,111.82,-646.00,0.40,-1.86,-1.73,-35.25,21.60,-54.00,23.5
2026/05/04 21:58:53.56,IMU,820.31,78.12,-651.37,2.37,-5.31,4.38,-34.95,19.65,-54.00,23.6
2026/05/04 21:58:53.66,IMU,852.54,81.54,-601.56,7.23,9.92,10.63,-34.35,19.05,-53.55,23.8
2026/05/04 21:58:53.76,IMU,812.99,86.43,-489.26,-2.56,10.38,6.90,-35.10,19.80,-55.65,23.4
2026/05/04 21:58:53.86,IMU,800.29,75.20,-475.10,-8.38,5.76,3.09,-37.95,21.00,-53.10,23.6
2026/05/04 21:58:53.96,IMU,833.01,141.11,-554.20,-19.65,13.55,-1.79,-37.05,21.90,-52.20,23.6
2026/05/04 21:58:54.06,IMU,827.15,114.26,-583.01,-16.96,-2.15,2.52,-35.55,23.10,-53.70,23.6
2026/05/04 21:58:54.16,IMU,854.98,100.10,-542.97,-10.99,10.45,5.69,-37.05,21.90,-53.40,23.9
2026/05/04 21:58:54.26,IMU,870.12,147.46,-536.62,-11.52,4.76,11.45,-38.25,22.65,-53.40,23.6
2026/05/04 21:58:54.36,IMU,866.21,98.63,-501.46,-10.80,5.85,8.15,-39.15,24.75,-53.55,23.6
2026/05/04 21:58:54.46,IMU,862.79,131.84,-464.84,-8.41,5.11,11.15,-39.15,25.20,-53.10,23.6
2026/05/04 21:58:54.56,IMU,865.72,114.26,-496.58,-11.98,2.55,7.27,-37.50,26.10,-51.90,23.6
2026/05/04 21:58:54.66,IMU,884.28,117.68,-479.49,-9.81,3.51,7.50,-39.30,27.60,-52.20,23.7
2026/05/04 21:58:54.76,IMU,851.56,118.65,-494.63,-5.85,-5.52,3.50,-39.15,26.25,-51.30,23.4
2026/05/04 21:58:54.86,IMU,867.68,95.21,-491.21,-1.93,0.81,3.26,-39.30,26.55,-53.40,23.8
2026/05/04 21:58:54.96,IMU,857.42,104.49,-476.07,-0.17,2.46,2.53,-38.70,26.70,-52.50,23.3
2026/05/04 21:58:55.06,IMU,851.56,106.45,-481.45,-0.33,-1.58,0.69,-38.55,26.55,-52.20,23.6
2026/05/04 21:58:55.16,IMU,854.49,132.81,-493.16,-2.63,4.72,-0.75,-40.20,26.25,-51.75,23.7
2026/05/04 21:58:55.27,IMU,847.17,125.98,-479.00,2.15,-0.11,0.22,-37.65,28.20,-52.80,23.5
2026/05/04 21:58:55.37,IMU,865.72,126.95,-497.56,1.23,1.40,1.13,-39.15,27.00,-51.75,23.7
2026/05/04 21:58:55.47,IMU,826.66,91.80,-472.17,2.02,-5.19,1.41,-39.15,25.50,-52.50,23.8
2026/05/04 21:58:55.59,IMU,860.35,91.31,-516.60,-3.09,-0.62,-3.80,-39.15,25.95,-52.50,23.6
2026/05/04 21:58:55.68,IMU,851.07,95.70,-507.32,3.06,3.34,1.15,-39.00,27.30,-52.65,23.8
2026/05/04 21:58:55.78,IMU,885.25,84.96,-537.11,2.00,1.94,0.10,-38.70,26.25,-53.10,23.4
2026/05/04 21:58:55.88,IMU,863.77,83.50,-506.84,1.02,-0.05,-1.65,-37.80,26.55,-51.60,23.8
2026/05/04 21:58:55.98,IMU,819.34,64.45,-491.21,0.31,-4.80,8.36,-37.65,24.75,-53.10,23.9
2026/05/04 21:58:56.09,IMU,877.93,72.27,-533.20,-4.15,13.15,-4.77,-37.95,26.25,-52.50,23.6
2026/05/04 21:58:56.19,IMU,900.39,84.47,-504.39,-2.10,-1.35,3.69,-41.70,25.20,-48.15,23.6
2026/05/04 21:58:56.29,IMU,871.09,100.10,-493.16,-3.86,6.05,2.96,-39.45,26.70,-52.05,23.6
2026/05/04 21:58:56.39,IMU,848.14,75.68,-495.61,-0.34,-6.72,3.10,-39.45,26.25,-51.30,23.8
2026/05/04 21:58:56.49,IMU,873.05,83.01,-435.55,1.00,1.44,9.33,-38.25,27.30,-51.90,23.8
2026/05/04 21:58:56.59,IMU,866.70,45.90,-471.19,0.27,-3.63,2.76,-41.70,25.95,-49.50,23.6
2026/05/04 21:58:56.69,IMU,882.32,61.04,-490.23,-0.15,0.72,0.90,-39.45,27.00,-52.50,23.8
2026/05/04 21:58:56.79,IMU,900.39,86.91,-482.42,2.39,-0.19,3.83,-39.90,25.20,-51.75,23.8
2026/05/04 21:58:56.89,IMU,854.00,65.92,-478.52,0.88,-1.72,-0.92,-38.70,25.95,-52.05,24.0
2026/05/04 21:58:56.99,IMU,859.38,78.12,-464.84,2.35,1.19,3.33,-40.35,25.80,-51.15,23.8
2026/05/04 21:58:57.09,IMU,885.74,82.03,-497.07,-1.69,0.73,-0.30,-39.30,26.55,-51.60,23.8
2026/05/04 21:58:57.19,IMU,866.21,52.25,-463.87,1.10,3.95,0.00,-39.30,27.30,-51.90,23.9
2026/05/04 21:58:57.29,IMU,886.72,67.38,-489.75,-2.01,1.92,1.07,-39.00,25.05,-51.15,24.0
2026/05/04 21:58:57.39,IMU,872.56,50.29,-476.07,2.89,3.36,3.07,-39.45,25.50,-51.30,23.6
2026/05/04 21:58:57.49,IMU,884.28,49.32,-471.68,1.67,1.60,3.19,-37.80,26.10,-51.15,23.8
2026/05/04 21:58:57.61,IMU,874.02,32.23,-483.89,0.99,2.27,2.87,-40.35,25.35,-50.10,23.7
2026/05/04 21:58:57.70,IMU,863.28,63.48,-456.54,-0.09,3.76,3.08,-40.80,25.80,-50.10,23.8
2026/05/04 21:58:57.80,IMU,867.68,44.43,-475.10,-0.06,-1.19,1.73,-40.35,26.10,-51.90,23.6
2026/05/04 21:58:57.90,IMU,897.95,57.62,-467.29,1.06,0.12,-0.21,-37.95,26.70,-50.70,24.0
2026/05/04 21:58:58.01,IMU,883.79,54.20,-471.19,-0.69,-1.89,-3.08,-40.35,26.10,-52.95,23.8
2026/05/04 21:58:58.11,IMU,875.98,47.36,-480.47,0.18,-8.45,-0.57,-38.70,25.95,-51.30,24.0
2026/05/04 21:58:58.21,IMU,870.12,37.60,-494.14,2.02,-10.69,2.90,-39.60,26.85,-51.90,24.0
2026/05/04 21:58:58.31,IMU,878.91,54.69,-456.05,4.95,4.51,1.64,-37.80,24.60,-52.20,23.6
2026/05/04 21:58:58.41,IMU,839.36,14.16,-524.41,0.40,-9.85,-2.92,-38.25,23.85,-52.65,23.9
2026/05/04 21:58:58.51,IMU,835.94,18.55,-496.09,3.94,1.65,2.94,-39.45,25.95,-52.50,23.9
2026/05/04 21:58:58.61,IMU,849.61,40.53,-500.49,2.36,1.32,3.02,-41.85,21.90,-50.10,23.8
2026/05/04 21:58:58.71,IMU,855.47,25.88,-510.74,1.47,2.34,-1.18,-39.00,24.60,-51.60,23.5
2026/05/04 21:58:58.81,IMU,870.12,55.18,-507.32,5.09,0.17,5.14,-38.40,24.75,-52.05,23.5
2026/05/04 21:58:58.91,IMU,865.23,51.76,-511.72,2.75,0.12,-1.83,-39.45,24.45,-53.55,23.8
2026/05/04 21:58:59.03,IMU,872.07,21.97,-493.65,4.57,3.15,3.60,-37.05,25.05,-52.95,23.8
2026/05/04 21:58:59.13,IMU,870.61,33.69,-489.26,6.95,-0.48,5.09,-38.40,25.50,-52.50,23.6
2026/05/04 21:58:59.23,IMU,849.61,18.55,-494.63,7.68,1.20,1.75,-37.50,24.30,-51.90,23.8
2026/05/04 21:58:59.33,IMU,865.23,29.30,-485.35,-1.21,3.99,3.52,-38.25,22.65,-52.65,23.9
2026/05/04 21:58:59.43,IMU,877.44,8.30,-488.28,2.60,1.40,-2.69,-38.70,21.75,-52.80,23.8
2026/05/04 21:58:59.53,IMU,861.82,35.64,-483.40,0.65,-1.65,-5.58,-40.05,23.85,-50.40,23.8
2026/05/04 21:58:59.63,IMU,860.35,29.30,-482.42,0.57,-5.15,-4.92,-42.30,23.40,-47.25,24.0
2026/05/04 21:58:59.73,IMU,870.61,20.02,-507.81,2.79,-0.38,1.93,-38.70,22.95,-52.05,23.8
2026/05/04 21:58:59.83,IMU,861.33,23.93,-485.35,0.44,-0.04,0.18,-38.40,22.95,-52.50,24.0
2026/05/04 21:58:59.93,IMU,859.38,24.41,-513.18,0.89,-1.45,1.34,-40.95,21.45,-49.95,24.0
2026/05/04 21:59:00.03,IMU,866.70,14.65,-509.77,-1.56,4.28,-2.59,-38.55,23.10,-51.60,24.0
2026/05/04 21:59:00.13,IMU,863.77,28.81,-492.19,-3.34,0.88,-1.24,-38.55,24.30,-51.90,24.0
2026/05/04 21:59:00.23,IMU,846.19,30.27,-499.51,-1.57,-1.08,0.73,-38.70,22.50,-52.80,24.0
2026/05/04 21:59:00.33,IMU,863.77,5.37,-508.79,-1.26,-0.07,-1.01,-38.40,23.70,-53.10,23.6
2026/05/04 21:59:00.43,IMU,875.00,24.41,-504.39,0.94,1.99,1.21,-39.30,22.65,-53.40,23.9
2026/05/04 21:59:00.53,IMU,864.75,29.79,-496.09,-0.61,3.05,-0.94,-38.55,23.10,-51.90,23.8
2026/05/04 21:59:00.64,IMU,875.49,17.58,-487.30,0.69,3.09,-0.93,-41.55,21.15,-48.30,24.0
2026/05/04 21:59:00.76,IMU,876.95,14.16,-501.95,0.49,1.73,1.15,-39.45,23.70,-52.50,23.8
2026/05/04 21:59:00.86,IMU,867.19,22.46,-496.09,0.52,2.10,0.31,-38.70,23.25,-52.05,24.0
2026/05/04 21:59:00.96,IMU,873.54,18.07,-496.58,-3.02,-2.67,1.31,-39.00,23.40,-52.65,23.8
2026/05/04 21:59:01.06,IMU,854.49,6.84,-501.46,0.56,5.59,3.76,-40.05,24.30,-51.90,23.9
2026/05/04 21:59:01.16,IMU,863.28,10.74,-485.84,-0.02,0.94,4.03,-38.40,23.25,-53.10,24.1
2026/05/04 21:59:01.26,IMU,876.95,7.81,-494.14,-0.28,3.63,0.09,-39.15,23.25,-52.80,24.0
2026/05/04 21:59:01.36,IMU,866.21,13.67,-480.47,2.76,2.00,0.62,-39.00,23.85,-52.65,23.8
2026/05/04 21:59:01.46,IMU,871.58,11.72,-475.59,-0.62,3.47,2.70,-39.15,23.25,-52.50,24.0
2026/05/04 21:59:01.56,IMU,865.72,1.95,-457.03,-0.36,4.20,0.37,-39.30,23.40,-51.15,24.1
2026/05/04 21:59:01.66,IMU,887.70,23.44,-481.45,0.18,1.05,1.16,-43.95,21.00,-48.90,24.2
2026/05/04 21:59:01.76,IMU,851.07,-1.46,-495.61,2.19,0.81,-1.38,-39.90,22.95,-50.70,23.8
2026/05/04 21:59:01.86,IMU,873.05,7.81,-495.61,3.08,1.56,0.50,-41.10,24.30,-52.65,23.8
2026/05/04 21:59:01.96,IMU,888.67,3.91,-467.77,0.12,3.34,1.26,-40.35,23.85,-52.20,24.1
2026/05/04 21:59:02.06,IMU,886.72,25.88,-484.38,-1.98,1.95,-0.21,-40.95,22.50,-51.75,23.6
2026/05/04 21:59:02.19,IMU,890.63,13.67,-458.01,0.76,2.93,2.58,-39.60,23.85,-53.40,24.1
2026/05/04 21:59:02.28,IMU,859.86,12.21,-478.52,-0.60,3.04,3.24,-39.60,23.40,-52.65,24.1
2026/05/04 21:59:02.38,IMU,866.70,0.98,-473.14,0.07,-0.93,2.39,-40.20,23.70,-52.50,24.0
2026/05/04 21:59:02.48,IMU,889.65,4.88,-451.17,0.81,2.52,-0.51,-40.35,23.40,-51.60,24.0
2026/05/04 21:59:02.59,IMU,877.44,12.70,-462.40,-1.00,-1.30,0.76,-39.60,23.40,-50.10,23.8
2026/05/04 21:59:02.69,IMU,866.21,1.95,-482.42,2.91,2.28,3.08,-43.20,20.55,-47.70,24.0
2026/05/04 21:59:02.79,IMU,870.61,20.02,-471.19,1.75,1.66,-0.53,-43.50,21.45,-49.50,24.2
2026/05/04 21:59:02.89,IMU,861.82,6.35,-480.47,-0.15,0.94,1.11,-40.20,23.70,-51.00,23.8
2026/05/04 21:59:02.99,IMU,896.00,-1.95,-465.33,2.44,-0.88,2.62,-40.05,22.65,-51.60,24.0
2026/05/04 21:59:03.09,IMU,888.18,-2.93,-469.24,-1.37,-0.07,-1.14,-39.15,22.95,-52.05,23.8
2026/05/04 21:59:03.19,IMU,876.95,-29.30,-465.82,1.88,2.03,1.73,-40.65,22.95,-52.50,24.1
2026/05/04 21:59:03.31,IMU,878.91,-22.95,-458.01,0.03,-2.18,0.13,-40.20,23.70,-52.05,23.8
2026/05/04 21:59:03.41,IMU,886.23,-8.79,-471.19,-0.37,0.00,-0.89,-40.20,22.20,-53.55,23.9
2026/05/04 21:59:03.51,IMU,887.21,-13.67,-460.45,-1.47,-1.82,1.98,-40.20,22.50,-51.00,24.1
2026/05/04 21:59:03.62,IMU,865.72,-4.39,-476.07,-0.53,1.72,-1.61,-39.30,23.10,-51.15,23.8
2026/05/04 21:59:03.72,IMU,873.54,1.95,-482.91,-1.68,-0.20,0.50,-43.50,22.50,-48.90,24.1
2026/05/04 21:59:03.82,IMU,876.95,-17.58,-495.12,1.61,5.61,-2.87,-39.00,23.10,-51.90,23.6
2026/05/04 21:59:03.93,IMU,864.75,-15.63,-495.12,-0.62,-1.54,-0.30,-39.45,22.20,-51.30,23.8
2026/05/04 21:59:04.03,IMU,894.53,-0.49,-461.43,0.18,2.85,-2.56,-39.90,22.50,-52.05,23.8
2026/05/04 21:59:04.13,IMU,888.18,-1.46,-475.10,0.79,-0.41,0.23,-39.45,22.95,-51.30,24.0
2026/05/04 21:59:04.23,IMU,874.02,14.16,-461.43,-0.36,3.71,0.64,-39.45,22.20,-52.50,24.0
2026/05/04 21:59:04.33,IMU,884.77,-4.39,-480.96,1.57,0.64,-1.19,-39.15,23.70,-52.05,24.0
2026/05/04 21:59:04.43,IMU,886.72,-10.25,-486.82,0.14,-2.41,5.51,-40.20,23.70,-52.50,24.1
2026/05/04 21:59:04.53,IMU,874.02,-1.46,-481.45,1.16,-2.05,2.21,-38.55,23.85,-52.95,24.1
2026/05/04 21:59:04.63,IMU,882.81,-7.32,-472.17,-0.96,0.01,-1.45,-40.05,24.30,-50.40,23.8
2026/05/04 21:59:04.73,IMU,886.72,6.35,-498.05,-1.46,1.37,-0.77,-41.85,21.60,-50.10,23.8
2026/05/04 21:59:04.83,IMU,871.58,-12.70,-489.26,-2.53,-1.06,-1.44,-40.35,23.40,-52.65,23.8
2026/05/04 21:59:04.93,IMU,875.98,6.84,-495.61,-0.50,2.30,0.45,-41.25,22.95,-51.30,24.0
2026/05/04 21:59:05.03,IMU,881.35,-13.67,-476.56,0.69,-0.92,0.00,-39.90,22.50,-51.75,24.0
2026/05/04 21:59:05.13,IMU,880.86,2.44,-483.89,0.21,0.71,-0.95,-40.20,22.50,-52.80,23.8
2026/05/04 21:59:05.23,IMU,875.98,-9.77,-474.12,2.76,1.56,0.21,-39.60,23.85,-52.20,24.0
2026/05/04 21:59:05.35,IMU,889.16,-3.91,-474.61,-1.29,-0.54,2.41,-40.05,22.35,-50.85,24.0
2026/05/04 21:59:05.45,IMU,860.84,-3.42,-478.52,1.53,0.63,1.24,-40.05,23.10,-51.60,23.9
2026/05/04 21:59:05.55,IMU,847.66,-20.51,-469.24,-0.24,0.96,0.27,-40.35,22.35,-51.90,24.1
2026/05/04 21:59:05.65,IMU,882.81,-19.04,-483.89,3.18,1.32,-1.03,-40.65,22.95,-52.05,24.2
2026/05/04 21:59:05.75,IMU,875.49,-38.09,-471.19,-0.85,2.64,-2.97,-41.70,20.25,-49.50,23.8
2026/05/04 21:59:05.85,IMU,865.23,-3.91,-473.14,-0.82,-1.33,0.38,-40.65,23.25,-51.75,23.8
2026/05/04 21:59:05.95,IMU,915.04,-14.65,-441.41,-0.37,-2.21,0.63,-40.05,22.65,-51.90,23.7
2026/05/04 21:59:06.05,IMU,877.44,-22.95,-508.30,0.53,4.50,3.53,-40.35,22.35,-51.60,24.0
2026/05/04 21:59:06.15,IMU,897.46,-13.18,-482.91,-0.62,-2.00,1.71,-39.30,22.35,-52.20,24.0
2026/05/04 21:59:06.26,IMU,875.00,-26.86,-475.59,-1.18,0.20,-3.85,-40.35,21.15,-52.20,23.8
2026/05/04 21:59:06.36,IMU,889.65,-23.93,-470.70,-2.29,1.83,-0.02,-40.80,21.90,-51.60,24.0
2026/05/04 21:59:06.46,IMU,893.55,-16.60,-478.52,-2.38,-1.40,-1.93,-40.65,23.70,-52.50,23.9
2026/05/04 21:59:06.56,IMU,891.60,-26.86,-432.13,-2.31,2.28,-0.60,-40.80,22.35,-50.85,23.6
2026/05/04 21:59:06.66,IMU,888.18,-11.72,-483.89,-1.66,-3.82,-1.16,-40.95,23.25,-52.50,23.9
2026/05/04 21:59:06.76,IMU,869.63,-10.25,-498.54,-1.74,-2.27,-2.22,-44.85,20.40,-46.50,23.8
2026/05/04 21:59:06.86,IMU,878.91,-8.30,-501.95,1.72,2.86,-1.05,-39.00,22.35,-52.20,24.1
2026/05/04 21:59:06.96,IMU,865.23,-36.62,-467.29,1.38,3.42,4.18,-39.90,23.70,-52.50,24.1
2026/05/04 21:59:07.06,IMU,882.32,-2.93,-500.00,0.31,-0.47,-5.48,-38.25,23.10,-51.15,24.1
2026/05/04 21:59:07.16,IMU,882.32,-4.39,-483.40,-1.95,2.27,-3.86,-39.45,22.50,-52.80,23.9
2026/05/04 21:59:07.26,IMU,861.33,-4.39,-473.63,-1.10,-2.37,1.81,-40.05,23.85,-51.90,23.8
2026/05/04 21:59:07.38,IMU,863.77,3.42,-489.26,0.12,1.41,2.31,-39.45,23.70,-51.75,24.0
2026/05/04 21:59:07.48,IMU,886.23,0.98,-443.36,-0.52,0.80,-3.99,-40.05,22.65,-52.95,24.0
2026/05/04 21:59:07.58,IMU,879.39,6.35,-516.11,1.09,0.23,0.50,-40.05,24.30,-50.85,24.0
2026/05/04 21:59:07.68,IMU,896.00,-6.84,-470.21,1.36,5.68,-5.48,-42.00,19.05,-46.65,23.6
2026/05/04 21:59:07.78,IMU,859.86,-4.39,-483.89,0.47,0.02,2.76,-38.40,23.25,-51.30,24.1
2026/05/04 21:59:07.88,IMU,877.93,-1.46,-490.23,0.67,5.60,0.16,-40.65,23.25,-51.00,23.9
2026/05/04 21:59:07.98,IMU,870.61,1.95,-488.28,0.77,-5.18,0.06,-39.90,21.75,-52.05,24.0
2026/05/04 21:59:08.08,IMU,853.52,0.49,-480.47,0.73,-0.50,-1.03,-39.30,22.65,-52.65,24.0
2026/05/04 21:59:08.18,IMU,855.47,-16.11,-495.61,-2.08,-4.56,-5.46,-40.20,22.95,-53.10,23.8
2026/05/04 21:59:08.28,IMU,882.81,8.79,-486.33,-2.08,0.46,-3.10,-40.65,22.95,-51.00,24.1
2026/05/04 21:59:08.38,IMU,834.47,5.37,-482.42,-1.74,-0.82,2.45,-40.05,24.30,-52.65,24.1
2026/05/04 21:59:08.50,IMU,883.79,-33.69,-458.98,-5.39,-8.57,-9.53,-40.20,23.70,-52.05,24.0
2026/05/04 21:59:08.60,IMU,943.36,-3.91,-466.80,-5.16,2.97,-4.85,-38.55,24.30,-51.90,24.0
2026/05/04 21:59:08.70,IMU,924.32,46.39,-604.00,1.11,-1.50,1.92,-39.00,24.30,-52.20,24.0
2026/05/04 21:59:08.82,IMU,789.55,-25.88,-415.53,-8.85,-32.20,-1.27,-40.20,22.20,-50.25,24.1
2026/05/04 21:59:08.92,IMU,794.43,24.90,-616.21,-14.53,-18.95,-25.40,-36.60,25.95,-52.80,24.1
2026/05/04 21:59:09.02,IMU,831.05,81.05,-622.56,2.87,-20.46,-15.04,-35.10,25.95,-54.30,23.9
2026/05/04 21:59:09.14,IMU,820.80,125.00,-603.52,-0.21,-5.50,-10.04,-34.20,27.60,-52.95,23.8
2026/05/04 21:59:09.24,IMU,787.60,82.03,-635.25,-2.41,-22.50,-12.99,-33.90,27.45,-53.55,24.1
2026/05/04 21:59:09.34,IMU,792.97,86.91,-645.02,5.77,-5.56,-5.01,-31.80,27.00,-55.65,24.2
2026/05/04 21:59:09.44,IMU,776.86,120.61,-597.66,15.73,12.79,1.60,-31.80,26.25,-54.90,24.1
2026/05/04 21:59:09.54,IMU,785.16,103.03,-597.66,8.00,7.18,2.71,-33.75,25.35,-54.45,23.8
2026/05/04 21:59:09.64,IMU,786.13,77.64,-611.82,-1.91,-10.28,-4.45,-32.10,25.20,-54.90,24.0
2026/05/04 21:59:09.74,IMU,763.18,72.75,-647.46,-3.47,-8.65,-12.48,-33.30,24.75,-55.35,24.0
2026/05/04 21:59:09.84,IMU,781.25,116.21,-685.06,-0.01,-5.20,-10.86,-32.10,25.50,-55.65,23.7
2026/05/04 21:59:09.97,IMU,775.88,167.48,-610.84,0.99,9.11,-16.21,-31.95,26.85,-55.50,23.6
2026/05/04 21:59:10.07,IMU,753.42,124.02,-656.25,-0.51,-0.73,-10.34,-31.20,26.10,-56.55,24.0
2026/05/04 21:59:10.17,IMU,814.94,165.04,-625.98,1.15,7.71,-0.42,-31.35,26.25,-54.90,23.6
2026/05/04 21:59:10.27,IMU,783.69,90.82,-659.67,9.17,5.45,4.62,-32.55,25.50,-55.35,24.0
2026/05/04 21:59:10.37,IMU,829.59,104.00,-666.50,12.03,11.50,17.84,-34.20,25.80,-55.20,23.9
2026/05/04 21:59:10.47,IMU,807.62,84.47,-622.56,17.73,15.34,21.85,-31.50,22.65,-55.80,23.8
2026/05/04 21:59:10.57,IMU,727.05,73.24,-619.63,11.46,-3.35,20.95,-36.30,21.15,-52.20,23.9
2026/05/04 21:59:10.67,IMU,761.23,-7.32,-581.05,8.75,6.60,4.11,-32.70,20.40,-56.25,24.1
2026/05/04 21:59:10.77,IMU,781.25,-6.35,-582.52,-3.00,0.51,-6.85,-33.30,21.00,-54.60,24.0
2026/05/04 21:59:10.87,IMU,807.62,50.78,-559.57,-10.66,0.27,-16.42,-33.60,21.00,-54.90,23.9
2026/05/04 21:59:10.97,IMU,763.67,18.55,-668.95,-10.60,-9.45,-12.65,-33.60,22.20,-55.35,23.8
2026/05/04 21:59:11.07,IMU,763.67,64.45,-659.18,1.68,16.63,-14.05,-33.75,23.85,-55.50,24.0
2026/05/04 21:59:11.17,IMU,831.54,139.65,-654.30,2.15,25.28,-5.81,-33.90,23.70,-54.30,24.1
2026/05/04 21:59:11.27,IMU,827.64,72.75,-506.35,6.04,9.14,7.70,-36.60,23.25,-52.50,23.8
2026/05/04 21:59:11.37,IMU,881.35,97.17,-494.14,-1.32,22.56,7.20,-36.15,24.00,-53.10,24.2
2026/05/04 21:59:11.47,IMU,839.84,51.27,-529.79,-2.11,10.03,5.89,-37.05,22.65,-52.95,23.9
2026/05/04 21:59:11.57,IMU,844.73,32.23,-502.93,-3.80,10.41,0.82,-36.75,22.65,-51.15,23.8
2026/05/04 21:59:11.68,IMU,814.94,51.27,-555.66,1.88,7.08,4.65,-39.00,22.65,-53.70,24.0
2026/05/04 21:59:11.78,IMU,859.86,52.25,-534.67,4.52,4.70,-1.52,-39.45,21.45,-52.50,23.8
2026/05/04 21:59:11.88,IMU,891.11,44.92,-470.21,3.74,12.13,1.25,-40.35,23.85,-51.90,24.1
2026/05/04 21:59:11.99,IMU,876.46,40.04,-455.08,3.65,10.59,-1.32,-40.05,23.10,-51.90,23.8
2026/05/04 21:59:12.09,IMU,873.54,43.95,-445.31,-0.18,-3.34,3.59,-40.80,20.85,-50.40,24.0
2026/05/04 21:59:12.19,IMU,870.61,41.50,-435.06,0.62,-1.34,-0.75,-40.05,23.10,-52.65,23.9
2026/05/04 21:59:12.29,IMU,886.72,34.18,-443.36,-3.96,5.91,-4.37,-40.35,22.65,-51.90,24.0
2026/05/04 21:59:12.39,IMU,882.32,74.71,-442.38,-0.98,0.41,5.49,-39.90,21.00,-51.75,24.0
2026/05/04 21:59:12.49,IMU,869.63,22.46,-477.54,0.37,0.93,4.19,-40.80,22.65,-51.15,24.1
2026/05/04 21:59:12.59,IMU,874.02,41.50,-458.01,-0.30,-5.84,3.19,-43.20,20.55,-49.50,24.0
2026/05/04 21:59:12.69,IMU,882.81,30.27,-469.73,-2.12,-2.47,0.05,-39.90,22.50,-52.05,24.0
2026/05/04 21:59:12.79,IMU,884.28,31.25,-477.05,0.12,-3.17,2.65,-41.55,21.60,-51.90,24.1
2026/05/04 21:59:12.89,IMU,887.70,28.81,-455.08,2.03,2.56,4.55,-42.60,22.35,-48.60,24.1
2026/05/04 21:59:12.99,IMU,875.00,24.90,-482.42,3.05,-5.55,-1.68,-40.20,22.50,-51.75,24.0
2026/05/04 21:59:13.11,IMU,889.65,49.32,-516.11,1.67,-2.41,-2.38,-40.35,21.60,-51.90,24.0
2026/05/04 21:59:13.21,IMU,846.68,14.16,-505.37,4.11,0.99,1.56,-40.05,21.90,-52.65,23.9
2026/05/04 21:59:13.31,IMU,880.86,30.76,-475.59,2.66,2.80,-2.00,-39.60,21.60,-51.60,24.0
2026/05/04 21:59:13.42,IMU,856.45,1.46,-433.11,2.11,2.66,2.69,-40.80,21.15,-50.85,24.0
2026/05/04 21:59:13.52,IMU,892.58,20.02,-442.87,-3.94,-1.92,-0.81,-39.45,21.45,-51.00,24.1
2026/05/04 21:59:13.62,IMU,874.51,16.11,-496.09,-4.44,0.15,0.34,-39.45,22.50,-52.05,24.0
2026/05/04 21:59:13.73,IMU,881.35,72.75,-480.47,3.64,6.41,5.79,-40.35,21.60,-51.15,24.1
2026/05/04 21:59:13.83,IMU,860.35,22.95,-500.98,-0.73,-6.68,3.76,-40.05,22.35,-51.60,24.0
2026/05/04 21:59:13.93,IMU,859.86,8.30,-473.14,-0.52,6.79,-4.51,-38.40,21.45,-51.30,23.8
2026/05/04 21:59:14.03,IMU,895.02,13.67,-493.65,-0.85,-4.65,-2.61,-40.05,21.15,-52.65,23.9
2026/05/04 21:59:14.13,IMU,877.44,19.53,-488.77,0.56,0.30,2.84,-40.20,19.80,-51.75,24.0
2026/05/04 21:59:14.23,IMU,850.59,16.60,-500.00,2.63,4.29,-1.07,-39.15,22.20,-51.00,23.8
2026/05/04 21:59:14.33,IMU,875.00,4.88,-473.63,0.02,-1.81,2.06,-39.30,21.60,-53.70,23.9
2026/05/04 21:59:14.43,IMU,875.98,29.30,-532.23,0.85,-4.62,2.98,-39.15,21.75,-53.10,24.0
2026/05/04 21:59:14.53,IMU,882.81,5.86,-484.86,-2.30,0.08,-2.60,-40.20,21.45,-53.85,24.1
2026/05/04 21:59:14.63,IMU,857.42,27.34,-514.65,1.88,4.21,-0.73,-40.05,22.35,-52.20,23.9
2026/05/04 21:59:14.73,IMU,858.40,15.63,-465.82,-0.18,0.16,-1.46,-40.20,21.45,-52.05,23.9
2026/05/04 21:59:14.86,IMU,882.32,20.02,-444.34,-0.19,2.59,5.01,-40.05,21.90,-51.15,24.0
2026/05/04 21:59:14.96,IMU,852.05,-27.34,-487.30,-2.02,5.31,-2.71,-40.20,22.95,-52.50,24.2
2026/05/04 21:59:15.06,IMU,887.21,11.72,-471.68,0.10,-1.76,-4.29,-40.05,21.15,-51.90,23.8
2026/05/04 21:59:15.16,IMU,870.61,-6.84,-448.24,3.40,0.95,3.57,-37.80,22.35,-50.40,24.0
2026/05/04 21:59:15.26,IMU,899.41,9.28,-478.52,-3.02,2.91,0.79,-40.65,21.45,-51.75,23.8
2026/05/04 21:59:15.36,IMU,874.51,14.16,-513.67,1.18,1.01,2.30,-38.40,21.75,-50.70,23.8
2026/05/04 21:59:15.46,IMU,898.93,24.90,-472.66,-1.96,-0.11,0.05,-40.35,21.90,-51.15,24.1
2026/05/04 21:59:15.56,IMU,875.00,-4.88,-480.47,-0.15,-0.24,-1.25,-39.45,21.00,-52.05,23.9
2026/05/04 21:59:15.66,IMU,887.70,3.42,-448.24,1.04,-3.97,3.59,-39.60,21.60,-51.90,24.0
2026/05/04 21:59:15.76,IMU,875.49,-2.44,-482.91,-0.14,2.23,0.53,-42.45,19.35,-47.25,23.6
2026/05/04 21:59:15.86,IMU,889.16,2.44,-439.45,1.60,0.21,0.40,-40.35,20.10,-51.60,23.8
2026/05/04 21:59:15.96,IMU,883.30,0.98,-469.24,-1.41,5.09,-2.97,-40.65,18.75,-49.95,24.1
2026/05/04 21:59:16.06,IMU,889.65,19.53,-433.11,-2.14,2.29,-0.85,-39.90,22.50,-51.00,23.8
2026/05/04 21:59:16.16,IMU,893.07,28.32,-485.35,0.40,-3.00,-0.48,-39.30,21.90,-52.20,24.0
2026/05/04 21:59:16.26,IMU,875.00,13.67,-471.68,0.37,1.35,0.68,-40.05,23.10,-51.90,24.0
2026/05/04 21:59:16.36,IMU,897.95,30.27,-481.45,-0.50,-2.32,-0.69,-42.30,21.90,-50.10,23.9
2026/05/04 21:59:16.46,IMU,880.37,-1.46,-463.38,-0.13,-6.30,-0.96,-39.60,20.40,-51.60,23.8
2026/05/04 21:59:16.56,IMU,894.04,12.70,-474.12,-1.19,4.85,-2.97,-40.20,21.75,-52.05,23.9
2026/05/04 21:59:16.66,IMU,876.95,17.58,-475.59,0.42,6.70,-2.50,-39.60,21.15,-52.20,24.3
2026/05/04 21:59:16.76,IMU,860.35,29.30,-479.98,0.12,2.33,-1.60,-39.90,22.20,-52.05,23.9
2026/05/04 21:59:16.87,IMU,874.51,2.93,-504.88,0.85,-1.66,-2.91,-40.20,22.20,-51.00,24.1
2026/05/04 21:59:16.97,IMU,891.11,21.48,-478.52,2.05,-3.40,2.37,-43.35,20.10,-48.00,24.1
2026/05/04 21:59:17.07,IMU,889.65,38.57,-490.72,-1.94,1.73,-4.44,-39.60,21.90,-51.60,24.1
2026/05/04 21:59:17.17,IMU,867.19,28.32,-488.28,5.39,3.20,1.45,-39.30,21.90,-52.20,24.0
2026/05/04 21:59:17.27,IMU,873.54,15.63,-428.22,3.73,1.66,-1.01,-39.60,23.10,-51.60,24.1
2026/05/04 21:59:17.37,IMU,876.95,27.83,-470.70,-0.66,-0.10,-3.40,-41.10,20.40,-52.65,24.1
2026/05/04 21:59:17.47,IMU,880.86,5.86,-474.61,1.69,-2.42,-3.68,-40.20,21.45,-51.30,24.0
2026/05/04 21:59:17.57,IMU,882.32,39.06,-504.88,-0.95,5.47,-7.78,-40.80,20.10,-51.15,23.9
2026/05/04 21:59:17.67,IMU,867.19,37.11,-458.98,-1.55,-1.11,-2.51,-40.65,21.45,-51.30,24.2
2026/05/04 21:59:17.77,IMU,886.23,37.60,-480.47,0.45,8.25,-1.65,-45.15,21.15,-48.60,24.0
2026/05/04 21:59:17.87,IMU,861.33,41.99,-507.32,2.50,-3.89,3.29,-39.90,23.25,-52.50,23.8
2026/05/04 21:59:17.98,IMU,876.46,36.13,-477.54,0.40,1.70,-2.25,-43.05,20.85,-48.30,23.8
2026/05/04 21:59:18.08,IMU,878.91,36.13,-478.52,0.44,-0.08,-0.46,-40.80,21.60,-51.15,24.0
2026/05/04 21:59:18.18,IMU,869.14,28.32,-505.86,-2.07,-2.08,-1.62,-40.35,22.35,-52.95,24.1
2026/05/04 21:59:18.29,IMU,888.67,43.46,-460.45,1.00,1.65,1.84,-40.20,23.25,-51.30,24.1
2026/05/04 21:59:18.39,IMU,846.68,29.79,-465.82,1.82,-2.56,-0.75,-40.65,21.45,-50.70,24.1
2026/05/04 21:59:18.49,IMU,885.74,45.90,-467.77,-2.02,-0.95,-4.55,-39.45,22.95,-50.70,24.2
2026/05/04 21:59:18.60,IMU,901.37,36.62,-445.80,-0.84,-0.67,-3.24,-40.95,22.95,-51.75,24.0
2026/05/04 21:59:18.70,IMU,862.79,52.73,-472.66,-0.20,2.67,-0.66,-40.20,21.75,-51.30,24.0
2026/05/04 21:59:18.80,IMU,875.00,73.73,-479.49,7.86,7.43,6.74,-40.05,23.10,-51.60,23.8
2026/05/04 21:59:18.90,IMU,857.42,40.53,-465.82,1.69,1.37,-3.40,-40.65,23.25,-51.30,24.0
2026/05/04 21:59:19.00,IMU,901.86,54.69,-473.63,0.38,-0.37,0.56,-44.25,20.25,-47.70,23.8
2026/05/04 21:59:19.10,IMU,884.77,44.43,-466.80,0.71,5.42,-0.01,-40.35,22.65,-50.85,24.1
2026/05/04 21:59:19.20,IMU,885.25,33.69,-446.29,-0.33,3.26,0.42,-43.35,20.40,-48.60,23.9
2026/05/04 21:59:19.30,IMU,869.14,33.20,-499.02,-0.94,-0.47,-2.98,-40.05,21.60,-50.85,23.8
2026/05/04 21:59:19.40,IMU,870.61,15.14,-464.36,-2.02,-6.06,2.50,-41.85,21.60,-51.15,24.3
2026/05/04 21:59:19.50,IMU,875.49,36.13,-462.40,-1.69,2.11,1.40,-40.20,23.25,-50.70,23.9
2026/05/04 21:59:19.60,IMU,887.70,55.66,-520.02,0.59,-1.05,1.51,-40.65,21.75,-51.75,24.2
2026/05/04 21:59:19.74,IMU,887.70,24.41,-450.68,5.79,-1.71,-1.71,-40.65,22.20,-50.70,23.6
2026/05/04 21:59:19.84,IMU,873.54,28.81,-485.84,4.21,4.82,-0.75,-39.90,20.55,-51.75,24.3
2026/05/04 21:59:19.94,IMU,897.95,32.23,-489.75,2.31,-1.86,-2.24,-41.10,21.60,-51.90,23.8
2026/05/04 21:59:20.04,IMU,888.67,28.32,-448.73,-0.50,1.26,-5.60,-39.90,19.50,-51.30,23.8
2026/05/04 21:59:20.14,IMU,886.23,23.93,-479.00,4.49,-2.09,-4.18,-40.35,20.85,-51.60,24.0
2026/05/04 21:59:20.24,IMU,896.97,33.20,-469.24,0.25,-1.05,-3.11,-40.35,20.85,-49.80,24.0
2026/05/04 21:59:20.34,IMU,897.46,32.23,-471.19,3.21,5.76,-0.25,-41.85,19.65,-51.60,24.1
2026/05/04 21:59:20.44,IMU,868.16,46.88,-476.07,4.47,0.93,3.35,-40.05,20.85,-52.20,24.0
2026/05/04 21:59:20.54,IMU,870.61,36.13,-479.98,1.79,-2.37,0.88,-40.05,18.60,-52.65,23.8
2026/05/04 21:59:20.64,IMU,901.37,45.41,-484.38,0.24,1.24,-0.92,-43.65,19.65,-48.30,23.8
2026/05/04 21:59:20.74,IMU,895.51,50.78,-492.68,4.50,-0.97,3.56,-40.05,21.60,-50.40,24.0
2026/05/04 21:59:20.84,IMU,841.80,38.09,-532.23,3.34,5.45,-4.96,-40.95,20.55,-49.95,24.1
2026/05/04 21:59:20.94,IMU,836.91,-1.46,-550.29,13.22,8.81,-13.86,-40.80,19.35,-50.40,24.1
2026/05/04 21:59:21.04,IMU,870.61,57.62,-479.00,14.08,21.58,-20.07,-41.70,20.55,-51.30,24.0
2026/05/04 21:59:21.14,IMU,931.64,139.65,-407.71,4.73,35.00,-23.83,-43.50,19.80,-49.95,24.0
2026/05/04 21:59:21.24,IMU,968.26,125.00,-269.53,10.58,14.85,-11.09,-43.95,19.05,-49.95,24.0
2026/05/04 21:59:21.34,IMU,941.41,128.91,-387.21,0.54,-11.31,-14.06,-45.90,20.10,-48.60,23.8
2026/05/04 21:59:21.44,IMU,939.45,134.28,-255.37,-2.75,2.69,-12.09,-44.85,21.90,-48.60,24.0
2026/05/04 21:59:21.54,IMU,911.13,149.90,-455.57,-1.94,-27.22,-4.80,-45.15,23.10,-50.40,23.9
2026/05/04 21:59:21.64,IMU,845.21,99.61,-392.09,0.50,-4.39,-20.92,-43.20,21.45,-50.25,24.0
2026/05/04 21:59:21.77,IMU,858.89,221.68,-466.31,2.90,4.56,-6.60,-40.80,24.30,-50.85,24.1
2026/05/04 21:59:21.87,IMU,884.28,225.10,-469.73,-5.62,1.71,-10.44,-41.25,23.70,-49.95,23.7
2026/05/04 21:59:21.97,IMU,866.70,146.48,-433.59,1.17,-6.64,9.02,-42.60,23.40,-51.60,24.0
2026/05/04 21:59:22.07,IMU,875.98,211.91,-442.87,-3.13,7.32,-2.22,-45.90,21.90,-45.75,24.0
2026/05/04 21:59:22.17,IMU,857.91,153.81,-476.56,1.89,-3.83,-4.84,-43.50,23.25,-50.70,24.1
2026/05/04 21:59:22.27,IMU,820.31,183.11,-498.05,8.47,-18.47,-0.92,-40.95,24.00,-50.70,23.8
2026/05/04 21:59:22.37,IMU,814.45,272.95,-507.32,8.92,3.68,-6.92,-40.35,22.65,-51.15,24.0
2026/05/04 21:59:22.47,IMU,899.90,233.89,-579.59,1.40,-16.48,-8.36,-38.40,23.25,-52.80,24.0
2026/05/04 21:59:22.57,IMU,870.61,302.25,-437.50,5.05,-21.58,3.56,-39.45,24.00,-52.80,23.9
2026/05/04 21:59:22.67,IMU,765.63,188.96,-575.20,8.34,5.22,3.74,-39.15,24.75,-53.10,24.0
2026/05/04 21:59:22.77,IMU,817.38,233.89,-511.72,9.74,16.02,-0.27,-39.15,22.95,-52.50,24.0
2026/05/04 21:59:22.89,IMU,857.42,170.41,-487.30,-3.46,-4.07,0.19,-39.60,21.90,-51.60,24.0
2026/05/04 21:59:22.99,IMU,899.41,325.68,-495.61,-10.73,-4.19,-3.79,-40.05,23.10,-50.10,24.1
2026/05/04 21:59:23.09,IMU,781.25,153.32,-556.64,9.25,-15.84,-8.86,-39.30,24.30,-50.85,24.1
2026/05/04 21:59:23.20,IMU,763.18,324.71,-665.53,9.19,-5.70,-13.17,-39.45,22.95,-51.00,24.1
2026/05/04 21:59:23.30,IMU,756.84,259.77,-509.77,9.19,13.03,-5.85,-40.35,23.10,-51.60,23.8
2026/05/04 21:59:23.40,IMU,789.06,173.83,-621.09,-0.90,-4.79,-9.24,-40.35,22.35,-51.60,24.0
2026/05/04 21:59:23.50,IMU,834.96,219.73,-522.46,3.18,5.26,-8.93,-41.25,19.80,-48.90,23.7
2026/05/04 21:59:23.60,IMU,849.61,249.51,-585.45,-2.75,5.50,0.99,-38.40,19.80,-52.80,23.6
2026/05/04 21:59:23.70,IMU,759.28,225.10,-507.81,2.03,-3.50,3.07,-40.05,21.60,-51.15,24.1
2026/05/04 21:59:23.80,IMU,799.32,265.63,-548.83,-7.87,-8.42,0.61,-40.65,21.45,-51.00,24.0
2026/05/04 21:59:23.90,IMU,798.34,234.38,-577.64,-0.32,2.71,-1.85,-39.00,22.35,-51.15,24.0
2026/05/04 21:59:24.00,IMU,832.03,271.97,-501.46,-3.72,-4.98,2.83,-40.20,23.70,-52.80,23.8
2026/05/04 21:59:24.10,IMU,794.43,281.25,-520.51,-2.29,4.52,8.95,-39.45,22.50,-52.50,23.9
2026/05/04 21:59:24.20,IMU,816.41,252.93,-500.00,-7.72,12.32,5.33,-40.05,22.35,-51.90,24.1
2026/05/04 21:59:24.30,IMU,838.38,229.00,-460.45,-8.94,-0.06,4.54,-42.00,22.20,-51.75,24.0
2026/05/04 21:59:24.40,IMU,830.08,197.75,-496.58,0.15,-0.80,0.02,-40.65,23.70,-51.00,24.0
2026/05/04 21:59:24.50,IMU,810.55,271.97,-545.90,-5.73,2.98,-5.15,-39.60,23.10,-51.90,24.1
2026/05/04 21:59:24.60,IMU,834.96,280.27,-491.21,13.86,-16.06,-11.54,-41.85,25.35,-51.90,23.9
2026/05/04 21:59:24.70,IMU,822.75,299.32,-511.72,9.85,-14.05,-2.19,-40.65,25.20,-51.30,23.8
2026/05/04 21:59:24.80,IMU,764.16,231.93,-515.63,18.68,-1.73,-3.41,-41.25,24.00,-51.75,23.8
2026/05/04 21:59:24.91,IMU,828.61,244.63,-495.12,7.56,5.78,-2.14,-39.60,23.40,-51.60,24.0
2026/05/04 21:59:25.01,IMU,815.43,277.83,-521.00,-0.81,-6.59,-7.36,-40.80,24.30,-51.60,23.8
2026/05/04 21:59:25.11,IMU,841.31,228.52,-535.16,8.85,4.96,2.95,-40.35,24.60,-51.15,24.1
2026/05/04 21:59:25.21,IMU,836.91,167.97,-522.95,4.92,6.02,2.45,-41.85,21.90,-51.15,24.0
2026/05/04 21:59:25.31,IMU,796.88,232.42,-562.99,17.32,-35.57,-6.17,-40.20,19.80,-51.75,23.9
2026/05/04 21:59:25.41,IMU,782.23,355.47,-455.08,-10.21,4.68,-10.56,-39.00,21.15,-51.15,23.9
2026/05/04 21:59:25.53,IMU,805.18,212.89,-589.36,0.92,16.82,-4.90,-40.20,21.45,-51.00,23.8
2026/05/04 21:59:25.63,IMU,930.66,341.31,-284.18,-8.24,42.73,-4.08,-43.50,22.20,-50.70,23.8
2026/05/04 21:59:25.73,IMU,853.03,178.71,-412.60,-13.90,25.10,-13.91,-44.10,22.35,-49.05,24.0
2026/05/04 21:59:25.83,IMU,703.61,106.45,-252.44,-77.18,122.02,-31.51,-47.70,26.10,-46.80,23.8
2026/05/04 21:59:25.93,IMU,751.95,-208.98,-1022.46,6.38,-3.59,10.26,-39.90,26.25,-52.50,24.0
2026/05/04 21:59:26.03,IMU,624.51,371.58,-831.54,-46.77,-0.30,46.82,-40.35,26.10,-50.10,23.8
2026/05/04 21:59:26.13,IMU,969.24,336.43,-412.11,-19.85,1.00,16.19,-42.60,27.60,-50.10,23.8
2026/05/04 21:59:26.23,IMU,982.91,358.40,-415.53,-46.34,30.91,-5.18,-43.95,27.00,-49.50,23.9
2026/05/04 21:59:26.33,IMU,925.29,387.21,-487.30,-27.24,3.19,-5.57,-43.95,31.20,-48.45,24.0
2026/05/04 21:59:26.43,IMU,954.59,392.58,-239.75,-9.64,-0.46,-9.66,-46.05,33.15,-46.65,23.7
2026/05/04 21:59:26.53,IMU,945.80,358.40,-271.00,-1.00,22.96,-0.96,-47.55,33.90,-44.85,24.0
2026/05/04 21:59:26.65,IMU,854.49,335.94,-415.04,10.28,1.92,-4.85,-47.25,31.95,-45.15,24.0
2026/05/04 21:59:26.75,IMU,920.41,276.86,-308.59,21.27,-4.87,-20.18,-47.40,32.25,-45.75,24.1
2026/05/04 21:59:26.85,IMU,886.72,284.67,-277.83,13.05,3.44,-13.43,-46.65,31.50,-45.45,23.6
2026/05/04 21:59:26.95,IMU,868.16,314.94,-338.38,20.02,4.60,-1.68,-46.35,32.25,-45.75,23.6
2026/05/04 21:59:27.05,IMU,890.14,279.79,-440.92,9.06,-6.92,-4.41,-45.15,31.05,-46.20,24.0
2026/05/04 21:59:27.15,IMU,1018.55,199.22,-175.29,28.33,-61.33,-14.47,-45.30,29.70,-45.90,24.1
2026/05/04 21:59:27.25,IMU,864.26,271.97,-334.96,17.95,1.21,8.40,-43.65,30.75,-46.80,23.7
2026/05/04 21:59:27.35,IMU,844.73,261.72,-429.69,10.12,-20.80,-9.57,-44.70,28.65,-48.90,23.7
2026/05/04 21:59:27.45,IMU,858.89,354.98,-483.40,4.18,6.75,-17.56,-43.35,28.05,-48.00,24.0
2026/05/04 21:59:27.55,IMU,764.16,247.56,-470.70,14.21,-25.11,-11.40,-42.75,28.20,-49.20,24.1
2026/05/04 21:59:27.65,IMU,809.57,257.81,-418.95,14.76,14.89,-12.31,-42.75,28.20,-48.15,24.0
2026/05/04 21:59:27.75,IMU,777.83,322.75,-458.98,-1.55,-1.34,-4.76,-43.20,28.65,-48.15,23.9
2026/05/04 21:59:27.85,IMU,793.46,273.93,-500.00,2.73,16.37,-13.30,-43.95,28.65,-50.70,24.0
2026/05/04 21:59:27.95,IMU,875.49,485.84,-413.09,-6.58,4.90,-10.88,-42.45,27.45,-47.40,23.9
2026/05/04 21:59:28.05,IMU,792.97,337.40,-534.18,-3.95,-17.83,2.45,-41.55,28.05,-49.05,23.6
2026/05/04 21:59:28.15,IMU,793.46,355.96,-438.48,-0.97,-4.02,7.60,-42.30,28.35,-49.05,24.0
2026/05/04 21:59:28.25,IMU,775.88,389.16,-544.92,-3.48,11.08,-13.93,-42.75,27.00,-51.30,23.6
2026/05/04 21:59:28.38,IMU,786.13,368.16,-493.16,1.49,-15.94,4.76,-41.70,27.00,-49.95,24.1
2026/05/04 21:59:28.48,IMU,779.79,379.88,-574.71,-2.81,-2.36,8.10,-42.00,27.00,-49.95,24.0
2026/05/04 21:59:28.58,IMU,811.52,290.04,-467.29,8.77,-3.70,-4.73,-40.65,25.20,-50.70,24.0
2026/05/04 21:59:28.68,IMU,817.38,366.70,-485.35,13.58,-4.51,14.44,-41.70,25.50,-50.70,23.8
2026/05/04 21:59:28.78,IMU,727.54,300.29,-604.49,-2.56,10.12,-0.24,-40.20,24.75,-52.05,23.8
2026/05/04 21:59:28.88,IMU,759.28,299.32,-547.85,-6.48,1.69,-12.06,-42.60,24.60,-50.40,23.9
2026/05/04 21:59:28.98,IMU,807.13,332.03,-583.50,-5.56,-11.71,-9.47,-41.85,23.85,-50.40,23.8
2026/05/04 21:59:29.08,IMU,828.13,300.78,-560.55,0.29,-8.05,-1.51,-41.55,25.35,-49.80,24.1
2026/05/04 21:59:29.18,IMU,805.18,318.85,-653.32,8.27,-6.27,7.24,-40.95,25.95,-50.25,24.1
2026/05/04 21:59:29.28,IMU,780.27,129.39,-604.00,9.50,-12.44,23.54,-44.10,22.65,-49.35,24.0
2026/05/04 21:59:29.38,IMU,754.39,259.77,-612.79,-0.83,-0.87,29.08,-41.25,21.75,-52.80,24.1
2026/05/04 21:59:29.48,IMU,758.79,170.41,-507.32,2.68,-20.72,17.04,-39.15,22.20,-52.05,23.9
2026/05/04 21:59:29.58,IMU,769.04,31.74,-609.86,-19.54,17.50,3.98,-39.90,22.95,-52.05,23.9
2026/05/04 21:59:29.68,IMU,779.79,254.39,-505.37,-12.32,-0.02,10.44,-38.70,22.95,-52.05,24.1
2026/05/04 21:59:29.78,IMU,858.40,338.87,-528.32,-20.27,19.27,-21.89,-39.45,24.00,-52.50,23.6
2026/05/04 21:59:29.88,IMU,861.33,252.44,-513.18,-8.35,11.31,-15.60,-41.55,24.60,-51.60,24.2
2026/05/04 21:59:29.98,IMU,880.86,179.69,-566.41,6.85,17.26,-7.85,-41.70,25.20,-50.70,24.0
2026/05/04 21:59:30.09,IMU,839.84,174.32,-602.05,24.02,-9.50,-1.05,-42.30,24.30,-50.40,23.9
2026/05/04 21:59:30.19,IMU,854.00,280.27,-530.76,33.24,-1.23,-8.42,-42.00,22.50,-50.70,23.9
2026/05/04 21:59:30.29,IMU,811.04,244.63,-592.29,40.92,-17.73,-15.91,-43.05,17.40,-48.30,23.8
2026/05/04 21:59:30.40,IMU,688.96,130.86,-436.04,43.88,-24.33,-44.23,-41.70,18.30,-49.95,24.0
2026/05/04 21:59:30.50,IMU,676.76,296.88,-490.72,43.52,13.31,-6.73,-41.55,18.90,-49.80,23.8
2026/05/04 21:59:30.60,IMU,789.06,315.43,-526.86,31.16,32.01,-2.08,-42.60,16.95,-50.85,24.0
2026/05/04 21:59:30.70,IMU,781.74,210.45,-542.97,8.40,16.48,-12.05,-48.45,13.65,-45.45,24.0
2026/05/04 21:59:30.80,IMU,811.52,250.00,-613.77,-9.47,12.03,-6.55,-45.60,15.90,-48.30,24.1
2026/05/04 21:59:30.90,IMU,821.29,223.14,-541.99,-8.45,0.92,24.28,-47.40,16.95,-47.55,24.1
2026/05/04 21:59:31.00,IMU,901.37,310.06,-482.42,-18.50,7.85,16.36,-46.50,16.05,-47.40,23.9
2026/05/04 21:59:31.10,IMU,916.99,202.15,-427.73,-17.18,-8.01,5.23,-46.05,15.75,-47.40,23.9
2026/05/04 21:59:31.20,IMU,828.13,206.05,-455.08,-7.34,-8.92,10.29,-45.75,18.00,-49.50,24.0
2026/05/04 21:59:31.30,IMU,849.12,358.89,-482.91,-22.40,-11.70,-1.98,-44.25,18.00,-51.00,23.8
2026/05/04 21:59:31.40,IMU,753.42,339.36,-470.21,-13.62,-11.58,-10.48,-45.75,19.80,-50.70,24.0
2026/05/04 21:59:31.54,IMU,729.00,218.26,-541.50,6.31,-3.11,-3.32,-43.65,20.10,-51.60,24.0
2026/05/04 21:59:31.64,IMU,786.13,309.57,-545.41,7.06,-1.70,-14.24,-44.70,21.45,-50.70,24.0
2026/05/04 21:59:31.74,IMU,853.52,434.57,-597.66,3.76,5.15,-16.66,-45.00,21.45,-50.25,24.0
2026/05/04 21:59:31.84,IMU,810.55,361.82,-561.52,17.17,21.31,-11.66,-46.35,21.60,-49.35,24.2
2026/05/04 21:59:31.94,IMU,760.25,390.14,-437.50,15.46,20.78,-0.41,-45.60,21.60,-47.55,23.9
2026/05/04 21:59:32.04,IMU,799.32,398.93,-430.18,-5.66,-17.85,13.05,-47.70,22.65,-50.10,23.8
2026/05/04 21:59:32.14,IMU,732.42,317.38,-500.49,-17.21,-8.60,11.21,-48.90,20.40,-45.45,24.2
2026/05/04 21:59:32.24,IMU,809.57,359.38,-567.38,-30.58,-40.32,32.20,-43.20,23.25,-50.25,24.1
2026/05/04 21:59:32.34,IMU,760.74,246.58,-447.75,-43.76,-28.50,21.31,-41.70,24.45,-51.75,24.1
2026/05/04 21:59:32.44,IMU,722.66,425.78,-589.84,-60.69,-53.05,33.89,-39.15,27.90,-51.30,24.0
2026/05/04 21:59:32.54,IMU,720.21,383.30,-683.59,-46.04,-46.91,21.29,-33.75,30.30,-54.00,24.0
2026/05/04 21:59:32.64,IMU,711.91,416.50,-557.13,-74.60,-58.90,22.05,-33.60,33.60,-53.10,24.0
2026/05/04 21:59:32.74,IMU,700.20,312.01,-670.41,-48.15,-40.68,49.24,-31.80,38.40,-50.70,23.9
2026/05/04 21:59:32.84,IMU,713.87,385.74,-633.30,-42.40,-28.02,44.77,-31.80,39.60,-49.50,24.1
2026/05/04 21:59:32.97,IMU,724.12,435.06,-652.83,-28.88,-2.12,33.83,-29.70,42.45,-46.80,23.9
2026/05/04 21:59:33.07,IMU,662.11,279.79,-760.74,-31.59,-34.84,22.31,-30.90,40.95,-47.55,24.0
2026/05/04 21:59:33.17,IMU,666.50,306.64,-647.46,-6.31,-9.25,-7.02,-31.95,43.20,-48.00,23.7
2026/05/04 21:59:33.27,IMU,586.43,427.73,-669.92,-9.32,13.40,4.39,-30.15,45.15,-48.60,23.8
2026/05/04 21:59:33.37,IMU,691.41,479.49,-663.09,2.10,-7.50,10.30,-29.55,45.30,-46.65,24.1
2026/05/04 21:59:33.47,IMU,707.03,537.11,-678.22,-18.62,9.79,1.77,-30.30,46.50,-46.65,24.0
2026/05/04 21:59:33.57,IMU,660.64,400.88,-648.44,-10.40,3.13,21.35,-34.20,45.45,-42.90,24.1
2026/05/04 21:59:33.67,IMU,673.34,535.64,-577.64,-19.63,-7.95,36.94,-33.00,46.20,-42.90,23.9
2026/05/04 21:59:33.77,IMU,752.44,510.25,-539.55,-48.21,-16.27,17.66,-33.90,46.80,-38.70,23.8
2026/05/04 21:59:33.87,IMU,646.48,358.89,-659.18,-16.95,-26.61,18.64,-34.35,48.30,-35.10,24.1
2026/05/04 21:59:33.97,IMU,752.93,351.56,-577.15,-18.90,-13.88,14.49,-36.75,50.40,-31.65,24.0
2026/05/04 21:59:34.09,IMU,803.71,422.36,-602.54,-10.56,2.47,12.69,-34.65,49.50,-30.45,24.1
2026/05/04 21:59:34.19,IMU,672.85,430.66,-528.81,12.89,-15.05,21.52,-31.80,51.00,-34.35,24.1
2026/05/04 21:59:34.29,IMU,712.40,344.24,-502.93,4.90,13.82,10.78,-32.70,52.65,-37.05,24.0
2026/05/04 21:59:34.40,IMU,738.28,425.78,-575.68,-2.25,4.14,5.31,-31.95,52.65,-40.50,23.9
2026/05/04 21:59:34.50,IMU,728.03,324.71,-573.24,1.05,19.08,-8.10,-31.95,53.40,-41.85,24.0
2026/05/04 21:59:34.60,IMU,726.07,328.61,-520.02,5.98,20.34,0.57,-33.90,51.00,-43.05,24.0
2026/05/04 21:59:34.70,IMU,731.93,299.80,-665.04,-5.08,18.75,-25.68,-33.45,50.85,-42.90,23.8
2026/05/04 21:59:34.80,IMU,771.97,343.75,-662.11,3.18,-5.76,-16.18,-33.30,51.30,-43.35,24.0
2026/05/04 21:59:34.90,IMU,789.06,344.24,-587.89,12.72,-1.98,-14.45,-32.10,52.95,-44.55,23.8
2026/05/04 21:59:35.00,IMU,752.93,308.59,-515.14,16.22,-3.69,-3.62,-32.70,51.60,-44.70,24.1
2026/05/04 21:59:35.10,IMU,739.26,317.38,-515.14,-1.66,-2.15,-7.57,-32.10,51.30,-45.90,24.0
2026/05/04 21:59:35.20,IMU,727.05,321.29,-583.98,-3.76,-4.66,6.66,-33.75,51.60,-45.75,24.1
2026/05/04 21:59:35.30,IMU,719.24,343.26,-621.58,-7.52,15.67,6.37,-32.10,51.30,-45.15,23.9
2026/05/04 21:59:35.40,IMU,675.78,307.62,-533.69,-0.66,-12.56,13.97,-32.25,48.90,-45.00,24.1
2026/05/04 21:59:35.50,IMU,753.91,333.50,-539.06,-5.41,8.06,5.92,-33.90,50.55,-43.35,24.1
2026/05/04 21:59:35.60,IMU,806.15,380.86,-583.01,-15.58,2.91,-2.63,-34.35,52.95,-43.35,24.0
2026/05/04 21:59:35.70,IMU,751.95,350.59,-552.73,-7.77,-1.31,6.46,-33.00,52.65,-42.45,24.0
2026/05/04 21:59:35.80,IMU,715.82,334.96,-584.96,-13.69,-10.37,2.69,-33.30,54.00,-43.05,24.1
2026/05/04 21:59:35.90,IMU,777.83,408.69,-557.13,-8.15,2.00,-7.85,-32.55,54.00,-43.35,24.0
2026/05/04 21:59:36.00,IMU,752.44,387.70,-529.79,2.44,-2.80,2.87,-33.45,53.85,-41.40,24.1
2026/05/04 21:59:36.11,IMU,717.29,402.83,-527.34,5.50,3.47,-2.92,-31.95,54.15,-40.65,23.8
2026/05/04 21:59:36.21,IMU,755.86,363.77,-484.86,2.60,-8.68,-6.94,-32.25,53.85,-42.90,24.1
2026/05/04 21:59:36.31,IMU,780.76,389.16,-535.64,-1.12,-0.54,-0.15,-31.35,53.70,-43.05,23.8
2026/05/04 21:59:36.41,IMU,706.05,283.20,-490.72,7.69,-10.37,10.96,-31.20,51.90,-42.15,23.9
2026/05/04 21:59:36.51,IMU,830.57,382.81,-578.61,-12.88,17.29,-14.41,-30.30,51.75,-43.80,24.0
2026/05/04 21:59:36.61,IMU,753.91,308.11,-522.46,0.46,-11.77,13.27,-31.35,53.70,-44.10,24.1
2026/05/04 21:59:36.73,IMU,772.95,313.96,-612.30,-17.39,-2.90,-16.24,-31.95,52.65,-44.70,23.8
2026/05/04 21:59:36.83,IMU,779.79,430.66,-455.57,1.76,12.88,9.55,-32.70,53.40,-42.45,24.0
2026/05/04 21:59:36.93,IMU,792.97,339.84,-551.27,-0.02,8.74,14.91,-33.75,53.85,-43.95,23.9
2026/05/04 21:59:37.03,IMU,793.95,318.85,-454.10,-1.15,-3.03,15.27,-38.40,51.00,-37.65,23.9
2026/05/04 21:59:37.13,IMU,819.34,219.73,-463.38,-3.28,7.92,6.14,-35.10,52.95,-41.25,24.1
2026/05/04 21:59:37.23,IMU,799.80,447.75,-426.76,-24.62,19.82,-28.46,-35.55,55.35,-40.65,24.1
2026/05/04 21:59:37.33,IMU,774.41,431.15,-422.85,-5.10,13.02,-3.74,-35.40,55.95,-39.15,23.7
2026/05/04 21:59:37.43,IMU,805.66,332.52,-410.16,-8.42,10.97,-10.96,-35.85,57.00,-37.95,23.9
2026/05/04 21:59:37.53,IMU,868.65,481.93,-495.61,-10.16,7.64,-13.24,-34.95,56.85,-38.55,23.9
2026/05/04 21:59:37.63,IMU,847.17,330.57,-542.97,15.02,-45.74,-34.60,-33.60,55.95,-40.20,24.0
2026/05/04 21:59:37.73,IMU,667.97,325.20,-329.10,92.69,-144.38,0.02,-33.00,54.60,-40.05,24.1
2026/05/04 21:59:37.83,IMU,647.95,416.02,-450.68,-21.53,19.92,56.73,-30.30,52.95,-40.95,23.9
2026/05/04 21:59:37.93,IMU,785.64,354.49,-354.49,-121.12,94.04,-57.78,-30.30,52.50,-43.05,23.7
2026/05/04 21:59:38.03,IMU,724.12,543.46,-434.08,52.27,-6.21,-5.04,-32.85,58.20,-34.35,24.0
2026/05/04 21:59:38.15,IMU,776.37,584.96,-303.71,19.71,20.97,-25.76,-33.75,58.05,-35.25,23.8
2026/05/04 21:59:38.25,IMU,817.87,400.88,-285.16,-43.50,0.36,-10.67,-34.65,58.20,-35.10,23.7
2026/05/04 21:59:38.35,IMU,836.43,574.71,-258.79,71.27,-44.59,46.62,-35.40,57.45,-36.90,23.7
2026/05/04 21:59:38.45,IMU,787.11,484.38,-379.88,67.51,-28.89,-13.04,-36.60,54.45,-36.60,24.1
2026/05/04 21:59:38.55,IMU,800.29,435.55,-384.28,17.83,-60.24,18.38,-37.05,55.80,-36.75,24.0
2026/05/04 21:59:38.65,IMU,809.57,359.38,-371.58,20.40,-33.10,-21.63,-34.50,51.15,-41.40,23.9
2026/05/04 21:59:38.75,IMU,634.77,307.62,-486.82,-131.79,42.25,48.98,-35.10,54.00,-41.55,23.9
2026/05/04 21:59:38.85,IMU,775.88,555.66,-315.43,11.64,-60.92,-85.22,-34.35,52.95,-41.55,24.1
2026/05/04 21:59:38.95,IMU,521.48,504.39,-396.00,9.53,-30.34,116.35,-29.85,57.90,-38.40,24.0
2026/05/04 21:59:39.05,IMU,992.68,562.01,-411.62,44.18,-26.22,160.48,-31.95,52.65,-42.45,23.6
2026/05/04 21:59:39.15,IMU,916.99,68.85,-1293.46,-53.06,8.38,22.25,-34.20,48.90,-47.55,23.7
2026/05/04 21:59:39.25,IMU,1036.62,344.24,-512.70,-32.55,10.64,-41.27,-38.25,48.15,-44.25,24.1
2026/05/04 21:59:39.35,IMU,343.26,1166.99,-701.66,52.44,17.13,118.73,-36.60,49.50,-44.55,24.0
2026/05/04 21:59:39.45,IMU,808.11,253.91,-610.35,91.85,5.73,-24.60,-40.95,43.05,-43.05,23.9
2026/05/04 21:59:39.58,IMU,943.85,21.48,-703.61,-19.34,-4.61,13.62,-39.15,39.60,-48.15,23.8
2026/05/04 21:59:39.68,IMU,791.50,-146.48,-511.72,-36.82,107.80,13.33,-38.55,39.75,-47.55,24.1
2026/05/04 21:59:39.78,IMU,729.49,-132.81,-495.12,-45.69,55.85,65.98,-47.55,42.60,-42.75,24.1
2026/05/04 21:59:39.88,IMU,975.10,-191.41,-533.69,-3.48,-2.96,31.45,-45.60,38.25,-45.00,24.1
2026/05/04 21:59:39.98,IMU,982.42,-158.69,-339.36,-13.28,144.42,33.85,-48.30,33.90,-44.10,23.9
2026/05/04 21:59:40.08,IMU,694.34,-149.41,-114.26,-38.45,51.94,-102.34,-51.60,38.85,-37.95,24.1
2026/05/04 21:59:40.18,IMU,866.70,-2000.00,1752.44,153.44,-250.14,-50.95,-53.10,40.05,-34.05,23.9
2026/05/04 21:59:40.28,IMU,1041.02,89.36,-486.33,58.60,-114.64,16.32,-45.60,53.85,-30.90,24.1
2026/05/04 21:59:40.38,IMU,753.42,150.88,-430.66,35.28,-23.20,18.97,-46.05,53.25,-29.40,24.0
2026/05/04 21:59:40.48,IMU,950.68,108.89,-233.89,121.34,-100.58,57.27,-49.05,54.45,-27.60,24.0
2026/05/04 21:59:40.58,IMU,1074.22,149.90,-459.96,-64.86,114.95,-28.83,-49.80,51.30,-26.10,23.9
2026/05/04 21:59:40.68,IMU,1015.63,36.13,-292.97,-41.68,95.43,-0.06,-53.10,49.50,-20.70,24.1
2026/05/04 21:59:40.78,IMU,970.21,76.66,-64.94,6.94,-23.34,3.66,-53.85,50.10,-21.15,23.6
2026/05/04 21:59:40.88,IMU,933.11,150.39,-115.23,40.78,-55.61,-31.01,-52.20,53.10,-25.20,23.7
2026/05/04 21:59:40.98,IMU,1021.97,184.08,-437.50,34.70,19.05,16.84,-48.90,52.65,-27.30,24.0
2026/05/04 21:59:41.08,IMU,828.61,127.44,77.64,58.13,-33.27,7.76,-50.85,51.30,-29.40,23.8
2026/05/04 21:59:41.18,IMU,1016.60,77.15,-107.42,39.15,-2.84,31.95,-51.00,50.40,-28.80,23.8
2026/05/04 21:59:41.29,IMU,968.26,-1.95,-115.23,-38.28,57.19,9.62,-51.60,52.20,-27.60,23.6
2026/05/04 21:59:41.39,IMU,1024.41,238.28,91.80,12.60,69.35,6.21,-53.10,52.95,-20.70,24.0
2026/05/04 21:59:41.49,IMU,997.56,96.19,108.89,-33.92,62.86,3.63,-56.25,51.15,-12.60,24.0
2026/05/04 21:59:41.60,IMU,999.02,140.63,213.87,7.89,15.69,-3.58,-53.70,53.10,-15.15,24.0
2026/05/04 21:59:41.70,IMU,683.11,193.85,90.33,-7.45,27.05,-2.40,-54.75,52.65,-18.00,24.0
2026/05/04 21:59:41.80,IMU,1077.15,77.64,48.34,-4.35,-41.42,-58.08,-56.10,47.25,-26.40,23.7
2026/05/04 21:59:41.90,IMU,1161.62,140.14,93.75,-6.74,-14.10,-47.42,-56.55,45.15,-24.45,24.0
2026/05/04 21:59:42.00,IMU,1006.84,-36.13,21.00,18.47,-16.16,3.53,-54.60,46.80,-24.30,23.8
2026/05/04 21:59:42.10,IMU,1006.35,17.58,-29.30,0.30,1.98,1.68,-56.40,46.80,-24.60,24.0
2026/05/04 21:59:42.20,IMU,991.70,54.69,7.32,22.37,-1.92,-1.30,-58.20,44.10,-22.50,23.8
2026/05/04 21:59:42.30,IMU,1456.54,520.51,-561.04,61.20,44.98,22.82,-56.55,45.45,-28.50,24.1
2026/05/04 21:59:42.40,IMU,854.00,19.53,81.54,92.39,-77.98,33.58,-56.85,43.80,-25.05,24.1
2026/05/04 21:59:42.50,IMU,895.51,25.39,-116.70,57.98,-21.09,44.11,-59.85,39.00,-23.10,24.1
2026/05/04 21:59:42.60,IMU,1158.69,31.25,-315.43,-17.31,-1.46,4.21,-57.15,41.10,-27.15,24.1
2026/05/04 21:59:42.73,IMU,1103.03,-209.96,-87.40,16.27,2.11,-6.25,-56.85,41.55,-29.70,23.9
2026/05/04 21:59:42.83,IMU,960.94,90.33,-46.88,34.94,26.58,-4.21,-56.40,41.10,-31.20,23.8
2026/05/04 21:59:42.93,IMU,1315.43,381.84,-100.59,-23.48,27.25,83.47,-56.55,39.75,-28.80,24.1
2026/05/04 21:59:43.03,IMU,1200.68,-51.27,-81.54,9.16,103.13,114.01,-56.40,35.40,-32.55,24.1
2026/05/04 21:59:43.13,IMU,900.88,-244.63,-73.73,116.14,-77.81,101.02,-59.40,27.90,-28.65,24.1
2026/05/04 21:59:43.23,IMU,937.99,-417.48,143.55,41.82,46.58,-22.70,-59.10,22.35,-32.10,24.1
2026/05/04 21:59:43.34,IMU,844.73,-377.93,92.77,72.75,-77.99,24.38,-59.70,22.20,-29.40,23.9
2026/05/04 21:59:43.44,IMU,915.53,-333.01,125.98,12.65,8.70,-1.08,-59.85,17.70,-31.65,24.0
2026/05/04 21:59:43.54,IMU,880.37,-325.20,139.16,-16.22,21.56,-7.36,-62.70,18.30,-25.35,23.9
2026/05/04 21:59:43.64,IMU,929.20,-328.13,103.52,-3.90,-3.31,-6.38,-59.85,20.85,-27.75,24.0
2026/05/04 21:59:43.74,IMU,880.37,-319.34,23.93,15.06,-26.85,33.09,-60.60,21.15,-25.95,24.1
2026/05/04 21:59:43.84,IMU,843.75,-400.88,179.69,52.73,-63.83,0.82,-60.60,19.65,-25.95,24.1
2026/05/04 21:59:43.94,IMU,936.04,-355.47,-88.38,35.63,-16.05,31.34,-62.70,19.80,-27.60,24.0
2026/05/04 21:59:44.04,IMU,805.18,-454.59,120.61,33.93,7.73,0.92,-60.30,16.65,-29.10,24.0
2026/05/04 21:59:44.16,IMU,1014.16,-328.13,193.36,-15.89,-41.68,-36.56,-60.45,15.75,-31.50,24.0
2026/05/04 21:59:44.26,IMU,892.09,-365.72,8.30,9.56,13.60,-4.02,-59.55,14.70,-30.30,23.9
2026/05/04 21:59:44.36,IMU,827.64,-159.18,122.56,20.40,0.15,-49.18,-60.60,16.95,-29.85,23.8
2026/05/04 21:59:44.46,IMU,1042.97,-221.68,11.23,5.44,-38.94,-29.25,-60.75,25.20,-28.20,24.1
2026/05/04 21:59:44.56,IMU,937.50,-123.05,-41.50,18.57,-55.66,-13.55,-59.55,27.60,-33.45,24.0
2026/05/04 21:59:44.66,IMU,907.71,15.14,-396.00,-58.23,-106.00,44.39,-58.65,30.15,-35.10,23.8
2026/05/04 21:59:44.76,IMU,1053.22,275.39,-223.14,78.59,-63.85,-143.97,-60.60,39.00,-29.85,23.8
2026/05/04 21:59:44.86,IMU,1058.11,483.89,71.29,-60.04,39.40,1.78,-51.30,43.05,-42.00,23.8
2026/05/04 21:59:44.96,IMU,981.93,161.62,-158.20,17.27,24.52,-28.81,-50.70,46.95,-37.05,23.9
2026/05/04 21:59:45.06,IMU,770.51,399.90,-216.31,23.23,60.28,0.57,-51.45,45.15,-39.30,24.1
2026/05/04 21:59:45.16,IMU,770.51,412.11,-109.86,8.00,11.69,-7.76,-51.45,44.40,-40.65,24.0
2026/05/04 21:59:45.28,IMU,802.73,587.89,-20.02,79.83,-29.47,-27.47,-52.05,43.05,-39.15,23.8
2026/05/04 21:59:45.38,IMU,798.83,318.85,-153.81,25.85,-5.48,-5.77,-50.70,42.00,-40.65,24.1
2026/05/04 21:59:45.48,IMU,745.12,437.50,-91.31,73.26,-32.02,-7.40,-49.95,42.45,-40.05,23.9
2026/05/04 21:59:45.59,IMU,852.54,764.65,-293.46,82.02,10.40,16.27,-48.30,41.55,-43.35,24.1
2026/05/04 21:59:45.69,IMU,764.16,378.42,-160.64,-0.42,25.55,16.23,-50.85,38.40,-42.75,24.0
2026/05/04 21:59:45.79,IMU,707.03,510.74,-186.52,-38.86,59.37,-44.04,-50.10,39.15,-39.45,24.1
2026/05/04 21:59:45.89,IMU,915.53,508.30,-328.13,63.50,12.35,-84.07,-48.90,43.20,-38.85,23.8
2026/05/04 21:59:45.99,IMU,771.48,304.69,-95.21,16.14,22.92,72.64,-45.15,43.65,-41.10,23.9
2026/05/04 21:59:46.09,IMU,905.27,613.77,-314.94,-6.42,-53.44,152.18,-49.95,39.00,-40.35,24.2
2026/05/04 21:59:46.19,IMU,470.21,305.66,-96.19,63.24,12.39,-40.69,-50.55,25.20,-43.05,24.1
2026/05/04 21:59:46.29,IMU,835.94,302.25,-151.86,-80.05,99.53,-27.64,-52.95,29.10,-38.85,23.8
2026/05/04 21:59:46.39,IMU,959.47,400.88,-277.34,75.47,-78.85,18.53,-53.70,33.30,-37.80,23.9
2026/05/04 21:59:46.49,IMU,860.84,480.47,-324.22,7.65,-17.74,11.08,-51.45,29.85,-39.60,24.1
2026/05/04 21:59:46.59,IMU,1114.26,501.95,-412.11,-29.75,-16.24,51.08,-55.50,30.75,-36.00,24.1
2026/05/04 21:59:46.69,IMU,886.23,430.18,-402.83,-28.53,-22.95,14.72,-51.00,30.30,-40.65,24.0
2026/05/04 21:59:46.79,IMU,668.46,256.84,-316.41,-12.65,9.48,16.60,-52.20,28.35,-42.90,24.0
2026/05/04 21:59:46.89,IMU,416.50,332.52,-386.23,-39.16,-56.73,-71.62,-51.60,31.20,-42.00,24.1
2026/05/04 21:59:46.99,IMU,969.73,709.96,-304.20,-102.76,-1.75,50.57,-50.40,36.75,-43.65,23.9
2026/05/04 21:59:47.09,IMU,640.63,443.85,-690.92,94.00,-60.31,-52.46,-48.90,34.50,-46.80,23.8
2026/05/04 21:59:47.19,IMU,727.54,320.80,-466.31,-9.69,57.15,1.49,-45.90,31.80,-50.40,24.0
2026/05/04 21:59:47.30,IMU,885.25,1186.52,782.23,-23.01,-0.11,140.75,-48.75,35.40,-47.70,24.1
2026/05/04 21:59:47.40,IMU,762.21,227.54,-706.54,70.84,-83.34,21.02,-45.90,33.75,-51.15,24.1
2026/05/04 21:59:47.50,IMU,822.27,108.40,-369.14,-71.20,-48.95,52.40,-42.45,32.70,-52.80,24.0
2026/05/04 21:59:47.61,IMU,594.73,236.33,-907.71,29.27,-128.85,-18.53,-39.60,32.25,-51.60,24.1
2026/05/04 21:59:47.71,IMU,862.79,-105.96,-1281.25,47.24,-59.11,33.76,-32.85,28.65,-56.40,24.0
2026/05/04 21:59:47.81,IMU,658.20,309.57,-661.62,-35.69,40.48,19.86,-31.20,29.55,-58.05,24.2
2026/05/04 21:59:47.93,IMU,503.42,10.25,-742.68,-20.44,-107.52,22.92,-28.80,28.20,-57.15,24.0
2026/05/04 21:59:48.03,IMU,353.52,48.83,-1032.23,2.95,-12.98,28.77,-20.55,32.25,-57.30,23.7
2026/05/04 21:59:48.13,IMU,513.67,312.01,-726.56,-6.59,-11.60,-51.24,-21.75,31.65,-56.70,24.1
2026/05/04 21:59:48.23,IMU,270.02,333.01,-901.37,-33.36,-154.47,-11.02,-17.10,33.15,-57.45,24.0
2026/05/04 21:59:48.33,IMU,407.23,143.55,-1146.00,2.18,-34.54,-58.36,-9.75,34.65,-54.60,23.8
2026/05/04 21:59:48.43,IMU,-98.14,219.73,-857.42,-1.66,2.63,-62.13,-5.25,33.15,-51.75,23.9
2026/05/04 21:59:48.53,IMU,-98.14,350.59,-908.20,-100.96,35.37,-60.45,-4.50,31.20,-52.05,24.0
2026/05/04 21:59:48.63,IMU,-319.82,396.00,-574.71,81.83,122.59,-31.24,-9.15,38.70,-52.20,23.9
2026/05/04 21:59:48.73,IMU,-3.91,267.09,-1080.57,-39.10,65.35,-55.85,-12.75,31.80,-54.75,23.8
2026/05/04 21:59:48.83,IMU,-233.89,841.31,-1294.43,105.07,59.09,-187.49,-13.65,34.65,-54.90,24.1
2026/05/04 21:59:48.93,IMU,256.84,512.70,-915.04,26.77,34.13,-16.92,-19.50,34.50,-56.25,24.1
2026/05/04 21:59:49.03,IMU,188.48,527.83,-953.61,-26.00,31.90,-39.73,-22.05,33.75,-56.25,23.8
2026/05/04 21:59:49.13,IMU,116.21,401.37,-822.75,27.39,30.56,10.13,-19.95,27.00,-57.15,23.8
2026/05/04 21:59:49.23,IMU,333.01,564.45,-626.46,25.37,-34.57,7.21,-18.00,23.40,-56.55,24.0
2026/05/04 21:59:49.36,IMU,85.45,287.11,-837.89,26.64,35.97,50.79,-18.30,20.10,-55.80,23.9
2026/05/04 21:59:49.46,IMU,573.24,64.45,-872.56,-47.04,72.76,-24.93,-25.50,22.50,-54.60,24.0
2026/05/04 21:59:49.56,IMU,702.15,357.42,-910.64,-43.99,43.82,22.26,-30.15,29.55,-54.75,23.8
2026/05/04 21:59:49.66,IMU,408.20,465.82,-669.43,-0.60,37.66,47.56,-32.10,30.15,-53.10,23.9
2026/05/04 21:59:49.76,IMU,658.20,155.76,-538.09,-108.20,94.52,139.19,-39.45,27.00,-50.25,24.1
2026/05/04 21:59:49.86,IMU,731.45,425.29,-565.92,4.73,24.18,4.02,-44.25,28.20,-47.70,24.1
2026/05/04 21:59:49.96,IMU,783.20,65.92,-677.25,124.92,102.69,14.53,-49.35,27.00,-46.35,23.9
2026/05/04 21:59:50.06,IMU,904.30,271.97,-256.84,-0.32,68.82,4.17,-56.25,28.05,-40.05,24.2
2026/05/04 21:59:50.16,IMU,913.09,246.58,-306.15,-23.06,34.89,-9.88,-56.85,26.70,-40.20,24.0
2026/05/04 21:59:50.26,IMU,898.44,371.58,-364.75,-67.24,-9.07,-106.46,-57.90,28.65,-36.90,24.0
2026/05/04 21:59:50.36,IMU,929.69,288.09,-90.33,-41.08,46.11,-17.19,-58.50,31.05,-36.45,24.0
2026/05/04 21:59:50.46,IMU,910.16,387.21,-186.04,-91.18,24.15,-0.57,-60.45,34.35,-34.80,24.1
2026/05/04 21:59:50.56,IMU,891.11,402.83,-97.66,4.04,-31.31,-48.30,-59.10,38.70,-32.70,24.0
2026/05/04 21:59:50.66,IMU,804.69,166.99,-345.70,250.13,-250.14,156.69,-55.80,37.20,-38.55,23.8
2026/05/04 21:59:50.76,IMU,1173.34,507.32,-534.67,-148.51,39.50,-47.16,-45.15,30.75,-52.65,24.1
2026/05/04 21:59:50.86,IMU,906.74,301.27,-1166.99,192.31,-112.53,66.77,-45.75,40.05,-49.50,24.0
2026/05/04 21:59:50.96,IMU,965.82,730.47,-1278.32,113.39,-93.27,-22.83,-45.30,34.65,-50.85,24.0
2026/05/04 21:59:51.07,IMU,709.47,379.88,-591.31,83.66,6.87,-28.95,-41.55,28.80,-54.75,24.1
2026/05/04 21:59:51.17,IMU,639.16,398.93,-719.73,33.18,-40.24,1.50,-41.55,25.80,-53.70,24.1
2026/05/04 21:59:51.27,IMU,586.43,244.14,-767.58,-5.48,-52.32,43.20,-38.70,25.50,-54.60,24.1
2026/05/04 21:59:51.37,IMU,502.93,202.64,-715.82,-23.71,-75.11,-3.43,-34.95,23.85,-57.75,24.0
2026/05/04 21:59:51.47,IMU,544.43,302.25,-919.92,-22.33,2.24,84.46,-30.45,25.05,-58.80,24.0
2026/05/04 21:59:51.57,IMU,538.57,203.13,-831.05,-64.63,69.91,75.17,-29.85,24.00,-58.95,24.0
2026/05/04 21:59:51.67,IMU,569.34,182.13,-677.73,-64.60,3.26,-2.53,-35.85,29.70,-54.90,23.9
2026/05/04 21:59:51.77,IMU,170.90,-579.59,-1148.44,250.13,-250.14,-64.79,-20.55,22.65,-61.35,24.0
2026/05/04 21:59:51.87,IMU,35.64,379.88,-430.66,139.17,-23.56,-99.80,-9.90,6.00,-58.80,23.8
2026/05/04 21:59:51.97,IMU,215.33,-217.77,-988.28,33.84,-72.25,-32.06,-10.80,3.60,-59.70,23.8
2026/05/04 21:59:52.07,IMU,223.14,-195.80,-933.11,31.27,-81.69,-5.82,-11.85,1.65,-58.65,24.1
2026/05/04 21:59:52.17,IMU,155.27,-283.69,-1002.93,-18.37,-22.18,6.80,-9.75,0.15,-58.95,23.8
2026/05/04 21:59:52.27,IMU,250.98,-240.23,-981.45,-67.77,9.44,27.71,-9.90,2.25,-59.10,24.2
2026/05/04 21:59:52.37,IMU,268.55,-62.50,-1148.93,-30.60,44.40,58.14,-7.65,7.50,-60.15,23.8
2026/05/04 21:59:52.49,IMU,2.93,50.78,-1292.48,-29.20,21.71,31.53,-8.40,15.45,-61.35,24.1
2026/05/04 21:59:52.59,IMU,1322.75,538.09,-2000.00,-215.64,188.93,-32.90,-7.95,23.85,-66.30,24.1
2026/05/04 21:59:52.69,IMU,212.89,433.11,-1081.05,86.76,-54.30,6.53,-18.75,37.50,-62.70,24.1
2026/05/04 21:59:52.80,IMU,62.01,105.96,-1318.36,36.66,-75.80,-50.66,-11.40,39.45,-66.75,24.0
2026/05/04 21:59:52.90,IMU,44.43,429.20,-804.20,18.08,-44.15,104.98,-5.40,40.95,-68.85,23.7
2026/05/04 21:59:53.00,IMU,108.89,243.65,-873.05,19.90,-32.53,72.69,-5.85,38.25,-69.30,24.1
2026/05/04 21:59:53.10,IMU,68.85,356.93,-906.74,14.30,-87.45,13.52,0.90,39.60,-70.20,24.0
2026/05/04 21:59:53.20,IMU,9.77,777.83,-1004.39,4.44,-26.13,-76.02,13.05,38.40,-70.80,24.1
2026/05/04 21:59:53.30,IMU,-142.09,332.03,-942.38,-10.20,7.29,1.40,14.10,39.15,-71.25,24.1
2026/05/04 21:59:53.40,IMU,-220.21,362.79,-983.40,6.69,-57.96,21.87,15.75,37.50,-68.85,24.1
2026/05/04 21:59:53.50,IMU,-144.04,308.11,-972.17,-95.37,63.03,37.99,16.80,37.50,-68.85,24.0
2026/05/04 21:59:53.60,IMU,-57.13,491.21,-972.66,-10.11,104.55,-8.41,7.80,44.10,-66.90,24.1
2026/05/04 21:59:53.71,IMU,80.08,689.94,-824.71,-48.53,63.93,54.73,-2.25,42.60,-63.60,24.3
2026/05/04 21:59:53.81,IMU,231.45,712.89,-813.96,-62.40,95.40,20.48,-4.20,47.55,-63.60,24.1
2026/05/04 21:59:53.94,IMU,311.04,538.57,-785.16,17.81,38.73,-16.45,-12.00,49.35,-61.35,24.3
2026/05/04 21:59:54.03,IMU,333.01,562.99,-744.14,-0.93,10.84,-31.83,-12.30,47.55,-61.50,23.8
2026/05/04 21:59:54.13,IMU,235.84,562.50,-735.35,-4.39,3.21,-4.87,-14.10,47.25,-61.50,24.1
2026/05/04 21:59:54.23,IMU,266.11,639.16,-408.69,-4.88,-25.26,26.76,-13.05,52.20,-62.25,24.1
2026/05/04 21:59:54.34,IMU,418.95,626.95,-779.79,7.05,-31.53,41.63,-12.60,52.20,-61.05,24.2
2026/05/04 21:59:54.44,IMU,237.30,685.06,-738.77,-8.73,-7.45,37.73,-10.80,49.05,-62.25,24.0
2026/05/04 21:59:54.54,IMU,313.48,425.29,-845.70,26.47,-35.04,-24.15,-11.70,48.60,-63.75,24.0
2026/05/04 21:59:54.64,IMU,267.58,416.99,-621.58,6.69,15.02,-40.69,-9.15,49.35,-63.15,24.1
2026/05/04 21:59:54.74,IMU,253.91,623.05,-685.55,14.95,-17.77,-42.42,-11.85,43.05,-60.45,24.3
2026/05/04 21:59:54.84,IMU,405.27,631.84,-875.00,-22.82,-9.20,6.95,-3.00,45.75,-64.35,24.0
2026/05/04 21:59:54.94,IMU,-43.95,437.50,-957.03,13.02,-5.81,9.34,0.90,39.60,-66.15,24.0
2026/05/04 21:59:55.04,IMU,-3.42,311.52,-1050.78,2.79,-1.82,27.42,0.90,41.10,-67.95,24.1
2026/05/04 21:59:55.14,IMU,102.54,470.21,-892.58,-5.23,4.18,-3.10,-1.35,40.50,-70.35,24.2
2026/05/04 21:59:55.24,IMU,114.75,433.59,-863.28,46.69,-29.30,-29.49,-0.15,40.35,-69.45,24.1
2026/05/04 21:59:55.37,IMU,119.14,409.67,-914.55,-17.78,13.27,-9.50,0.30,38.70,-72.15,24.1
2026/05/04 21:59:55.47,IMU,180.66,410.16,-924.80,-10.91,-23.82,40.02,-0.15,40.80,-69.75,24.2
2026/05/04 21:59:55.57,IMU,172.36,451.66,-939.45,-6.12,51.57,-22.45,-0.90,40.80,-69.75,23.9
2026/05/04 21:59:55.67,IMU,103.52,597.17,-962.89,0.22,-8.04,23.93,0.15,40.35,-69.75,24.1
2026/05/04 21:59:55.77,IMU,120.12,383.30,-927.73,-18.54,10.27,0.05,-1.80,39.75,-67.05,24.1
2026/05/04 21:59:55.87,IMU,90.33,1115.23,-965.33,10.22,-3.69,13.96,0.90,40.80,-70.80,24.0
2026/05/04 21:59:55.97,IMU,97.66,659.67,-465.33,-20.70,60.38,-28.08,-1.80,37.95,-69.30,24.1
2026/05/04 21:59:56.07,IMU,150.39,334.47,-868.65,3.98,5.57,-14.82,-1.35,40.50,-69.90,24.3
2026/05/04 21:59:56.17,IMU,115.72,428.71,-933.11,29.53,-11.02,-15.10,-0.30,36.45,-70.35,24.2
2026/05/04 21:59:56.27,IMU,111.82,342.29,-830.57,17.85,-6.47,3.65,0.15,35.40,-72.00,24.1
2026/05/04 21:59:56.37,IMU,128.91,380.37,-944.34,-0.02,3.15,-2.17,1.05,34.50,-71.70,24.0
2026/05/04 21:59:56.49,IMU,143.55,322.27,-949.22,-16.97,2.09,15.67,-0.15,36.60,-71.55,24.1
2026/05/04 21:59:56.59,IMU,235.35,519.53,-708.98,-16.60,6.36,-0.56,-0.60,37.95,-70.35,23.8
2026/05/04 21:59:56.69,IMU,128.91,423.83,-928.71,3.79,0.63,-0.37,-1.95,37.35,-70.50,24.1
2026/05/04 21:59:56.80,IMU,135.74,614.75,-804.20,-1.89,-9.19,-6.11,-1.35,38.25,-69.30,24.1
2026/05/04 21:59:56.90,IMU,139.16,508.30,-879.88,6.02,-3.13,2.73,-1.20,39.60,-70.80,24.1
2026/05/04 21:59:57.00,IMU,147.95,451.17,-903.81,-6.54,3.81,0.60,-1.35,38.25,-68.85,24.0
2026/05/04 21:59:57.10,IMU,87.89,363.28,-822.27,-0.63,2.11,-0.88,-1.05,38.70,-69.30,24.4
2026/05/04 21:59:57.20,IMU,166.99,470.21,-863.28,0.74,11.99,-4.85,-1.05,37.20,-71.10,24.2
2026/05/04 21:59:57.30,IMU,184.08,504.39,-820.80,-8.33,23.92,-8.98,-2.70,36.90,-69.75,23.9
2026/05/04 21:59:57.40,IMU,196.78,354.00,-817.87,-10.51,-4.05,1.41,-5.85,37.50,-65.55,24.2
2026/05/04 21:59:57.50,IMU,207.03,456.05,-949.22,-1.82,-6.26,0.11,-4.65,38.70,-69.60,24.2
2026/05/04 21:59:57.60,IMU,205.57,463.87,-879.88,-6.44,3.60,1.11,-4.20,38.40,-67.95,24.3
2026/05/04 21:59:57.70,IMU,215.33,468.26,-852.54,-0.55,0.92,5.43,-3.60,39.45,-68.10,24.0
2026/05/04 21:59:57.80,IMU,215.33,477.54,-783.69,-3.96,-6.89,6.85,-7.65,37.50,-66.75,24.1
2026/05/04 21:59:57.90,IMU,149.90,557.62,-1021.97,-5.54,-49.23,-0.17,-3.00,38.40,-67.95,24.1
2026/05/04 21:59:58.00,IMU,110.35,510.74,-756.35,16.91,-34.17,-21.36,0.15,37.35,-70.20,24.3
2026/05/04 21:59:58.10,IMU,135.25,452.15,-890.14,-8.47,10.69,-3.94,0.30,39.00,-72.15,24.0
2026/05/04 21:59:58.20,IMU,144.04,512.21,-840.33,-1.73,-0.65,-11.26,0.15,38.40,-69.45,24.1
2026/05/04 21:59:58.30,IMU,136.72,669.43,-935.06,-16.92,18.62,-35.69,-1.35,37.50,-70.65,24.1
2026/05/04 21:59:58.40,IMU,343.75,520.51,-810.55,-50.16,7.39,35.42,-6.00,39.15,-68.25,24.1
2026/05/04 21:59:58.51,IMU,201.66,509.77,-805.66,5.95,-15.76,24.77,-7.05,40.05,-66.90,23.9
2026/05/04 21:59:58.61,IMU,221.68,451.66,-846.19,27.18,-26.70,24.86,-8.40,41.70,-68.10,24.2
2026/05/04 21:59:58.71,IMU,37.60,564.45,-765.14,11.58,-19.37,-11.54,-4.95,40.05,-68.70,24.0
2026/05/04 21:59:58.81,IMU,-6.84,394.53,-860.35,-18.47,-17.05,0.20,-5.40,37.95,-67.05,24.1
2026/05/04 21:59:58.91,IMU,207.52,482.42,-1067.38,1.49,-1.73,-3.34,2.55,38.25,-68.10,24.3
2026/05/04 21:59:59.01,IMU,126.95,480.96,-916.02,-3.11,-6.74,2.89,2.25,41.10,-67.20,24.0
2026/05/04 21:59:59.14,IMU,168.95,579.10,-861.82,1.34,13.11,-4.02,1.35,40.95,-67.80,24.1
2026/05/04 21:59:59.23,IMU,131.35,514.65,-875.00,-6.55,12.28,1.75,-0.45,38.85,-68.70,24.1
2026/05/04 21:59:59.33,IMU,130.86,418.46,-807.62,-5.74,22.50,7.22,-0.90,41.10,-66.15,24.0
2026/05/04 21:59:59.44,IMU,311.52,599.12,-762.21,-31.58,55.68,34.96,-5.10,42.90,-67.05,24.2
2026/05/04 21:59:59.54,IMU,375.49,575.68,-574.71,-20.91,54.31,15.05,-12.45,45.45,-61.65,24.3
2026/05/04 21:59:59.64,IMU,398.93,675.29,-753.91,-20.04,1.11,-12.45,-16.35,48.00,-60.45,24.2
2026/05/04 21:59:59.74,IMU,291.50,1061.04,-912.60,-27.29,-10.26,-19.91,-13.05,49.50,-60.75,24.2
2026/05/04 21:59:59.84,IMU,346.68,844.24,-763.67,22.05,-14.14,41.82,-16.80,42.45,-61.35,24.1
2026/05/04 21:59:59.94,IMU,271.00,511.23,-736.82,0.08,2.44,6.46,-11.40,44.40,-64.95,24.2
2026/05/04 22:00:00.04,IMU,291.50,554.20,-791.99,-2.30,5.06,-0.53,-12.45,43.95,-64.95,24.2
2026/05/04 22:00:00.14,IMU,292.97,541.99,-782.71,1.17,2.82,-1.52,-12.60,45.30,-65.85,24.0
2026/05/04 22:00:00.24,IMU,317.87,552.25,-755.86,-14.17,13.42,11.85,-12.60,43.05,-64.65,24.1
2026/05/04 22:00:00.34,IMU,437.01,492.19,-759.28,-15.34,33.17,14.48,-13.95,43.95,-64.50,24.1
2026/05/04 22:00:00.44,IMU,351.07,567.38,-729.00,0.04,-2.53,-0.81,-19.05,44.70,-62.70,24.1
2026/05/04 22:00:00.57,IMU,397.95,564.94,-739.26,-0.70,-1.00,2.13,-16.80,45.45,-63.45,24.3
2026/05/04 22:00:00.67,IMU,380.86,568.85,-716.31,-0.35,4.75,-7.11,-19.65,44.10,-63.60,24.1
2026/05/04 22:00:00.77,IMU,414.06,568.36,-723.14,-0.21,2.02,1.02,-19.05,45.15,-62.40,24.3
2026/05/04 22:00:00.87,IMU,715.33,56.64,-1005.37,11.88,13.92,25.05,-17.70,44.10,-62.55,24.1
2026/05/04 22:00:00.97,IMU,449.71,621.58,-503.42,-0.78,15.08,-9.15,-17.70,43.80,-65.10,24.2
2026/05/04 22:00:01.07,IMU,454.10,657.23,-768.07,-16.37,20.98,-2.57,-17.25,42.45,-63.45,24.3
2026/05/04 22:00:01.17,IMU,332.03,655.76,-750.49,-25.61,1.56,37.74,-22.05,43.65,-61.95,24.2
2026/05/04 22:00:01.27,IMU,470.70,571.78,-725.10,-13.40,18.27,28.90,-22.50,45.30,-61.50,24.4
2026/05/04 22:00:01.37,IMU,506.84,586.91,-655.76,-1.05,7.42,-6.84,-24.45,48.00,-59.70,24.2
2026/05/04 22:00:01.47,IMU,501.95,353.52,-592.77,-6.60,19.66,-4.66,-24.45,48.30,-58.65,24.3
2026/05/04 22:00:01.57,IMU,170.90,1016.11,-99.61,125.91,-36.23,28.27,-27.30,46.50,-56.70,24.2
2026/05/04 22:00:01.67,IMU,735.84,847.17,-572.27,78.30,-13.56,-46.87,-33.60,54.75,-48.45,24.2
2026/05/04 22:00:01.77,IMU,563.48,706.54,-414.55,-64.47,2.24,9.09,-37.95,54.00,-42.00,24.0
2026/05/04 22:00:01.89,IMU,610.84,769.04,-306.64,-42.37,49.81,6.95,-37.50,55.35,-39.60,24.4
2026/05/04 22:00:01.99,IMU,654.79,617.19,-212.89,4.64,26.92,43.40,-34.65,58.65,-43.05,24.0
2026/05/04 22:00:02.09,IMU,715.82,706.05,-302.25,28.47,-12.79,34.08,-37.50,58.05,-40.35,24.3
2026/05/04 22:00:02.19,IMU,765.14,569.82,-234.38,-15.95,30.33,84.74,-40.95,54.75,-41.25,24.0
2026/05/04 22:00:02.30,IMU,830.57,463.87,-291.50,23.82,13.33,88.72,-45.75,50.25,-39.15,24.0
2026/05/04 22:00:02.40,IMU,1000.98,375.00,-173.83,-36.89,43.66,29.06,-50.55,44.10,-40.20,24.2
2026/05/04 22:00:02.50,IMU,946.29,350.10,-109.86,23.54,18.55,31.27,-51.75,43.95,-37.05,24.1
2026/05/04 22:00:02.61,IMU,912.60,293.46,-132.81,-52.35,3.58,28.64,-54.60,41.10,-36.90,24.1
2026/05/04 22:00:02.71,IMU,925.29,196.29,-67.38,-27.69,-25.37,13.17,-53.40,41.55,-37.35,24.3
2026/05/04 22:00:02.81,IMU,1030.27,313.96,-158.69,-50.79,14.45,-61.76,-50.85,46.80,-36.15,23.9
2026/05/04 22:00:02.91,IMU,829.10,366.70,-145.02,24.95,-30.97,-35.63,-52.35,46.80,-33.60,24.2
2026/05/04 22:00:03.01,IMU,826.66,476.07,-180.18,-26.54,10.52,-22.55,-47.40,51.60,-36.00,24.2
2026/05/04 22:00:03.11,IMU,860.84,544.43,-122.56,6.97,2.20,-4.13,-46.35,52.35,-36.75,24.3
2026/05/04 22:00:03.22,IMU,887.21,633.30,-107.91,-17.53,-10.74,-9.74,-46.05,51.30,-36.15,24.1
2026/05/04 22:00:03.32,IMU,958.98,430.18,-81.05,7.24,-16.85,1.00,-46.50,51.75,-39.15,24.1
2026/05/04 22:00:03.42,IMU,740.72,443.85,-178.22,26.19,-34.96,5.47,-45.30,51.75,-37.35,24.1
2026/05/04 22:00:03.53,IMU,731.93,443.85,-53.71,24.79,-28.34,-19.63,-44.40,52.35,-37.80,24.1
2026/05/04 22:00:03.63,IMU,806.15,444.34,-217.77,-31.07,-17.23,-20.71,-43.65,54.00,-39.75,24.0
2026/05/04 22:00:03.73,IMU,885.74,537.60,-238.77,13.37,-52.18,-1.78,-40.65,55.50,-40.95,24.3
2026/05/04 22:00:03.83,IMU,760.25,492.68,-355.96,46.17,-49.63,-14.96,-39.45,54.45,-38.25,23.9
2026/05/04 22:00:03.94,IMU,641.60,646.48,-377.93,-56.74,6.85,7.98,-38.40,54.00,-41.55,24.4
2026/05/04 22:00:04.03,IMU,746.09,553.71,-227.05,56.60,-51.49,-16.26,-34.35,56.25,-44.85,24.2
2026/05/04 22:00:04.13,IMU,709.47,476.07,-436.04,-2.32,-40.79,-6.84,-33.90,60.45,-42.75,24.1
2026/05/04 22:00:04.24,IMU,549.32,570.31,-402.83,-32.22,22.98,-9.93,-30.90,60.75,-43.20,24.3
2026/05/04 22:00:04.34,IMU,711.43,685.06,-424.80,10.40,20.34,10.82,-31.50,61.05,-42.45,24.1
2026/05/04 22:00:04.44,IMU,870.61,752.93,-320.31,55.25,-4.54,77.40,-36.15,61.20,-38.70,24.3
2026/05/04 22:00:04.54,IMU,637.70,323.24,-436.52,46.31,37.76,9.18,-40.80,56.10,-40.65,24.3
2026/05/04 22:00:04.64,IMU,822.27,413.09,-270.02,-49.47,74.43,25.54,-41.70,51.75,-43.80,24.1
2026/05/04 22:00:04.74,IMU,804.69,361.82,-402.83,78.73,-26.85,23.87,-45.00,50.25,-39.75,24.1
2026/05/04 22:00:04.84,IMU,932.13,443.36,-293.46,-33.27,23.58,19.22,-45.75,48.00,-42.30,24.0
2026/05/04 22:00:04.98,IMU,899.41,494.63,-393.07,-12.98,45.59,-31.94,-48.45,44.70,-40.65,24.1
2026/05/04 22:00:05.08,IMU,843.26,470.21,-311.52,0.54,39.88,-10.25,-44.25,46.50,-44.85,23.8
2026/05/04 22:00:05.18,IMU,784.18,507.81,-352.54,144.11,-78.03,-61.03,-44.70,46.05,-43.80,24.3
2026/05/04 22:00:05.28,IMU,685.55,117.19,-287.60,-48.92,76.39,18.39,-44.10,44.70,-42.45,24.1
2026/05/04 22:00:05.38,IMU,832.03,276.86,-230.47,79.87,-18.23,11.63,-42.00,45.30,-45.15,23.9
2026/05/04 22:00:05.48,IMU,782.71,571.78,-467.29,-21.03,-27.30,-19.93,-43.35,42.90,-46.80,24.2
2026/05/04 22:00:05.58,IMU,771.48,485.35,-352.05,31.33,0.48,-12.76,-40.20,40.80,-48.90,24.1
2026/05/04 22:00:05.68,IMU,479.49,259.28,-491.70,125.88,-105.15,96.84,-41.55,40.95,-47.25,24.1
2026/05/04 22:00:05.78,IMU,860.35,372.07,-512.21,107.26,-37.62,6.55,-38.25,33.00,-51.90,24.1
2026/05/04 22:00:05.88,IMU,504.39,52.25,-796.88,-156.23,-16.42,-45.76,-42.30,33.00,-49.05,24.3
2026/05/04 22:00:05.98,IMU,944.82,316.89,-279.30,-53.50,49.15,-115.18,-36.15,35.85,-51.30,23.8
2026/05/04 22:00:06.10,IMU,568.85,545.41,-632.32,14.66,47.47,64.38,-35.85,40.35,-51.75,24.0
2026/05/04 22:00:06.20,IMU,791.02,111.33,-691.41,110.11,18.80,62.48,-39.00,38.70,-49.80,24.1
2026/05/04 22:00:06.30,IMU,698.73,336.43,-842.77,4.97,-39.65,155.73,-41.25,31.65,-49.95,24.2
2026/05/04 22:00:06.41,IMU,637.70,291.50,-655.27,81.29,-1.26,65.95,-38.40,22.50,-52.05,24.2
2026/05/04 22:00:06.51,IMU,531.74,-145.51,-678.71,77.98,-54.75,49.84,-40.95,13.80,-49.50,24.1
2026/05/04 22:00:06.61,IMU,807.13,-28.81,-713.87,58.27,0.56,38.73,-37.05,8.25,-49.35,24.1
2026/05/04 22:00:06.73,IMU,604.49,-153.81,-620.12,-89.67,112.78,-125.83,-41.85,8.70,-46.80,24.1
2026/05/04 22:00:06.83,IMU,1112.30,268.55,-414.55,-79.83,20.58,48.66,-40.65,10.35,-48.45,24.1
2026/05/04 22:00:06.93,IMU,733.89,-117.68,-661.13,-5.27,-112.35,125.21,-39.45,10.35,-49.20,24.1
2026/05/04 22:00:07.03,IMU,550.78,-313.48,-949.22,84.28,-54.67,45.97,-37.05,3.30,-45.75,23.8
2026/05/04 22:00:07.13,IMU,697.75,-293.95,-706.54,16.74,107.28,-37.19,-35.10,1.20,-48.45,24.1
2026/05/04 22:00:07.23,IMU,765.63,-339.36,-533.69,20.49,63.02,-50.01,-41.10,0.75,-45.00,24.2
2026/05/04 22:00:07.34,IMU,850.10,-196.78,-594.24,63.64,-3.77,-56.08,-44.10,1.50,-45.00,24.0
2026/05/04 22:00:07.44,IMU,826.66,-304.69,-462.89,7.27,22.50,-11.35,-45.60,1.50,-43.20,24.3
2026/05/04 22:00:07.57,IMU,869.63,-292.97,-473.14,57.09,-22.63,1.24,-46.65,0.30,-40.35,24.1
2026/05/04 22:00:07.67,IMU,810.55,-359.38,-489.26,21.57,6.30,-12.95,-46.65,-0.30,-41.10,24.0
2026/05/04 22:00:07.77,IMU,818.85,-348.63,-408.20,11.63,7.65,-17.73,-47.55,-1.20,-39.75,24.4
2026/05/04 22:00:07.87,IMU,898.93,-212.89,-354.00,-1.84,1.92,-3.45,-48.15,0.30,-38.25,24.1
2026/05/04 22:00:07.97,IMU,855.96,-319.34,-347.66,8.38,40.85,-71.35,-48.45,1.05,-39.30,24.0
2026/05/04 22:00:08.07,IMU,853.03,-223.63,-390.14,62.14,-67.56,-22.59,-55.50,1.80,-34.95,24.0
2026/05/04 22:00:08.17,IMU,909.18,-91.80,-416.02,15.36,-1.53,17.51,-56.40,1.20,-33.30,24.3
2026/05/04 22:00:08.27,IMU,936.52,-126.95,-336.91,5.17,52.74,-74.61,-54.60,2.40,-37.35,24.1
2026/05/04 22:00:08.37,IMU,830.08,-299.32,-418.95,25.40,-49.76,79.53,-54.00,5.25,-34.95,24.1
2026/05/04 22:00:08.47,IMU,953.61,-150.39,-343.26,11.85,15.27,-2.61,-52.80,0.45,-35.55,24.1
2026/05/04 22:00:08.57,IMU,919.92,-58.11,-396.48,-10.97,-15.78,-34.26,-52.05,1.65,-37.65,23.9
2026/05/04 22:00:08.67,IMU,892.09,-216.31,-419.43,-22.07,-50.01,4.84,-50.40,-1.05,-38.55,24.1
2026/05/04 22:00:08.77,IMU,887.21,-102.54,-507.32,33.66,-6.95,22.87,-48.45,-0.30,-38.85,24.1
2026/05/04 22:00:08.87,IMU,852.05,-196.78,-543.46,8.18,17.82,9.50,-45.00,-3.15,-39.75,24.2
2026/05/04 22:00:08.97,IMU,820.31,-265.63,-487.79,-6.07,14.72,20.40,-47.70,-2.25,-38.25,24.0
2026/05/04 22:00:09.07,IMU,892.09,-242.19,-385.74,-6.02,15.18,25.56,-51.00,-4.80,-34.65,24.3
2026/05/04 22:00:09.17,IMU,855.47,-317.87,-410.64,1.01,-8.82,17.07,-48.45,-2.25,-37.80,24.2
2026/05/04 22:00:09.28,IMU,850.10,-286.13,-578.61,-69.76,-48.74,34.31,-47.40,3.00,-42.90,24.1
2026/05/04 22:00:09.38,IMU,805.18,-165.53,-704.59,-40.51,27.21,1.83,-45.15,4.50,-43.95,23.9
2026/05/04 22:00:09.48,IMU,846.68,-228.52,-402.83,-16.68,46.64,46.63,-44.10,5.25,-43.65,24.0
2026/05/04 22:00:09.58,IMU,848.63,-341.31,-397.46,45.91,-15.30,46.94,-43.05,3.75,-43.95,23.6
2026/05/04 22:00:09.68,IMU,658.69,-369.63,-491.70,-9.30,-19.64,42.91,-41.55,3.00,-43.20,23.9
2026/05/04 22:00:09.78,IMU,846.68,-341.31,-521.48,37.31,-68.66,33.47,-39.30,1.50,-44.25,24.1
2026/05/04 22:00:09.88,IMU,866.70,-305.18,-790.04,144.84,-250.14,5.78,-33.60,-0.45,-45.60,23.6
2026/05/04 22:00:09.98,IMU,-420.41,101.56,226.07,87.28,-92.83,102.56,-23.10,0.30,-48.00,24.1
2026/05/04 22:00:10.08,IMU,348.14,-433.59,-869.63,7.95,-30.34,6.90,-19.65,-1.65,-42.30,23.8
2026/05/04 22:00:10.18,IMU,337.40,-488.28,-810.06,54.49,-20.79,54.39,-14.85,-0.15,-46.35,23.9
2026/05/04 22:00:10.28,IMU,278.32,-464.84,-835.45,6.97,-14.85,5.39,-13.20,-2.55,-45.00,23.9
2026/05/04 22:00:10.38,IMU,256.84,-458.50,-871.58,-7.80,-17.52,9.38,-9.15,-2.25,-43.65,23.7
2026/05/04 22:00:10.48,IMU,210.45,-543.95,-843.26,-13.47,36.99,4.25,-10.05,-0.15,-44.10,24.0
2026/05/04 22:00:10.58,IMU,205.08,-545.41,-896.48,3.12,17.70,-4.13,-11.10,-1.20,-43.80,24.2
2026/05/04 22:00:10.70,IMU,254.39,-585.94,-791.99,-4.39,-11.80,-1.69,-12.45,-1.50,-45.00,24.1
2026/05/04 22:00:10.80,IMU,276.37,-452.64,-833.01,-7.86,-1.44,3.62,-13.05,-0.15,-44.85,24.0
2026/05/04 22:00:10.90,IMU,243.16,-482.42,-834.47,20.80,-32.33,13.47,-13.20,0.00,-45.00,24.1
2026/05/04 22:00:11.01,IMU,226.07,-470.70,-821.78,12.22,-11.66,17.90,-9.15,0.00,-44.70,24.1
2026/05/04 22:00:11.11,IMU,125.98,-696.29,-661.62,17.63,3.37,-26.85,-10.05,-0.15,-40.95,24.1
2026/05/04 22:00:11.21,IMU,171.39,-528.81,-881.35,-0.08,7.04,-5.64,-8.25,0.90,-44.55,24.1
2026/05/04 22:00:11.33,IMU,113.28,-646.00,-917.48,-18.40,60.88,-88.33,-15.15,-4.35,-38.40,23.8
2026/05/04 22:00:11.43,IMU,185.06,-592.29,-981.45,-16.85,16.21,-10.75,-13.65,-0.45,-45.60,24.1
2026/05/04 22:00:11.53,IMU,527.83,-432.62,-618.65,-10.38,109.83,-49.02,-21.60,-1.05,-48.15,24.1
2026/05/04 22:00:11.63,IMU,315.92,-720.70,-1673.34,-29.46,170.64,-111.49,-28.50,-0.90,-46.35,24.0
2026/05/04 22:00:11.73,IMU,907.71,42.97,-573.24,-8.01,3.31,30.43,-44.10,7.95,-44.25,24.0
2026/05/04 22:00:11.83,IMU,1081.05,-51.76,-499.02,-8.34,43.33,-34.74,-47.10,10.50,-42.90,24.1
2026/05/04 22:00:11.93,IMU,885.25,-11.23,-379.39,-6.54,38.56,-9.80,-51.60,12.60,-38.70,24.3
2026/05/04 22:00:12.03,IMU,944.82,147.46,-262.70,-13.11,40.24,-23.07,-53.85,14.55,-38.70,24.0
2026/05/04 22:00:12.16,IMU,949.71,166.99,-309.08,0.11,-2.66,16.10,-55.35,13.80,-36.15,24.0
2026/05/04 22:00:12.26,IMU,943.36,71.78,-150.39,-23.34,61.90,11.44,-57.15,14.85,-34.05,24.1
2026/05/04 22:00:12.36,IMU,946.29,55.66,-105.96,-9.51,8.62,-0.96,-57.75,15.15,-33.90,24.3
2026/05/04 22:00:12.46,IMU,1001.46,-497.07,72.75,9.03,-66.76,17.24,-57.45,16.05,-34.80,24.0
2026/05/04 22:00:12.56,IMU,946.29,74.71,-203.61,-1.55,-2.02,8.65,-57.00,16.20,-33.90,24.3
2026/05/04 22:00:12.66,IMU,973.14,133.79,-228.52,-19.16,7.07,2.77,-58.20,16.05,-35.55,24.2
2026/05/04 22:00:12.76,IMU,972.17,181.64,-302.73,-9.06,-12.18,2.77,-59.40,15.30,-33.00,24.3
2026/05/04 22:00:12.86,IMU,945.80,153.32,-210.45,-2.56,-29.05,4.11,-56.40,17.55,-36.90,24.1
2026/05/04 22:00:12.96,IMU,957.03,145.02,-267.09,0.68,-7.09,0.10,-55.05,16.20,-38.55,24.1
2026/05/04 22:00:13.06,IMU,979.49,-3.91,-296.39,1.81,-8.11,-37.54,-54.75,17.70,-0.45,24.2
2026/05/04 22:00:13.16,IMU,885.74,359.38,-464.36,-2.90,-27.46,-32.72,-55.80,20.85,-38.25,24.2
2026/05/04 22:00:13.26,IMU,885.74,240.23,-314.45,-4.37,-11.76,4.20,-51.60,21.75,-43.35,24.2
2026/05/04 22:00:13.36,IMU,832.03,308.59,-483.40,-29.67,-45.14,-17.90,-51.60,21.45,-43.80,24.1
2026/05/04 22:00:13.46,IMU,1063.48,597.17,380.86,100.74,210.69,195.34,-47.70,20.40,-45.45,24.1
2026/05/04 22:00:13.58,IMU,601.56,321.78,-582.03,36.90,-18.97,55.29,-43.95,20.25,-47.10,24.0
2026/05/04 22:00:13.68,IMU,851.56,41.50,-474.61,-3.49,59.29,-23.02,-46.35,17.40,-45.00,24.1
2026/05/04 22:00:13.78,IMU,496.58,333.98,-435.55,223.92,-250.14,53.99,-47.40,16.95,-43.95,24.0
2026/05/04 22:00:13.88,IMU,797.85,-161.13,-619.63,-55.99,-103.76,54.33,-40.35,8.70,-49.05,24.2
2026/05/04 22:00:13.98,IMU,553.22,-28.81,-758.79,22.38,-73.27,2.33,-33.75,9.75,-53.40,23.9
2026/05/04 22:00:14.08,IMU,612.30,-0.49,-877.44,-28.11,-51.00,-56.63,-29.40,9.75,-55.20,24.3
2026/05/04 22:00:14.18,IMU,543.95,113.28,-876.95,-3.47,-26.44,-34.31,-28.50,10.05,-51.30,24.1
2026/05/04 22:00:14.28,IMU,477.05,44.43,-888.18,1.65,5.32,-6.41,-28.05,10.80,-54.60,24.1
2026/05/04 22:00:14.38,IMU,460.94,-11.23,-926.27,4.82,32.45,-17.34,-28.05,11.55,-54.60,24.3
2026/05/04 22:00:14.48,IMU,598.63,71.29,-808.11,5.40,38.81,-7.14,-30.60,12.30,-54.30,24.1
2026/05/04 22:00:14.59,IMU,555.66,25.88,-840.33,31.27,30.69,-7.05,-32.55,10.05,-53.85,24.2
2026/05/04 22:00:14.69,IMU,682.13,-11.72,-683.59,-8.27,66.57,-27.74,-37.50,10.50,-53.40,24.0
2026/05/04 22:00:14.79,IMU,733.40,142.58,-767.58,2.71,33.24,-53.80,-40.80,12.45,-51.60,24.3
2026/05/04 22:00:14.89,IMU,926.27,126.95,-562.01,-34.13,106.47,-9.73,-50.10,15.75,-44.10,24.2
2026/05/04 22:00:14.99,IMU,899.90,200.68,-346.19,-17.18,142.26,41.34,-54.60,16.50,-37.95,24.0
2026/05/04 22:00:15.09,IMU,890.14,192.87,-249.51,59.19,99.97,50.25,-58.65,13.80,-31.50,24.2
2026/05/04 22:00:15.20,IMU,883.30,127.93,9.77,-33.21,41.97,1.33,-64.35,12.15,-21.60,24.2
2026/05/04 22:00:15.30,IMU,954.10,48.34,44.43,3.05,98.05,-28.14,-63.75,15.30,-18.90,24.0
2026/05/04 22:00:15.40,IMU,840.33,131.35,264.16,55.66,84.89,-32.57,-64.65,15.15,-10.35,24.4
2026/05/04 22:00:15.50,IMU,866.21,224.61,357.42,28.08,138.75,28.38,-64.50,18.75,-2.25,24.2
2026/05/04 22:00:15.60,IMU,734.38,304.69,475.10,-29.79,166.99,20.77,-64.35,16.95,14.70,24.1
2026/05/04 22:00:15.70,IMU,273.44,-233.89,1192.87,-21.95,238.74,-88.52,-52.50,20.40,29.55,24.0
2026/05/04 22:00:15.80,IMU,248.05,221.68,930.66,-11.31,22.30,-13.22,-40.80,19.65,38.85,24.1
2026/05/04 22:00:15.90,IMU,126.95,402.83,1005.37,-7.53,9.81,-6.50,-35.55,18.60,43.20,24.1
2026/05/04 22:00:16.00,IMU,145.02,261.23,984.86,-11.60,2.36,-4.88,-34.50,18.15,42.90,24.3
2026/05/04 22:00:16.10,IMU,156.74,235.35,965.33,7.10,15.05,-10.21,-35.85,18.00,43.35,24.2
2026/05/04 22:00:16.20,IMU,126.95,235.35,967.77,-8.49,-0.35,-2.64,-35.85,17.25,43.05,24.1
2026/05/04 22:00:16.30,IMU,137.21,226.56,957.03,5.61,0.09,1.16,-33.90,17.25,43.05,24.1
2026/05/04 22:00:16.42,IMU,207.03,309.08,1067.87,25.73,-197.86,65.98,-39.15,19.50,40.95,24.3
2026/05/04 22:00:16.52,IMU,577.64,384.28,740.23,-32.40,-99.56,-23.23,-58.20,26.25,19.65,24.1
2026/05/04 22:00:16.62,IMU,416.99,258.30,648.44,20.50,250.13,1.29,-55.05,20.40,23.70,24.1
2026/05/04 22:00:16.73,IMU,66.41,242.68,958.50,9.00,-1.80,-1.65,-36.15,17.55,38.70,24.3
2026/05/04 22:00:16.83,IMU,110.35,242.19,993.16,-1.30,5.82,-5.11,-38.25,17.40,37.80,24.2
2026/05/04 22:00:16.93,IMU,120.12,250.49,961.43,0.70,2.98,-3.60,-36.90,17.55,38.70,24.4
2026/05/04 22:00:17.03,IMU,111.82,216.31,942.87,7.70,4.37,-3.15,-39.45,16.80,42.00,24.2
2026/05/04 22:00:17.13,IMU,83.98,255.37,936.52,-0.47,-2.69,2.13,-37.65,18.00,39.15,24.4
2026/05/04 22:00:17.25,IMU,90.82,268.07,941.41,3.21,-1.11,-1.82,-36.60,18.00,38.40,24.2
2026/05/04 22:00:17.35,IMU,81.54,276.86,967.77,-1.24,-1.48,-1.01,-36.15,18.00,37.35,24.3
2026/05/04 22:00:17.45,IMU,118.16,275.39,957.03,4.95,2.09,-1.41,-35.85,18.30,38.40,24.3
2026/05/04 22:00:17.57,IMU,100.59,282.71,959.47,0.37,-1.65,-2.56,-36.90,19.50,38.40,24.4
2026/05/04 22:00:17.67,IMU,223.14,333.98,857.91,19.53,-62.59,-18.45,-38.40,20.55,36.15,24.2
2026/05/04 22:00:17.77,IMU,174.32,305.18,973.63,-16.60,43.45,-15.40,-41.70,21.75,32.55,24.0
2026/05/04 22:00:17.87,IMU,157.71,298.83,881.84,-11.44,60.54,-7.47,-48.15,24.60,31.65,24.4
2026/05/04 22:00:17.97,IMU,146.00,328.13,912.11,5.14,-2.79,0.83,-43.65,25.35,28.50,23.8
2026/05/04 22:00:18.07,IMU,96.19,320.80,913.09,-29.92,65.59,-16.85,-41.85,23.85,28.80,24.3
2026/05/04 22:00:18.17,IMU,86.43,275.39,941.41,-1.70,-0.77,0.38,-41.25,21.75,27.90,24.3
2026/05/04 22:00:18.28,IMU,327.15,328.13,443.36,75.23,-147.69,-2.99,-43.35,21.15,31.65,24.2
2026/05/04 22:00:18.38,IMU,324.71,318.36,808.11,25.49,-123.23,15.66,-49.20,31.80,25.50,23.8
2026/05/04 22:00:18.48,IMU,567.87,156.25,354.49,-24.03,-113.58,17.50,-55.65,30.15,20.70,24.1
2026/05/04 22:00:18.58,IMU,516.11,331.05,780.27,5.66,23.21,-2.52,-57.15,31.20,15.60,24.3
2026/05/04 22:00:18.70,IMU,563.48,311.04,652.83,-1.47,-10.78,2.29,-57.90,31.20,13.05,24.4
2026/05/04 22:00:18.80,IMU,568.36,321.29,713.87,2.23,-6.85,-1.52,-59.85,31.50,12.60,24.3
2026/05/04 22:00:18.90,IMU,580.08,318.36,740.23,0.84,-3.75,-1.73,-60.15,30.15,11.70,24.1
2026/05/04 22:00:19.00,IMU,590.33,325.20,726.56,2.10,-3.90,-1.23,-61.05,30.75,11.55,24.3
2026/05/04 22:00:19.10,IMU,590.82,317.38,727.54,0.18,-4.83,3.73,-60.60,31.50,10.80,24.3
2026/05/04 22:00:19.20,IMU,592.77,332.52,701.17,0.82,0.09,-1.85,-60.75,31.20,10.20,24.3
2026/05/04 22:00:19.30,IMU,594.73,337.40,730.47,0.35,-1.56,-0.51,-63.75,29.40,14.85,24.3
2026/05/04 22:00:19.40,IMU,607.91,323.73,722.66,1.61,-9.51,-0.74,-60.15,32.40,10.95,24.2
2026/05/04 22:00:19.50,IMU,613.28,336.91,690.43,-1.18,-4.56,-3.76,-61.05,31.50,8.25,24.3
2026/05/04 22:00:19.61,IMU,619.63,333.50,679.20,1.61,0.34,-0.86,-60.60,33.00,9.00,24.2
2026/05/04 22:00:19.71,IMU,627.93,350.59,706.54,-0.47,-1.75,-1.10,-59.55,31.80,9.00,24.4
2026/05/04 22:00:19.81,IMU,620.12,324.22,704.10,0.05,0.34,1.76,-60.75,31.65,10.50,24.3
2026/05/04 22:00:19.91,IMU,609.86,334.47,687.99,1.25,0.98,2.42,-60.75,31.95,8.40,24.2
2026/05/04 22:00:20.01,IMU,608.89,326.66,693.36,-0.26,0.10,-3.78,-60.45,31.20,9.45,24.2
2026/05/04 22:00:20.11,IMU,621.09,334.96,692.38,2.03,-2.79,2.37,-60.30,32.25,10.80,24.3
2026/05/04 22:00:20.21,IMU,628.91,325.20,703.13,0.53,-6.13,4.11,-63.15,30.30,10.80,24.3
2026/05/04 22:00:20.32,IMU,636.23,310.55,668.46,-0.38,-1.51,1.02,-65.25,29.70,12.00,24.2
2026/05/04 22:00:20.42,IMU,644.53,329.59,668.95,-1.89,2.93,-0.63,-60.30,32.55,10.05,24.3
2026/05/04 22:00:20.52,IMU,632.81,323.24,691.89,1.21,1.55,1.91,-61.05,32.55,8.55,24.3
2026/05/04 22:00:20.62,IMU,632.81,327.15,679.69,0.43,0.60,-0.47,-60.60,30.75,7.80,24.1
2026/05/04 22:00:20.75,IMU,634.77,334.96,679.69,0.12,-0.21,0.89,-60.15,31.95,8.40,24.4
2026/05/04 22:00:20.85,IMU,627.93,317.38,677.73,0.62,0.47,-2.44,-60.75,31.65,6.90,24.5
2026/05/04 22:00:20.95,IMU,634.28,332.03,684.57,-0.08,0.09,1.88,-61.95,31.95,8.10,24.4
2026/05/04 22:00:21.05,IMU,636.23,303.22,677.73,1.66,1.60,-1.84,-59.85,33.00,7.20,24.3
2026/05/04 22:00:21.15,IMU,637.21,323.73,678.71,-1.38,0.71,-1.40,-59.85,31.80,7.20,24.3
2026/05/04 22:00:21.25,IMU,636.72,320.80,684.08,1.27,-0.08,-0.99,-60.60,33.30,8.55,24.4
2026/05/04 22:00:21.35,IMU,632.32,329.59,681.64,1.58,-0.05,-1.38,-65.40,29.55,12.15,24.2
2026/05/04 22:00:21.45,IMU,632.81,331.54,669.92,-0.69,-4.06,-3.11,-61.50,31.95,7.65,24.4
2026/05/04 22:00:21.55,IMU,629.88,327.64,672.85,0.56,0.74,-0.85,-61.80,31.05,7.50,24.4
2026/05/04 22:00:21.65,IMU,632.32,335.45,670.90,-0.18,-0.73,-1.66,-60.45,31.20,8.40,24.3
2026/05/04 22:00:21.75,IMU,643.07,316.89,667.48,0.14,1.21,-3.40,-61.35,32.55,8.25,24.2
2026/05/04 22:00:21.85,IMU,639.16,328.13,686.52,1.19,0.23,0.43,-61.20,30.90,8.70,24.5
2026/05/04 22:00:21.95,IMU,625.98,324.22,680.66,1.44,-1.46,0.15,-61.95,32.40,8.10,24.1
2026/05/04 22:00:22.05,IMU,648.44,338.38,671.88,0.31,0.53,0.75,-61.35,33.00,8.25,24.5
2026/05/04 22:00:22.18,IMU,634.77,287.60,699.22,6.56,-1.86,-1.55,-61.20,31.65,8.10,24.5
2026/05/04 22:00:22.28,IMU,472.66,468.75,1041.99,5.47,-37.46,-2.89,-58.05,34.05,14.70,24.5
2026/05/04 22:00:22.38,IMU,497.07,362.79,699.22,0.98,-34.45,11.41,-58.20,33.15,18.15,24.4
2026/05/04 22:00:22.48,IMU,492.19,294.43,694.34,21.44,144.62,-57.15,-57.15,33.60,14.25,24.2
2026/05/04 22:00:22.58,IMU,599.61,230.47,518.55,0.16,18.44,-2.96,-57.30,34.05,13.65,24.3
2026/05/04 22:00:22.68,IMU,417.97,325.68,761.23,0.56,7.18,0.78,-53.70,34.80,19.05,24.5
2026/05/04 22:00:22.78,IMU,348.63,350.59,841.80,4.59,-7.10,2.49,-54.75,36.00,19.35,24.1
2026/05/04 22:00:22.88,IMU,376.95,395.51,789.55,2.53,-0.19,-5.71,-53.70,34.80,20.10,24.4
2026/05/04 22:00:22.98,IMU,399.90,382.81,458.01,-34.60,189.73,-40.68,-53.25,35.25,20.10,24.5
2026/05/04 22:00:23.08,IMU,306.64,428.71,792.48,3.11,-21.63,10.61,-52.05,35.10,21.00,24.5
2026/05/04 22:00:23.18,IMU,394.53,306.64,716.80,-2.57,15.37,1.01,-52.35,35.40,19.65,24.4
2026/05/04 22:00:23.30,IMU,362.30,445.31,781.74,9.73,-29.09,6.99,-52.35,34.65,19.65,24.3
2026/05/04 22:00:23.40,IMU,318.36,274.41,972.17,-30.83,172.56,-31.83,-54.60,35.10,21.00,24.5
2026/05/04 22:00:23.50,IMU,303.22,83.98,1011.72,37.02,-110.66,20.77,-49.05,33.60,20.25,24.5
2026/05/04 22:00:23.61,IMU,602.05,244.63,39.06,-75.39,-13.39,70.95,-57.75,32.55,13.95,24.5
2026/05/04 22:00:23.71,IMU,427.73,418.95,844.24,10.27,109.08,-28.34,-54.15,32.70,18.45,24.3
2026/05/04 22:00:23.81,IMU,47.36,420.90,1427.25,16.23,-112.76,3.64,-49.80,34.35,22.05,24.4
2026/05/04 22:00:23.91,IMU,352.54,388.67,1058.59,-32.96,-158.00,32.73,-53.25,36.00,18.30,24.4
2026/05/04 22:00:24.01,IMU,451.66,386.23,981.45,12.63,23.59,-10.00,-56.85,34.35,13.80,24.1
2026/05/04 22:00:24.11,IMU,534.67,339.84,793.46,4.85,1.55,-4.57,-59.10,35.25,12.90,24.5
2026/05/04 22:00:24.21,IMU,533.20,347.66,768.55,6.59,-17.02,3.85,-57.30,34.80,11.55,24.4
2026/05/04 22:00:24.31,IMU,554.20,344.24,730.96,-0.05,-2.10,0.99,-58.50,34.50,10.80,24.3
2026/05/04 22:00:24.41,IMU,560.55,345.70,749.02,1.11,-13.46,0.50,-61.35,31.80,15.15,24.4
2026/05/04 22:00:24.51,IMU,596.19,318.85,672.36,-12.89,7.17,2.33,-59.85,34.50,8.55,24.5
2026/05/04 22:00:24.61,IMU,542.97,368.65,823.24,-3.35,22.08,-6.63,-58.65,35.10,9.90,24.4
2026/05/04 22:00:24.75,IMU,517.58,337.89,639.65,4.69,56.98,-20.10,-57.30,35.55,12.60,24.4
2026/05/04 22:00:24.85,IMU,445.80,36.13,444.82,-40.68,33.10,70.34,-51.45,39.75,18.30,24.1
2026/05/04 22:00:24.95,IMU,340.33,345.70,787.11,4.50,-87.60,19.02,-49.95,37.95,20.10,24.3
2026/05/04 22:00:25.05,IMU,585.45,369.14,449.22,-49.92,-149.78,48.58,-59.70,33.15,14.25,24.5
2026/05/04 22:00:25.15,IMU,581.54,244.63,648.44,35.92,4.95,-6.23,-58.65,35.40,9.45,24.4
2026/05/04 22:00:25.25,IMU,437.99,472.17,1130.86,-36.59,4.68,16.22,-56.55,35.55,13.95,24.3
2026/05/04 22:00:25.35,IMU,497.07,307.13,722.66,29.86,97.10,-25.02,-57.90,33.15,11.70,24.3
2026/05/04 22:00:25.45,IMU,472.17,344.73,769.53,6.06,-7.69,-5.27,-55.80,36.00,14.40,24.4
2026/05/04 22:00:25.55,IMU,529.79,314.94,718.26,2.24,-16.43,-2.55,-57.45,35.10,11.25,24.3
2026/05/04 22:00:25.65,IMU,545.41,369.63,746.58,-1.45,-12.17,1.82,-57.15,35.10,12.00,24.1
2026/05/04 22:00:25.75,IMU,556.64,331.05,706.54,8.29,15.90,-2.89,-56.25,35.55,10.35,24.3
2026/05/04 22:00:25.85,IMU,553.22,294.43,569.34,-5.09,-16.99,4.92,-55.80,35.25,9.30,24.5
2026/05/04 22:00:25.95,IMU,373.05,409.18,747.56,30.28,83.08,-41.66,-52.35,39.15,14.25,24.5
2026/05/04 22:00:26.05,IMU,62.50,433.59,992.19,15.44,96.02,-11.29,-45.00,41.85,19.65,24.3
2026/05/04 22:00:26.18,IMU,14.65,472.17,920.41,-3.03,-10.59,-1.69,-41.70,43.05,17.40,24.4
2026/05/04 22:00:26.28,IMU,21.97,562.50,1041.50,5.00,-66.82,15.25,-46.05,44.10,13.05,24.3
2026/05/04 22:00:26.38,IMU,200.68,501.95,843.26,4.09,4.07,0.77,-48.30,45.30,9.90,24.5
2026/05/04 22:00:26.48,IMU,166.50,463.87,899.41,-7.90,-43.03,5.58,-48.90,45.45,3.90,24.1
2026/05/04 22:00:26.58,IMU,372.07,399.90,788.57,-4.64,-32.47,6.98,-48.00,48.30,-4.50,24.2
2026/05/04 22:00:26.68,IMU,269.04,430.18,820.80,6.80,-44.91,-1.72,-48.45,43.65,-2.10,24.3
2026/05/04 22:00:26.78,IMU,428.22,392.58,790.53,-12.98,-1.27,0.50,-50.85,41.85,0.90,24.3
2026/05/04 22:00:26.88,IMU,362.79,427.25,821.78,1.50,-8.54,-0.80,-49.35,43.35,-1.50,24.5
2026/05/04 22:00:26.98,IMU,382.32,451.66,806.64,-3.62,-2.08,1.40,-49.65,43.20,-2.10,24.3
2026/05/04 22:00:27.08,IMU,366.21,413.09,835.94,15.02,-1.49,-1.09,-49.80,43.35,-2.25,24.3
2026/05/04 22:00:27.18,IMU,378.91,494.63,780.27,0.65,-1.56,-1.46,-48.00,43.80,-2.70,24.4
2026/05/04 22:00:27.28,IMU,399.90,438.48,806.64,2.24,-0.05,2.67,-48.30,44.85,-0.15,24.5
2026/05/04 22:00:27.38,IMU,382.32,429.20,887.21,-16.05,-49.08,6.98,-48.15,43.95,1.35,24.2
2026/05/04 22:00:27.48,IMU,391.11,396.48,761.23,-1.31,-1.79,1.67,-50.10,43.80,2.70,24.3
2026/05/04 22:00:27.61,IMU,375.49,447.75,798.83,-11.72,13.79,-6.17,-46.50,44.10,0.90,24.4
2026/05/04 22:00:27.71,IMU,364.26,389.16,783.69,-9.98,3.64,4.39,-46.50,43.35,1.95,24.5
2026/05/04 22:00:27.81,IMU,333.98,404.79,769.53,1.22,34.99,-4.98,-47.10,43.65,-0.30,24.5
2026/05/04 22:00:27.92,IMU,274.90,386.23,768.55,-0.60,5.61,-4.92,-47.40,43.20,1.80,24.4
2026/05/04 22:00:28.02,IMU,238.28,399.90,853.52,10.36,9.26,-7.50,-46.80,43.05,2.70,24.4
2026/05/04 22:00:28.12,IMU,181.64,393.55,888.67,3.52,14.69,-4.82,-47.55,40.80,1.95,24.6
2026/05/04 22:00:28.22,IMU,155.27,438.48,906.74,2.86,3.27,-3.40,-50.40,41.25,4.65,24.3
2026/05/04 22:00:28.32,IMU,116.21,402.83,871.58,4.63,-2.51,2.11,-48.15,44.70,4.20,24.1
2026/05/04 22:00:28.42,IMU,230.96,334.47,808.59,-0.38,2.41,-2.12,-49.35,43.35,2.70,24.3
2026/05/04 22:00:28.52,IMU,124.02,454.59,885.74,4.56,19.67,-3.31,-50.40,44.40,1.80,24.5
2026/05/04 22:00:28.62,IMU,166.99,325.68,848.63,-10.72,4.13,-0.71,-51.00,42.00,8.25,24.3
2026/05/04 22:00:28.72,IMU,169.43,402.34,865.23,0.31,-8.50,4.40,-54.00,41.25,11.55,24.4
2026/05/04 22:00:28.82,IMU,145.51,399.90,845.70,-40.50,-2.56,-4.76,-55.50,39.75,14.40,24.4
2026/05/04 22:00:28.92,IMU,146.97,404.30,904.30,6.65,-0.79,1.29,-54.00,39.45,9.30,24.3
2026/05/04 22:00:29.02,IMU,127.93,510.25,838.38,9.49,-4.49,4.02,-50.70,41.25,10.35,24.2
2026/05/04 22:00:29.12,IMU,189.45,387.70,870.61,13.00,-2.68,2.05,-50.70,41.25,8.25,24.5
2026/05/04 22:00:29.22,IMU,168.46,421.39,870.61,-3.21,6.50,-4.61,-52.50,43.20,6.00,24.2
2026/05/04 22:00:29.36,IMU,165.04,439.45,862.30,-1.37,-4.83,-0.85,-50.55,40.80,10.95,24.5
2026/05/04 22:00:29.46,IMU,164.06,438.96,869.63,-4.40,2.03,-0.84,-51.60,41.55,12.00,24.1
2026/05/04 22:00:29.56,IMU,114.75,413.57,908.69,-6.80,7.35,-3.11,-49.95,40.95,13.35,24.5
2026/05/04 22:00:29.66,IMU,161.13,431.15,887.21,1.59,2.13,0.11,-51.75,40.95,12.60,24.5
2026/05/04 22:00:29.76,IMU,160.16,441.41,890.14,6.15,7.56,-0.16,-51.00,42.45,14.40,24.6
2026/05/04 22:00:29.86,IMU,164.06,397.95,871.58,14.44,-8.11,0.40,-49.95,40.95,14.70,24.3
2026/05/04 22:00:29.96,IMU,228.52,388.67,811.52,3.16,-6.44,2.17,-48.75,40.80,14.85,24.4
2026/05/04 22:00:30.06,IMU,177.25,464.84,880.37,-0.98,17.37,-3.90,-49.65,40.20,16.20,24.5
2026/05/04 22:00:30.16,IMU,187.50,450.68,879.88,0.80,-12.53,2.98,-49.05,40.80,17.40,24.3
2026/05/04 22:00:30.26,IMU,223.14,444.82,846.68,-0.07,-8.72,2.40,-49.35,38.85,15.60,24.5
2026/05/04 22:00:30.36,IMU,217.77,446.29,845.21,3.20,-7.66,3.12,-49.95,39.75,15.75,24.5
2026/05/04 22:00:30.46,IMU,253.42,451.17,850.10,2.49,-10.34,0.47,-50.55,38.85,13.05,24.4
2026/05/04 22:00:30.56,IMU,271.00,456.05,811.04,3.08,-7.18,-2.89,-51.60,39.15,13.05,24.5
2026/05/04 22:00:30.66,IMU,280.76,447.75,823.24,1.89,-0.91,1.72,-51.00,39.00,12.15,24.4
2026/05/04 22:00:30.76,IMU,259.77,479.49,846.19,-2.89,-3.14,2.10,-51.00,40.20,11.55,24.3
2026/05/04 22:00:30.86,IMU,296.88,451.17,808.11,-1.57,-5.37,7.18,-50.55,39.60,9.90,24.3
2026/05/04 22:00:30.96,IMU,268.55,391.11,742.19,-20.69,94.86,-17.93,-51.30,38.10,3.30,24.7
2026/05/04 22:00:31.06,IMU,225.59,432.62,868.65,3.39,-3.27,-4.73,-48.00,40.35,-4.05,24.6
2026/05/04 22:00:31.16,IMU,186.04,427.73,880.37,3.79,3.94,1.05,-44.10,43.65,-17.55,24.4
2026/05/04 22:00:31.26,IMU,210.94,413.57,890.14,3.08,-14.50,3.93,-42.30,39.45,-23.40,24.3
2026/05/04 22:00:31.36,IMU,251.46,457.52,827.64,-2.06,3.47,-3.56,-39.45,32.70,-32.25,24.5
2026/05/04 22:00:31.46,IMU,233.89,434.08,835.45,1.73,-6.30,1.24,-35.10,21.75,-49.20,24.6
2026/05/04 22:00:31.56,IMU,251.95,432.62,844.24,-0.38,-2.09,-0.53,-32.25,5.25,-49.05,24.4
2026/05/04 22:00:31.67,IMU,257.32,439.45,853.52,-1.11,0.94,0.76,-31.20,4.05,-30.60,24.4
2026/05/04 22:00:31.77,IMU,249.51,446.29,840.82,2.47,-0.92,-1.30,-28.95,-3.00,-31.65,24.7
2026/05/04 22:00:31.87,IMU,212.40,449.22,929.20,-0.22,-5.74,-3.50,-24.00,-27.90,-61.05,24.2
2026/05/04 22:00:31.98,IMU,249.51,438.96,810.06,0.72,2.30,-0.27,-31.05,-45.75,-92.10,24.5
2026/05/04 22:00:32.08,IMU,177.73,460.45,901.37,-3.59,-7.62,0.21,-14.70,-44.70,-114.00,24.4
2026/05/04 22:00:32.18,IMU,271.00,477.05,799.80,0.53,9.24,2.15,2.85,-53.85,-134.25,24.3
2026/05/04 22:00:32.28,IMU,217.77,435.06,849.12,-5.57,12.00,-1.70,-0.15,-72.60,-122.85,24.6
2026/05/04 22:00:32.38,IMU,188.48,429.20,875.00,-1.52,-2.73,-0.95,-4.20,-79.05,-110.85,24.4
2026/05/04 22:00:32.48,IMU,168.95,412.60,983.89,-1.73,5.56,-2.69,2.70,-83.70,-120.60,24.7
2026/05/04 22:00:32.58,IMU,209.47,499.51,930.66,-5.73,19.20,-0.84,2.10,-92.55,-121.20,24.5
2026/05/04 22:00:32.68,IMU,210.94,405.76,900.39,-3.86,3.67,7.72,2.55,-119.10,-139.20,24.1
2026/05/04 22:00:32.78,IMU,159.67,451.66,943.85,7.79,3.17,1.89,-2.55,-120.30,-131.70,24.4
2026/05/04 22:00:32.88,IMU,214.84,425.29,874.02,6.61,-6.08,-6.73,-2.25,-118.95,-135.75,24.5
2026/05/04 22:00:32.98,IMU,168.46,471.68,866.70,-9.61,8.92,4.03,-2.70,-116.70,-135.75,24.4
2026/05/04 22:00:33.10,IMU,194.82,364.75,833.98,5.62,1.51,2.02,-8.40,-119.55,-128.10,24.1
2026/05/04 22:00:33.20,IMU,192.38,428.22,872.07,0.60,-2.25,-2.73,-10.80,-121.20,-129.75,24.7
2026/05/04 22:00:33.30,IMU,188.48,363.77,811.52,-11.38,10.27,3.28,-9.30,-121.95,-136.50,24.5
2026/05/04 22:00:33.41,IMU,178.22,390.14,845.70,-3.11,12.98,-0.84,-11.40,-111.90,-142.80,24.7
2026/05/04 22:00:33.51,IMU,143.55,365.72,910.64,3.66,3.90,-1.23,-10.20,-108.90,-138.60,24.4
2026/05/04 22:00:33.61,IMU,165.53,359.86,874.02,9.32,2.59,0.95,-9.00,-113.70,-137.55,24.4
2026/05/04 22:00:33.71,IMU,179.69,395.02,907.23,15.80,-3.85,-2.95,-6.15,-109.35,-142.80,24.6
2026/05/04 22:00:33.81,IMU,168.95,418.95,887.21,1.53,-2.21,-1.33,-6.30,-110.55,-144.45,24.5
2026/05/04 22:00:33.91,IMU,168.95,406.25,898.93,0.12,0.21,-0.72,-6.15,-109.35,-144.00,24.5
2026/05/04 22:00:34.01,IMU,187.01,422.85,886.23,1.45,1.28,-2.59,-7.80,-110.25,-142.35,24.6
2026/05/04 22:00:34.11,IMU,166.02,421.39,881.84,0.24,0.01,1.47,-5.40,-107.70,-144.00,24.7
2026/05/04 22:00:34.21,IMU,176.76,426.27,877.93,0.00,-0.16,-0.47,-6.15,-108.90,-144.30,24.4
2026/05/04 22:00:34.31,IMU,169.43,414.55,880.37,1.60,0.79,2.44,-6.90,-108.45,-144.00,24.7
2026/05/04 22:00:34.41,IMU,177.25,423.83,878.42,-0.30,-0.44,-1.03,-6.60,-106.95,-144.30,24.5
2026/05/04 22:00:34.55,IMU,178.22,427.25,870.12,-0.72,-0.39,0.00,-6.90,-108.15,-142.80,24.5
2026/05/04 22:00:34.65,IMU,162.11,422.36,881.35,1.37,-0.19,-0.10,-5.40,-107.70,-146.10,24.4
2026/05/04 22:00:34.75,IMU,173.83,417.48,875.49,-0.27,1.84,-0.38,-6.30,-106.80,-145.50,24.5
2026/05/04 22:00:34.85,IMU,173.34,420.41,876.46,-0.62,-1.31,-1.24,-4.65,-109.35,-145.80,24.6
2026/05/04 22:00:34.95,IMU,171.88,430.66,883.30,1.82,-0.10,2.60,-5.25,-108.00,-144.90,24.5
2026/05/04 22:00:35.05,IMU,166.02,421.88,881.35,1.11,-2.19,-1.54,-4.95,-108.75,-145.95,24.6
2026/05/04 22:00:35.15,IMU,171.39,425.78,887.21,-0.20,0.85,0.88,-9.75,-110.25,-143.10,24.5
2026/05/04 22:00:35.25,IMU,170.41,426.27,875.00,1.09,2.01,-0.85,-5.25,-108.00,-145.95,24.5
2026/05/04 22:00:35.35,IMU,159.18,402.34,875.49,0.14,2.11,1.21,-4.95,-108.75,-145.95,24.5
2026/05/04 22:00:35.45,IMU,176.76,420.41,870.61,2.40,0.06,-0.02,-5.25,-108.75,-146.25,24.5
2026/05/04 22:00:35.55,IMU,173.34,419.43,886.23,1.27,-0.79,0.29,-5.10,-107.70,-147.60,24.5
2026/05/04 22:00:35.65,IMU,163.09,416.50,883.79,1.37,2.12,0.36,-7.80,-111.30,-143.40,24.5
2026/05/04 22:00:35.75,IMU,176.27,423.83,877.93,0.41,-0.37,0.64,-6.00,-107.55,-146.25,24.6
2026/05/04 22:00:35.85,IMU,180.66,422.85,876.46,-0.53,-0.48,0.98,-3.30,-108.90,-147.15,24.7
2026/05/04 22:00:35.98,IMU,176.76,410.64,890.63,1.03,0.65,1.34,-5.85,-108.45,-146.85,24.8
2026/05/04 22:00:36.08,IMU,166.50,417.48,885.25,0.78,-1.08,-0.78,-5.10,-108.90,-146.10,24.5
2026/05/04 22:00:36.18,IMU,176.76,419.43,874.02,0.53,0.27,0.14,-6.00,-109.50,-145.50,24.6
2026/05/04 22:00:36.28,IMU,158.69,432.62,876.46,0.76,-1.14,-2.43,-4.50,-108.00,-146.70,24.7
2026/05/04 22:00:36.38,IMU,175.29,429.69,898.44,-0.70,-0.02,1.66,-4.65,-109.35,-147.60,24.8
2026/05/04 22:00:36.48,IMU,167.48,426.76,886.72,-0.78,0.85,0.10,-4.95,-108.00,-146.25,24.4
2026/05/04 22:00:36.58,IMU,173.83,433.11,872.07,0.95,2.35,0.02,-5.40,-108.90,-146.85,24.5
2026/05/04 22:00:36.68,IMU,172.36,415.53,877.93,1.37,-1.11,-0.97,-5.70,-108.75,-147.30,24.6
2026/05/04 22:00:36.78,IMU,171.88,429.69,884.77,-0.21,1.76,2.82,-4.65,-107.70,-146.10,24.5
2026/05/04 22:00:36.88,IMU,152.34,430.66,878.91,-0.69,0.84,0.94,-5.10,-108.45,-147.15,24.7
2026/05/04 22:00:36.98,IMU,174.32,432.62,884.28,0.63,-2.47,0.01,-5.10,-108.45,-146.40,24.7
2026/05/04 22:00:37.10,IMU,162.60,426.27,876.95,1.44,0.86,-0.61,-4.20,-108.00,-147.75,24.6
2026/05/04 22:00:37.20,IMU,169.92,428.22,881.84,2.51,0.72,2.17,-5.25,-109.05,-148.05,24.5
2026/05/04 22:00:37.30,IMU,169.43,412.11,881.35,2.92,0.67,1.11,-4.95,-108.30,-146.25,24.7
2026/05/04 22:00:37.41,IMU,171.39,429.69,882.81,2.02,0.89,4.33,-5.25,-109.50,-149.10,24.5
2026/05/04 22:00:37.51,IMU,170.90,430.66,887.21,-0.55,2.52,-0.37,-4.35,-108.90,-146.85,24.4
2026/05/04 22:00:37.61,IMU,166.02,410.64,888.67,3.18,-10.60,-2.47,-4.65,-110.85,-148.20,24.7
2026/05/04 22:00:37.72,IMU,147.95,415.04,874.51,-0.60,1.23,-0.57,-2.10,-110.85,-153.75,24.7
2026/05/04 22:00:37.82,IMU,192.38,407.23,889.16,-0.36,1.31,0.19,-6.30,-107.25,-142.35,24.4
2026/05/04 22:00:37.92,IMU,168.95,432.62,876.46,0.76,0.85,1.91,-15.90,-97.35,-99.30,24.5
2026/05/04 22:00:38.02,IMU,271.48,459.96,738.77,8.22,-26.42,7.09,-33.75,-49.35,-24.90,24.7
2026/05/04 22:00:38.12,IMU,208.50,423.83,844.24,4.50,-2.49,3.38,-42.45,-19.80,3.75,24.7
2026/05/04 22:00:38.22,IMU,117.19,387.70,886.72,-3.51,9.46,0.50,-48.15,-8.25,13.65,24.6
2026/05/04 22:00:38.32,IMU,193.85,441.41,886.72,-0.15,-0.57,0.80,-52.35,-1.20,20.70,24.7
2026/05/04 22:00:38.42,IMU,199.71,418.46,916.50,-0.73,2.11,-2.94,-48.15,5.55,16.95,24.6
2026/05/04 22:00:38.52,IMU,176.76,422.85,884.28,0.41,-1.07,1.86,-46.50,11.55,19.20,24.7
2026/05/04 22:00:38.62,IMU,186.04,426.27,878.91,1.80,-0.33,-0.86,-47.25,18.00,21.00,24.6
2026/05/04 22:00:38.72,IMU,192.87,428.22,871.58,-1.81,2.87,-0.91,-45.90,25.05,22.35,24.4
2026/05/04 22:00:38.82,IMU,198.24,434.57,880.86,3.04,-1.01,1.28,-46.65,28.80,23.10,24.8
2026/05/04 22:00:38.92,IMU,183.11,434.57,873.05,2.45,0.62,0.35,-44.85,31.50,24.15,24.7
2026/05/04 22:00:39.02,IMU,198.73,424.80,868.16,1.31,-3.61,-1.85,-45.00,33.90,24.60,24.7
2026/05/04 22:00:39.15,IMU,192.38,430.18,856.45,-1.99,-0.93,0.59,-46.05,34.65,23.55,24.5
2026/05/04 22:00:39.25,IMU,187.50,440.43,862.30,0.85,-2.21,-0.47,-43.65,35.25,24.15,24.7
2026/05/04 22:00:39.35,IMU,201.17,431.64,865.23,0.08,-0.96,-1.40,-44.10,34.50,24.90,24.6
2026/05/04 22:00:39.45,IMU,179.20,437.50,875.98,1.73,2.76,-0.56,-44.85,34.80,24.90,24.8
2026/05/04 22:00:39.55,IMU,187.01,434.08,881.84,1.62,1.79,-0.89,-45.15,34.50,23.70,24.3
2026/05/04 22:00:39.65,IMU,229.00,424.32,849.61,-4.21,2.40,-1.74,-45.30,33.90,24.30,24.7
2026/05/04 22:00:39.75,IMU,263.18,526.86,810.55,-1.57,-18.47,-1.01,-47.10,30.75,27.00,24.7
2026/05/04 22:00:39.85,IMU,195.80,373.05,882.81,6.09,16.20,-3.58,-45.60,35.25,23.70,24.7
2026/05/04 22:00:39.95,IMU,192.87,365.23,825.20,9.85,7.45,-0.97,-45.15,35.25,22.35,24.6
2026/05/04 22:00:40.05,IMU,196.29,502.44,830.08,-9.61,10.45,1.31,-44.40,34.50,23.10,24.3
2026/05/04 22:00:40.15,IMU,172.85,442.87,883.79,1.82,-7.87,0.61,-44.85,36.00,23.10,24.6
2026/05/04 22:00:40.25,IMU,192.87,425.29,891.60,0.21,-1.04,2.21,-46.65,35.55,23.10,24.7
2026/05/04 22:00:40.35,IMU,204.59,429.69,860.35,0.82,-1.94,-0.41,-45.60,36.45,23.40,24.7
2026/05/04 22:00:40.45,IMU,196.29,424.80,873.54,1.19,-0.14,3.98,-45.30,36.60,22.05,24.9
2026/05/04 22:00:40.55,IMU,192.87,416.02,867.19,-1.73,0.18,-2.56,-47.10,36.00,21.90,24.9
2026/05/04 22:00:40.66,IMU,203.61,438.48,850.59,0.20,1.89,-2.10,-45.75,35.40,21.00,24.7
2026/05/04 22:00:40.76,IMU,184.08,423.83,873.05,1.35,0.85,-1.27,-47.40,34.05,24.15,24.7
2026/05/04 22:00:40.86,IMU,202.64,432.62,871.09,1.27,-1.33,-2.05,-45.90,34.05,20.55,24.4
2026/05/04 22:00:40.96,IMU,197.75,443.36,868.65,0.13,1.89,2.39,-45.90,30.30,21.15,24.3
2026/05/04 22:00:41.07,IMU,183.59,424.32,879.88,0.56,-2.50,0.25,-49.35,18.75,21.45,24.7
2026/05/04 22:00:41.17,IMU,198.24,423.34,875.00,-0.35,-1.81,1.30,-49.05,5.40,14.55,24.8
2026/05/04 22:00:41.27,IMU,208.01,431.64,862.79,0.53,-1.94,-0.31,-47.25,-3.60,7.65,24.8
2026/05/04 22:00:41.37,IMU,194.82,433.59,870.61,1.00,0.60,2.45,-42.30,-6.45,6.45,24.7
2026/05/04 22:00:41.47,IMU,204.10,433.11,865.72,0.24,0.35,1.34,-43.05,-3.00,9.60,24.5
2026/05/04 22:00:41.57,IMU,229.98,430.66,865.72,0.46,0.48,0.75,-45.30,-16.80,-2.70,24.8
2026/05/04 22:00:41.67,IMU,210.45,442.38,882.32,0.53,-2.40,-0.40,-46.05,-24.75,-31.20,24.7
2026/05/04 22:00:41.77,IMU,219.73,433.59,868.65,0.74,0.73,-4.50,-39.60,-36.75,-48.60,24.9
2026/05/04 22:00:41.87,IMU,222.66,449.22,863.77,2.11,-0.18,-0.79,-29.70,-37.20,-49.35,24.8
2026/05/04 22:00:41.97,IMU,217.77,427.25,860.35,1.46,-2.48,0.82,-30.30,-28.65,-33.00,25.0
2026/05/04 22:00:42.07,IMU,221.68,449.71,869.14,1.50,0.31,-1.40,-27.00,-21.45,-22.80,24.8
2026/05/04 22:00:42.17,IMU,208.01,434.08,877.44,1.24,-4.20,-0.38,-23.10,-20.10,-20.55,24.7
2026/05/04 22:00:42.29,IMU,203.61,448.73,869.63,2.17,-2.92,3.24,-22.05,-16.20,-18.00,24.8
2026/05/04 22:00:42.39,IMU,218.26,443.36,845.70,0.29,1.07,-2.26,-21.30,-11.25,-19.80,24.7
2026/05/04 22:00:42.49,IMU,218.75,443.85,872.07,-1.32,-2.60,-0.63,-20.40,-13.35,-20.70,24.9
2026/05/04 22:00:42.59,IMU,219.73,435.06,869.14,-0.82,1.93,0.33,-23.25,-10.05,-28.65,24.8
2026/05/04 22:00:42.69,IMU,211.43,432.13,867.68,3.31,-0.32,1.34,-21.60,-14.70,-51.90,24.7
2026/05/04 22:00:42.79,IMU,205.08,429.69,844.73,2.05,0.60,-0.34,-19.20,-14.55,-66.15,24.8
2026/05/04 22:00:42.89,IMU,216.80,433.11,860.35,-1.92,0.85,-3.66,-22.20,-11.10,-62.25,24.3
2026/05/04 22:00:42.99,IMU,205.57,434.08,870.12,1.05,0.01,-2.18,-31.20,6.75,-40.35,24.6
2026/05/04 22:00:43.09,IMU,187.50,500.00,910.16,-1.17,-2.08,1.69,-35.10,22.20,-27.15,24.9
2026/05/04 22:00:43.19,IMU,209.47,438.96,868.16,-1.30,-3.34,1.95,-38.40,33.15,-15.60,24.8
2026/05/04 22:00:43.30,IMU,216.31,436.04,854.98,1.74,-2.15,-2.58,-33.90,42.60,-3.75,24.7
2026/05/04 22:00:43.40,IMU,217.77,443.85,860.35,1.75,-0.78,0.30,-34.65,43.05,8.70,24.7
2026/05/04 22:00:43.50,IMU,214.84,427.73,860.35,-0.50,3.58,-1.68,-38.70,40.05,15.60,24.8
2026/05/04 22:00:43.60,IMU,224.61,455.57,842.29,1.92,-2.47,0.77,-40.35,38.25,15.45,24.7
2026/05/04 22:00:43.73,IMU,218.26,415.53,838.38,1.69,1.37,1.12,-40.20,35.85,15.30,24.7
2026/05/04 22:00:43.83,IMU,220.21,410.16,854.98,-2.44,3.46,-0.50,-40.80,35.55,14.70,24.8
2026/05/04 22:00:43.93,IMU,250.49,424.80,808.11,-0.92,9.21,-0.10,-41.55,34.05,16.50,24.9
2026/05/04 22:00:44.03,IMU,209.96,425.78,869.14,-2.02,-0.01,0.37,-42.00,34.35,15.60,24.7
2026/05/04 22:00:44.13,IMU,214.36,411.13,855.47,0.29,2.63,1.41,-42.30,33.30,15.45,25.2
2026/05/04 22:00:44.23,IMU,205.08,449.22,853.03,0.66,-0.97,0.15,-42.45,32.40,14.55,24.7
2026/05/04 22:00:44.33,IMU,193.36,431.64,876.95,1.55,-1.32,-0.89,-41.70,31.20,16.65,24.9
2026/05/04 22:00:44.43,IMU,216.80,439.94,860.35,-0.73,-0.66,2.27,-42.45,30.45,15.60,25.1
2026/05/04 22:00:44.53,IMU,199.22,435.06,872.56,-0.28,1.68,2.15,-40.95,32.70,17.10,24.7
2026/05/04 22:00:44.63,IMU,209.96,429.69,864.75,-0.73,-0.67,0.84,-41.55,33.00,18.00,24.7
2026/05/04 22:00:44.73,IMU,212.40,429.69,867.68,-1.82,0.08,-1.43,-41.25,35.10,18.15,24.8
2026/05/04 22:00:44.83,IMU,206.54,421.39,866.70,0.42,1.79,-4.09,-44.10,33.30,21.60,24.7
2026/05/04 22:00:44.93,IMU,189.94,428.71,868.16,-1.01,-0.83,-1.51,-42.30,36.45,20.10,24.5
2026/05/04 22:00:45.03,IMU,207.52,429.69,858.89,0.21,2.17,1.95,-43.50,35.40,21.00,24.7
2026/05/04 22:00:45.17,IMU,200.20,424.32,872.07,-0.21,0.19,-1.84,-43.95,37.35,20.70,24.9
2026/05/04 22:00:45.27,IMU,217.29,441.89,849.61,-1.93,0.53,-0.94,-43.65,37.20,20.55,24.9
2026/05/04 22:00:45.37,IMU,203.13,425.29,857.91,2.34,0.05,1.26,-43.65,37.95,21.15,24.8
2026/05/04 22:00:45.47,IMU,203.13,428.22,872.56,-1.82,1.60,0.24,-44.70,38.10,21.45,24.9
2026/05/04 22:00:45.57,IMU,194.34,439.45,858.40,-0.44,2.04,0.59,-42.75,38.85,22.05,24.9
2026/05/04 22:00:45.67,IMU,191.41,432.13,884.28,1.02,7.02,0.24,-43.20,39.60,21.45,24.7
2026/05/04 22:00:45.77,IMU,189.45,442.38,891.11,0.08,-1.38,-0.61,-43.35,37.20,22.35,25.1
2026/05/04 22:00:45.87,IMU,191.41,428.22,858.40,1.34,0.47,-3.56,-43.20,36.90,21.75,24.5
2026/05/04 22:00:45.97,IMU,200.20,437.99,869.14,2.31,-0.14,-0.22,-43.05,35.55,22.35,24.9
2026/05/04 22:00:46.07,IMU,193.85,434.57,872.56,-0.40,3.15,-1.57,-43.50,36.90,21.00,25.2
2026/05/04 22:00:46.17,IMU,201.66,427.73,868.65,-2.07,-0.50,1.55,-42.30,37.20,21.90,24.8
2026/05/04 22:00:46.29,IMU,142.58,427.25,933.11,-0.76,-6.16,0.36,-41.85,38.25,23.10,24.9
2026/05/04 22:00:46.39,IMU,163.57,434.08,873.54,4.51,4.24,-0.78,-41.25,36.60,20.25,24.9
2026/05/04 22:00:46.49,IMU,175.78,436.04,820.80,-1.93,3.66,2.60,-42.75,36.90,20.70,24.9
2026/05/04 22:00:46.60,IMU,186.52,419.92,939.94,3.05,-27.76,3.95,-42.45,36.60,21.75,24.7
2026/05/04 22:00:46.70,IMU,202.64,421.88,859.86,1.05,4.60,0.49,-44.70,36.60,20.70,24.8
2026/05/04 22:00:46.80,IMU,198.73,426.27,849.12,-0.12,-2.56,2.47,-44.85,36.75,20.10,24.9
2026/05/04 22:00:46.90,IMU,208.98,424.80,879.88,1.10,-1.27,0.28,-45.60,34.50,20.85,24.9
2026/05/04 22:00:47.00,IMU,208.50,426.76,865.23,0.25,1.05,-2.21,-44.40,34.50,20.55,24.9
2026/05/04 22:00:47.10,IMU,190.43,426.27,872.56,-0.70,-0.39,1.23,-43.95,30.90,22.80,24.9
2026/05/04 22:00:47.20,IMU,251.95,390.63,705.57,0.05,3.21,-0.90,-40.95,22.95,22.05,25.0
2026/05/04 22:00:47.30,IMU,192.38,458.98,818.36,-1.58,2.47,-3.22,-39.00,19.65,21.60,24.9
2026/05/04 22:00:47.40,IMU,185.06,428.71,875.98,1.66,13.12,-3.79,-38.70,16.05,19.95,24.9
2026/05/04 22:00:47.50,IMU,163.09,453.13,908.69,-1.38,-2.16,-3.65,-37.80,17.40,23.10,24.8
2026/05/04 22:00:47.60,IMU,155.76,426.76,883.30,-0.41,0.85,-0.71,-40.05,25.80,28.05,24.9
2026/05/04 22:00:47.70,IMU,167.48,434.08,885.74,1.92,-2.27,2.18,-40.20,30.90,26.40,24.7
2026/05/04 22:00:47.80,IMU,176.27,440.92,885.25,-0.19,-1.70,-0.60,-35.25,23.85,20.55,25.0
2026/05/04 22:00:47.90,IMU,189.45,370.12,834.96,-42.56,9.98,10.43,-28.65,15.45,21.60,25.0
2026/05/04 22:00:48.02,IMU,184.08,408.69,881.84,-0.56,1.44,1.88,-24.90,0.75,8.55,25.1
2026/05/04 22:00:48.12,IMU,228.52,424.80,910.16,-1.77,4.47,-4.96,-25.20,-15.75,21.00,24.7
2026/05/04 22:00:48.22,IMU,168.95,444.34,879.39,2.50,-13.42,3.09,-19.95,-11.55,-10.50,24.8
2026/05/04 22:00:48.33,IMU,182.13,432.62,866.70,-0.61,-0.69,3.96,-14.25,-4.80,-1.80,24.9
2026/05/04 22:00:48.43,IMU,198.24,434.08,834.47,-0.85,4.08,-0.95,-16.35,6.00,-9.60,24.9
2026/05/04 22:00:48.53,IMU,182.13,421.39,879.88,0.18,-0.46,-0.81,-19.80,9.45,-22.35,24.7
2026/05/04 22:00:48.63,IMU,188.96,420.41,888.67,0.32,2.36,-0.98,-19.95,3.15,-36.60,25.1
2026/05/04 22:00:48.73,IMU,157.23,475.59,840.33,-1.16,1.79,-1.86,-29.70,9.45,-43.20,24.7
2026/05/04 22:00:48.83,IMU,180.66,431.15,867.68,1.27,-0.22,1.15,-35.25,17.40,-47.55,25.2
2026/05/04 22:00:48.94,IMU,208.98,427.73,850.10,2.36,-1.21,0.66,-37.50,22.35,-49.80,24.9
2026/05/04 22:00:49.04,IMU,200.20,439.94,844.73,-1.56,-2.61,0.95,-37.80,29.85,-61.65,24.9
2026/05/04 22:00:49.14,IMU,200.20,434.57,878.42,1.60,1.36,5.06,-45.90,39.45,-41.40,24.9
2026/05/04 22:00:49.24,IMU,206.05,441.41,861.82,2.31,-2.26,5.18,-49.95,42.90,-28.05,25.0
2026/05/04 22:00:49.34,IMU,209.96,442.38,857.91,-0.85,-1.34,1.49,-51.45,42.90,-24.45,24.9
2026/05/04 22:00:49.46,IMU,199.22,435.55,870.61,0.90,-0.85,-3.54,-52.50,37.95,-30.30,24.9
2026/05/04 22:00:49.56,IMU,219.24,446.78,856.45,-0.09,5.75,-2.40,-50.85,31.20,-42.00,25.0
2026/05/04 22:00:49.66,IMU,225.10,432.13,895.51,2.02,-3.34,0.24,-51.00,26.85,-55.20,25.0
2026/05/04 22:00:49.77,IMU,134.28,467.29,1044.43,2.15,-29.04,8.99,-48.75,27.45,-57.45,24.9
2026/05/04 22:00:49.87,IMU,227.05,431.64,827.15,0.35,-0.46,-0.53,-51.75,27.60,-49.35,24.9
2026/05/04 22:00:49.97,IMU,220.21,424.32,853.52,0.17,2.11,-1.64,-52.20,25.05,-49.05,25.1
2026/05/04 22:00:50.07,IMU,218.26,439.45,855.96,0.84,0.33,1.19,-53.10,26.25,-46.65,24.8
2026/05/04 22:00:50.17,IMU,221.19,437.50,863.77,1.80,3.06,0.70,-51.30,24.45,-53.85,24.9
2026/05/04 22:00:50.27,IMU,209.96,470.70,866.21,-0.13,1.03,0.24,-51.45,27.30,-59.10,24.5
2026/05/04 22:00:50.37,IMU,227.54,446.29,847.17,-0.10,1.39,-0.49,-45.15,24.30,-61.95,25.1
2026/05/04 22:00:50.47,IMU,217.77,459.47,862.30,1.84,-1.19,-1.90,-42.45,22.50,-60.75,25.0
2026/05/04 22:00:50.57,IMU,252.44,456.54,828.61,0.18,2.55,1.86,-35.10,14.10,-74.85,24.8
2026/05/04 22:00:50.67,IMU,245.12,442.87,832.52,0.37,-9.87,1.56,-27.75,6.15,-67.20,24.9
2026/05/04 22:00:50.77,IMU,260.74,456.05,797.85,-6.82,7.10,0.89,-25.50,-1.95,-64.35,25.1
2026/05/04 22:00:50.88,IMU,212.89,418.95,873.54,0.95,5.60,-3.53,-13.95,-18.60,-69.30,24.9
2026/05/04 22:00:50.98,IMU,214.84,430.18,859.38,-1.69,-4.61,2.51,-7.95,-28.35,-78.30,24.9
2026/05/04 22:00:51.08,IMU,212.89,423.34,816.89,1.92,11.43,-2.09,-10.95,-32.25,-81.45,24.9
2026/05/04 22:00:51.18,IMU,172.36,406.25,879.39,-0.85,5.60,1.27,-13.50,-28.80,-81.90,24.8
2026/05/04 22:00:51.28,IMU,193.36,442.87,843.75,-3.07,0.15,4.79,-12.60,-35.40,-96.90,25.1
2026/05/04 22:00:51.38,IMU,208.98,425.29,867.68,-1.78,1.08,-0.82,-14.25,-33.30,-96.00,25.1
2026/05/04 22:00:51.48,IMU,205.57,437.50,873.05,0.15,0.77,0.41,-12.30,-31.20,-97.95,25.0
2026/05/04 22:00:51.58,IMU,225.10,432.13,865.23,-0.35,0.48,0.72,-13.35,-28.95,-97.50,24.8
2026/05/04 22:00:51.68,IMU,195.31,433.59,880.37,-1.36,3.60,3.75,-12.00,-31.05,-96.60,24.7
2026/05/04 22:00:51.78,IMU,187.99,438.96,888.18,-0.89,-1.30,-1.91,-13.50,-34.80,-91.65,25.0
2026/05/04 22:00:51.88,IMU,211.43,426.76,888.67,0.15,-5.34,2.31,-10.80,-35.85,-95.70,24.9
2026/05/04 22:00:51.98,IMU,376.46,357.42,872.07,-3.65,-7.73,4.55,-7.80,-33.90,-95.40,24.9
2026/05/04 22:00:52.08,IMU,147.95,312.50,958.01,-0.74,1.05,-1.36,-7.05,-38.85,-96.15,24.9
2026/05/04 22:00:52.18,IMU,207.03,423.34,878.42,-1.24,0.17,-2.21,-7.50,-42.30,-97.20,25.2
2026/05/04 22:00:52.28,IMU,224.12,457.03,854.49,0.62,-1.86,3.58,-8.70,-41.70,-91.20,24.9
2026/05/04 22:00:52.38,IMU,199.22,442.87,886.72,-0.98,7.59,-1.08,-8.25,-44.10,-86.40,25.2
2026/05/04 22:00:52.48,IMU,235.35,384.28,842.77,0.96,5.49,-1.22,-6.75,-62.40,-85.35,24.7
2026/05/04 22:00:52.58,IMU,203.13,479.49,928.71,2.77,-1.13,-3.53,-4.20,-75.60,-91.35,24.9
2026/05/04 22:00:52.68,IMU,148.93,441.41,922.36,-1.55,3.18,0.51,-7.35,-80.10,-91.95,25.1
2026/05/04 22:00:52.78,IMU,184.08,448.73,879.39,-0.44,3.73,-0.82,-4.65,-87.60,-103.95,24.8
2026/05/04 22:00:52.89,IMU,194.82,473.63,833.01,-2.31,10.41,-5.43,-5.25,-89.70,-105.45,24.9
2026/05/04 22:00:52.99,IMU,191.89,435.06,866.21,-0.99,-0.22,1.03,-12.30,-98.40,-107.25,25.2
2026/05/04 22:00:53.09,IMU,188.48,436.52,865.23,0.15,0.15,4.15,-9.00,-95.10,-111.60,24.8
2026/05/04 22:00:53.20,IMU,189.94,444.34,863.77,-0.36,1.78,2.39,-8.70,-96.00,-112.95,25.1
2026/05/04 22:00:53.30,IMU,169.92,427.73,881.84,-0.60,-0.17,-0.98,-8.70,-96.30,-111.45,25.2
2026/05/04 22:00:53.40,IMU,195.31,421.88,868.16,-1.12,-0.34,2.30,-8.55,-94.65,-112.65,25.2
2026/05/04 22:00:53.50,IMU,202.64,436.04,866.21,-1.36,-1.23,1.74,-8.25,-96.90,-112.05,25.1
2026/05/04 22:00:53.60,IMU,200.20,427.73,879.88,1.36,1.28,2.09,-9.00,-95.10,-111.60,25.1
2026/05/04 22:00:53.70,IMU,185.55,420.41,867.68,-0.87,0.87,1.78,-7.95,-95.55,-113.55,24.9
2026/05/04 22:00:53.80,IMU,194.34,442.87,869.14,0.84,0.43,1.24,-9.30,-95.85,-111.60,25.2
2026/05/04 22:00:53.90,IMU,202.64,427.73,870.12,0.72,-1.93,0.11,-8.55,-95.85,-112.65,24.9
2026/05/04 22:00:54.00,IMU,187.50,431.64,868.65,-1.08,-0.70,0.97,-9.90,-98.25,-110.40,25.0
2026/05/04 22:00:54.10,IMU,190.92,423.83,880.86,-0.27,-0.26,-0.30,-7.95,-95.55,-112.95,24.9
2026/05/04 22:00:54.20,IMU,184.57,439.45,870.12,0.80,2.86,1.54,-7.65,-96.00,-112.50,25.1
2026/05/04 22:00:54.32,IMU,183.59,444.34,861.82,1.24,-0.57,-2.47,-8.55,-97.65,-113.85,25.2
2026/05/04 22:00:54.42,IMU,199.22,437.99,874.51,-0.40,1.23,1.02,-8.55,-97.35,-112.35,25.2
2026/05/04 22:00:54.52,IMU,190.92,432.13,866.21,0.66,-2.18,0.13,-8.55,-98.10,-113.40,25.0
2026/05/04 22:00:54.63,IMU,192.87,434.57,875.98,0.42,1.43,-3.31,-7.95,-97.95,-113.55,25.2
2026/05/04 22:00:54.73,IMU,180.18,423.83,871.58,1.59,2.08,3.30,-7.80,-96.15,-112.65,25.2
2026/05/04 22:00:54.83,IMU,196.29,433.59,873.54,0.13,-1.01,-1.19,-7.80,-96.60,-113.10,25.1
2026/05/04 22:00:54.95,IMU,192.38,433.11,872.07,-0.09,2.35,0.09,-8.70,-97.20,-114.00,24.9
2026/05/04 22:00:55.05,IMU,183.59,435.55,860.35,-1.47,-1.44,-3.64,-10.20,-97.95,-109.95,25.2
2026/05/04 22:00:55.15,IMU,196.29,434.57,872.56,0.82,2.85,-1.18,-8.70,-95.55,-114.75,24.8
2026/05/04 22:00:55.25,IMU,190.43,442.87,854.49,0.26,0.58,1.29,-12.60,-99.60,-109.80,25.1
2026/05/04 22:00:55.35,IMU,192.87,432.62,866.70,1.80,1.05,-1.50,-9.00,-98.10,-113.85,25.2
2026/05/04 22:00:55.45,IMU,190.92,429.20,861.33,0.96,-0.25,0.58,-6.60,-97.20,-113.55,25.2
2026/05/04 22:00:55.55,IMU,178.22,420.41,871.58,0.94,0.89,-0.18,-9.00,-96.90,-113.85,25.0
2026/05/04 22:00:55.65,IMU,183.59,431.15,866.70,1.10,2.08,-1.30,-7.95,-97.95,-113.55,25.2
2026/05/04 22:00:55.75,IMU,198.73,442.38,866.70,-0.73,-1.08,-1.08,-7.95,-97.50,-114.30,25.2
2026/05/04 22:00:55.85,IMU,188.48,428.22,871.58,0.44,1.92,-1.95,-9.30,-96.90,-114.45,25.2
2026/05/04 22:00:55.95,IMU,190.43,438.96,865.23,-0.40,2.99,-0.27,-7.65,-98.25,-112.95,25.1
2026/05/04 22:00:56.05,IMU,193.36,416.99,864.26,1.23,1.69,-2.76,-12.45,-97.95,-111.15,24.9
2026/05/04 22:00:56.15,IMU,198.24,438.96,869.14,-1.92,0.94,-1.69,-9.15,-97.50,-113.55,25.1
2026/05/04 22:00:56.25,IMU,195.80,434.08,866.21,1.28,-1.36,0.13,-7.65,-96.75,-113.55,25.0
2026/05/04 22:00:56.38,IMU,191.89,437.50,872.07,1.70,1.07,1.59,-8.55,-97.65,-113.85,25.3
2026/05/04 22:00:56.48,IMU,186.52,434.57,862.79,-0.20,2.22,-0.54,-9.45,-97.20,-114.75,25.1
2026/05/04 22:00:56.58,IMU,189.45,445.80,878.42,0.02,-2.54,-3.40,-8.25,-95.85,-114.45,25.2
2026/05/04 22:00:56.68,IMU,191.41,433.11,885.25,-0.20,1.39,-0.40,-8.70,-95.55,-112.95,25.0
2026/05/04 22:00:56.78,IMU,188.48,435.55,867.19,-2.48,-1.25,0.95,-9.00,-97.35,-113.85,25.2
2026/05/04 22:00:56.88,IMU,192.87,428.71,869.14,1.17,2.23,-2.19,-8.40,-97.50,-114.30,25.1
2026/05/04 22:00:56.98,IMU,186.52,425.78,876.46,-0.31,2.10,-0.25,-10.20,-99.75,-110.70,24.9
2026/05/04 22:00:57.08,IMU,188.48,427.73,871.58,-0.36,-1.47,0.42,-8.25,-96.90,-114.15,25.1
2026/05/04 22:00:57.18,IMU,184.08,437.50,876.95,1.63,1.63,-3.96,-8.40,-97.50,-114.75,25.1
2026/05/04 22:00:57.28,IMU,194.82,433.59,866.70,0.53,0.76,-0.56,-7.95,-97.50,-114.75,25.2
2026/05/04 22:00:57.38,IMU,174.80,431.64,864.75,1.98,-0.45,3.06,-9.75,-97.35,-115.20,24.7
2026/05/04 22:00:57.48,IMU,197.27,427.73,871.58,0.34,1.21,-3.79,-8.70,-97.50,-113.55,24.8
2026/05/04 22:00:57.58,IMU,192.87,427.25,856.45,0.16,-0.18,1.75,-7.95,-97.20,-115.05,25.2
2026/05/04 22:00:57.68,IMU,184.08,435.06,862.79,0.40,0.05,-0.67,-9.30,-97.35,-114.45,25.2
2026/05/04 22:00:57.78,IMU,189.94,426.27,880.86,1.10,0.23,1.94,-9.30,-97.35,-113.85,24.9
2026/05/04 22:00:57.88,IMU,192.38,435.06,873.05,0.50,0.59,-1.50,-9.75,-96.60,-113.40,24.9
2026/05/04 22:00:57.98,IMU,188.48,447.27,873.05,1.25,1.74,-1.69,-8.55,-96.90,-115.20,25.2
2026/05/04 22:00:58.10,IMU,196.78,429.69,880.86,1.83,2.28,4.01,-11.55,-99.15,-112.65,25.2
2026/05/04 22:00:58.20,IMU,182.62,437.99,887.21,-1.36,-0.24,0.16,-7.65,-97.50,-115.50,25.2
2026/05/04 22:00:58.30,IMU,179.20,437.99,880.86,0.34,-1.08,0.81,-7.95,-98.25,-114.75,25.3
2026/05/04 22:00:58.41,IMU,168.46,453.61,869.14,0.45,0.00,1.35,-7.65,-97.95,-114.30,25.2
2026/05/04 22:00:58.51,IMU,192.87,431.15,838.38,3.18,1.53,0.05,-9.30,-97.35,-116.40,25.2
2026/05/04 22:00:58.61,IMU,225.10,428.71,870.12,5.11,-0.02,-0.81,-8.70,-98.25,-114.75,25.2
2026/05/04 22:00:58.72,IMU,161.62,485.84,861.33,1.54,7.88,-12.18,-7.35,-98.25,-115.50,25.3
2026/05/04 22:00:58.82,IMU,199.22,495.12,870.61,-7.03,7.83,-33.89,-7.65,-97.20,-114.30,24.9
2026/05/04 22:00:58.92,IMU,138.67,415.04,847.17,-24.19,-8.59,-35.23,-6.15,-95.25,-113.25,25.0
2026/05/04 22:00:59.02,IMU,212.89,455.57,852.05,-19.19,-24.21,-15.92,-4.95,-96.15,-114.15,25.3
2026/05/04 22:00:59.12,IMU,146.00,389.16,1000.00,1.63,-24.91,1.87,-7.80,-96.15,-115.95,25.2
2026/05/04 22:00:59.22,IMU,144.04,434.08,843.26,3.05,-5.45,-22.25,-7.05,-97.35,-116.40,24.7
2026/05/04 22:00:59.32,IMU,188.48,418.95,910.16,-6.65,-13.16,-31.24,-5.40,-94.80,-115.05,25.0
2026/05/04 22:00:59.42,IMU,196.29,419.43,891.60,-5.09,-25.89,-17.90,-5.25,-94.35,-117.45,25.2
2026/05/04 22:00:59.52,IMU,210.94,373.54,846.19,-0.02,-20.05,-29.37,-5.70,-92.70,-116.40,25.2
2026/05/04 22:00:59.62,IMU,193.36,428.71,878.42,-3.77,-6.82,-48.75,-6.15,-93.75,-115.50,25.3
2026/05/04 22:00:59.72,IMU,205.08,395.02,897.46,-16.83,-23.85,-42.79,-3.60,-89.10,-115.05,25.3
2026/05/04 22:00:59.82,IMU,250.49,412.11,878.42,-12.22,-30.74,-37.54,-3.60,-88.80,-115.05,25.3
2026/05/04 22:00:59.92,IMU,240.23,394.53,849.12,-17.57,-29.42,-43.43,-3.75,-89.40,-113.10,25.2
2026/05/04 22:01:00.02,IMU,221.68,380.86,880.86,-14.37,-28.43,-49.99,-2.70,-86.25,-113.40,25.2
2026/05/04 22:01:00.15,IMU,214.36,411.13,901.37,-20.38,-31.58,-52.97,-1.65,-85.50,-115.20,24.9
2026/05/04 22:01:00.25,IMU,192.87,390.14,853.03,-31.18,-40.52,-44.39,-0.90,-84.75,-114.45,25.3
2026/05/04 22:01:00.35,IMU,254.88,286.62,834.96,-15.51,-22.64,-53.37,0.30,-86.55,-115.05,25.3
2026/05/04 22:01:00.45,IMU,247.56,345.70,931.64,6.63,-6.79,-49.38,1.20,-85.20,-114.90,24.8
2026/05/04 22:01:00.55,IMU,205.08,384.28,914.06,-4.90,-24.25,-31.06,3.45,-85.20,-118.50,25.1
2026/05/04 22:01:00.65,IMU,307.62,425.78,981.93,-9.83,-15.91,-37.12,4.35,-85.05,-119.10,25.3
2026/05/04 22:01:00.75,IMU,250.49,385.74,1033.69,-21.18,-3.16,-58.17,5.85,-87.60,-116.55,25.0
2026/05/04 22:01:00.85,IMU,236.33,338.87,986.82,-24.99,-20.27,-43.03,7.35,-88.35,-116.55,25.2
2026/05/04 22:01:00.95,IMU,214.84,288.09,921.88,-17.21,-16.00,-40.24,7.65,-88.80,-112.95,25.2
2026/05/04 22:01:01.05,IMU,158.20,358.89,839.84,-9.47,-21.62,-43.15,9.00,-88.65,-112.65,25.2
2026/05/04 22:01:01.15,IMU,196.29,328.13,903.32,-7.18,-18.71,-40.39,7.05,-89.70,-109.05,24.9
2026/05/04 22:01:01.25,IMU,227.54,380.86,981.93,-8.60,-18.48,-33.59,9.30,-89.70,-111.60,25.2
2026/05/04 22:01:01.35,IMU,177.73,358.40,1074.22,-15.17,-9.47,-37.33,10.65,-90.60,-110.40,25.2
2026/05/04 22:01:01.46,IMU,210.94,386.72,1064.45,-19.26,-22.92,-28.20,11.55,-90.45,-110.25,25.2
2026/05/04 22:01:01.58,IMU,241.21,402.34,1016.60,-5.35,-2.57,-26.01,11.85,-90.45,-108.00,25.2
2026/05/04 22:01:01.68,IMU,157.71,325.20,855.47,10.49,6.61,-24.15,13.05,-90.15,-109.50,25.4
2026/05/04 22:01:01.78,IMU,186.52,312.50,690.92,16.48,-6.92,-9.24,14.25,-88.35,-108.60,25.2
2026/05/04 22:01:01.88,IMU,183.11,371.58,630.37,-11.20,6.39,-32.86,13.65,-87.75,-109.50,24.9
2026/05/04 22:01:01.99,IMU,139.16,359.38,854.00,-14.18,-3.03,-32.77,17.40,-89.70,-109.80,25.2
2026/05/04 22:01:02.09,IMU,157.71,371.09,840.82,4.79,-11.97,-29.72,18.30,-89.85,-109.35,25.2
2026/05/04 22:01:02.19,IMU,157.23,421.88,837.40,-16.24,-25.16,-48.27,15.45,-92.55,-105.00,25.2
2026/05/04 22:01:02.29,IMU,65.43,231.93,938.96,-12.63,-11.75,-20.37,19.80,-94.05,-106.80,25.4
2026/05/04 22:01:02.39,IMU,358.89,174.32,928.71,-12.77,-17.03,-12.73,19.50,-93.00,-104.25,25.4
2026/05/04 22:01:02.49,IMU,76.66,414.06,1161.62,12.82,24.00,-12.18,19.05,-98.25,-104.25,24.9
2026/05/04 22:01:02.59,IMU,94.73,383.79,913.57,-41.20,-19.73,2.16,21.60,-98.25,-108.60,25.2
2026/05/04 22:01:02.69,IMU,161.13,254.88,748.54,-2.24,-8.32,-48.13,19.50,-96.75,-104.55,25.2
2026/05/04 22:01:02.79,IMU,136.23,402.34,909.18,23.38,-10.11,-57.43,22.50,-98.85,-106.20,25.4
2026/05/04 22:01:02.89,IMU,203.61,448.24,889.65,-31.60,-43.24,-47.96,23.85,-99.75,-106.80,25.2
2026/05/04 22:01:02.99,IMU,227.05,437.99,968.75,-11.67,-20.69,-49.81,22.50,-103.05,-105.45,25.0
2026/05/04 22:01:03.09,IMU,91.80,450.68,802.73,-6.24,-31.92,-0.73,22.35,-103.65,-105.75,25.3
2026/05/04 22:01:03.20,IMU,163.57,478.03,771.48,-13.90,-44.12,7.73,15.90,-104.10,-99.30,25.1
2026/05/04 22:01:03.30,IMU,172.85,375.00,829.59,-15.06,-3.28,-22.75,17.70,-104.85,-102.30,25.0
2026/05/04 22:01:03.40,IMU,165.53,418.46,904.79,6.47,4.79,-20.14,18.45,-105.30,-101.85,25.0
2026/05/04 22:01:03.50,IMU,343.75,336.43,1023.93,23.85,25.40,-28.69,18.00,-105.90,-102.45,25.1
2026/05/04 22:01:03.61,IMU,124.02,404.79,860.35,-7.73,-5.11,-16.23,20.85,-105.15,-105.00,24.9
2026/05/04 22:01:03.71,IMU,278.81,392.09,952.15,17.72,9.10,5.15,19.65,-104.10,-103.65,25.2
2026/05/04 22:01:03.81,IMU,116.70,347.17,879.88,0.07,-19.31,14.58,20.10,-102.75,-102.00,25.1
2026/05/04 22:01:03.91,IMU,179.69,343.75,829.59,-14.14,-14.53,-29.12,21.30,-103.95,-102.75,25.3
2026/05/04 22:01:04.01,IMU,171.88,407.71,927.25,-33.10,-22.31,-37.03,21.60,-107.40,-102.45,25.4
2026/05/04 22:01:04.11,IMU,269.53,487.79,1054.20,-3.21,-4.10,-78.61,18.00,-108.90,-102.45,25.3
2026/05/04 22:01:04.22,IMU,238.28,463.87,850.59,-14.84,-3.97,-57.51,18.15,-114.00,-99.30,25.2
2026/05/04 22:01:04.32,IMU,80.08,399.41,792.97,-2.01,-30.71,13.82,20.40,-111.00,-102.30,25.2
2026/05/04 22:01:04.42,IMU,250.98,420.41,751.46,-17.96,-32.71,-13.92,18.00,-112.65,-100.65,24.9
2026/05/04 22:01:04.52,IMU,188.48,372.56,883.79,-12.91,-10.15,-35.60,18.45,-111.75,-100.05,25.3
2026/05/04 22:01:04.62,IMU,309.57,416.50,1146.48,17.87,31.62,-58.31,17.55,-114.15,-101.70,25.3
2026/05/04 22:01:04.75,IMU,484.86,344.73,865.72,27.85,0.06,-58.04,16.80,-115.80,-101.40,25.4
2026/05/04 22:01:04.85,IMU,143.07,417.97,877.93,5.67,-11.92,-18.54,17.55,-113.85,-102.00,25.2
2026/05/04 22:01:04.95,IMU,207.03,325.68,837.40,-34.50,-53.37,-22.85,16.05,-115.35,-100.65,25.2
2026/05/04 22:01:05.05,IMU,167.97,407.71,866.70,-29.14,-26.56,-50.98,14.25,-118.35,-100.95,25.3
2026/05/04 22:01:05.15,IMU,141.60,450.68,949.22,0.21,-2.96,-98.89,14.10,-120.45,-100.05,25.4
2026/05/04 22:01:05.26,IMU,225.10,490.23,817.38,-17.22,-17.82,-54.93,8.25,-122.40,-98.25,25.4
2026/05/04 22:01:05.36,IMU,157.71,468.26,811.52,-23.50,-25.40,20.99,8.55,-121.95,-98.70,25.2
2026/05/04 22:01:05.46,IMU,384.28,244.63,789.06,-8.22,-48.32,24.03,8.70,-119.85,-99.15,25.2
2026/05/04 22:01:05.56,IMU,268.07,450.20,977.54,31.98,20.31,-56.46,4.20,-122.70,-100.80,25.1
2026/05/04 22:01:05.66,IMU,88.87,424.32,906.25,-31.24,-39.08,-5.67,3.90,-121.50,-102.00,25.3
2026/05/04 22:01:05.76,IMU,228.03,368.65,895.02,-8.66,-37.55,-26.63,1.95,-121.65,-101.55,25.3
2026/05/04 22:01:05.86,IMU,262.21,331.54,947.27,-21.83,-9.50,-86.37,-0.15,-122.70,-102.60,25.3
2026/05/04 22:01:05.96,IMU,29.30,443.85,896.97,-5.48,-5.09,-85.61,0.45,-123.45,-102.30,25.2
2026/05/04 22:01:06.06,IMU,375.00,415.04,882.32,-5.79,-3.24,-55.08,-2.25,-122.70,-103.65,25.3
2026/05/04 22:01:06.19,IMU,190.92,431.15,882.32,2.75,-31.78,13.95,-3.00,-122.40,-102.30,25.4
2026/05/04 22:01:06.29,IMU,257.81,436.52,873.05,-14.82,-16.21,-14.85,-4.20,-123.45,-104.40,25.2
2026/05/04 22:01:06.39,IMU,203.13,385.25,899.41,-13.64,-9.94,-24.80,-5.25,-124.20,-104.40,25.4
2026/05/04 22:01:06.49,IMU,322.27,335.45,875.98,24.40,17.38,-12.46,-6.90,-122.55,-104.55,25.1
2026/05/04 22:01:06.59,IMU,121.09,416.50,845.70,22.73,6.63,24.56,-3.75,-121.20,-103.35,25.3
2026/05/04 22:01:06.69,IMU,266.60,340.33,873.54,21.85,8.13,13.56,-5.40,-121.05,-102.45,25.3
2026/05/04 22:01:06.79,IMU,204.10,364.26,867.68,-11.52,-11.61,-5.06,-8.25,-122.70,-99.75,25.3
2026/05/04 22:01:06.89,IMU,176.76,414.55,893.07,-29.07,-26.85,-17.50,-6.75,-121.95,-104.85,25.3
2026/05/04 22:01:06.99,IMU,241.21,359.86,863.77,-15.57,-17.21,-13.82,-7.80,-123.15,-106.20,25.2
2026/05/04 22:01:07.09,IMU,206.54,400.88,924.80,-4.40,-8.30,-17.54,-7.50,-123.15,-105.45,25.2
2026/05/04 22:01:07.19,IMU,274.41,333.01,867.19,8.28,8.66,-33.08,-8.40,-121.80,-104.55,25.2
2026/05/04 22:01:07.31,IMU,142.58,420.41,916.50,0.05,-2.27,-20.60,-6.60,-119.85,-105.00,25.5
2026/05/04 22:01:07.41,IMU,291.02,483.40,890.14,-7.28,-10.90,-13.73,-7.65,-119.55,-105.30,25.2
2026/05/04 22:01:07.51,IMU,262.21,470.21,857.91,0.78,-9.81,6.76,-7.95,-120.60,-105.75,25.1
2026/05/04 22:01:07.63,IMU,227.05,470.21,821.78,15.78,6.05,2.62,-8.40,-118.35,-105.00,25.2
2026/05/04 22:01:07.73,IMU,229.98,455.57,819.82,7.37,5.56,5.49,-9.30,-120.45,-103.65,25.4
2026/05/04 22:01:07.83,IMU,240.23,473.14,838.87,6.91,10.73,0.28,-7.65,-119.10,-104.55,25.2
2026/05/04 22:01:07.94,IMU,267.58,398.93,813.96,9.92,15.50,-4.09,-7.05,-118.20,-104.40,25.4
2026/05/04 22:01:08.04,IMU,235.35,373.54,771.00,23.47,23.22,1.21,-6.15,-118.05,-103.95,25.4
2026/05/04 22:01:08.14,IMU,253.42,450.68,905.76,-13.58,-1.45,11.74,-6.60,-117.30,-103.20,25.3
2026/05/04 22:01:08.24,IMU,193.85,497.56,999.02,-55.27,-42.76,36.12,-5.40,-119.10,-103.95,25.4
2026/05/04 22:01:08.34,IMU,208.98,418.46,908.20,-45.07,-28.24,20.63,-8.40,-121.05,-105.30,25.3
2026/05/04 22:01:08.44,IMU,194.34,592.77,1020.02,-9.43,5.45,-1.85,-8.40,-125.25,-109.35,25.2
2026/05/04 22:01:08.54,IMU,231.45,432.13,937.99,7.74,12.03,-6.44,-7.65,-127.05,-107.85,25.2
2026/05/04 22:01:08.64,IMU,203.13,396.97,895.02,12.56,13.50,-18.77,-8.25,-125.10,-106.95,25.3
2026/05/04 22:01:08.74,IMU,186.04,348.14,879.39,11.43,12.63,-16.19,-6.00,-123.15,-105.90,25.3
2026/05/04 22:01:08.84,IMU,192.38,320.31,913.09,16.27,8.76,-6.41,-6.15,-121.80,-105.00,25.4
2026/05/04 22:01:08.94,IMU,216.31,358.40,906.74,11.28,0.71,1.14,-6.00,-122.40,-104.40,25.4
2026/05/04 22:01:09.04,IMU,239.75,455.08,885.25,-1.34,-8.98,-1.98,-6.30,-120.15,-103.35,25.3
2026/05/04 22:01:09.14,IMU,226.56,353.03,833.98,-3.85,-0.62,-10.41,-7.05,-121.20,-103.65,25.4
2026/05/04 22:01:09.24,IMU,209.47,383.30,908.69,12.15,1.15,-11.81,-6.15,-121.50,-104.55,25.3
2026/05/04 22:01:09.36,IMU,194.82,372.07,817.38,-18.94,-11.21,-4.43,-7.50,-120.15,-103.65,25.3
2026/05/04 22:01:09.46,IMU,288.57,388.67,831.05,6.26,-1.30,5.02,-8.40,-121.05,-103.95,25.3
2026/05/04 22:01:09.56,IMU,206.05,394.53,800.29,-1.09,0.96,3.65,-8.40,-120.60,-106.35,25.2
2026/05/04 22:01:09.66,IMU,194.34,498.54,948.24,-25.11,-12.87,0.91,-10.35,-124.20,-100.80,25.3
2026/05/04 22:01:09.76,IMU,254.88,347.66,787.11,-22.38,-10.77,12.70,-9.45,-122.55,-107.10,25.2
2026/05/04 22:01:09.86,IMU,334.96,333.50,919.43,23.37,23.95,-9.60,-9.15,-123.30,-106.35,25.4
2026/05/04 22:01:09.96,IMU,184.57,446.78,987.30,15.05,12.03,8.07,-7.35,-121.05,-103.95,25.3
2026/05/04 22:01:10.06,IMU,149.90,452.64,896.97,-24.65,-33.07,22.51,-7.65,-122.55,-107.10,25.6
2026/05/04 22:01:10.16,IMU,220.21,270.02,777.34,3.53,4.55,-6.63,-8.55,-124.65,-104.85,25.2
2026/05/04 22:01:10.26,IMU,182.13,498.54,974.12,3.63,10.38,-24.85,-6.60,-123.30,-107.10,25.4
2026/05/04 22:01:10.36,IMU,247.56,333.01,833.98,-15.13,-19.66,-5.52,-7.80,-122.70,-106.65,25.4
2026/05/04 22:01:10.46,IMU,195.31,401.86,913.57,11.04,11.44,-37.11,-8.55,-121.95,-106.95,25.2
2026/05/04 22:01:10.56,IMU,116.70,422.85,976.07,-15.20,-11.82,-34.42,-8.40,-120.60,-106.80,25.2
2026/05/04 22:01:10.66,IMU,227.05,284.67,918.46,-4.26,-15.58,-21.34,-9.30,-120.90,-105.90,25.4
2026/05/04 22:01:10.79,IMU,178.22,341.80,862.79,-7.08,-12.57,-30.72,-9.45,-119.85,-106.35,25.3
2026/05/04 22:01:10.89,IMU,227.54,425.29,975.10,-16.76,-31.31,-18.68,-11.70,-119.85,-107.55,25.1
2026/05/04 22:01:10.99,IMU,279.30,385.74,893.07,-14.04,-24.18,-7.36,-14.25,-119.85,-109.35,25.3
2026/05/04 22:01:11.09,IMU,235.35,416.02,944.82,-9.47,-10.37,-15.97,-16.35,-123.75,-106.35,25.4
2026/05/04 22:01:11.19,IMU,264.65,433.11,911.62,-16.73,-27.13,-2.84,-14.40,-118.95,-110.85,25.1
2026/05/04 22:01:11.30,IMU,263.67,387.21,852.05,16.27,9.01,-0.21,-15.60,-119.70,-112.65,25.4
2026/05/04 22:01:11.40,IMU,291.02,453.61,904.30,17.92,18.96,-16.72,-18.15,-121.65,-106.95,25.2
2026/05/04 22:01:11.50,IMU,270.02,383.30,824.22,8.63,24.43,-22.18,-13.65,-118.95,-109.80,25.5
2026/05/04 22:01:11.60,IMU,295.41,323.73,802.25,29.07,61.95,-27.00,-13.05,-115.20,-107.25,25.2
2026/05/04 22:01:11.70,IMU,125.49,376.46,839.36,-14.03,-10.12,20.13,-11.85,-116.70,-104.85,25.5
2026/05/04 22:01:11.80,IMU,274.41,292.97,755.37,-14.50,-46.28,43.77,-12.75,-116.55,-107.85,25.4
2026/05/04 22:01:11.90,IMU,220.21,443.36,908.69,-9.27,-5.70,-2.63,-14.40,-118.65,-111.30,25.3
2026/05/04 22:01:12.00,IMU,163.09,408.20,857.42,-22.82,-13.83,-23.40,-12.45,-118.80,-109.65,25.3
2026/05/04 22:01:12.10,IMU,222.17,465.82,939.45,-17.36,-20.25,-19.80,-14.10,-119.40,-111.30,25.4
2026/05/04 22:01:12.20,IMU,250.49,305.66,875.98,-9.07,-6.40,-28.40,-15.45,-119.55,-112.95,25.2
2026/05/04 22:01:12.30,IMU,253.42,333.98,968.26,24.95,13.41,-33.76,-15.45,-118.05,-113.25,25.3
2026/05/04 22:01:12.41,IMU,246.58,409.18,867.19,9.98,4.25,-18.83,-18.90,-115.95,-107.70,25.3
2026/05/04 22:01:12.54,IMU,215.82,420.90,839.36,1.38,0.57,11.97,-18.15,-117.75,-106.65,25.3
2026/05/04 22:01:12.64,IMU,237.79,448.73,818.85,-1.98,-6.70,12.66,-16.50,-113.85,-112.50,25.4
2026/05/04 22:01:12.74,IMU,226.56,422.36,846.68,-2.55,0.52,4.85,-16.05,-115.80,-112.50,25.4
2026/05/04 22:01:12.84,IMU,229.49,478.52,839.84,7.03,10.59,2.47,-15.60,-116.25,-111.30,25.1
2026/05/04 22:01:12.94,IMU,273.93,482.42,836.91,-4.92,10.11,-5.44,-14.85,-115.50,-111.60,25.4
2026/05/04 22:01:13.04,IMU,265.63,412.11,849.61,4.96,6.51,11.79,-15.45,-115.35,-111.15,25.4
2026/05/04 22:01:13.14,IMU,268.55,403.81,849.12,25.49,19.14,21.44,-13.05,-115.50,-110.85,25.2
2026/05/04 22:01:13.24,IMU,112.79,465.33,868.16,4.83,14.61,30.58,-13.95,-116.10,-111.75,25.4
2026/05/04 22:01:13.37,IMU,182.13,396.00,856.93,-12.18,-2.83,21.64,-13.35,-117.75,-110.55,25.2
2026/05/04 22:01:13.47,IMU,229.00,332.03,874.02,14.05,18.75,9.30,-12.45,-118.35,-110.70,25.3
2026/05/04 22:01:13.57,IMU,124.51,430.66,877.93,4.68,-2.92,18.67,-12.45,-118.35,-110.70,25.4
2026/05/04 22:01:13.67,IMU,241.21,378.91,839.84,-28.59,-5.85,-11.63,-13.05,-118.65,-110.55,25.4
2026/05/04 22:01:13.77,IMU,316.89,380.86,901.86,-7.16,8.46,-39.37,-13.05,-119.40,-111.30,25.4
2026/05/04 22:01:13.87,IMU,185.06,439.45,889.65,-10.70,-19.21,20.35,-14.10,-120.15,-110.55,25.3
2026/05/04 22:01:13.97,IMU,257.81,425.78,890.63,-5.34,-1.95,-1.95,-16.35,-122.70,-109.50,25.7
2026/05/04 22:01:14.07,IMU,270.02,377.44,863.28,5.25,10.66,-12.52,-14.10,-120.45,-111.60,25.4
2026/05/04 22:01:14.17,IMU,253.91,388.67,909.67,26.11,18.34,-4.22,-13.20,-119.85,-109.95,25.4
2026/05/04 22:01:14.27,IMU,236.33,415.53,865.23,0.05,0.80,-3.33,-13.05,-118.65,-109.80,25.2
2026/05/04 22:01:14.37,IMU,274.41,412.11,877.93,-13.05,-8.60,-0.76,-11.10,-117.75,-109.05,25.7
2026/05/04 22:01:14.47,IMU,234.86,383.79,881.35,-0.73,-2.54,2.50,-15.15,-119.40,-107.70,25.2
2026/05/04 22:01:14.57,IMU,231.45,363.77,876.95,3.17,0.29,0.56,-13.95,-118.35,-110.40,25.5
2026/05/04 22:01:14.67,IMU,253.91,345.70,858.40,6.47,1.21,2.29,-12.30,-118.20,-111.30,25.4
2026/05/04 22:01:14.77,IMU,274.41,376.95,864.26,6.61,-6.87,7.59,-12.75,-118.35,-111.75,25.3
2026/05/04 22:01:14.87,IMU,224.61,397.95,857.42,-7.84,4.37,-8.34,-14.10,-118.95,-111.30,25.4
2026/05/04 22:01:14.97,IMU,215.82,451.17,982.91,-14.79,-22.03,11.57,-12.75,-119.85,-112.50,25.4
2026/05/04 22:01:15.09,IMU,324.22,361.33,817.38,-9.90,-7.13,0.72,-14.70,-121.50,-114.75,25.7
2026/05/04 22:01:15.19,IMU,281.25,325.68,828.61,22.52,14.89,-9.46,-15.45,-119.85,-113.55,25.4
2026/05/04 22:01:15.29,IMU,241.70,377.93,782.23,28.62,47.10,-42.07,-13.35,-115.95,-109.80,25.3
2026/05/04 22:01:15.39,IMU,227.05,405.27,910.64,-21.82,-4.37,-12.96,-11.85,-115.50,-109.50,25.4
2026/05/04 22:01:15.49,IMU,243.16,334.96,857.42,-20.04,-30.15,17.88,-15.15,-118.65,-108.45,25.4
2026/05/04 22:01:15.59,IMU,252.93,345.21,854.49,-4.45,-3.20,3.25,-14.25,-118.80,-112.95,25.4
2026/05/04 22:01:15.69,IMU,257.32,385.25,886.72,-2.22,9.20,-12.37,-14.70,-119.10,-112.95,25.2
2026/05/04 22:01:15.79,IMU,260.74,419.92,916.50,0.96,-12.87,10.02,-13.65,-118.95,-111.60,25.2
2026/05/04 22:01:15.89,IMU,281.25,373.05,838.38,-4.54,-6.92,-4.34,-14.85,-118.20,-112.05,25.4
2026/05/04 22:01:15.99,IMU,260.25,403.81,932.13,-3.78,-3.32,-7.24,-13.95,-119.10,-112.95,25.4
2026/05/04 22:01:16.09,IMU,296.88,366.21,874.02,-4.24,-9.01,4.47,-14.85,-119.70,-113.40,25.5
2026/05/04 22:01:16.19,IMU,271.00,378.91,902.34,4.18,0.85,-5.31,-14.85,-120.90,-113.40,25.4
2026/05/04 22:01:16.29,IMU,268.55,381.84,907.71,-2.14,0.69,-10.91,-15.90,-119.40,-114.45,25.4
2026/05/04 22:01:16.39,IMU,297.85,333.01,841.80,8.47,8.27,-9.08,-15.15,-118.65,-113.10,25.5
2026/05/04 22:01:16.52,IMU,231.45,387.70,934.08,11.85,7.01,-11.57,-16.35,-117.75,-109.80,25.2
2026/05/04 22:01:16.62,IMU,287.11,389.16,927.25,-20.69,-16.40,6.44,-14.70,-118.05,-113.55,25.4
2026/05/04 22:01:16.72,IMU,264.16,306.15,813.96,-7.22,-12.13,2.63,-15.45,-116.55,-111.45,25.6
2026/05/04 22:01:16.83,IMU,283.69,359.86,889.16,10.08,15.89,-1.15,-16.05,-118.35,-113.25,25.4
2026/05/04 22:01:16.93,IMU,264.65,408.69,955.08,-8.08,-13.85,11.92,-17.25,-118.05,-113.25,25.4
2026/05/04 22:01:17.03,IMU,277.83,316.41,857.91,-6.30,-8.76,0.97,-15.75,-119.10,-114.30,25.2
2026/05/04 22:01:17.15,IMU,324.22,419.92,981.45,9.66,-7.60,1.66,-15.60,-118.95,-113.40,25.3
2026/05/04 22:01:17.25,IMU,313.48,396.97,938.48,-0.47,-13.14,13.53,-16.35,-119.70,-115.95,25.4
2026/05/04 22:01:17.35,IMU,367.68,289.55,820.80,16.47,19.96,-9.50,-16.50,-119.55,-114.75,25.4
2026/05/04 22:01:17.45,IMU,294.43,374.02,858.40,23.14,35.10,-17.63,-15.00,-118.35,-112.50,25.4
2026/05/04 22:01:17.55,IMU,288.57,390.14,875.98,-11.10,-5.72,12.21,-14.70,-117.30,-112.95,25.4
2026/05/04 22:01:17.65,IMU,244.63,395.02,892.58,-14.15,-19.92,23.44,-16.05,-118.80,-111.75,25.5
2026/05/04 22:01:17.75,IMU,317.87,362.30,813.96,1.73,1.27,14.35,-16.50,-119.10,-113.25,25.5
2026/05/04 22:01:17.85,IMU,294.92,370.61,878.91,13.78,14.86,-4.16,-14.85,-120.90,-113.40,25.4
2026/05/04 22:01:17.98,IMU,310.55,387.21,860.84,4.07,3.11,-1.23,-15.90,-118.95,-113.40,25.3
2026/05/04 22:01:18.08,IMU,307.13,333.98,826.17,-1.82,0.21,4.69,-15.15,-119.40,-113.85,25.5
2026/05/04 22:01:18.18,IMU,280.76,389.16,893.55,-0.66,-3.37,5.76,-14.85,-119.70,-111.60,25.4
2026/05/04 22:01:18.28,IMU,303.22,372.07,864.26,-8.82,-5.73,7.18,-15.90,-118.95,-113.10,25.3
2026/05/04 22:01:18.38,IMU,305.18,352.54,854.98,-3.15,4.61,-4.87,-14.85,-119.70,-112.05,25.4
2026/05/04 22:01:18.48,IMU,295.90,375.00,861.82,7.31,2.31,0.27,-15.60,-121.20,-111.60,25.4
2026/05/04 22:01:18.58,IMU,308.11,396.00,867.68,0.53,-4.22,2.28,-14.25,-120.30,-112.50,25.6
2026/05/04 22:01:18.68,IMU,286.62,346.68,881.35,3.02,-5.08,2.78,-14.85,-121.65,-113.10,25.4
2026/05/04 22:01:18.78,IMU,301.76,399.41,870.12,-2.63,-1.63,-1.61,-14.85,-121.95,-112.35,25.7
2026/05/04 22:01:18.88,IMU,270.02,332.03,892.58,-0.49,5.84,0.60,-15.00,-121.80,-112.50,25.7
2026/05/04 22:01:18.98,IMU,284.18,341.80,839.84,9.18,6.02,-0.53,-13.95,-121.50,-113.25,25.4
2026/05/04 22:01:19.08,IMU,285.64,370.61,892.09,-3.97,-2.09,-0.76,-14.25,-121.80,-112.95,25.4
2026/05/04 22:01:19.18,IMU,279.30,376.95,859.38,-6.73,-5.26,0.04,-15.45,-120.60,-112.95,25.2
2026/05/04 22:01:19.28,IMU,290.04,352.54,859.86,-5.81,-3.14,0.13,-14.85,-121.95,-112.65,25.7
2026/05/04 22:01:19.38,IMU,307.13,355.96,897.95,4.73,-4.41,-5.09,-15.15,-120.15,-113.85,25.7
2026/05/04 22:01:19.48,IMU,326.17,353.52,837.89,-2.13,-2.12,-4.61,-17.40,-121.20,-112.35,25.4
2026/05/04 22:01:19.58,IMU,316.41,345.21,882.32,-6.27,-1.99,-11.00,-16.80,-119.85,-113.55,25.4
2026/05/04 22:01:19.69,IMU,331.05,349.61,874.02,1.15,-0.12,-3.33,-15.45,-121.05,-114.00,25.5
2026/05/04 22:01:19.79,IMU,315.43,344.73,864.26,2.70,-0.49,-0.64,-15.15,-120.15,-113.10,25.6
2026/05/04 22:01:19.89,IMU,326.66,339.36,880.37,6.59,1.19,1.34,-15.45,-119.85,-112.95,25.4
2026/05/04 22:01:20.01,IMU,319.34,354.49,880.37,-5.32,1.61,-3.15,-15.15,-119.70,-112.35,25.4
2026/05/04 22:01:20.11,IMU,302.73,336.91,864.75,1.54,1.54,3.24,-15.75,-119.55,-111.75,25.4
2026/05/04 22:01:20.21,IMU,309.57,371.58,889.65,3.55,-0.34,7.45,-14.25,-121.50,-112.50,25.7
2026/05/04 22:01:20.31,IMU,306.15,328.61,840.33,-0.32,3.21,2.09,-14.85,-121.95,-112.35,25.5
2026/05/04 22:01:20.41,IMU,292.48,361.33,879.88,-0.08,3.31,2.43,-16.05,-121.05,-112.50,25.3
2026/05/04 22:01:20.51,IMU,299.32,359.38,871.58,-1.95,-3.05,7.84,-15.45,-119.55,-112.95,25.3
2026/05/04 22:01:20.61,IMU,296.39,354.00,876.46,-3.55,-0.89,2.70,-16.50,-123.30,-109.95,25.3
2026/05/04 22:01:20.71,IMU,322.27,352.05,874.51,0.86,-0.30,4.92,-15.15,-122.40,-111.60,25.4
2026/05/04 22:01:20.81,IMU,297.85,353.52,880.37,3.34,3.83,-0.79,-15.75,-120.60,-113.25,25.5
2026/05/04 22:01:20.91,IMU,315.43,329.59,860.84,-1.10,0.79,-1.99,-14.25,-122.55,-112.95,25.4
2026/05/04 22:01:21.01,IMU,311.04,345.21,868.16,-0.88,-0.30,4.40,-15.00,-121.50,-112.95,25.4
2026/05/04 22:01:21.11,IMU,299.32,351.56,876.95,-1.33,0.79,0.21,-13.65,-120.90,-112.35,25.3
2026/05/04 22:01:21.21,IMU,305.18,352.05,884.77,2.37,3.76,1.12,-15.90,-121.65,-112.35,25.6
2026/05/04 22:01:21.31,IMU,319.34,347.66,862.79,0.06,5.15,-1.77,-14.10,-120.15,-113.10,25.4
2026/05/04 22:01:21.41,IMU,305.66,335.94,866.21,-0.18,-1.41,1.27,-16.05,-121.80,-112.95,25.4
2026/05/04 22:01:21.51,IMU,311.04,344.73,868.65,-0.27,-4.28,0.68,-14.85,-120.90,-112.35,25.4
2026/05/04 22:01:21.62,IMU,312.50,334.47,880.37,-1.02,-1.34,-1.48,-15.45,-123.00,-111.15,25.4
2026/05/04 22:01:21.74,IMU,312.01,344.24,874.51,-0.27,1.76,-0.17,-15.45,-122.55,-113.25,25.6
2026/05/04 22:01:21.84,IMU,342.29,368.16,890.63,2.94,-3.83,-2.29,-15.75,-120.60,-112.50,25.4
2026/05/04 22:01:21.94,IMU,324.71,327.15,868.16,-2.76,2.95,-1.26,-15.15,-121.20,-113.10,25.6
2026/05/04 22:01:22.04,IMU,321.29,335.94,895.51,-0.73,-2.64,-0.88,-15.45,-120.60,-112.50,25.7
2026/05/04 22:01:22.14,IMU,318.85,335.94,874.02,1.71,2.16,-1.59,-16.05,-120.60,-113.55,25.5
2026/05/04 22:01:22.24,IMU,319.82,330.08,878.91,3.70,-5.32,3.89,-14.85,-122.70,-112.65,25.6
2026/05/04 22:01:22.34,IMU,319.82,335.94,869.14,2.89,0.44,-0.30,-15.90,-121.20,-113.85,25.7
2026/05/04 22:01:22.44,IMU,319.34,345.70,877.93,0.12,-0.99,0.57,-13.35,-121.65,-113.40,25.6
2026/05/04 22:01:22.54,IMU,314.94,339.84,874.02,0.37,-0.15,3.76,-15.90,-121.95,-112.65,25.3
2026/05/04 22:01:22.64,IMU,309.08,342.77,870.12,-0.07,2.45,-0.21,-20.55,-122.55,-107.85,25.7
2026/05/04 22:01:22.74,IMU,310.06,348.63,888.67,-0.28,3.79,3.63,-14.25,-122.25,-113.25,25.7
2026/05/04 22:01:22.84,IMU,303.71,351.56,873.05,-1.05,1.35,-1.05,-15.15,-121.65,-112.65,25.4
2026/05/04 22:01:22.94,IMU,296.88,348.63,872.07,1.21,0.41,0.66,-15.75,-122.25,-112.20,25.4
2026/05/04 22:01:23.04,IMU,319.82,341.31,878.91,0.52,1.24,1.05,-13.95,-121.50,-112.50,25.7
2026/05/04 22:01:23.16,IMU,324.22,354.98,875.00,1.12,-0.34,-1.81,-14.70,-120.60,-112.95,25.4
2026/05/04 22:01:23.26,IMU,322.27,355.47,884.77,-0.27,-1.36,0.89,-15.45,-121.50,-113.25,25.7
2026/05/04 22:01:23.36,IMU,321.78,361.33,859.86,-0.49,-4.34,-1.27,-15.45,-122.55,-111.75,25.6
2026/05/04 22:01:23.46,IMU,311.04,334.96,848.14,4.89,12.72,-9.08,-15.15,-122.40,-112.35,25.4
2026/05/04 22:01:23.56,IMU,291.99,401.37,937.01,-2.35,-5.63,6.18,-13.50,-122.25,-112.95,25.5
2026/05/04 22:01:23.67,IMU,320.80,317.38,823.24,-3.38,6.69,-2.05,-17.55,-124.05,-109.65,25.6
2026/05/04 22:01:23.77,IMU,300.78,356.45,907.71,3.17,2.89,-0.66,-13.50,-121.80,-113.25,25.3
2026/05/04 22:01:23.87,IMU,312.50,354.49,866.21,-5.19,-0.76,4.25,-15.45,-122.25,-112.50,25.2
2026/05/04 22:01:23.97,IMU,284.18,342.77,899.41,-1.56,0.61,4.98,-15.45,-120.60,-113.25,25.3
2026/05/04 22:01:24.07,IMU,315.43,358.40,877.44,4.98,1.62,4.10,-15.60,-122.40,-113.10,25.4
2026/05/04 22:01:24.17,IMU,301.27,340.82,875.49,3.91,1.66,3.47,-13.65,-120.90,-112.35,25.3
2026/05/04 22:01:24.27,IMU,315.43,360.84,872.07,0.76,4.44,1.42,-15.45,-122.25,-113.25,25.4
2026/05/04 22:01:24.37,IMU,305.18,354.00,872.56,-1.41,-1.44,2.87,-14.40,-122.40,-113.40,25.4
2026/05/04 22:01:24.47,IMU,306.64,343.75,867.68,-1.60,1.63,-1.69,-14.70,-121.50,-112.20,25.6
2026/05/04 22:01:24.57,IMU,301.76,360.84,874.02,1.98,-0.57,0.21,-15.60,-120.90,-112.35,25.4
2026/05/04 22:01:24.68,IMU,322.75,341.31,876.46,-2.33,-0.27,-3.32,-15.75,-125.55,-109.35,25.6
2026/05/04 22:01:24.78,IMU,298.34,336.91,865.23,0.66,-0.84,3.92,-16.05,-122.25,-114.00,25.4
2026/05/04 22:01:24.88,IMU,295.90,347.17,859.38,-0.95,-2.27,2.17,-16.35,-121.95,-113.40,25.5
2026/05/04 22:01:24.98,IMU,297.36,341.31,869.63,-1.88,-1.67,1.20,-15.00,-121.80,-113.25,25.3
2026/05/04 22:01:25.08,IMU,283.69,342.29,863.28,0.62,0.31,4.82,-14.40,-121.65,-112.65,25.7
2026/05/04 22:01:25.18,IMU,282.23,341.31,873.54,-3.66,1.71,-1.31,-16.35,-121.65,-114.15,25.4
2026/05/04 22:01:25.28,IMU,288.09,340.82,876.95,-3.07,-2.18,-1.87,-15.15,-122.40,-112.65,25.4
2026/05/04 22:01:25.38,IMU,292.48,375.00,847.66,-1.63,-0.18,3.01,-15.15,-121.20,-112.65,25.8
2026/05/04 22:01:25.48,IMU,289.06,376.95,862.79,-1.40,-5.79,-5.29,-16.05,-122.25,-113.55,25.4
2026/05/04 22:01:25.58,IMU,298.83,370.12,864.75,4.61,-1.43,-2.95,-15.75,-122.55,-114.30,25.3
2026/05/04 22:01:25.70,IMU,265.63,369.63,814.94,-6.19,-11.35,8.32,-19.50,-125.25,-108.60,25.5
2026/05/04 22:01:25.80,IMU,267.58,382.32,840.82,-9.87,-4.47,3.28,-14.70,-121.50,-114.30,25.4
2026/05/04 22:01:25.90,IMU,309.08,309.08,847.17,-0.75,2.93,5.11,-16.35,-124.20,-113.10,25.6
2026/05/04 22:01:26.00,IMU,327.64,339.36,862.79,21.31,12.79,4.60,-16.65,-122.40,-113.85,25.6
2026/05/04 22:01:26.10,IMU,302.25,322.75,826.66,6.29,4.85,5.47,-15.60,-122.70,-112.35,25.4
2026/05/04 22:01:26.20,IMU,321.29,354.98,907.71,15.66,2.26,-6.42,-14.85,-121.65,-113.85,25.3
2026/05/04 22:01:26.30,IMU,296.88,348.63,847.66,-0.37,6.45,0.19,-15.00,-121.05,-112.95,25.7
2026/05/04 22:01:26.40,IMU,282.71,368.16,887.21,6.40,-0.14,-2.41,-15.00,-122.55,-113.25,25.4
2026/05/04 22:01:26.51,IMU,254.39,386.72,875.98,8.37,8.12,-4.05,-15.00,-122.55,-110.40,25.7
2026/05/04 22:01:26.61,IMU,242.19,374.02,883.79,-4.34,5.65,3.60,-14.70,-119.85,-111.15,25.4
2026/05/04 22:01:26.72,IMU,251.46,371.58,844.73,1.23,-4.73,1.21,-18.45,-123.15,-105.90,25.4
2026/05/04 22:01:26.82,IMU,301.27,385.74,897.95,-1.39,4.96,-15.56,-14.70,-121.80,-111.45,25.8
2026/05/04 22:01:26.92,IMU,230.47,401.86,856.93,2.43,11.29,-3.98,-15.15,-121.20,-109.80,25.6
2026/05/04 22:01:27.02,IMU,235.84,424.32,859.86,1.62,12.01,12.26,-14.70,-120.60,-109.35,25.3
2026/05/04 22:01:27.12,IMU,229.00,416.02,883.79,6.33,11.96,18.79,-14.70,-121.05,-109.35,25.4
2026/05/04 22:01:27.22,IMU,219.73,401.86,847.17,3.83,10.63,11.80,-13.95,-121.05,-108.60,25.7
2026/05/04 22:01:27.32,IMU,333.98,426.76,949.71,24.37,14.07,-3.40,-11.55,-120.90,-105.90,25.7
2026/05/04 22:01:27.42,IMU,150.39,501.95,1022.95,5.31,-4.14,7.94,-12.00,-119.85,-105.30,25.4
2026/05/04 22:01:27.52,IMU,294.43,385.25,796.39,-8.79,-7.34,16.48,-13.65,-120.45,-106.65,25.5
2026/05/04 22:01:27.62,IMU,194.34,455.57,938.96,0.27,20.14,-20.14,-12.45,-120.30,-106.80,25.4
2026/05/04 22:01:27.77,IMU,190.92,584.96,940.92,13.70,-2.35,2.92,-13.05,-120.45,-100.80,25.5
2026/05/04 22:01:27.87,IMU,226.56,303.71,870.12,-18.60,2.02,-5.40,-11.85,-118.95,-103.65,25.7
2026/05/04 22:01:27.97,IMU,228.52,456.54,940.92,12.55,21.09,-8.65,-10.20,-118.05,-103.50,25.5
2026/05/04 22:01:28.07,IMU,190.43,461.91,848.14,-4.77,-12.65,5.48,-9.30,-117.00,-104.40,25.7
2026/05/04 22:01:28.17,IMU,204.59,381.35,887.21,-17.44,0.38,6.31,-10.20,-117.60,-104.55,25.7
2026/05/04 22:01:28.27,IMU,167.97,419.92,914.55,2.62,7.46,-5.04,-9.90,-118.35,-103.95,25.3
2026/05/04 22:01:28.37,IMU,161.62,416.50,835.45,-0.58,8.31,8.60,-8.70,-118.35,-105.75,25.4
2026/05/04 22:01:28.47,IMU,220.70,472.66,901.37,9.82,-1.31,4.48,-9.00,-118.20,-104.85,25.5
2026/05/04 22:01:28.57,IMU,142.58,324.71,865.72,6.88,17.39,-3.07,-7.95,-119.55,-105.30,25.5
2026/05/04 22:01:28.67,IMU,101.56,481.45,847.17,0.40,-5.68,16.00,-6.75,-118.65,-105.45,25.4
2026/05/04 22:01:28.77,IMU,180.18,401.37,831.05,-11.48,-20.20,-1.94,-7.80,-120.15,-105.90,25.7
2026/05/04 22:01:28.87,IMU,176.76,423.83,858.40,-6.06,-3.11,-14.76,-8.25,-120.45,-106.20,25.4
2026/05/04 22:01:28.97,IMU,167.97,440.43,891.60,-6.56,0.38,-3.07,-8.55,-119.70,-106.95,25.4
2026/05/04 22:01:29.07,IMU,185.06,419.43,873.05,3.98,-14.02,9.87,-7.95,-118.80,-107.85,25.7
2026/05/04 22:01:29.17,IMU,207.52,414.06,849.12,7.01,16.06,2.31,-9.30,-121.95,-107.70,25.5
2026/05/04 22:01:29.28,IMU,206.54,359.86,771.00,10.60,35.14,16.21,-6.75,-121.65,-108.00,25.8
2026/05/04 22:01:29.38,IMU,97.17,423.83,908.69,21.66,49.58,29.53,-4.65,-120.60,-105.00,25.7
2026/05/04 22:01:29.49,IMU,129.88,428.22,820.31,-23.20,-8.40,47.30,-4.50,-121.65,-104.85,25.8
2026/05/04 22:01:29.59,IMU,281.74,432.62,958.98,5.14,-10.85,16.44,-5.40,-123.30,-105.75,25.3
2026/05/04 22:01:29.69,IMU,178.71,441.41,890.14,23.11,40.95,19.67,-4.35,-123.30,-106.80,25.6
2026/05/04 22:01:29.79,IMU,62.99,405.27,846.68,19.62,1.37,-4.58,-3.45,-121.65,-102.30,25.4
2026/05/04 22:01:29.89,IMU,226.07,496.58,902.34,-18.84,-45.69,-4.41,-3.60,-121.50,-102.45,25.7
2026/05/04 22:01:29.99,IMU,189.45,385.74,811.52,-1.31,17.85,-10.36,-6.15,-123.75,-101.40,25.3
2026/05/04 22:01:30.09,IMU,170.41,536.62,872.56,23.11,0.59,-15.69,-6.30,-121.20,-100.50,25.4
2026/05/04 22:01:30.19,IMU,166.02,442.38,869.14,-11.43,-6.60,7.19,-5.40,-121.50,-99.90,25.5
2026/05/04 22:01:30.29,IMU,193.36,478.03,892.58,5.69,-0.40,-1.50,-5.70,-118.95,-97.95,25.8
2026/05/04 22:01:30.39,IMU,164.06,465.82,841.31,-0.70,6.56,14.15,-8.25,-120.90,-95.40,25.3
2026/05/04 22:01:30.49,IMU,143.55,405.27,880.86,7.34,2.75,17.40,-5.40,-119.10,-97.80,25.5
2026/05/04 22:01:30.59,IMU,153.81,491.21,864.26,1.73,4.27,3.02,-4.35,-119.55,-95.55,25.4
2026/05/04 22:01:30.69,IMU,174.80,452.15,854.49,-10.40,-5.45,-11.79,-5.70,-119.40,-95.10,25.4
2026/05/04 22:01:30.79,IMU,159.67,456.54,883.30,2.43,1.21,-7.02,-6.15,-119.55,-95.25,25.6
2026/05/04 22:01:30.92,IMU,182.62,421.88,847.66,0.57,4.31,9.07,-5.40,-117.30,-94.50,25.9
2026/05/04 22:01:31.01,IMU,161.13,456.05,880.37,0.12,16.68,21.85,-3.75,-118.20,-93.30,25.4
2026/05/04 22:01:31.11,IMU,131.35,471.68,862.30,5.50,4.02,22.41,-5.10,-117.30,-94.50,25.4
2026/05/04 22:01:31.22,IMU,183.11,429.20,843.75,-14.11,1.37,17.04,-4.20,-118.65,-92.55,25.6
2026/05/04 22:01:31.32,IMU,136.72,397.46,898.93,5.16,9.12,7.13,-3.45,-118.95,-92.10,25.7
2026/05/04 22:01:31.42,IMU,154.79,468.75,858.89,12.54,2.50,13.67,-4.35,-119.10,-92.70,25.6
2026/05/04 22:01:31.53,IMU,131.35,458.50,923.83,-10.32,6.88,7.76,-1.80,-119.10,-93.45,25.4
2026/05/04 22:01:31.63,IMU,188.96,482.42,998.54,8.45,0.61,12.15,-2.55,-118.80,-94.20,25.4
2026/05/04 22:01:31.73,IMU,131.35,459.47,775.39,-22.39,23.47,6.89,-3.00,-119.40,-94.35,25.4
2026/05/04 22:01:31.83,IMU,46.39,276.86,726.56,6.04,-4.15,9.99,-3.30,-123.30,-89.10,25.8
2026/05/04 22:01:31.93,IMU,243.65,536.62,970.70,23.11,-11.54,-1.60,-1.95,-120.15,-96.15,25.6
2026/05/04 22:01:32.03,IMU,106.45,423.34,807.62,-9.80,15.66,-7.24,-2.55,-119.10,-95.25,25.7
2026/05/04 22:01:32.13,IMU,207.52,462.89,892.09,8.17,-10.27,13.50,-0.90,-119.40,-93.60,25.5
2026/05/04 22:01:32.23,IMU,135.25,413.57,881.35,-10.40,27.76,-1.28,0.15,-120.15,-94.35,25.4
2026/05/04 22:01:32.33,IMU,175.29,439.45,852.54,-20.75,4.35,18.03,0.45,-121.20,-95.70,25.4
2026/05/04 22:01:32.43,IMU,197.75,406.25,903.81,-0.56,-0.50,17.27,1.35,-123.30,-96.60,25.5
2026/05/04 22:01:32.54,IMU,146.00,443.85,872.56,7.87,19.60,24.95,1.35,-123.75,-97.35,25.5
2026/05/04 22:01:32.66,IMU,148.93,413.09,890.14,4.14,6.15,20.08,2.55,-123.30,-96.00,25.5
2026/05/04 22:01:32.76,IMU,159.18,429.69,884.28,5.05,6.19,8.86,3.60,-123.00,-96.30,25.5
2026/05/04 22:01:32.86,IMU,160.64,383.30,892.58,14.52,4.60,12.55,5.70,-122.70,-95.10,25.4
2026/05/04 22:01:32.96,IMU,185.55,465.82,880.37,24.18,9.52,10.16,4.50,-120.90,-97.20,25.4
2026/05/04 22:01:33.06,IMU,113.28,461.91,857.91,-7.18,10.59,15.70,5.70,-121.65,-95.70,25.4
2026/05/04 22:01:33.16,IMU,181.15,401.37,885.25,-2.56,-0.02,19.80,5.40,-121.80,-95.25,25.4
2026/05/04 22:01:33.26,IMU,131.84,382.32,766.60,11.46,18.65,10.43,3.30,-124.05,-91.65,25.8
2026/05/04 22:01:33.36,IMU,96.19,395.51,732.91,2.69,2.40,17.59,6.60,-121.80,-95.25,25.7
2026/05/04 22:01:33.46,IMU,99.61,357.91,737.30,-34.24,-7.24,15.73,6.90,-121.05,-93.75,25.4
2026/05/04 22:01:33.56,IMU,221.19,309.57,971.68,21.01,14.82,-16.40,6.00,-123.90,-91.35,25.4
2026/05/04 22:01:33.66,IMU,97.66,525.39,849.61,44.41,-1.82,-11.85,8.25,-120.15,-90.75,25.9
2026/05/04 22:01:33.76,IMU,218.75,579.59,876.95,-42.56,-7.83,4.32,8.70,-119.55,-89.40,25.6
2026/05/04 22:01:33.86,IMU,131.35,324.71,980.47,-19.02,-3.97,-3.02,7.35,-123.30,-88.65,25.9
2026/05/04 22:01:33.96,IMU,213.87,512.21,1008.30,39.11,0.10,-12.18,5.85,-122.25,-86.85,25.7
2026/05/04 22:01:34.06,IMU,111.33,519.53,841.31,-9.74,4.63,-8.27,6.60,-122.55,-86.85,25.8
2026/05/04 22:01:34.16,IMU,122.56,319.82,718.75,-24.34,-17.70,2.33,6.30,-123.15,-86.70,25.7
2026/05/04 22:01:34.26,IMU,196.29,356.45,854.00,11.98,7.47,-10.38,6.00,-123.90,-85.65,25.7
2026/05/04 22:01:34.39,IMU,136.23,617.19,1029.79,6.04,-6.95,-3.39,6.60,-123.00,-83.70,25.5
2026/05/04 22:01:34.49,IMU,167.97,417.48,864.26,-24.02,-5.06,-1.71,6.15,-126.00,-86.85,25.8
2026/05/04 22:01:34.59,IMU,135.25,374.51,897.95,7.98,1.24,-3.31,6.00,-126.15,-84.90,25.9
2026/05/04 22:01:34.69,IMU,161.62,467.77,822.75,15.60,-1.07,-7.34,2.10,-124.80,-81.45,25.9
2026/05/04 22:01:34.79,IMU,130.37,513.67,913.09,-15.53,3.66,-3.99,5.25,-124.20,-84.15,25.7
2026/05/04 22:01:34.89,IMU,157.23,372.56,814.94,-3.76,-7.74,-1.06,4.50,-125.10,-85.95,25.9
2026/05/04 22:01:34.99,IMU,155.27,443.36,922.36,11.23,8.18,-10.04,3.60,-124.80,-85.80,25.5
2026/05/04 22:01:35.09,IMU,124.02,453.13,826.17,-1.02,-7.60,-1.37,4.65,-124.80,-85.05,25.7
2026/05/04 22:01:35.19,IMU,176.76,439.94,907.23,-10.51,1.60,2.14,5.10,-125.25,-86.85,25.7
2026/05/04 22:01:35.29,IMU,133.79,407.71,854.00,9.18,-2.02,-3.89,4.95,-126.60,-85.35,25.4
2026/05/04 22:01:35.39,IMU,170.41,484.86,882.81,-1.30,-2.79,-0.18,5.10,-126.00,-88.05,25.4
2026/05/04 22:01:35.51,IMU,134.77,420.41,900.39,-2.23,-2.27,-4.50,4.95,-126.90,-86.70,25.7
2026/05/04 22:01:35.61,IMU,160.16,413.57,801.76,6.44,-3.45,-1.63,3.90,-127.05,-86.25,25.9
2026/05/04 22:01:35.71,IMU,128.91,440.92,836.91,-3.82,2.94,-1.89,4.35,-126.00,-84.00,25.5
2026/05/04 22:01:35.82,IMU,183.59,451.66,914.55,1.63,-2.46,3.63,4.50,-126.90,-83.10,25.4
2026/05/04 22:01:35.92,IMU,178.71,472.17,882.81,3.24,7.27,-5.40,5.25,-127.35,-83.55,25.9
2026/05/04 22:01:36.02,IMU,144.04,452.64,856.45,-0.92,-1.84,2.21,5.85,-126.30,-80.85,25.9
2026/05/04 22:01:36.13,IMU,180.18,470.70,934.57,-1.69,4.37,1.21,4.35,-126.30,-80.85,25.7
2026/05/04 22:01:36.23,IMU,133.30,433.11,882.32,2.95,2.29,1.79,4.35,-125.55,-81.15,25.7
2026/05/04 22:01:36.33,IMU,163.57,458.98,894.53,2.00,3.98,1.78,6.15,-125.25,-80.85,25.9
2026/05/04 22:01:36.43,IMU,123.05,350.59,739.26,-2.02,2.22,2.73,5.40,-125.25,-78.90,25.7
2026/05/04 22:01:36.53,IMU,125.98,400.88,806.64,5.33,2.96,0.94,5.25,-125.10,-77.40,25.9
2026/05/04 22:01:36.63,IMU,179.20,480.96,874.02,-1.71,-2.72,3.50,5.85,-124.50,-75.75,25.7
2026/05/04 22:01:36.73,IMU,182.13,519.04,1083.50,0.62,3.23,3.35,7.05,-126.15,-72.60,25.7
2026/05/04 22:01:36.83,IMU,132.32,367.19,718.26,3.30,4.69,-0.30,6.60,-125.55,-71.70,25.8
2026/05/04 22:01:36.93,IMU,166.02,521.00,1022.46,0.92,3.00,3.10,8.55,-124.20,-71.25,25.7
2026/05/04 22:01:37.03,IMU,131.84,380.37,767.09,1.20,1.36,1.82,7.80,-121.65,-71.25,25.6
2026/05/04 22:01:37.13,IMU,140.14,462.89,914.06,2.25,6.82,-0.38,8.70,-123.00,-70.65,25.9
2026/05/04 22:01:37.23,IMU,140.63,427.73,840.82,-1.46,0.76,6.95,9.00,-123.90,-70.80,25.9
2026/05/04 22:01:37.33,IMU,136.72,428.71,883.79,2.39,3.50,2.52,8.40,-123.75,-69.90,25.9
2026/05/04 22:01:37.43,IMU,149.90,443.85,880.37,1.11,0.82,5.10,9.00,-122.40,-69.45,25.8
2026/05/04 22:01:37.56,IMU,146.48,401.37,840.33,0.53,3.74,2.95,7.80,-122.40,-69.45,25.9
2026/05/04 22:01:37.66,IMU,148.44,432.13,849.61,5.30,1.83,4.97,9.90,-121.50,-69.60,25.9
2026/05/04 22:01:37.76,IMU,154.30,442.38,849.61,-0.51,3.73,2.47,9.90,-121.05,-68.85,25.8
2026/05/04 22:01:37.86,IMU,151.86,439.45,886.72,1.07,4.56,6.31,9.75,-121.95,-66.90,25.7
2026/05/04 22:01:37.96,IMU,165.53,495.61,960.94,2.48,4.49,4.80,11.40,-121.80,-64.50,25.7
2026/05/04 22:01:38.07,IMU,128.42,404.79,818.85,-1.78,1.49,6.63,10.95,-121.50,-64.50,25.7
2026/05/04 22:01:38.17,IMU,151.86,451.17,917.97,2.37,-1.02,3.99,9.75,-123.90,-62.85,25.9
2026/05/04 22:01:38.27,IMU,137.21,436.52,851.56,2.24,5.45,9.33,11.70,-120.60,-66.30,25.8
2026/05/04 22:01:38.37,IMU,153.32,425.29,843.75,0.69,-1.64,10.53,13.05,-121.20,-65.10,25.8
2026/05/04 22:01:38.47,IMU,123.05,384.28,742.19,0.42,6.55,3.00,12.30,-121.65,-65.85,25.7
2026/05/04 22:01:38.57,IMU,146.97,500.98,976.07,2.98,2.45,7.47,12.60,-123.15,-64.65,25.7
2026/05/04 22:01:38.67,IMU,175.29,456.05,930.66,-1.50,5.37,7.82,12.45,-123.00,-64.50,25.6
2026/05/04 22:01:38.77,IMU,141.60,430.66,848.63,2.94,1.65,5.49,11.70,-121.50,-64.50,25.4
2026/05/04 22:01:38.87,IMU,169.92,444.34,890.14,-1.21,4.57,7.68,13.20,-123.30,-66.00,25.7
2026/05/04 22:01:38.97,IMU,145.51,440.92,875.98,1.18,6.13,7.66,13.35,-123.15,-66.15,25.5
2026/05/04 22:01:39.07,IMU,161.13,436.52,869.63,2.00,1.28,9.08,14.85,-123.90,-68.25,25.7
2026/05/04 22:01:39.17,IMU,159.67,448.73,888.67,-1.52,6.60,8.75,14.70,-124.50,-67.05,25.8
2026/05/04 22:01:39.28,IMU,146.00,424.80,851.56,4.00,2.21,7.59,15.00,-124.80,-69.60,25.6
2026/05/04 22:01:39.37,IMU,144.53,447.75,889.16,-1.05,4.66,7.76,14.40,-126.15,-69.45,25.9
2026/05/04 22:01:39.48,IMU,148.44,415.04,877.93,2.26,1.53,10.58,14.25,-125.25,-70.35,25.9
2026/05/04 22:01:39.58,IMU,159.67,437.99,879.88,1.69,7.21,7.89,14.25,-124.50,-72.15,25.8
2026/05/04 22:01:39.68,IMU,142.58,433.59,881.35,0.94,2.50,7.27,15.90,-126.60,-70.80,25.8
2026/05/04 22:01:39.78,IMU,164.06,443.85,866.21,1.82,2.82,7.81,16.35,-125.40,-73.35,25.9
2026/05/04 22:01:39.88,IMU,156.25,447.75,883.30,2.27,6.99,8.39,16.50,-126.75,-73.50,25.8
2026/05/04 22:01:39.98,IMU,161.13,435.55,866.21,0.89,0.08,9.24,17.40,-125.40,-73.35,25.7
2026/05/04 22:01:40.08,IMU,147.95,446.29,883.79,0.04,6.47,5.94,14.70,-126.75,-70.65,25.8
2026/05/04 22:01:40.18,IMU,145.51,436.04,876.46,2.73,4.35,6.22,16.65,-125.40,-74.10,25.8
2026/05/04 22:01:40.28,IMU,148.93,436.52,872.56,0.22,4.98,11.69,19.05,-125.25,-74.70,25.7
2026/05/04 22:01:40.38,IMU,136.72,431.15,867.19,2.29,3.08,6.43,18.90,-125.85,-74.40,25.8
2026/05/04 22:01:40.48,IMU,148.44,433.11,862.79,0.40,3.10,5.15,18.90,-123.90,-76.20,25.4
2026/05/04 22:01:40.58,IMU,146.00,445.31,887.70,3.72,4.96,4.82,19.50,-126.00,-74.70,25.7
2026/05/04 22:01:40.70,IMU,156.74,431.15,863.77,3.64,2.60,1.47,19.95,-123.45,-75.15,25.8
2026/05/04 22:01:40.80,IMU,138.67,441.89,883.79,2.98,5.37,5.82,19.80,-122.55,-75.30,25.9
2026/05/04 22:01:40.90,IMU,147.95,444.34,871.58,2.93,3.13,6.27,19.95,-122.70,-74.85,25.9
2026/05/04 22:01:41.01,IMU,145.02,429.69,876.95,2.86,4.61,9.11,21.30,-121.80,-74.70,25.9
2026/05/04 22:01:41.11,IMU,149.41,448.73,879.88,3.38,1.27,10.87,22.35,-120.60,-73.95,25.9
2026/05/04 22:01:41.21,IMU,145.02,438.96,882.81,1.59,4.20,5.79,22.95,-120.90,-74.10,25.9
2026/05/04 22:01:41.31,IMU,155.27,438.48,865.72,3.47,2.12,7.44,21.15,-117.00,-73.05,25.7
2026/05/04 22:01:41.41,IMU,162.60,444.34,877.93,2.60,5.11,9.88,22.05,-116.85,-73.50,25.5
2026/05/04 22:01:41.51,IMU,155.27,437.99,876.95,2.54,3.99,4.04,24.60,-115.80,-72.90,25.8
2026/05/04 22:01:41.61,IMU,147.46,435.06,888.67,1.53,3.66,6.22,23.70,-115.95,-72.60,25.8
2026/05/04 22:01:41.71,IMU,136.72,441.41,885.74,2.40,2.97,3.11,24.00,-114.45,-72.30,25.6
2026/05/04 22:01:41.81,IMU,166.50,426.76,861.82,0.64,4.05,4.67,23.55,-113.10,-73.20,25.7
2026/05/04 22:01:41.91,IMU,150.88,442.38,891.11,0.59,5.01,5.02,24.90,-112.65,-71.70,25.7
2026/05/04 22:01:42.01,IMU,146.00,433.59,865.72,3.83,1.66,9.18,25.35,-111.15,-71.70,25.7
2026/05/04 22:01:42.15,IMU,152.34,436.52,883.30,1.85,3.92,7.24,24.60,-110.10,-72.15,26.0
2026/05/04 22:01:42.25,IMU,152.34,442.87,889.16,2.63,3.50,9.05,23.55,-109.65,-71.70,25.9
2026/05/04 22:01:42.35,IMU,131.84,424.80,871.58,2.14,5.32,6.54,26.10,-109.35,-71.10,25.6
2026/05/04 22:01:42.45,IMU,136.23,439.94,870.12,1.89,5.27,8.18,24.75,-109.50,-71.55,25.7
2026/05/04 22:01:42.55,IMU,154.79,440.43,879.88,1.92,7.98,7.90,25.80,-107.25,-73.05,26.1
2026/05/04 22:01:42.65,IMU,153.81,435.06,863.28,2.07,1.97,7.82,25.20,-105.60,-73.35,25.5
2026/05/04 22:01:42.75,IMU,144.04,425.78,872.56,0.88,5.54,8.07,25.50,-106.80,-72.30,25.9
2026/05/04 22:01:42.85,IMU,140.14,440.43,884.77,0.64,5.20,5.55,26.10,-106.95,-73.50,25.7
2026/05/04 22:01:42.95,IMU,164.06,451.17,875.49,2.07,4.64,7.63,25.80,-103.80,-73.05,25.7
2026/05/04 22:01:43.05,IMU,152.83,433.11,874.51,1.93,6.60,6.60,26.85,-104.40,-73.95,25.7
2026/05/04 22:01:43.15,IMU,163.09,444.82,875.49,1.33,4.45,9.71,26.10,-106.65,-73.95,25.7
2026/05/04 22:01:43.25,IMU,134.77,434.57,867.19,-0.73,5.98,8.98,26.55,-104.85,-73.80,25.9
2026/05/04 22:01:43.35,IMU,159.18,439.45,884.77,2.50,3.56,7.38,26.10,-105.15,-74.25,26.0
2026/05/04 22:01:43.45,IMU,153.81,445.31,883.30,1.09,3.57,6.95,27.15,-104.55,-75.60,25.9
2026/05/04 22:01:43.57,IMU,152.34,436.52,874.51,1.11,3.33,8.98,27.30,-103.80,-76.20,25.9
2026/05/04 22:01:43.67,IMU,155.27,437.99,877.44,1.98,3.54,5.89,27.00,-104.10,-76.95,25.4
2026/05/04 22:01:43.77,IMU,140.14,437.01,867.68,1.60,3.80,8.99,28.20,-104.70,-77.10,26.1
2026/05/04 22:01:43.87,IMU,157.23,447.27,873.54,2.74,8.73,6.22,28.05,-103.35,-78.45,26.1
2026/05/04 22:01:43.97,IMU,137.21,432.62,881.84,3.30,2.26,9.09,28.95,-102.75,-79.35,25.9
2026/05/04 22:01:44.07,IMU,158.69,438.96,868.65,0.09,7.00,6.34,30.30,-104.55,-79.80,25.9
2026/05/04 22:01:44.17,IMU,149.90,438.96,870.61,2.27,5.11,4.98,25.35,-106.95,-73.95,25.9
2026/05/04 22:01:44.27,IMU,147.95,438.48,867.19,1.14,1.76,10.72,28.95,-105.45,-79.35,25.9
2026/05/04 22:01:44.37,IMU,146.00,440.92,875.00,0.79,6.45,7.88,29.85,-103.80,-81.30,25.7
2026/05/04 22:01:44.48,IMU,151.86,444.82,867.68,2.72,8.95,13.21,31.20,-103.20,-81.45,26.2
2026/05/04 22:01:44.58,IMU,155.27,441.89,867.68,1.55,5.60,11.52,31.35,-103.35,-82.80,26.1
2026/05/04 22:01:44.68,IMU,154.30,446.29,886.72,3.18,7.60,10.49,30.15,-103.65,-83.25,25.9
2026/05/04 22:01:44.78,IMU,159.18,451.66,872.56,2.55,5.27,9.52,31.05,-103.05,-82.80,25.9
2026/05/04 22:01:44.88,IMU,145.51,429.69,877.93,0.12,3.43,6.76,29.70,-101.70,-84.00,26.2
2026/05/04 22:01:44.98,IMU,154.79,437.01,870.61,2.37,4.72,9.95,31.95,-102.45,-84.00,25.8
2026/05/04 22:01:45.08,IMU,135.25,437.99,880.86,4.31,9.15,8.81,31.20,-102.00,-86.55,25.9
2026/05/04 22:01:45.19,IMU,153.81,428.71,875.00,2.57,6.40,9.10,26.25,-101.85,-81.30,25.9
2026/05/04 22:01:45.29,IMU,144.53,427.25,883.79,1.45,1.62,8.83,31.35,-100.35,-85.95,25.7
2026/05/04 22:01:45.39,IMU,139.65,427.73,874.02,1.64,4.38,8.82,30.45,-99.75,-86.25,25.9
2026/05/04 22:01:45.49,IMU,158.69,429.69,864.75,1.85,5.82,7.25,31.35,-98.85,-86.70,25.9
2026/05/04 22:01:45.59,IMU,147.46,446.78,881.84,2.56,4.77,8.11,26.55,-100.35,-82.35,25.8
2026/05/04 22:01:45.69,IMU,153.81,438.96,865.72,3.39,5.94,6.50,31.50,-96.00,-86.55,25.6
2026/05/04 22:01:45.79,IMU,141.11,440.43,873.54,2.14,4.57,8.56,31.20,-95.55,-87.30,26.0
2026/05/04 22:01:45.89,IMU,145.51,449.71,870.12,2.60,7.37,8.00,29.85,-94.35,-85.95,25.7
2026/05/04 22:01:45.99,IMU,145.02,436.52,864.26,1.45,4.60,11.70,30.45,-93.00,-86.25,25.7
2026/05/04 22:01:46.09,IMU,146.97,444.34,885.25,2.31,4.16,9.88,29.85,-93.90,-87.45,25.7
2026/05/04 22:01:46.19,IMU,153.81,426.27,869.63,1.99,4.18,10.18,30.15,-92.55,-85.05,25.5
2026/05/04 22:01:46.29,IMU,147.46,447.27,878.42,2.66,0.66,8.76,29.85,-91.95,-85.65,25.9
2026/05/04 22:01:46.39,IMU,138.18,439.94,878.42,2.61,5.63,8.36,29.25,-91.20,-85.95,25.9
2026/05/04 22:01:46.49,IMU,148.93,435.06,866.21,1.73,2.93,8.24,29.25,-89.40,-83.85,25.9
2026/05/04 22:01:46.59,IMU,159.67,445.80,864.75,2.64,2.53,8.89,29.70,-88.35,-85.50,26.3
2026/05/04 22:01:46.71,IMU,151.37,435.06,872.07,2.94,6.60,6.03,29.85,-87.75,-85.65,25.8
2026/05/04 22:01:46.81,IMU,162.60,439.94,884.77,1.33,3.40,8.36,28.65,-86.85,-85.05,25.9
2026/05/04 22:01:46.91,IMU,154.79,426.76,875.00,2.06,3.67,7.30,28.80,-85.20,-85.65,26.1
2026/05/04 22:01:47.02,IMU,137.70,437.01,882.81,1.71,3.18,9.07,27.30,-84.45,-83.85,26.0
2026/05/04 22:01:47.12,IMU,147.95,437.50,873.05,3.48,4.72,10.12,27.15,-86.10,-84.45,25.9
2026/05/04 22:01:47.22,IMU,139.65,437.50,865.72,2.99,4.35,8.70,26.25,-82.95,-85.35,26.1
2026/05/04 22:01:47.33,IMU,131.84,440.43,861.33,2.76,5.87,10.91,26.10,-83.40,-85.05,26.0
2026/05/04 22:01:47.43,IMU,149.41,434.08,876.95,1.97,3.31,7.61,26.85,-81.15,-84.45,25.7
2026/05/04 22:01:47.53,IMU,151.37,442.87,875.98,1.08,1.89,6.98,25.65,-83.10,-85.05,25.6
2026/05/04 22:01:47.63,IMU,148.93,434.08,876.95,3.08,4.87,6.09,23.25,-83.70,-78.75,26.0
2026/05/04 22:01:47.73,IMU,167.97,459.47,939.45,0.54,6.15,6.64,26.25,-82.50,-86.40,25.9
2026/05/04 22:01:47.83,IMU,150.88,447.27,894.53,1.19,4.21,7.50,25.35,-79.65,-84.75,25.9
2026/05/04 22:01:47.94,IMU,180.18,490.72,974.12,2.02,4.17,8.95,24.45,-80.55,-86.70,25.9
2026/05/04 22:01:48.04,IMU,110.84,303.22,647.46,4.68,6.56,8.47,24.15,-82.65,-88.35,26.1
2026/05/04 22:01:48.14,IMU,187.01,524.90,1071.29,0.94,4.06,8.23,23.55,-82.65,-90.15,25.9
2026/05/04 22:01:48.24,IMU,133.79,336.91,699.22,0.74,3.86,8.58,23.85,-81.90,-89.40,26.3
2026/05/04 22:01:48.34,IMU,168.46,515.63,1021.48,3.66,5.37,4.60,23.25,-82.20,-91.05,25.9
2026/05/04 22:01:48.44,IMU,125.49,376.46,749.02,1.50,0.51,7.11,25.80,-81.30,-90.75,26.1
2026/05/04 22:01:48.54,IMU,155.27,485.35,960.94,-0.67,6.44,6.21,22.95,-82.50,-91.05,26.1
2026/05/04 22:01:48.64,IMU,124.51,414.55,822.27,3.95,3.96,8.82,24.60,-80.85,-91.95,26.0
2026/05/04 22:01:48.76,IMU,137.70,413.09,849.61,0.56,4.31,9.31,24.15,-81.60,-93.00,26.0
2026/05/04 22:01:48.86,IMU,160.16,447.27,902.83,4.50,6.47,6.18,23.55,-81.90,-93.00,25.9
2026/05/04 22:01:48.96,IMU,142.58,428.22,832.52,0.88,4.50,8.64,23.70,-80.55,-93.30,26.1
2026/05/04 22:01:49.06,IMU,151.86,455.08,906.25,-0.15,3.94,5.82,24.60,-82.35,-94.50,26.3
2026/05/04 22:01:49.16,IMU,142.58,423.34,850.10,2.95,7.02,10.69,23.85,-80.40,-95.25,25.9
2026/05/04 22:01:49.26,IMU,156.25,461.91,894.53,2.18,0.87,7.97,23.70,-79.50,-96.90,26.1
2026/05/04 22:01:49.36,IMU,162.11,420.90,856.45,1.18,5.13,7.68,23.85,-80.85,-96.00,26.1
2026/05/04 22:01:49.46,IMU,148.44,441.89,885.74,1.57,7.34,10.22,24.15,-79.35,-96.60,25.9
2026/05/04 22:01:49.56,IMU,159.67,437.50,867.19,2.12,5.40,5.53,24.15,-79.35,-99.60,26.1
2026/05/04 22:01:49.66,IMU,149.90,446.29,863.77,1.48,5.46,9.12,23.25,-78.75,-98.25,26.1
2026/05/04 22:01:49.76,IMU,157.71,449.22,882.81,4.90,3.96,7.50,23.55,-78.90,-99.60,25.9
2026/05/04 22:01:49.86,IMU,150.39,439.45,857.91,-0.35,8.91,7.67,22.95,-78.30,-97.95,26.1
2026/05/04 22:01:49.96,IMU,140.63,445.31,876.46,1.98,5.90,9.70,23.55,-78.45,-99.60,25.7
2026/05/04 22:01:50.06,IMU,150.88,438.96,870.61,2.69,6.10,5.93,24.00,-77.55,-99.30,26.1
2026/05/04 22:01:50.19,IMU,158.20,440.43,878.42,2.05,5.51,10.67,22.20,-78.30,-100.50,26.0
2026/05/04 22:01:50.29,IMU,159.67,447.75,882.81,2.02,5.75,10.50,21.60,-75.45,-101.70,26.1
2026/05/04 22:01:50.39,IMU,148.44,431.64,862.79,2.81,5.56,9.12,20.55,-76.95,-100.20,26.1
2026/05/04 22:01:50.49,IMU,138.18,443.85,887.70,0.07,3.78,6.36,16.65,-77.55,-96.45,25.9
2026/05/04 22:01:50.59,IMU,157.71,437.99,876.95,3.31,4.90,6.37,20.70,-75.60,-101.55,26.0
2026/05/04 22:01:50.69,IMU,157.23,444.82,876.95,1.52,3.20,9.46,19.20,-75.30,-100.80,26.3
2026/05/04 22:01:50.79,IMU,155.76,441.41,875.98,2.34,4.11,6.31,19.65,-73.80,-99.75,26.1
2026/05/04 22:01:50.89,IMU,136.23,435.06,869.14,2.37,3.63,7.67,17.70,-73.80,-99.30,26.2
2026/05/04 22:01:50.99,IMU,138.67,439.45,876.95,1.24,4.85,6.89,18.15,-73.05,-99.75,26.2
2026/05/04 22:01:51.09,IMU,95.70,417.97,887.70,9.67,-3.56,6.22,17.10,-72.60,-99.75,26.1
2026/05/04 22:01:51.19,IMU,184.57,499.51,848.63,-2.34,10.42,4.37,15.90,-71.55,-99.75,26.0
2026/05/04 22:01:51.29,IMU,153.32,404.30,881.35,-7.81,19.57,6.96,14.40,-72.30,-99.00,26.1
2026/05/04 22:01:51.39,IMU,148.44,410.16,890.63,15.01,-3.39,21.34,15.00,-74.40,-96.30,25.9
2026/05/04 22:01:51.49,IMU,153.81,469.24,870.12,5.27,20.27,8.73,13.65,-72.30,-99.75,25.9
2026/05/04 22:01:51.59,IMU,171.88,443.36,870.12,-3.60,-6.34,17.06,13.95,-71.25,-97.05,26.3
2026/05/04 22:01:51.69,IMU,166.02,446.78,867.19,-2.81,0.27,14.82,12.45,-70.20,-97.80,25.9
2026/05/04 22:01:51.79,IMU,144.53,414.06,885.74,8.57,3.82,15.25,12.75,-69.75,-97.80,26.1
2026/05/04 22:01:51.91,IMU,136.23,452.64,860.84,3.78,13.19,4.27,10.35,-69.60,-98.70,26.1
2026/05/04 22:01:52.01,IMU,141.60,448.73,903.81,-7.13,-5.66,10.15,10.05,-69.60,-97.20,26.1
2026/05/04 22:01:52.11,IMU,159.18,385.74,861.82,8.55,-0.59,-3.78,9.00,-69.60,-97.20,26.3
2026/05/04 22:01:52.22,IMU,166.50,494.63,871.58,5.55,12.84,-11.00,10.80,-68.85,-97.95,26.1
2026/05/04 22:01:52.32,IMU,135.25,435.06,895.51,-17.65,0.03,-11.68,11.10,-70.35,-98.70,26.2
2026/05/04 22:01:52.42,IMU,164.06,437.01,856.93,-0.87,-8.42,-11.85,12.60,-70.35,-95.70,26.0
2026/05/04 22:01:52.54,IMU,221.68,444.82,886.72,-11.02,8.84,4.02,12.00,-70.95,-94.20,26.3
2026/05/04 22:01:52.64,IMU,118.16,441.41,876.46,3.09,16.08,-4.27,13.50,-70.20,-92.70,26.1
2026/05/04 22:01:52.74,IMU,207.03,427.73,880.37,1.44,3.82,-7.91,12.30,-71.85,-93.30,26.1
2026/05/04 22:01:52.84,IMU,133.30,460.45,878.42,2.56,7.53,-1.28,11.85,-70.05,-95.10,25.9
2026/05/04 22:01:52.94,IMU,154.30,437.99,861.33,-17.33,-0.82,13.87,10.05,-71.55,-95.40,26.3
2026/05/04 22:01:53.04,IMU,138.18,407.71,880.37,10.73,-22.38,32.46,7.65,-72.90,-95.55,26.1
2026/05/04 22:01:53.14,IMU,171.88,452.64,877.44,-5.54,-2.45,26.74,4.20,-73.35,-99.75,26.0
2026/05/04 22:01:53.24,IMU,198.73,403.32,911.13,9.19,8.69,48.17,1.20,-76.50,-101.10,26.0
2026/05/04 22:01:53.34,IMU,131.84,441.89,889.65,37.46,41.18,74.41,-2.55,-78.15,-105.00,26.1
2026/05/04 22:01:53.44,IMU,201.17,446.29,838.38,31.66,55.54,89.14,-5.70,-80.55,-111.30,26.3
2026/05/04 22:01:53.54,IMU,106.45,492.19,869.63,36.12,69.34,98.69,-7.95,-82.65,-114.75,26.0
2026/05/04 22:01:53.64,IMU,156.25,512.21,881.84,-2.13,51.63,95.19,-10.05,-86.70,-115.95,26.0
2026/05/04 22:01:53.74,IMU,121.09,373.05,876.46,4.69,42.17,81.37,-12.30,-90.45,-115.65,26.2
2026/05/04 22:01:53.84,IMU,163.09,437.99,895.02,14.26,29.31,50.56,-12.75,-94.80,-115.50,26.3
2026/05/04 22:01:53.98,IMU,126.46,456.05,865.23,7.06,3.20,-0.92,-12.00,-95.25,-117.90,26.2
2026/05/04 22:01:54.08,IMU,151.37,435.55,881.35,-11.92,-5.28,-11.53,-11.70,-95.25,-118.65,26.3
2026/05/04 22:01:54.18,IMU,209.96,433.11,931.15,-0.23,-5.56,-24.68,-10.65,-96.00,-119.40,26.3
2026/05/04 22:01:54.28,IMU,135.74,322.27,849.61,43.30,-7.19,-23.82,-9.15,-93.75,-122.25,26.1
2026/05/04 22:01:54.38,IMU,124.51,704.59,884.77,11.04,-2.52,-6.28,-7.95,-93.30,-127.65,26.2
2026/05/04 22:01:54.48,IMU,162.60,425.29,801.76,-77.89,-9.67,22.80,-6.75,-94.65,-126.45,26.3
2026/05/04 22:01:54.58,IMU,178.22,331.54,954.59,-17.17,-3.54,30.25,-8.25,-95.85,-123.15,26.3
2026/05/04 22:01:54.68,IMU,170.90,383.79,861.33,41.42,35.77,39.83,-7.95,-97.50,-123.75,26.1
2026/05/04 22:01:54.78,IMU,147.95,595.70,827.15,10.21,23.55,60.89,-8.55,-97.35,-127.95,26.1
2026/05/04 22:01:54.88,IMU,127.93,465.82,866.70,-33.41,-7.63,76.79,-9.30,-99.90,-124.20,26.4
2026/05/04 22:01:54.98,IMU,104.00,299.32,922.36,3.66,43.33,-7.92,-11.55,-102.30,-122.40,26.1
2026/05/04 22:01:55.08,IMU,163.09,443.85,870.12,57.18,-37.76,-17.40,-10.20,-99.45,-124.80,26.3
2026/05/04 22:01:55.18,IMU,65.43,586.43,788.09,2.50,21.98,24.44,-8.70,-99.00,-128.10,26.3
2026/05/04 22:01:55.28,IMU,229.98,385.74,953.61,-16.06,-7.64,1.60,-9.90,-100.50,-126.60,26.2
2026/05/04 22:01:55.38,IMU,84.96,453.61,837.40,25.22,-3.73,19.55,-10.05,-99.60,-125.70,26.2
2026/05/04 22:01:55.48,IMU,209.96,436.52,821.29,-3.01,8.21,7.53,-9.45,-100.20,-128.85,26.3
2026/05/04 22:01:55.58,IMU,186.52,477.54,880.37,-0.34,12.98,7.43,-9.45,-100.95,-127.35,26.3
2026/05/04 22:01:55.69,IMU,141.11,451.17,844.73,-8.02,22.79,15.46,-10.65,-100.20,-127.65,26.3
2026/05/04 22:01:55.79,IMU,137.70,407.71,1005.37,-0.68,23.99,6.16,-9.30,-101.85,-126.00,25.9
2026/05/04 22:01:55.89,IMU,116.70,431.15,886.72,12.15,-15.58,11.50,-8.40,-100.20,-125.55,26.1
2026/05/04 22:01:56.00,IMU,219.73,388.18,867.19,0.60,29.76,-8.36,-9.75,-101.55,-126.45,26.1
2026/05/04 22:01:56.10,IMU,106.93,614.75,771.97,-2.95,12.42,-11.44,-7.05,-98.10,-125.70,26.0
2026/05/04 22:01:56.20,IMU,109.37,440.92,989.26,-3.48,-12.96,71.30,-6.60,-102.00,-123.75,25.9
2026/05/04 22:01:56.30,IMU,-21.48,317.38,1001.95,33.05,57.08,9.14,-11.10,-103.05,-123.15,26.2
2026/05/04 22:01:56.40,IMU,113.77,464.84,913.57,10.81,-15.33,-19.44,-10.20,-101.70,-126.30,26.3
2026/05/04 22:01:56.50,IMU,57.62,438.48,922.85,-16.35,-9.78,-16.80,-9.75,-101.55,-126.75,26.2
2026/05/04 22:01:56.60,IMU,209.47,356.45,896.00,-14.58,-9.22,6.24,-8.55,-99.90,-123.90,26.4
2026/05/04 22:01:56.70,IMU,86.43,400.39,897.95,-9.08,10.01,4.92,-8.70,-102.00,-125.55,25.9
2026/05/04 22:01:56.81,IMU,74.22,403.81,958.98,7.90,2.55,6.62,-8.70,-102.45,-125.10,26.1
2026/05/04 22:01:56.91,IMU,60.06,425.29,885.74,1.73,-4.50,-2.24,-9.45,-100.95,-125.10,26.2
2026/05/04 22:01:57.01,IMU,139.16,405.27,864.75,-4.96,-6.02,-13.05,-10.05,-101.55,-125.70,26.3
2026/05/04 22:01:57.11,IMU,130.37,475.59,903.81,-4.52,4.11,-1.40,-9.00,-100.80,-127.20,26.1
2026/05/04 22:01:57.21,IMU,58.59,377.93,927.25,-14.57,6.93,11.90,-8.25,-99.60,-125.70,26.1
2026/05/04 22:01:57.31,IMU,94.24,375.49,875.98,2.91,3.53,20.95,-8.70,-101.70,-125.10,26.0
2026/05/04 22:01:57.43,IMU,98.63,363.77,921.88,3.78,1.51,2.28,-10.05,-102.60,-125.40,26.1
2026/05/04 22:01:57.53,IMU,94.24,392.58,936.52,14.04,-18.92,-24.88,-11.55,-101.55,-126.00,26.1
2026/05/04 22:01:57.63,IMU,145.02,444.34,924.80,-1.64,-0.66,-23.38,-9.15,-99.45,-126.60,26.2
2026/05/04 22:01:57.75,IMU,157.23,386.23,899.90,-22.78,-10.18,16.17,-9.90,-99.75,-127.05,26.3
2026/05/04 22:01:57.85,IMU,191.89,357.42,888.67,-9.71,7.78,16.64,-9.45,-101.70,-125.10,26.2
2026/05/04 22:01:57.95,IMU,199.71,375.00,875.00,-3.81,9.42,3.98,-11.40,-101.25,-125.10,26.0
2026/05/04 22:01:58.05,IMU,160.16,419.92,887.21,10.53,5.47,5.23,-11.40,-102.45,-126.30,26.3
2026/05/04 22:01:58.15,IMU,148.44,366.21,969.73,22.12,-3.26,-7.15,-7.95,-101.70,-126.30,26.1
2026/05/04 22:01:58.25,IMU,121.58,442.38,909.67,-0.30,-12.96,-11.26,-9.45,-100.50,-127.35,26.1
2026/05/04 22:01:58.35,IMU,161.62,337.40,870.61,-21.40,-7.31,-4.96,-8.70,-100.95,-127.65,26.4
2026/05/04 22:01:58.45,IMU,107.42,448.24,906.25,-11.29,2.14,7.31,-8.55,-101.55,-127.20,26.3
2026/05/04 22:01:58.58,IMU,128.42,411.13,883.30,-1.98,2.21,-0.37,-10.80,-101.10,-126.45,25.9
2026/05/04 22:01:58.68,IMU,176.76,401.86,872.07,17.32,-2.05,-3.11,-10.05,-99.90,-126.75,26.3
2026/05/04 22:01:58.78,IMU,154.79,358.40,897.95,13.30,7.89,-15.72,-9.15,-101.25,-126.30,25.9
2026/05/04 22:01:58.88,IMU,142.09,429.69,934.08,3.01,-3.92,-2.59,-7.35,-100.50,-127.05,26.3
2026/05/04 22:01:58.98,IMU,195.80,375.98,860.35,-12.16,5.56,7.62,-7.50,-100.35,-127.50,26.3
2026/05/04 22:01:59.08,IMU,145.51,372.07,867.68,-3.24,9.01,25.03,-9.90,-102.45,-127.35,26.3
2026/05/04 22:01:59.18,IMU,147.95,309.57,902.83,1.95,20.85,29.02,-13.50,-104.70,-122.25,26.2
2026/05/04 22:01:59.28,IMU,105.47,372.56,911.13,11.04,18.82,12.67,-9.00,-104.10,-126.00,26.3
2026/05/04 22:01:59.38,IMU,217.77,399.90,862.79,12.48,2.46,18.90,-9.90,-102.75,-127.05,26.0
2026/05/04 22:01:59.48,IMU,118.65,376.95,913.09,0.24,19.11,-16.53,-9.90,-103.20,-126.60,26.3
2026/05/04 22:01:59.58,IMU,5.86,383.79,935.55,-15.98,0.21,1.18,-8.55,-103.05,-124.95,26.1
2026/05/04 22:01:59.68,IMU,70.80,348.14,905.76,-5.52,-16.74,-6.09,-9.45,-103.20,-124.80,26.3
2026/05/04 22:01:59.78,IMU,87.89,425.29,890.14,-4.09,-1.66,-21.21,-9.30,-103.80,-124.95,25.9
2026/05/04 22:01:59.88,IMU,71.29,364.26,861.82,0.16,-11.79,-7.56,-10.65,-101.70,-125.10,25.9
2026/05/04 22:01:59.98,IMU,100.59,414.55,930.66,1.82,-5.86,2.44,-10.80,-101.85,-127.20,26.2
2026/05/04 22:02:00.08,IMU,298.83,500.00,778.32,-8.44,9.31,22.85,-10.35,-101.10,-126.00,26.3
2026/05/04 22:02:00.18,IMU,9.28,131.35,1077.15,-4.76,-12.21,-0.29,-11.10,-104.10,-120.60,26.3
2026/05/04 22:02:00.29,IMU,109.37,244.63,972.17,0.02,-8.47,-17.23,-9.15,-102.45,-122.70,26.3
2026/05/04 22:02:00.39,IMU,168.46,351.56,883.79,-14.75,-5.80,-20.85,-10.05,-103.05,-124.20,26.4
2026/05/04 22:02:00.49,IMU,121.09,311.04,933.59,-16.73,1.47,-9.14,-9.75,-103.05,-122.85,26.1
2026/05/04 22:02:00.60,IMU,94.24,296.39,926.76,4.91,-8.92,11.99,-10.05,-102.60,-121.80,26.3
2026/05/04 22:02:00.70,IMU,148.93,323.24,914.55,4.64,3.72,2.38,-10.35,-103.05,-122.85,26.3
2026/05/04 22:02:00.80,IMU,112.30,296.39,939.94,6.84,2.73,4.97,-11.10,-103.05,-124.20,26.3
2026/05/04 22:02:00.90,IMU,168.46,276.86,946.29,-1.08,-10.55,-1.33,-10.35,-103.35,-123.60,26.3
2026/05/04 22:02:01.00,IMU,141.11,284.18,955.08,-2.67,-1.15,-1.50,-10.80,-102.60,-124.65,26.4
2026/05/04 22:02:01.10,IMU,90.82,363.77,896.00,-5.14,-11.16,-4.82,-9.75,-102.30,-124.95,26.3
2026/05/04 22:02:01.20,IMU,118.16,274.90,984.38,-1.53,11.51,-3.21,-13.20,-105.15,-121.50,26.1
2026/05/04 22:02:01.30,IMU,151.86,277.83,925.29,2.63,-3.17,0.27,-10.95,-103.20,-125.10,26.3
2026/05/04 22:02:01.40,IMU,125.98,336.91,920.90,12.79,3.15,-3.19,-11.85,-102.60,-123.90,26.4
2026/05/04 22:02:01.50,IMU,156.74,322.75,955.57,-4.24,-2.15,-5.10,-11.40,-102.45,-123.75,26.1
2026/05/04 22:02:01.60,IMU,84.96,284.67,940.92,-4.27,-4.60,-3.56,-10.05,-101.55,-123.90,26.5
2026/05/04 22:02:01.70,IMU,148.44,272.46,957.03,5.69,-2.78,-1.19,-9.30,-102.30,-124.20,26.3
2026/05/04 22:02:01.80,IMU,154.79,304.20,960.45,13.63,5.31,-12.33,-9.90,-100.95,-125.10,26.3
2026/05/04 22:02:01.90,IMU,129.88,337.40,915.04,-18.19,-1.92,-7.34,-8.70,-100.50,-124.80,26.4
2026/05/04 22:02:02.00,IMU,174.80,325.20,943.36,-7.78,-15.63,8.95,-10.65,-99.00,-123.75,26.3
2026/05/04 22:02:02.10,IMU,173.83,313.48,908.69,-4.11,0.79,11.92,-10.65,-100.50,-124.80,26.4
2026/05/04 22:02:02.20,IMU,142.09,284.18,922.36,8.30,2.08,5.72,-11.40,-101.25,-125.55,26.3
2026/05/04 22:02:02.31,IMU,93.26,334.96,939.94,9.95,10.51,4.15,-10.20,-99.45,-124.50,26.4
2026/05/04 22:02:02.41,IMU,100.59,358.40,904.79,-4.81,-5.32,7.40,-11.85,-101.10,-124.65,26.4
2026/05/04 22:02:02.51,IMU,156.74,338.87,921.39,-18.72,6.76,13.64,-10.65,-101.70,-125.10,26.3
2026/05/04 22:02:02.62,IMU,63.96,286.13,962.40,22.73,-0.53,-8.21,-10.05,-101.85,-124.65,26.3
2026/05/04 22:02:02.72,IMU,146.00,315.43,888.67,-9.84,-0.54,-9.97,-10.20,-101.70,-123.30,26.5
2026/05/04 22:02:02.82,IMU,133.79,312.01,940.43,-8.30,7.00,12.60,-10.20,-101.25,-125.10,26.4
2026/05/04 22:02:02.94,IMU,155.27,262.70,921.88,4.18,1.60,-3.86,-10.65,-102.00,-122.70,26.4
2026/05/04 22:02:03.04,IMU,131.35,316.89,945.80,3.47,3.65,6.16,-10.80,-102.30,-124.20,26.1
2026/05/04 22:02:03.14,IMU,152.34,288.57,933.59,-2.06,3.13,8.73,-10.80,-102.60,-124.20,26.4
2026/05/04 22:02:03.24,IMU,135.74,295.41,948.73,-4.27,0.92,-1.97,-11.10,-102.30,-123.60,26.3
2026/05/04 22:02:03.34,IMU,139.65,271.97,961.91,5.90,-2.18,-2.01,-10.65,-102.45,-123.30,26.1
2026/05/04 22:02:03.44,IMU,155.27,267.09,958.98,5.76,0.93,-3.73,-12.00,-100.95,-123.30,26.5
2026/05/04 22:02:03.54,IMU,147.95,261.23,958.01,-5.94,-0.98,0.74,-10.05,-103.05,-122.85,26.1
2026/05/04 22:02:03.64,IMU,187.01,262.21,973.14,3.48,-4.79,13.28,-10.95,-102.75,-123.30,26.3
2026/05/04 22:02:03.74,IMU,185.55,250.00,931.64,8.63,9.08,7.56,-11.70,-102.45,-123.75,26.4
2026/05/04 22:02:03.84,IMU,123.05,322.27,893.07,-14.69,7.56,1.08,-11.40,-103.20,-124.50,26.5
2026/05/04 22:02:03.94,IMU,127.93,277.34,896.97,-8.49,-5.63,-1.25,-10.65,-103.20,-122.70,26.4
2026/05/04 22:02:04.06,IMU,143.07,408.69,836.43,5.44,-4.86,-2.52,-12.00,-103.20,-123.00,26.3
2026/05/04 22:02:04.16,IMU,73.24,459.47,888.67,-2.22,5.70,-12.46,-11.10,-102.30,-123.90,26.5
2026/05/04 22:02:04.26,IMU,126.95,344.24,872.07,5.02,7.55,7.56,-10.05,-103.35,-123.90,26.3
2026/05/04 22:02:04.36,IMU,167.97,356.93,870.12,-3.35,-1.90,-0.27,-11.55,-103.35,-123.90,26.3
2026/05/04 22:02:04.46,IMU,146.00,340.82,873.54,4.85,6.89,-2.68,-9.15,-102.45,-123.00,26.3
2026/05/04 22:02:04.56,IMU,152.34,359.38,885.25,3.50,-8.27,-7.53,-10.95,-103.95,-123.00,26.3
2026/05/04 22:02:04.66,IMU,156.74,337.89,870.12,4.92,-0.35,0.92,-9.90,-103.65,-124.50,26.5
2026/05/04 22:02:04.77,IMU,104.00,360.35,833.50,-20.34,21.52,5.54,-11.10,-103.05,-124.20,26.3
2026/05/04 22:02:04.87,IMU,98.14,312.01,955.57,41.50,3.99,21.50,-10.80,-104.10,-121.80,26.3
2026/05/04 22:02:04.97,IMU,163.57,412.11,938.96,29.06,-7.92,10.47,-12.75,-104.70,-121.50,26.4
2026/05/04 22:02:05.07,IMU,125.98,321.78,928.22,-18.50,12.38,3.54,-11.85,-104.10,-125.40,26.5
2026/05/04 22:02:05.17,IMU,91.80,240.23,902.34,2.15,-10.13,0.61,-10.05,-103.80,-123.90,26.6
2026/05/04 22:02:05.27,IMU,161.13,325.68,919.43,8.24,-17.20,-19.69,-12.00,-103.20,-124.05,26.4
2026/05/04 22:02:05.37,IMU,175.29,416.50,1098.63,-32.63,-0.18,-29.73,-11.40,-102.75,-125.85,26.5
2026/05/04 22:02:05.47,IMU,200.68,261.72,839.36,16.53,1.34,-15.97,-10.80,-103.05,-123.15,26.4
2026/05/04 22:02:05.57,IMU,175.78,456.05,917.97,15.27,9.63,16.76,-10.20,-102.00,-124.80,26.5
2026/05/04 22:02:05.67,IMU,154.79,328.61,936.04,14.53,11.08,22.08,-11.10,-104.85,-121.05,26.5
2026/05/04 22:02:05.79,IMU,169.43,254.39,954.10,15.12,7.93,11.40,-11.40,-104.40,-125.55,26.3
2026/05/04 22:02:05.89,IMU,187.50,366.70,962.89,7.18,-6.83,-7.14,-11.40,-103.95,-124.05,26.5
2026/05/04 22:02:05.99,IMU,147.46,335.45,886.23,-20.59,-0.83,-4.80,-11.70,-103.20,-125.85,26.6
2026/05/04 22:02:06.09,IMU,170.41,364.75,988.28,-9.98,1.97,9.85,-10.35,-103.05,-126.00,26.6
2026/05/04 22:02:06.19,IMU,140.14,317.38,874.02,4.30,-0.82,12.15,-11.55,-103.35,-125.70,26.5
2026/05/04 22:02:06.29,IMU,135.25,360.35,950.20,-3.73,6.54,2.01,-11.10,-103.05,-125.40,26.6
2026/05/04 22:02:06.39,IMU,123.54,298.34,942.87,-5.75,-1.46,1.92,-13.50,-106.65,-120.90,26.3
2026/05/04 22:02:06.49,IMU,177.73,320.80,976.56,11.26,-8.03,-5.44,-12.45,-103.20,-124.05,26.5
2026/05/04 22:02:06.59,IMU,167.97,342.77,907.71,-0.77,-8.75,-15.71,-12.00,-103.65,-125.10,26.4
2026/05/04 22:02:06.69,IMU,201.17,398.44,927.73,-14.95,-9.40,-5.18,-12.60,-104.55,-123.60,26.3
2026/05/04 22:02:06.79,IMU,184.57,350.10,918.46,-18.11,-7.31,2.96,-10.80,-101.85,-124.65,26.3
2026/05/04 22:02:06.91,IMU,169.43,323.24,922.36,-22.30,-1.75,1.52,-12.00,-103.20,-123.30,26.4
2026/05/04 22:02:07.01,IMU,187.99,448.24,831.05,-35.35,7.09,14.83,-11.10,-105.30,-124.95,26.5
2026/05/04 22:02:07.11,IMU,130.37,226.56,925.29,-10.66,14.41,14.12,-10.80,-107.25,-122.10,26.4
2026/05/04 22:02:07.22,IMU,187.50,348.14,1021.97,103.02,-8.44,-37.19,-10.95,-105.45,-119.70,26.6
2026/05/04 22:02:07.32,IMU,245.61,376.95,861.82,18.15,10.23,-10.51,-10.05,-101.85,-125.40,26.4
2026/05/04 22:02:07.42,IMU,130.37,350.10,939.45,-41.75,3.34,32.65,-10.20,-102.00,-125.55,26.4
2026/05/04 22:02:07.53,IMU,152.83,345.70,914.06,-36.37,-3.27,33.62,-11.10,-104.10,-121.80,26.5
2026/05/04 22:02:07.63,IMU,147.46,349.12,899.90,14.22,8.79,5.41,-11.70,-105.90,-121.95,26.5
2026/05/04 22:02:07.73,IMU,148.44,377.44,902.34,31.43,-1.68,-17.11,-12.60,-106.80,-122.85,26.6
2026/05/04 22:02:07.83,IMU,141.60,391.11,937.50,8.44,-2.76,-14.60,-14.70,-106.65,-119.70,26.6
2026/05/04 22:02:07.93,IMU,142.58,386.23,935.55,-6.89,0.40,0.21,-11.55,-103.05,-123.90,26.7
2026/05/04 22:02:08.03,IMU,150.39,426.27,921.88,-2.27,-0.65,3.30,-10.80,-104.10,-124.20,26.6
2026/05/04 22:02:08.13,IMU,132.81,412.11,884.28,15.87,1.02,-3.63,-10.95,-104.40,-123.75,26.3
2026/05/04 22:02:08.23,IMU,121.09,351.56,851.56,14.86,0.15,-1.55,-11.40,-102.45,-124.05,26.4
2026/05/04 22:02:08.33,IMU,111.82,329.59,865.23,2.07,-2.59,-11.58,-12.00,-102.00,-123.00,26.6
2026/05/04 22:02:08.43,IMU,169.92,420.90,930.18,-19.63,-1.18,2.54,-10.95,-102.45,-125.55,26.4
2026/05/04 22:02:08.53,IMU,134.28,370.12,907.23,-11.05,-1.97,10.97,-11.10,-103.80,-122.85,26.5
2026/05/04 22:02:08.63,IMU,131.84,337.40,931.15,14.34,-5.19,8.12,-11.40,-103.20,-124.80,26.6
2026/05/04 22:02:08.73,IMU,119.14,347.17,911.62,4.34,-0.47,-6.59,-11.85,-104.10,-123.90,26.5
2026/05/04 22:02:08.84,IMU,142.09,373.05,928.22,-20.62,-7.38,-5.62,-9.90,-103.95,-123.30,26.7
2026/05/04 22:02:08.96,IMU,167.48,360.35,880.86,-9.08,-1.50,0.18,-10.80,-103.05,-124.20,26.5
2026/05/04 22:02:09.06,IMU,115.72,381.35,902.83,5.67,2.57,5.40,-10.65,-103.95,-124.05,26.5
2026/05/04 22:02:09.16,IMU,169.43,389.16,913.09,2.97,1.77,0.21,-10.95,-104.70,-123.75,26.5
2026/05/04 22:02:09.26,IMU,147.95,349.61,897.46,4.73,4.56,-2.75,-11.70,-105.15,-122.70,26.5
2026/05/04 22:02:09.36,IMU,157.23,374.51,904.30,5.40,-2.01,-4.37,-11.40,-104.40,-123.75,26.8
2026/05/04 22:02:09.46,IMU,161.62,379.39,910.64,-0.44,2.52,-0.73,-11.70,-103.65,-123.30,26.3
2026/05/04 22:02:09.56,IMU,155.76,339.36,920.41,5.28,3.56,9.20,-11.10,-103.80,-123.90,26.6
2026/05/04 22:02:09.66,IMU,173.83,356.93,940.92,9.71,0.40,5.02,-11.10,-102.30,-124.20,26.6
2026/05/04 22:02:09.76,IMU,179.20,371.58,911.13,0.40,-3.27,-5.31,-11.40,-102.45,-124.05,26.6
2026/05/04 22:02:09.86,IMU,174.32,362.30,929.20,-4.21,-2.28,-2.66,-11.10,-103.05,-123.60,26.6
2026/05/04 22:02:09.96,IMU,165.53,316.89,927.73,8.82,-2.95,-8.27,-11.55,-102.60,-126.00,26.6
2026/05/04 22:02:10.06,IMU,179.69,369.63,952.64,3.92,-2.99,-7.27,-11.40,-102.00,-126.30,26.5
2026/05/04 22:02:10.16,IMU,201.66,340.82,936.52,-16.75,3.53,5.26,-12.75,-103.20,-123.00,26.4
2026/05/04 22:02:10.26,IMU,155.27,321.29,902.34,-13.00,-1.04,1.36,-13.05,-101.55,-124.65,26.5
2026/05/04 22:02:10.36,IMU,190.43,385.74,896.48,3.29,3.40,2.76,-12.60,-103.05,-126.00,26.4
2026/05/04 22:02:10.46,IMU,139.16,395.02,909.18,6.24,10.23,-0.38,-10.35,-103.80,-124.20,26.6
2026/05/04 22:02:10.56,IMU,154.30,342.77,884.77,5.37,-2.51,8.66,-10.65,-102.75,-125.55,26.3
2026/05/04 22:02:10.68,IMU,145.51,387.70,922.36,-8.44,3.60,13.82,-12.30,-102.30,-124.95,26.6
2026/05/04 22:02:10.78,IMU,123.05,386.72,870.12,-7.74,9.37,11.96,-12.00,-102.75,-123.00,26.5
2026/05/04 22:02:10.88,IMU,122.56,400.88,895.02,0.60,0.32,4.59,-11.40,-104.40,-124.80,26.3
2026/05/04 22:02:10.99,IMU,118.65,349.12,900.88,12.24,8.98,-7.34,-15.15,-104.85,-119.25,26.7
2026/05/04 22:02:11.09,IMU,168.46,428.71,882.81,-4.85,-5.22,2.34,-11.10,-104.55,-124.95,26.6
2026/05/04 22:02:11.19,IMU,152.83,329.10,897.46,-8.29,7.76,-10.68,-10.65,-105.45,-124.05,26.7
2026/05/04 22:02:11.29,IMU,141.60,362.79,906.74,6.48,-0.71,1.48,-11.10,-104.10,-124.65,26.4
2026/05/04 22:02:11.39,IMU,155.76,377.93,913.57,-3.21,-3.64,3.16,-11.70,-105.45,-123.75,26.6
2026/05/04 22:02:11.49,IMU,159.67,353.52,910.16,-6.00,-1.30,-2.40,-12.30,-104.55,-123.60,26.6
2026/05/04 22:02:11.59,IMU,135.25,345.70,916.50,5.41,0.50,-4.46,-11.10,-105.30,-122.40,26.5
2026/05/04 22:02:11.69,IMU,146.00,344.24,918.95,1.36,-0.92,3.90,-10.80,-104.10,-124.20,26.6
2026/05/04 22:02:11.79,IMU,154.79,350.10,918.95,-4.00,-1.10,1.10,-15.00,-106.65,-119.10,26.3
2026/05/04 22:02:11.89,IMU,138.18,336.43,930.66,-4.10,4.26,1.04,-11.40,-102.75,-123.00,26.7
2026/05/04 22:02:11.99,IMU,132.81,349.12,912.11,-0.20,1.05,1.65,-10.95,-105.15,-124.05,26.4
2026/05/04 22:02:12.11,IMU,162.11,331.54,922.36,-1.91,2.93,2.18,-11.70,-105.15,-123.00,26.8
2026/05/04 22:02:12.21,IMU,158.20,326.66,930.66,-0.05,1.61,-2.32,-12.30,-103.80,-123.60,26.4
2026/05/04 22:02:12.31,IMU,162.11,330.57,913.57,0.05,-0.27,3.60,-11.40,-104.70,-124.50,26.8
2026/05/04 22:02:12.41,IMU,142.58,293.46,937.01,1.04,-2.57,-7.43,-10.20,-103.95,-123.00,26.7
2026/05/04 22:02:12.51,IMU,172.36,303.71,954.10,9.95,-3.90,-7.15,-10.80,-103.35,-123.90,26.5
2026/05/04 22:02:12.62,IMU,201.66,345.21,978.03,-6.26,-2.78,6.25,-12.30,-104.10,-124.20,26.8
2026/05/04 22:02:12.72,IMU,168.95,260.74,934.08,-15.88,-2.97,3.07,-12.75,-104.40,-123.75,26.5
2026/05/04 22:02:12.82,IMU,163.09,333.50,957.03,1.11,-2.50,-10.98,-11.40,-103.65,-124.50,26.5
2026/05/04 22:02:12.92,IMU,207.03,305.66,942.87,3.04,-9.72,-8.43,-10.65,-103.95,-123.75,26.7
2026/05/04 22:02:13.02,IMU,180.18,306.64,983.89,-5.60,16.46,5.92,-11.40,-103.20,-124.50,26.6
2026/05/04 22:02:13.12,IMU,132.81,228.52,956.54,-4.53,5.68,24.88,-10.05,-104.10,-123.60,26.4
2026/05/04 22:02:13.22,IMU,157.71,343.26,911.62,-19.87,-9.87,29.71,-11.10,-104.85,-122.85,26.8
2026/05/04 22:02:13.32,IMU,167.48,311.52,881.35,-15.27,5.32,3.05,-11.85,-105.60,-122.85,26.4
2026/05/04 22:02:13.42,IMU,134.77,329.59,944.34,16.10,9.34,-13.31,-12.00,-107.40,-122.70,26.6
2026/05/04 22:02:13.56,IMU,155.27,325.20,924.32,18.86,-4.53,-9.68,-11.70,-103.95,-123.75,26.5
2026/05/04 22:02:13.65,IMU,129.39,305.18,919.43,-13.64,-3.31,7.14,-10.80,-105.30,-123.15,26.7
2026/05/04 22:02:13.76,IMU,117.68,334.47,940.43,-12.31,-0.47,15.77,-10.65,-105.15,-122.25,26.6
2026/05/04 22:02:13.86,IMU,121.09,285.16,924.32,12.40,3.44,-0.17,-15.45,-107.40,-118.35,26.4
2026/05/04 22:02:13.96,IMU,137.70,289.55,938.96,2.90,2.46,-5.94,-10.80,-105.60,-123.60,26.7
2026/05/04 22:02:14.06,IMU,138.18,309.08,926.27,-5.03,2.00,-0.38,-12.30,-104.55,-122.10,26.7
2026/05/04 22:02:14.16,IMU,155.76,303.71,916.02,-10.34,1.83,-2.49,-11.70,-104.40,-122.25,26.7
2026/05/04 22:02:14.26,IMU,159.18,304.69,928.22,0.82,3.02,1.57,-11.10,-104.85,-121.35,26.7
2026/05/04 22:02:14.36,IMU,133.79,289.55,923.83,3.64,-1.28,4.05,-11.10,-106.50,-122.40,26.4
2026/05/04 22:02:14.46,IMU,137.70,306.64,931.15,-2.25,-3.72,-3.46,-12.60,-105.30,-122.10,26.5
2026/05/04 22:02:14.56,IMU,153.32,280.76,935.55,1.33,-4.49,-5.92,-11.85,-105.30,-122.85,26.8
2026/05/04 22:02:14.66,IMU,135.25,277.34,935.06,1.44,-4.68,1.28,-11.40,-104.40,-123.00,26.5
2026/05/04 22:02:14.76,IMU,145.51,304.69,952.15,-1.60,0.18,0.45,-12.60,-105.30,-122.85,26.9
2026/05/04 22:02:14.86,IMU,128.91,290.53,946.29,1.70,-1.73,0.92,-11.40,-105.90,-122.70,26.8
2026/05/04 22:02:14.98,IMU,136.72,316.89,926.27,1.02,-0.89,-4.66,-12.30,-104.85,-123.15,26.4
2026/05/04 22:02:15.08,IMU,128.42,291.50,951.17,4.69,0.14,-4.53,-11.10,-104.85,-122.85,26.8
2026/05/04 22:02:15.18,IMU,142.58,307.62,934.57,2.11,-1.44,0.37,-11.85,-104.55,-122.40,26.8
2026/05/04 22:02:15.28,IMU,127.44,305.18,942.38,-3.38,0.69,2.37,-11.40,-103.65,-122.25,26.8
2026/05/04 22:02:15.38,IMU,156.74,278.32,943.36,-3.43,-6.88,-3.30,-11.10,-104.55,-123.15,26.8
2026/05/04 22:02:15.48,IMU,133.79,304.69,856.45,-5.91,7.38,-0.95,-12.30,-104.85,-123.90,26.5
2026/05/04 22:02:15.58,IMU,138.67,327.15,995.61,28.69,-6.11,-6.69,-10.65,-104.40,-122.25,26.9
2026/05/04 22:02:15.68,IMU,236.33,272.95,878.91,-14.18,-6.24,1.76,-12.30,-103.35,-123.60,26.8
2026/05/04 22:02:15.78,IMU,108.89,343.75,965.82,-14.79,-0.90,-0.96,-11.10,-104.10,-122.10,27.1
2026/05/04 22:02:15.88,IMU,134.28,294.92,916.99,5.08,-2.84,-5.68,-11.40,-104.70,-123.30,26.8
2026/05/04 22:02:15.98,IMU,157.71,284.18,932.13,8.69,1.42,-2.46,-11.70,-104.40,-124.05,26.8
2026/05/04 22:02:16.11,IMU,137.21,309.57,946.29,-1.15,0.97,-1.33,-11.85,-104.10,-123.60,26.6
2026/05/04 22:02:16.20,IMU,170.90,338.38,940.43,-6.11,-1.56,-1.87,-10.20,-104.70,-123.30,26.6
2026/05/04 22:02:16.30,IMU,137.70,282.23,927.25,1.04,2.31,2.00,-10.95,-104.40,-123.00,26.7
2026/05/04 22:02:16.42,IMU,148.44,317.87,924.32,13.23,5.44,-9.95,-10.95,-103.20,-123.75,26.8
2026/05/04 22:02:16.52,IMU,70.31,317.38,940.92,6.45,11.52,-4.08,-8.70,-103.95,-123.75,26.5
2026/05/04 22:02:16.62,IMU,93.75,354.49,928.22,7.53,5.47,-0.41,-9.00,-102.30,-123.15,26.7
2026/05/04 22:02:16.72,IMU,92.29,350.10,921.39,-1.07,-5.04,6.93,-9.75,-103.05,-124.20,26.7
2026/05/04 22:02:16.82,IMU,112.30,308.11,925.78,-9.42,-6.63,5.68,-10.20,-103.20,-123.00,26.7
2026/05/04 22:02:16.92,IMU,110.84,371.58,934.57,-6.91,0.01,-10.70,-10.95,-102.75,-123.75,26.8
2026/05/04 22:02:17.03,IMU,113.28,327.15,914.06,-0.27,-5.99,1.41,-10.05,-104.10,-124.20,26.7
2026/05/04 22:02:17.13,IMU,143.07,330.08,904.30,-3.47,-4.92,0.56,-11.10,-103.35,-123.60,26.6
2026/05/04 22:02:17.23,IMU,139.65,295.41,928.22,-15.24,-2.41,4.07,-9.75,-102.30,-124.65,26.7
2026/05/04 22:02:17.33,IMU,119.14,294.92,932.13,-10.54,-7.71,-0.47,-10.05,-103.05,-123.60,26.9
2026/05/04 22:02:17.43,IMU,161.13,274.41,934.08,0.60,-4.84,-1.47,-11.85,-104.85,-122.10,26.7
2026/05/04 22:02:17.53,IMU,173.34,305.66,934.57,3.94,-3.20,-5.66,-11.55,-104.55,-123.90,26.8
2026/05/04 22:02:17.63,IMU,150.88,293.46,937.50,1.33,-2.89,0.12,-10.80,-103.05,-123.60,26.8
2026/05/04 22:02:17.73,IMU,152.34,287.60,940.43,2.74,-5.76,-3.11,-11.70,-101.70,-124.05,26.7
2026/05/04 22:02:17.83,IMU,139.16,333.98,948.24,-0.93,-8.53,-5.66,-12.00,-103.20,-123.30,27.0
2026/05/04 22:02:17.93,IMU,160.64,265.63,916.99,-4.02,5.60,7.76,-11.10,-104.10,-123.15,26.9
2026/05/04 22:02:18.03,IMU,159.18,313.48,920.41,4.43,1.60,-3.20,-10.35,-102.60,-123.60,26.8
2026/05/04 22:02:18.16,IMU,171.88,315.92,923.83,2.12,0.69,-7.87,-10.05,-102.30,-123.90,26.8
2026/05/04 22:02:18.26,IMU,177.25,301.27,919.43,1.50,-0.60,2.03,-11.10,-103.05,-123.15,26.8
2026/05/04 22:02:18.36,IMU,173.34,314.45,934.57,-0.21,-3.75,5.31,-12.00,-103.65,-124.80,26.8
2026/05/04 22:02:18.46,IMU,173.34,317.38,935.06,4.34,-4.14,0.29,-10.05,-103.80,-125.40,26.8
2026/05/04 22:02:18.56,IMU,153.32,328.13,934.57,-0.27,1.60,-0.43,-11.55,-105.30,-124.20,26.8
2026/05/04 22:02:18.66,IMU,154.79,310.06,920.90,2.43,-3.07,6.15,-11.10,-101.85,-123.90,26.8
2026/05/04 22:02:18.76,IMU,142.09,320.80,924.32,1.83,1.35,1.15,-10.80,-103.80,-123.90,26.8
2026/05/04 22:02:18.86,IMU,157.23,334.96,914.55,-0.60,2.57,-1.56,-11.40,-102.00,-124.80,26.9
2026/05/04 22:02:18.96,IMU,151.86,333.50,926.27,0.54,1.02,0.87,-10.35,-102.30,-125.40,26.9
2026/05/04 22:02:19.06,IMU,166.99,320.80,910.64,-0.97,0.05,0.56,-10.05,-103.05,-122.40,26.7
2026/05/04 22:02:19.16,IMU,172.85,317.87,940.43,4.12,-1.28,-2.67,-9.90,-102.75,-124.50,26.9
2026/05/04 22:02:19.26,IMU,171.39,323.24,880.37,-10.05,1.74,-0.95,-11.70,-103.65,-126.30,26.7
2026/05/04 22:02:19.36,IMU,140.63,311.04,957.03,1.98,2.06,3.92,-10.35,-105.30,-123.90,27.0
2026/05/04 22:02:19.46,IMU,167.48,337.40,919.92,11.22,-1.47,-6.21,-10.65,-103.95,-124.05,27.1
2026/05/04 22:02:19.59,IMU,173.83,344.24,924.80,-3.18,2.10,12.70,-10.65,-102.75,-123.30,27.0
2026/05/04 22:02:19.69,IMU,169.43,326.17,911.62,1.28,1.43,-3.14,-11.85,-103.35,-123.15,27.0
2026/05/04 22:02:19.79,IMU,158.69,356.45,918.95,-3.76,3.55,4.36,-11.85,-104.55,-124.95,26.8
2026/05/04 22:02:19.89,IMU,156.25,305.18,945.31,2.34,2.07,-1.14,-11.40,-103.20,-122.25,26.8
2026/05/04 22:02:19.99,IMU,161.62,344.73,926.76,7.68,-0.21,-5.08,-11.55,-104.10,-123.60,26.5
2026/05/04 22:02:20.09,IMU,163.09,331.54,917.97,-2.42,-0.79,2.21,-11.40,-103.65,-124.50,26.9
2026/05/04 22:02:20.19,IMU,161.13,331.05,937.01,-5.69,1.82,-0.21,-10.20,-104.40,-123.30,26.7
2026/05/04 22:02:20.29,IMU,156.74,341.31,925.29,1.03,-0.13,0.39,-11.55,-103.05,-125.40,26.9
2026/05/04 22:02:20.39,IMU,166.50,316.41,914.55,-0.33,-0.11,2.82,-11.55,-104.10,-124.65,26.8
2026/05/04 22:02:20.49,IMU,166.50,323.73,918.46,2.05,0.23,-6.08,-10.95,-104.70,-125.55,26.5
2026/05/04 22:02:20.59,IMU,163.57,317.38,919.43,0.19,-0.76,0.64,-11.40,-103.95,-124.50,26.9
2026/05/04 22:02:20.69,IMU,175.29,341.31,908.20,-3.62,0.44,1.81,-10.95,-106.20,-124.05,27.1
2026/05/04 22:02:20.79,IMU,167.97,352.54,952.64,7.52,1.22,-4.45,-10.65,-104.40,-124.05,26.9
2026/05/04 22:02:20.89,IMU,165.04,306.64,907.71,-4.11,-2.83,0.71,-12.75,-102.75,-123.75,26.9
2026/05/04 22:02:20.99,IMU,147.46,324.22,921.88,-5.70,1.32,7.46,-11.85,-103.35,-124.20,26.7
2026/05/04 22:02:21.09,IMU,167.48,348.14,911.13,1.92,0.40,2.68,-10.05,-103.05,-124.65,26.9
2026/05/04 22:02:21.19,IMU,166.02,355.47,901.37,-0.78,3.44,-3.24,-10.05,-104.55,-124.65,27.0
2026/05/04 22:02:21.31,IMU,161.13,317.87,911.62,1.16,-0.66,-0.70,-11.85,-104.10,-122.40,26.8
2026/05/04 22:02:21.41,IMU,170.41,330.08,931.64,0.97,0.34,3.92,-11.40,-104.40,-124.05,27.0
2026/05/04 22:02:21.51,IMU,155.27,332.52,913.57,-4.08,2.11,0.08,-13.05,-103.05,-124.65,27.2
2026/05/04 22:02:21.61,IMU,157.71,321.29,918.46,0.76,0.57,2.93,-11.55,-103.80,-124.65,26.8
2026/05/04 22:02:21.71,IMU,156.74,311.52,922.36,5.52,-0.39,-2.89,-12.60,-104.10,-125.40,27.0
2026/05/04 22:02:21.82,IMU,152.34,312.50,925.78,-2.76,1.05,-5.28,-11.70,-103.65,-124.80,26.8
2026/05/04 22:02:21.92,IMU,155.76,333.50,924.80,-1.15,-0.97,3.05,-15.60,-104.85,-118.50,26.9
2026/05/04 22:02:22.02,IMU,154.30,314.45,918.95,-0.76,2.88,1.40,-12.45,-103.20,-124.05,27.2
2026/05/04 22:02:22.12,IMU,161.62,329.59,926.27,3.21,-1.42,-1.91,-11.40,-103.65,-124.05,26.8
2026/05/04 22:02:22.22,IMU,156.74,333.98,918.95,-1.50,0.71,-3.82,-11.85,-103.80,-124.20,26.8
2026/05/04 22:02:22.32,IMU,178.71,326.17,926.76,-0.34,0.98,-6.02,-11.55,-103.80,-124.20,26.9
2026/05/04 22:02:22.42,IMU,154.30,322.75,908.69,-0.69,4.72,-5.37,-10.95,-103.95,-124.50,26.8
2026/05/04 22:02:22.52,IMU,137.21,315.92,944.82,0.87,-2.00,5.78,-11.10,-103.35,-124.95,26.8
2026/05/04 22:02:22.62,IMU,153.81,312.01,921.88,-0.96,-3.76,-3.70,-10.65,-104.40,-124.80,26.8
2026/05/04 22:02:22.76,IMU,164.06,321.29,927.73,0.31,-1.32,-4.91,-10.80,-103.05,-124.95,27.3
2026/05/04 22:02:22.86,IMU,162.11,306.64,932.13,-0.61,-1.79,3.94,-11.40,-104.40,-123.30,27.0
2026/05/04 22:02:22.96,IMU,175.78,315.43,914.06,1.42,-1.67,-2.35,-10.20,-103.65,-124.50,27.0
2026/05/04 22:02:23.06,IMU,164.55,360.35,919.43,-3.95,1.74,-2.30,-12.30,-102.60,-124.20,26.8
2026/05/04 22:02:23.16,IMU,160.16,323.73,914.06,5.12,-1.49,-6.96,-10.20,-103.95,-122.25,26.9
2026/05/04 22:02:23.26,IMU,165.53,336.43,928.22,5.89,-3.04,-1.27,-10.65,-102.75,-125.10,27.1
2026/05/04 22:02:23.36,IMU,174.32,304.20,905.76,-0.64,-3.06,7.05,-14.40,-104.10,-122.40,27.0
2026/05/04 22:02:23.46,IMU,191.41,321.78,921.39,-0.66,-6.02,4.10,-11.70,-104.40,-125.55,26.9
2026/05/04 22:02:23.56,IMU,168.46,342.77,914.06,-0.19,1.67,-4.87,-11.10,-102.60,-125.40,27.1
2026/05/04 22:02:23.66,IMU,168.95,312.01,909.67,-7.80,3.61,7.76,-11.85,-103.05,-126.45,27.0
2026/05/04 22:02:23.76,IMU,169.92,305.66,947.75,9.34,0.75,2.99,-11.70,-103.20,-124.05,26.9
2026/05/04 22:02:23.86,IMU,162.11,316.89,942.87,-0.49,2.24,0.74,-10.95,-104.40,-124.05,26.8
2026/05/04 22:02:23.96,IMU,182.62,267.58,952.15,-3.24,3.79,-0.38,-11.10,-103.35,-124.65,27.2
2026/05/04 22:02:24.06,IMU,141.60,323.24,888.67,-0.37,-7.53,-8.11,-12.60,-104.55,-124.95,26.8
2026/05/04 22:02:24.19,IMU,150.39,324.71,928.71,-3.11,0.11,-0.17,-11.85,-104.10,-125.70,27.1
2026/05/04 22:02:24.29,IMU,182.62,327.15,940.92,13.14,0.31,6.81,-10.65,-105.15,-124.05,27.0
2026/05/04 22:02:24.39,IMU,163.09,284.18,918.46,-5.15,1.98,0.69,-10.35,-104.55,-124.95,26.7
2026/05/04 22:02:24.49,IMU,177.25,340.82,933.11,-0.57,0.60,-6.90,-12.75,-103.20,-123.30,27.1
2026/05/04 22:02:24.59,IMU,185.55,315.92,919.43,3.27,-3.94,-2.46,-12.00,-103.80,-124.65,26.9
2026/05/04 22:02:24.69,IMU,203.61,298.83,938.96,-2.32,-1.13,4.40,-11.55,-104.55,-125.40,27.2
2026/05/04 22:02:24.79,IMU,149.90,300.78,943.85,-0.50,4.05,-5.12,-14.70,-105.45,-121.50,26.8
2026/05/04 22:02:24.89,IMU,169.92,319.82,892.58,-4.20,-5.75,-0.31,-12.00,-103.20,-124.05,26.9
2026/05/04 22:02:24.99,IMU,179.20,333.50,919.92,-5.12,1.40,2.94,-10.05,-103.80,-123.90,27.3
2026/05/04 22:02:25.09,IMU,151.86,330.08,903.32,4.69,-2.87,0.31,-10.95,-104.40,-124.05,26.8
2026/05/04 22:02:25.19,IMU,180.18,341.80,902.83,3.12,-1.27,-6.38,-11.10,-103.05,-125.70,27.1
2026/05/04 22:02:25.29,IMU,178.71,333.50,921.88,-0.12,7.47,-0.98,-10.65,-102.75,-123.30,27.0
2026/05/04 22:02:25.39,IMU,192.87,270.02,924.80,2.63,-0.80,5.73,-12.60,-104.55,-122.10,27.0
2026/05/04 22:02:25.49,IMU,154.30,323.24,907.71,-0.88,0.69,4.24,-11.40,-103.95,-123.75,27.0
2026/05/04 22:02:25.59,IMU,173.83,320.31,899.41,-2.31,4.71,8.00,-11.55,-103.80,-125.70,27.0
2026/05/04 22:02:25.69,IMU,21.00,740.72,721.19,-58.05,-27.15,6.84,-11.55,-103.35,-124.20,27.0
2026/05/04 22:02:25.79,IMU,232.42,227.54,927.73,-145.43,-27.50,6.05,-12.75,-105.15,-128.40,27.1
2026/05/04 22:02:25.90,IMU,170.41,58.59,699.22,65.30,1.92,-40.29,-20.55,-114.90,-107.85,27.0
2026/05/04 22:02:26.00,IMU,129.39,710.94,934.08,112.05,14.65,-47.60,-20.85,-111.15,-115.50,27.1
2026/05/04 22:02:26.10,IMU,71.78,570.80,683.11,-38.18,-19.47,-12.74,-19.65,-105.30,-121.35,27.4
2026/05/04 22:02:26.21,IMU,240.23,295.41,1021.48,-55.92,-10.63,-13.69,-19.20,-109.80,-122.10,27.3
2026/05/04 22:02:26.31,IMU,154.79,242.68,836.91,65.85,10.69,-40.98,-19.05,-107.40,-117.90,27.1
2026/05/04 22:02:26.41,IMU,148.93,689.45,957.03,57.37,3.35,-35.62,-16.80,-105.15,-121.95,27.0
2026/05/04 22:02:26.51,IMU,137.21,540.53,900.88,-35.33,-9.51,-19.05,-17.55,-105.15,-124.05,27.0
2026/05/04 22:02:26.61,IMU,214.84,310.55,981.93,6.21,-2.89,-27.63,-19.20,-104.85,-120.30,27.0
2026/05/04 22:02:26.71,IMU,157.71,508.30,1001.46,60.30,9.94,-38.89,-21.15,-104.10,-116.40,27.1
2026/05/04 22:02:26.81,IMU,143.07,583.50,913.57,2.05,-1.64,-26.91,-27.00,-91.95,-104.85,26.7
2026/05/04 22:02:26.91,IMU,214.84,454.10,1050.29,-10.29,2.19,-26.57,-22.80,-78.15,-101.40,27.1
2026/05/04 22:02:27.01,IMU,164.06,410.16,935.06,39.20,6.99,-38.24,-10.80,-79.05,-116.40,26.8
2026/05/04 22:02:27.11,IMU,149.41,607.42,985.84,11.12,5.15,-33.66,-5.70,-90.15,-128.55,27.1
2026/05/04 22:02:27.21,IMU,169.43,444.34,946.29,-8.40,-0.79,-24.78,-6.60,-93.00,-122.70,27.0
2026/05/04 22:02:27.31,IMU,175.78,427.73,940.92,23.48,6.66,-37.30,-3.75,-90.45,-119.55,27.0
2026/05/04 22:02:27.41,IMU,147.95,535.64,911.13,14.62,2.41,-30.21,-0.30,-88.80,-123.75,27.2
2026/05/04 22:02:27.51,IMU,167.48,450.68,875.98,-9.56,-2.77,-24.13,2.55,-91.80,-128.10,26.9
2026/05/04 22:02:27.61,IMU,146.48,397.46,887.70,11.15,4.90,-27.80,2.55,-91.50,-129.15,27.1
2026/05/04 22:02:27.71,IMU,134.28,461.91,838.87,10.85,1.28,-26.24,5.25,-91.65,-132.15,26.7
2026/05/04 22:02:27.81,IMU,148.44,446.78,841.31,-11.11,-4.00,-22.49,6.30,-92.40,-135.15,27.2
2026/05/04 22:02:27.92,IMU,137.70,389.16,835.45,0.28,-5.40,-22.58,7.65,-93.00,-134.25,27.1
2026/05/04 22:02:28.02,IMU,126.46,430.66,816.89,6.34,-4.69,-25.25,7.65,-93.75,-134.55,27.2
2026/05/04 22:02:28.12,IMU,127.44,419.92,815.43,-11.09,-12.53,-16.50,7.80,-96.90,-131.55,27.1
2026/05/04 22:02:28.24,IMU,151.86,394.53,828.61,-4.70,-11.66,-16.91,9.45,-94.80,-134.55,27.0
2026/05/04 22:02:28.34,IMU,150.88,434.08,843.75,0.14,-17.79,-14.74,9.30,-94.65,-131.55,27.1
2026/05/04 22:02:28.44,IMU,135.74,431.64,832.03,-10.39,-22.29,-8.76,12.30,-95.40,-130.35,27.0
2026/05/04 22:02:28.55,IMU,160.64,416.50,866.70,-3.60,-21.95,-11.19,6.75,-98.10,-122.40,27.5
2026/05/04 22:02:28.65,IMU,153.32,474.12,876.46,-2.38,-20.46,-8.63,10.95,-95.25,-124.05,27.2
2026/05/04 22:02:28.75,IMU,150.88,463.38,899.90,-9.13,-25.48,-8.03,8.25,-95.85,-119.55,27.1
2026/05/04 22:02:28.85,IMU,165.04,462.40,930.18,-3.39,-28.18,-9.28,6.90,-96.00,-117.30,26.9
2026/05/04 22:02:28.95,IMU,162.60,490.72,949.22,-1.75,-28.79,-8.01,5.70,-95.40,-117.75,27.1
2026/05/04 22:02:29.05,IMU,171.88,495.61,945.80,-7.60,-30.00,-1.94,6.60,-96.00,-121.20,27.0
2026/05/04 22:02:29.15,IMU,180.18,468.75,980.47,2.46,-31.21,-5.24,9.90,-89.55,-117.30,27.0
2026/05/04 22:02:29.25,IMU,160.64,491.70,979.49,-2.12,-31.95,-6.49,5.70,-77.55,-107.25,27.1
2026/05/04 22:02:29.39,IMU,167.97,481.93,983.89,0.50,-29.61,-3.27,-6.75,-81.30,-108.75,27.0
2026/05/04 22:02:29.49,IMU,170.90,496.58,973.14,3.89,-30.40,-2.47,-6.75,-90.15,-121.35,27.0
2026/05/04 22:02:29.59,IMU,168.95,488.28,954.59,-1.63,-27.24,-1.73,-4.65,-96.30,-124.80,27.3
2026/05/04 22:02:29.69,IMU,171.39,467.29,946.29,2.09,-26.64,-4.76,-1.95,-96.90,-124.20,27.3
2026/05/04 22:02:29.79,IMU,144.04,456.05,916.99,3.64,-23.68,-5.50,-2.25,-98.40,-124.65,26.8
2026/05/04 22:02:29.89,IMU,164.06,460.94,913.57,0.33,-23.33,-3.11,-3.00,-98.10,-123.15,26.9
2026/05/04 22:02:29.99,IMU,165.04,448.24,886.23,4.21,-18.65,-8.60,-3.90,-97.95,-124.50,27.1
2026/05/04 22:02:30.09,IMU,143.55,438.48,858.89,1.95,-17.08,-9.54,-3.45,-96.90,-124.95,27.0
2026/05/04 22:02:30.19,IMU,156.74,433.59,844.73,-0.06,-14.09,-4.49,-2.85,-97.95,-125.10,27.3
2026/05/04 22:02:30.29,IMU,139.65,415.04,828.13,1.74,-8.80,-7.60,-3.00,-98.85,-124.20,26.8
2026/05/04 22:02:30.39,IMU,147.46,430.66,836.43,-0.69,-9.20,-7.85,-2.55,-99.45,-123.00,26.9
2026/05/04 22:02:30.51,IMU,157.71,417.97,816.89,-2.61,-6.44,-9.07,-2.55,-100.20,-124.80,27.0
2026/05/04 22:02:30.61,IMU,145.51,419.43,831.54,-1.39,-2.23,-12.86,-1.80,-99.00,-124.80,27.1
2026/05/04 22:02:30.71,IMU,151.86,406.25,823.73,-5.17,0.36,-10.88,-1.05,-98.25,-123.75,27.2
2026/05/04 22:02:30.82,IMU,157.23,421.88,837.40,-4.21,1.72,-12.10,-0.30,-99.75,-123.30,27.1
2026/05/04 22:02:30.92,IMU,158.69,432.62,853.52,-4.87,3.26,-12.25,0.60,-99.00,-124.05,27.2
2026/05/04 22:02:31.02,IMU,165.04,432.13,872.56,-9.64,10.18,-13.25,-0.15,-99.15,-123.60,26.8
2026/05/04 22:02:31.12,IMU,161.13,448.24,897.95,-8.02,11.42,-12.10,0.60,-99.00,-123.75,27.2
2026/05/04 22:02:31.22,IMU,162.11,457.03,909.18,-9.40,11.97,-15.39,-0.45,-99.15,-122.10,26.8
2026/05/04 22:02:31.32,IMU,154.79,461.43,940.43,-14.95,14.30,-11.78,1.35,-99.45,-123.30,27.1
2026/05/04 22:02:31.42,IMU,172.85,467.77,952.64,-10.60,18.49,-11.65,-0.90,-100.80,-119.25,27.3
2026/05/04 22:02:31.52,IMU,181.15,506.35,955.57,-11.69,18.52,-10.44,0.30,-95.55,-121.95,26.8
2026/05/04 22:02:31.62,IMU,173.34,488.77,966.31,-16.16,20.99,-12.89,-0.90,-88.95,-117.00,27.3
2026/05/04 22:02:31.72,IMU,184.57,488.28,967.77,-12.36,21.68,-11.79,4.95,-78.30,-98.25,27.2
2026/05/04 22:02:31.82,IMU,179.69,492.68,979.98,-13.82,18.86,-10.77,14.70,-86.85,-96.00,27.0
2026/05/04 22:02:31.96,IMU,176.76,487.79,960.94,-12.67,17.29,-12.08,14.70,-102.45,-113.25,26.9
2026/05/04 22:02:32.06,IMU,165.04,483.40,952.15,-11.96,19.30,-10.32,10.05,-104.85,-114.45,27.1
2026/05/04 22:02:32.16,IMU,157.71,487.30,929.69,-10.99,15.47,-7.89,10.95,-106.20,-112.95,27.0
2026/05/04 22:02:32.26,IMU,152.34,440.43,908.69,-10.06,14.92,-9.37,13.95,-107.40,-112.20,27.1
2026/05/04 22:02:32.36,IMU,150.88,445.31,890.14,-9.49,13.70,-3.48,15.90,-108.30,-113.40,27.0
2026/05/04 22:02:32.46,IMU,155.76,433.11,891.11,-7.58,14.15,-6.31,17.10,-110.25,-114.45,27.1
2026/05/04 22:02:32.56,IMU,144.53,429.20,860.84,-7.48,9.60,-3.69,16.05,-114.60,-114.00,27.1
2026/05/04 22:02:32.66,IMU,156.74,429.69,851.07,-5.95,7.98,-2.76,19.80,-113.40,-120.15,27.3
2026/05/04 22:02:32.76,IMU,131.84,413.09,838.87,-4.47,7.33,-0.92,19.65,-113.70,-122.85,27.0
2026/05/04 22:02:32.86,IMU,138.18,422.85,828.61,1.92,3.92,2.28,19.80,-113.85,-121.50,27.1
2026/05/04 22:02:32.96,IMU,140.63,404.79,830.57,-0.20,1.45,1.39,19.80,-112.65,-122.70,27.0
2026/05/04 22:02:33.06,IMU,140.14,415.53,823.24,1.05,0.28,0.92,17.55,-113.40,-121.95,27.2
2026/05/04 22:02:33.16,IMU,133.79,414.06,840.33,5.47,-1.78,2.68,19.50,-113.40,-123.30,27.2
2026/05/04 22:02:33.26,IMU,147.95,417.48,849.61,4.27,-5.50,5.91,18.30,-113.10,-121.20,26.9
2026/05/04 22:02:33.39,IMU,141.60,434.57,861.33,6.95,-6.34,6.58,17.55,-110.40,-118.35,27.0
2026/05/04 22:02:33.49,IMU,157.71,435.06,870.61,9.44,-8.82,9.64,17.10,-109.80,-117.00,27.2
2026/05/04 22:02:33.59,IMU,166.99,454.10,896.97,9.22,-11.27,9.89,14.85,-106.50,-114.90,27.2
2026/05/04 22:02:33.69,IMU,148.44,458.01,918.95,12.24,-10.57,11.02,13.50,-105.15,-112.50,27.1
2026/05/04 22:02:33.79,IMU,157.71,467.29,937.01,11.69,-14.91,11.55,13.50,-104.40,-111.45,27.1
2026/05/04 22:02:33.89,IMU,158.20,459.96,950.20,13.11,-14.50,13.58,9.75,-103.35,-114.90,27.2
2026/05/04 22:02:33.99,IMU,177.73,481.93,948.24,13.40,-15.30,13.15,8.70,-105.45,-113.25,27.0
2026/05/04 22:02:34.09,IMU,176.27,494.14,974.12,11.90,-16.93,16.70,17.10,-93.15,-108.00,27.2
2026/05/04 22:02:34.19,IMU,155.27,485.35,970.70,12.02,-16.76,15.93,8.70,-78.45,-98.10,27.1
2026/05/04 22:02:34.29,IMU,176.27,486.33,964.36,11.23,-13.42,16.68,0.45,-79.80,-108.00,27.1
2026/05/04 22:02:34.39,IMU,170.90,487.30,964.36,11.49,-15.92,16.85,-1.05,-89.85,-119.70,27.1
2026/05/04 22:02:34.49,IMU,162.60,481.93,951.17,10.39,-14.51,19.10,0.00,-96.30,-123.00,27.2
2026/05/04 22:02:34.59,IMU,157.23,476.56,910.64,11.05,-15.24,19.10,1.05,-97.50,-124.05,27.0
2026/05/04 22:02:34.69,IMU,166.02,477.54,921.39,8.64,-8.35,16.03,-0.30,-98.25,-124.05,27.0
2026/05/04 22:02:34.79,IMU,172.36,446.29,903.32,8.85,-10.06,12.98,0.15,-98.85,-124.65,27.3
2026/05/04 22:02:34.89,IMU,170.90,453.61,882.81,9.10,-8.50,12.97,-1.05,-98.25,-125.85,26.9
2026/05/04 22:02:34.99,IMU,144.04,433.11,866.21,3.14,-5.23,17.25,-1.95,-97.65,-123.60,27.1
2026/05/04 22:02:35.10,IMU,152.83,425.29,840.33,6.56,-5.26,11.62,-3.60,-97.95,-126.30,27.0
2026/05/04 22:02:35.20,IMU,136.72,426.76,833.50,2.19,-2.79,11.41,-2.55,-98.25,-125.85,27.3
2026/05/04 22:02:35.30,IMU,142.58,411.13,815.43,2.05,2.66,10.15,-2.85,-97.20,-124.80,27.3
2026/05/04 22:02:35.41,IMU,155.27,398.93,816.89,3.41,5.04,12.33,-3.90,-97.20,-125.10,27.5
2026/05/04 22:02:35.51,IMU,145.02,423.34,836.43,0.36,11.02,10.07,-4.50,-99.15,-124.20,27.3
2026/05/04 22:02:35.61,IMU,143.07,415.53,850.59,-0.56,12.78,4.93,-5.10,-97.95,-125.55,27.3
2026/05/04 22:02:35.71,IMU,148.93,425.78,836.91,2.69,14.01,9.71,-4.50,-98.40,-124.20,27.3
2026/05/04 22:02:35.81,IMU,140.63,439.45,860.35,-1.73,17.52,7.84,-4.20,-99.15,-125.40,27.0
2026/05/04 22:02:35.91,IMU,163.57,438.96,873.05,1.92,19.55,6.07,-3.90,-97.95,-124.05,27.0
2026/05/04 22:02:36.01,IMU,166.50,451.17,889.65,1.34,22.52,6.55,-5.10,-98.70,-123.75,27.0
2026/05/04 22:02:36.11,IMU,162.60,470.70,906.74,-0.56,23.73,4.22,-4.65,-98.70,-125.10,27.2
2026/05/04 22:02:36.21,IMU,179.69,469.24,925.29,3.21,29.76,5.71,-5.10,-99.00,-124.05,27.1
2026/05/04 22:02:36.31,IMU,149.90,479.98,942.87,2.31,26.95,4.48,-3.90,-96.30,-124.05,27.3
2026/05/04 22:02:36.41,IMU,169.92,489.75,951.66,2.82,27.86,6.11,-8.25,-95.10,-122.85,27.0
2026/05/04 22:02:36.55,IMU,166.02,490.72,969.73,4.60,29.32,5.60,-13.35,-85.95,-111.60,27.0
2026/05/04 22:02:36.65,IMU,173.34,494.63,980.47,4.13,32.21,1.90,-6.30,-73.35,-98.70,26.8
2026/05/04 22:02:36.75,IMU,172.85,487.79,962.89,8.08,29.16,3.60,4.35,-77.40,-106.80,27.1
2026/05/04 22:02:36.85,IMU,172.85,491.21,959.96,7.76,30.82,6.56,4.95,-92.70,-117.45,27.1
2026/05/04 22:02:36.95,IMU,171.88,471.68,947.27,7.15,27.08,5.45,3.90,-95.25,-122.25,27.1
2026/05/04 22:02:37.05,IMU,161.13,471.19,931.15,8.30,25.35,5.57,3.45,-95.85,-120.30,27.0
2026/05/04 22:02:37.15,IMU,155.76,461.91,913.09,9.79,23.61,8.61,4.35,-93.00,-120.90,27.5
2026/05/04 22:02:37.25,IMU,146.48,456.54,901.86,8.14,24.45,3.15,5.70,-93.45,-120.60,27.1
2026/05/04 22:02:37.35,IMU,146.97,446.78,873.54,7.15,20.37,11.24,7.65,-93.75,-124.80,27.2
2026/05/04 22:02:37.45,IMU,146.97,439.45,851.56,7.01,19.02,8.91,8.25,-93.45,-127.50,27.2
2026/05/04 22:02:37.55,IMU,149.41,431.15,853.03,4.81,17.56,11.48,7.65,-93.75,-130.20,27.1
2026/05/04 22:02:37.65,IMU,122.07,418.46,848.14,5.92,11.11,10.84,8.70,-93.30,-132.00,27.1
2026/05/04 22:02:37.75,IMU,140.14,425.78,829.59,6.47,11.28,13.09,7.65,-93.30,-133.80,27.0
2026/05/04 22:02:37.85,IMU,140.63,411.62,818.36,6.05,7.43,18.66,7.05,-92.70,-132.60,27.2
2026/05/04 22:02:37.98,IMU,127.93,424.32,825.20,2.24,5.60,15.10,4.95,-91.95,-133.95,27.1
2026/05/04 22:02:38.08,IMU,148.93,436.04,848.14,0.81,4.65,20.99,4.95,-90.90,-131.85,27.3
2026/05/04 22:02:38.18,IMU,137.21,439.94,844.73,0.44,1.55,23.10,4.35,-91.80,-132.00,27.0
2026/05/04 22:02:38.28,IMU,146.48,456.54,873.54,-4.53,-2.28,22.66,4.50,-90.90,-131.10,27.2
2026/05/04 22:02:38.38,IMU,142.58,432.13,879.39,-4.93,-1.44,22.18,2.25,-89.40,-127.95,27.2
2026/05/04 22:02:38.48,IMU,153.32,465.33,894.53,-7.61,-5.99,23.16,-1.05,-88.80,-124.80,27.3
2026/05/04 22:02:38.58,IMU,149.41,458.01,912.11,-9.47,-2.48,24.29,-2.70,-89.70,-121.35,27.2
2026/05/04 22:02:38.68,IMU,152.83,473.63,927.73,-8.95,-3.02,25.09,-5.25,-91.65,-121.80,27.1
2026/05/04 22:02:38.78,IMU,161.62,499.02,939.94,-13.31,-5.06,25.10,-6.60,-93.30,-124.05,27.2
2026/05/04 22:02:38.88,IMU,152.34,476.07,945.31,-11.49,-6.69,27.72,-7.65,-88.80,-126.60,27.3
2026/05/04 22:02:38.98,IMU,161.13,492.19,949.71,-14.87,-2.95,27.45,-13.65,-79.05,-118.50,27.1
2026/05/04 22:02:39.10,IMU,171.88,490.72,957.03,-13.86,-7.82,27.39,-26.40,-84.60,-101.70,27.3
2026/05/04 22:02:39.20,IMU,160.64,474.12,952.64,-14.56,-1.39,28.13,-26.40,-96.75,-109.35,27.3
2026/05/04 22:02:39.30,IMU,160.16,473.14,954.59,-14.54,-2.23,25.06,-22.05,-101.25,-117.30,27.0
2026/05/04 22:02:39.41,IMU,151.37,465.33,940.43,-14.19,2.92,23.00,-18.75,-104.40,-121.95,27.3
2026/05/04 22:02:39.51,IMU,140.63,468.26,919.43,-11.60,-0.23,28.69,-18.30,-106.20,-121.95,27.0
2026/05/04 22:02:39.61,IMU,141.60,451.17,891.60,-12.89,1.44,28.63,-17.40,-106.05,-122.10,27.3
2026/05/04 22:02:39.71,IMU,143.55,449.22,899.90,-8.95,3.37,24.14,-18.15,-108.00,-122.10,27.2
2026/05/04 22:02:39.81,IMU,150.39,445.31,880.86,-8.40,8.80,25.62,-19.05,-107.40,-121.50,27.1
2026/05/04 22:02:39.91,IMU,140.63,428.22,860.84,-8.31,6.78,24.03,-18.75,-107.70,-122.25,27.4
2026/05/04 22:02:40.01,IMU,144.04,420.90,843.26,-2.92,10.17,23.44,-23.10,-110.40,-117.60,27.0
2026/05/04 22:02:40.11,IMU,150.39,410.64,828.61,-1.76,9.76,23.76,-19.80,-111.15,-120.15,27.5
2026/05/04 22:02:40.21,IMU,156.74,420.90,843.26,-0.18,9.46,21.83,-18.90,-112.05,-119.55,27.3
2026/05/04 22:02:40.31,IMU,145.51,416.99,831.05,4.86,11.67,19.26,-19.50,-112.35,-119.40,27.3
2026/05/04 22:02:40.41,IMU,141.60,418.95,820.80,7.04,11.61,17.79,-20.85,-112.35,-119.70,27.0
2026/05/04 22:02:40.51,IMU,157.23,403.32,841.31,9.82,12.21,19.84,-19.95,-114.45,-119.25,27.4
2026/05/04 22:02:40.61,IMU,142.58,421.88,831.05,16.66,11.63,18.42,-19.05,-114.15,-119.40,27.2
2026/05/04 22:02:40.71,IMU,157.71,434.57,857.91,14.67,13.46,21.72,-19.50,-113.85,-118.65,27.2
2026/05/04 22:02:40.81,IMU,137.70,434.57,876.46,18.77,12.31,18.31,-20.70,-113.25,-119.25,27.4
2026/05/04 22:02:40.91,IMU,148.93,457.03,894.53,21.65,10.89,17.32,-19.05,-113.85,-118.65,26.9
2026/05/04 22:02:41.01,IMU,158.69,443.36,919.92,21.41,9.90,20.18,-20.10,-114.90,-117.90,27.5
2026/05/04 22:02:41.15,IMU,157.23,463.38,922.36,25.05,6.02,17.47,-20.10,-116.55,-117.30,27.1
2026/05/04 22:02:41.25,IMU,148.93,474.61,940.43,26.31,7.04,18.83,-20.85,-117.30,-116.10,27.3
2026/05/04 22:02:41.35,IMU,170.41,471.68,952.15,25.63,7.14,18.54,-23.70,-118.20,-108.75,27.1
2026/05/04 22:02:41.45,IMU,154.30,473.63,946.78,27.50,4.03,17.83,-27.45,-116.85,-95.55,27.1
2026/05/04 22:02:41.55,IMU,166.50,487.30,961.91,25.38,4.95,21.47,-35.55,-107.70,-88.05,27.0
2026/05/04 22:02:41.65,IMU,161.13,477.54,944.82,24.39,3.99,17.56,-34.50,-100.20,-103.20,27.2
2026/05/04 22:02:41.75,IMU,160.16,482.91,932.62,25.31,5.59,20.35,-29.40,-105.45,-119.10,27.3
2026/05/04 22:02:41.85,IMU,158.69,470.21,941.89,22.73,2.00,18.05,-23.55,-107.70,-120.45,27.3
2026/05/04 22:02:41.95,IMU,155.76,469.73,913.57,21.53,3.02,19.21,-22.50,-108.00,-117.75,27.3
2026/05/04 22:02:42.05,IMU,152.34,469.73,906.74,18.66,2.64,20.20,-25.20,-104.85,-118.50,27.5
2026/05/04 22:02:42.15,IMU,147.46,447.75,871.09,16.80,4.09,21.53,-26.55,-105.30,-119.25,27.5
2026/05/04 22:02:42.25,IMU,147.95,441.41,880.37,15.15,3.77,18.07,-27.75,-106.80,-121.80,27.3
2026/05/04 22:02:42.35,IMU,159.67,437.01,856.93,12.21,3.55,19.92,-28.05,-105.60,-122.85,27.3
2026/05/04 22:02:42.45,IMU,147.46,428.22,841.31,10.98,6.35,19.95,-26.85,-107.70,-124.80,27.3
2026/05/04 22:02:42.57,IMU,138.18,421.39,821.29,9.06,4.05,18.98,-28.50,-110.10,-127.65,27.3
2026/05/04 22:02:42.67,IMU,139.16,427.25,815.43,3.92,11.96,19.23,-28.65,-110.85,-130.20,27.3
2026/05/04 22:02:42.77,IMU,144.04,416.02,826.66,2.68,10.60,18.42,-28.50,-111.75,-126.75,27.5
2026/05/04 22:02:42.87,IMU,140.63,424.32,834.47,0.32,15.92,15.22,-28.95,-112.65,-127.65,27.3
2026/05/04 22:02:42.97,IMU,144.04,417.97,842.29,-2.33,12.89,11.92,-28.05,-112.05,-124.20,27.3
2026/05/04 22:02:43.07,IMU,140.14,430.66,849.61,-4.02,16.18,17.02,-28.05,-114.45,-122.40,27.6
2026/05/04 22:02:43.18,IMU,146.00,438.48,862.79,-4.76,18.52,12.66,-27.75,-114.45,-119.55,27.2
2026/05/04 22:02:43.28,IMU,165.04,447.75,859.86,-5.68,19.88,16.29,-28.95,-114.15,-116.85,27.3
2026/05/04 22:02:43.38,IMU,155.27,459.47,905.76,-6.78,24.77,15.50,-27.00,-115.95,-113.40,27.5
2026/05/04 22:02:43.48,IMU,159.67,461.91,922.36,-6.31,22.51,12.35,-26.25,-119.40,-111.60,27.1
2026/05/04 22:02:43.58,IMU,164.06,476.07,913.57,-8.60,24.63,12.39,-24.00,-118.95,-110.55,27.1
2026/05/04 22:02:43.68,IMU,165.04,471.68,948.73,-6.48,26.00,12.20,-23.25,-121.95,-113.85,27.3
2026/05/04 22:02:43.78,IMU,155.27,470.21,928.22,-6.63,29.89,9.38,-31.05,-127.35,-106.95,27.3
2026/05/04 22:02:43.88,IMU,164.06,477.05,960.94,-8.70,26.28,9.91,-30.45,-127.95,-92.70,27.2
2026/05/04 22:02:43.98,IMU,161.13,493.65,956.54,-7.18,29.59,9.62,-25.80,-130.35,-80.55,27.3
2026/05/04 22:02:44.08,IMU,168.95,482.42,944.82,-6.83,28.71,8.11,-15.15,-132.60,-87.45,27.5
2026/05/04 22:02:44.18,IMU,164.55,479.49,941.41,-2.67,27.97,8.09,-10.95,-131.70,-100.95,27.5
2026/05/04 22:02:44.30,IMU,170.90,472.17,916.50,-3.08,25.44,7.34,-10.65,-130.20,-107.85,27.3
2026/05/04 22:02:44.40,IMU,158.69,465.82,917.97,-2.15,26.37,6.66,-8.55,-129.60,-109.80,27.3
2026/05/04 22:02:44.50,IMU,159.18,467.77,903.32,-0.51,22.11,8.24,-9.15,-129.45,-109.35,27.3
2026/05/04 22:02:44.60,IMU,151.37,448.73,891.60,-0.85,22.80,7.17,-9.30,-128.85,-109.80,27.5
2026/05/04 22:02:44.70,IMU,159.18,446.29,871.58,1.73,18.56,8.47,-8.70,-128.70,-109.95,27.3
2026/05/04 22:02:44.80,IMU,144.53,422.85,866.21,0.34,15.77,7.61,-6.90,-129.00,-108.60,27.5
2026/05/04 22:02:44.90,IMU,141.60,427.73,842.77,1.73,14.63,7.61,-6.90,-129.45,-108.90,27.3
2026/05/04 22:02:45.00,IMU,134.77,424.80,827.15,3.38,13.00,8.89,-6.15,-128.25,-109.65,27.5
2026/05/04 22:02:45.10,IMU,130.86,422.36,838.87,3.85,8.75,12.23,-5.85,-128.25,-108.90,27.5
2026/05/04 22:02:45.20,IMU,134.77,415.53,826.17,3.32,6.18,11.69,-5.10,-130.20,-108.90,27.5
2026/05/04 22:02:45.30,IMU,135.25,422.85,836.43,1.88,3.62,10.48,-5.10,-128.70,-109.35,27.3
2026/05/04 22:02:45.40,IMU,149.90,425.78,839.84,1.34,-1.75,13.49,-4.20,-128.40,-109.50,27.3
2026/05/04 22:02:45.50,IMU,147.46,427.25,854.98,3.90,-1.76,14.24,-7.35,-130.20,-105.75,27.3
2026/05/04 22:02:45.60,IMU,151.86,455.57,869.14,0.16,-5.92,15.47,-5.70,-128.85,-110.25,27.1
2026/05/04 22:02:45.70,IMU,159.18,424.80,885.74,1.85,-7.82,13.02,-4.95,-129.60,-109.50,27.6
2026/05/04 22:02:45.80,IMU,158.69,467.77,891.11,0.21,-12.15,18.06,-5.25,-127.65,-109.05,27.1
2026/05/04 22:02:45.90,IMU,159.67,458.01,916.50,-1.88,-12.31,17.80,-4.95,-128.85,-108.00,27.5
2026/05/04 22:02:46.00,IMU,153.32,460.94,922.85,0.17,-13.56,19.92,-5.40,-128.25,-108.15,27.3
2026/05/04 22:02:46.10,IMU,157.23,475.59,943.85,-1.89,-14.70,14.32,-4.20,-129.90,-105.90,27.1
2026/05/04 22:02:46.20,IMU,158.20,473.63,939.45,-0.73,-14.33,18.34,-1.80,-129.75,-102.75,27.5
2026/05/04 22:02:46.31,IMU,166.50,491.21,951.66,-1.24,-14.33,20.18,-2.25,-131.55,-83.85,27.3
2026/05/04 22:02:46.41,IMU,173.83,492.19,946.29,-2.76,-17.40,18.55,-9.75,-132.60,-75.90,27.3
2026/05/04 22:02:46.51,IMU,167.97,475.59,942.87,-2.37,-14.13,17.11,-19.20,-137.55,-79.50,27.5
2026/05/04 22:02:46.62,IMU,161.13,479.00,939.45,-2.11,-12.18,18.82,-16.50,-132.75,-103.20,27.5
2026/05/04 22:02:46.72,IMU,167.97,462.89,930.18,-4.36,-15.39,15.79,-14.70,-130.20,-106.80,27.2
2026/05/04 22:02:46.82,IMU,149.90,462.40,916.99,-3.76,-10.35,11.25,-14.85,-128.85,-103.65,27.4
2026/05/04 22:02:46.93,IMU,159.67,458.50,910.64,-3.06,-11.44,13.76,-15.90,-129.60,-104.10,27.6
2026/05/04 22:02:47.03,IMU,171.39,443.85,892.58,-2.69,-11.60,11.34,-18.90,-129.90,-106.20,27.0
2026/05/04 22:02:47.13,IMU,159.18,436.04,874.02,-3.56,-8.92,9.27,-18.90,-131.10,-107.25,27.5
2026/05/04 22:02:47.23,IMU,152.83,436.52,865.23,-1.86,-4.85,9.28,-19.95,-132.30,-108.75,27.2
2026/05/04 22:02:47.33,IMU,165.04,417.48,841.80,-2.14,-6.37,9.22,-20.85,-134.70,-110.70,27.6
2026/05/04 22:02:47.43,IMU,148.44,415.53,849.12,0.25,-3.24,5.37,-20.40,-134.55,-111.60,27.3
2026/05/04 22:02:47.53,IMU,141.60,411.13,834.47,-0.04,-1.71,6.51,-23.10,-138.15,-107.85,27.5
2026/05/04 22:02:47.63,IMU,141.11,413.57,830.08,2.11,3.47,0.67,-20.10,-135.45,-112.50,27.5
2026/05/04 22:02:47.73,IMU,157.71,409.67,829.10,1.79,5.28,0.10,-20.70,-136.05,-113.40,27.6
2026/05/04 22:02:47.83,IMU,132.32,422.36,842.77,2.20,7.37,1.65,-19.95,-135.30,-110.85,27.6
2026/05/04 22:02:47.93,IMU,150.88,419.43,854.98,3.18,8.94,-3.02,-20.40,-134.55,-109.80,27.5
2026/05/04 22:02:48.03,IMU,138.67,425.29,863.28,2.08,13.37,-5.21,-18.90,-134.55,-107.70,27.4
2026/05/04 22:02:48.13,IMU,158.69,430.66,873.54,3.25,9.43,-8.51,-17.70,-133.35,-105.90,27.6
2026/05/04 22:02:48.23,IMU,162.60,437.50,892.09,4.11,10.77,-7.07,-17.55,-132.00,-104.25,27.0
2026/05/04 22:02:48.36,IMU,157.71,455.57,901.37,5.35,14.19,-11.15,-15.75,-130.95,-103.95,27.5
2026/05/04 22:02:48.46,IMU,164.55,465.82,916.99,5.20,16.79,-7.09,-13.05,-131.55,-104.10,27.5
2026/05/04 22:02:48.57,IMU,173.83,464.36,940.92,6.99,14.71,-13.42,-15.45,-134.40,-101.70,27.8
2026/05/04 22:02:48.67,IMU,170.41,463.87,933.11,6.18,17.76,-15.05,-13.95,-135.90,-101.40,27.1
2026/05/04 22:02:48.77,IMU,187.01,487.30,950.20,4.08,16.74,-13.87,-13.65,-136.35,-83.10,27.5
2026/05/04 22:02:48.87,IMU,169.43,466.31,948.24,5.11,16.18,-12.75,-7.05,-134.85,-74.40,27.5
2026/05/04 22:02:48.97,IMU,158.20,470.70,932.62,5.57,16.04,-18.54,0.30,-129.75,-83.25,27.3
2026/05/04 22:02:49.07,IMU,174.80,473.63,945.31,1.64,14.05,-14.54,-0.90,-128.40,-100.05,27.3
2026/05/04 22:02:49.17,IMU,164.55,469.24,934.08,7.21,12.65,-14.16,-1.35,-128.70,-106.35,27.2
2026/05/04 22:02:49.27,IMU,147.46,469.24,914.06,3.18,11.61,-16.37,-2.10,-127.05,-108.60,27.6
2026/05/04 22:02:49.37,IMU,171.39,450.20,899.90,1.27,12.14,-13.17,-3.60,-130.20,-108.60,27.5
2026/05/04 22:02:49.47,IMU,161.13,440.92,891.11,3.34,7.11,-13.69,-3.45,-128.85,-108.00,27.6
2026/05/04 22:02:49.57,IMU,162.60,449.71,859.86,0.60,6.45,-14.06,-5.40,-130.50,-105.00,27.5
2026/05/04 22:02:49.67,IMU,148.44,435.55,849.12,-0.66,4.15,-13.42,-2.70,-127.65,-108.00,27.3
2026/05/04 22:02:49.77,IMU,145.02,420.41,846.19,-1.18,4.37,-14.10,-3.00,-127.35,-108.75,27.4
2026/05/04 22:02:49.87,IMU,135.74,420.90,831.05,0.48,0.63,-12.70,-4.20,-128.85,-109.50,27.1
2026/05/04 22:02:49.97,IMU,132.32,428.22,844.24,-0.55,-1.46,-9.59,-4.65,-129.00,-108.90,27.1
2026/05/04 22:02:50.08,IMU,136.72,427.25,830.08,-2.45,-4.89,-8.60,-3.90,-129.00,-108.60,27.6
2026/05/04 22:02:50.18,IMU,148.93,412.11,834.96,-2.32,-8.53,-8.53,-4.20,-129.15,-108.00,27.3
2026/05/04 22:02:50.28,IMU,143.55,429.69,845.21,-2.40,-6.64,-10.51,-4.35,-128.25,-108.60,27.6
2026/05/04 22:02:50.39,IMU,141.11,429.69,861.33,-1.31,-13.08,-7.55,-4.20,-129.15,-109.05,27.6
2026/05/04 22:02:50.48,IMU,146.48,444.34,872.07,-1.63,-16.89,-4.08,-4.50,-128.40,-109.05,27.8
2026/05/04 22:02:50.59,IMU,143.07,452.15,876.46,1.27,-18.64,-8.84,-9.75,-132.30,-106.20,27.4
2026/05/04 22:02:50.69,IMU,150.88,434.08,890.14,-4.18,-16.84,-4.42,-9.00,-130.80,-106.20,27.6
2026/05/04 22:02:50.79,IMU,152.83,456.54,905.27,-1.21,-21.66,-4.67,-6.00,-129.15,-108.00,27.5
2026/05/04 22:02:50.89,IMU,177.73,462.89,914.55,-0.71,-22.65,-3.93,-6.90,-130.95,-107.55,27.6
2026/05/04 22:02:50.99,IMU,166.99,481.45,924.80,-1.68,-26.02,-7.17,-6.30,-130.35,-106.95,27.3
2026/05/04 22:02:51.09,IMU,164.06,472.17,944.82,0.55,-26.56,-4.66,-7.95,-130.95,-99.60,27.5
2026/05/04 22:02:51.19,IMU,152.34,488.28,946.29,0.23,-24.34,-4.50,-8.70,-130.50,-87.60,27.6
2026/05/04 22:02:51.29,IMU,170.90,480.47,937.99,0.12,-24.79,-3.44,-18.30,-133.65,-75.75,27.6
2026/05/04 22:02:51.39,IMU,166.02,485.35,939.94,2.96,-22.67,-4.98,-25.20,-131.55,-86.70,27.6
2026/05/04 22:02:51.51,IMU,171.88,479.49,932.13,3.11,-23.06,-3.71,-24.45,-128.10,-105.90,27.3
2026/05/04 22:02:51.61,IMU,159.67,473.63,920.41,4.09,-23.15,-5.74,-23.85,-128.70,-107.85,27.4
2026/05/04 22:02:51.71,IMU,152.83,462.40,922.85,3.60,-21.17,-5.66,-21.15,-123.45,-108.45,27.3
2026/05/04 22:02:51.82,IMU,173.83,457.52,896.97,3.04,-19.08,-6.03,-24.15,-121.50,-107.85,27.4
2026/05/04 22:02:51.92,IMU,146.48,434.08,881.84,2.69,-20.31,-10.23,-24.75,-120.90,-110.25,27.5
2026/05/04 22:02:52.02,IMU,156.74,447.75,873.54,1.54,-16.46,-13.08,-26.85,-120.60,-112.95,27.3
2026/05/04 22:02:52.14,IMU,156.74,418.95,852.05,2.14,-15.41,-9.98,-27.75,-120.45,-117.00,27.5
2026/05/04 22:02:52.24,IMU,143.07,427.25,843.75,0.89,-11.92,-10.99,-28.65,-119.85,-119.10,27.6
2026/05/04 22:02:52.34,IMU,138.67,418.95,843.75,-2.11,-10.94,-12.92,-28.20,-119.10,-120.45,27.5
2026/05/04 22:02:52.44,IMU,146.00,427.73,843.26,-1.95,-7.52,-9.39,-28.50,-117.75,-121.35,27.4
2026/05/04 22:02:52.54,IMU,136.23,430.66,833.01,-1.91,-5.40,-13.19,-28.65,-118.05,-120.45,27.6
2026/05/04 22:02:52.64,IMU,144.53,414.55,847.66,-3.07,-6.61,-12.91,-32.10,-118.95,-118.20,27.5
2026/05/04 22:02:52.74,IMU,141.60,423.83,842.77,-4.47,-1.73,-12.37,-27.75,-116.25,-120.60,27.6
2026/05/04 22:02:52.84,IMU,139.16,426.76,843.75,-6.24,3.88,-13.56,-28.50,-116.25,-119.25,27.5
2026/05/04 22:02:52.97,IMU,150.39,457.03,865.72,-11.34,3.08,-16.44,-28.20,-114.15,-116.55,27.5
2026/05/04 22:02:53.07,IMU,163.09,455.08,890.63,-10.02,5.97,-14.63,-26.85,-114.60,-113.55,27.5
2026/05/04 22:02:53.17,IMU,149.41,448.73,894.04,-11.38,6.48,-15.26,-25.65,-114.90,-112.50,27.5
2026/05/04 22:02:53.27,IMU,162.11,469.73,905.27,-12.73,4.35,-17.69,-24.15,-115.80,-111.75,27.5
2026/05/04 22:02:53.37,IMU,156.74,466.80,930.18,-14.94,6.36,-16.66,-22.80,-115.80,-114.75,27.6
2026/05/04 22:02:53.47,IMU,154.79,465.82,932.13,-15.95,6.81,-14.17,-26.55,-117.45,-114.90,27.5
2026/05/04 22:02:53.57,IMU,165.53,466.31,928.22,-17.69,10.46,-15.59,-34.20,-121.80,-105.00,27.8
2026/05/04 22:02:53.67,IMU,179.20,477.54,933.11,-13.17,8.38,-15.86,-37.20,-121.65,-87.75,27.6
2026/05/04 22:02:53.77,IMU,161.13,475.59,947.27,-18.05,8.00,-11.18,-27.90,-123.30,-82.65,27.6
2026/05/04 22:02:53.87,IMU,163.09,485.35,934.08,-17.41,5.57,-15.08,-22.35,-127.50,-93.45,27.7
2026/05/04 22:02:53.97,IMU,154.79,458.01,921.39,-16.21,9.08,-13.09,-18.30,-126.75,-105.30,27.6
2026/05/04 22:02:54.07,IMU,166.99,467.29,920.90,-14.68,5.76,-12.53,-17.55,-124.80,-111.45,27.6
2026/05/04 22:02:54.17,IMU,145.02,442.87,892.09,-14.05,6.07,-12.42,-17.25,-123.30,-112.50,27.4
2026/05/04 22:02:54.27,IMU,150.88,453.13,912.60,-12.18,5.47,-14.80,-16.65,-125.10,-112.65,27.5
2026/05/04 22:02:54.37,IMU,152.83,446.78,873.05,-13.55,8.77,-10.27,-18.00,-123.30,-112.95,27.6
2026/05/04 22:02:54.47,IMU,130.37,438.96,878.42,-9.31,3.75,-6.79,-17.55,-124.05,-114.00,27.5
2026/05/04 22:02:54.57,IMU,147.46,435.06,863.77,-9.76,0.68,-8.49,-17.70,-123.15,-113.10,27.8
2026/05/04 22:02:54.70,IMU,144.53,426.76,853.03,-5.98,2.74,-9.58,-17.55,-123.00,-114.30,27.6
2026/05/04 22:02:54.80,IMU,146.48,423.83,846.19,-2.57,-2.50,-3.84,-16.50,-123.30,-113.55,27.5
2026/05/04 22:02:54.90,IMU,131.84,420.41,845.21,-3.86,-0.95,-6.56,-15.75,-123.75,-114.30,27.6
2026/05/04 22:02:55.01,IMU,145.51,414.55,840.82,1.76,-2.27,-3.80,-16.80,-123.00,-112.95,27.6
2026/05/04 22:02:55.11,IMU,136.23,414.55,842.77,3.80,-4.00,-3.82,-17.70,-123.90,-114.90,27.5
2026/05/04 22:02:55.21,IMU,134.77,422.36,852.54,4.73,-5.73,-3.23,-17.70,-122.70,-113.85,27.6
2026/05/04 22:02:55.31,IMU,146.00,434.57,852.05,7.77,-4.28,-4.37,-18.00,-121.80,-114.00,27.6
2026/05/04 22:02:55.41,IMU,134.77,447.27,868.65,9.10,-9.30,-3.95,-16.65,-122.40,-114.15,27.6
2026/05/04 22:02:55.51,IMU,151.86,439.45,888.67,12.44,-8.27,-2.86,-18.15,-121.65,-114.45,27.6
2026/05/04 22:02:55.61,IMU,148.93,440.43,901.86,14.01,-11.29,-0.42,-20.85,-123.30,-111.45,27.7
2026/05/04 22:02:55.72,IMU,149.90,463.87,908.69,15.06,-10.68,-2.00,-23.25,-123.15,-110.55,27.5
2026/05/04 22:02:55.82,IMU,154.79,465.33,923.83,15.27,-11.15,0.61,-18.30,-122.55,-113.55,27.8
2026/05/04 22:02:55.92,IMU,154.30,463.38,937.99,18.53,-10.85,-2.60,-20.10,-123.00,-108.90,27.7
2026/05/04 22:02:56.02,IMU,165.04,467.29,936.52,16.85,-11.93,-1.93,-22.80,-123.00,-99.15,27.5
2026/05/04 22:02:56.15,IMU,159.67,472.17,940.92,16.20,-8.34,-1.58,-31.95,-116.10,-88.35,27.5
2026/05/04 22:02:56.25,IMU,165.53,465.82,939.94,17.31,-12.38,-0.66,-35.85,-109.50,-94.65,27.5
2026/05/04 22:02:56.35,IMU,152.83,462.40,938.48,16.55,-10.05,-3.65,-33.45,-108.15,-111.45,27.6
2026/05/04 22:02:56.45,IMU,152.83,468.26,913.57,15.43,-9.94,-7.72,-28.20,-110.40,-118.65,27.5
2026/05/04 22:02:56.55,IMU,158.69,456.05,921.39,16.50,-11.09,-2.03,-23.55,-111.15,-118.65,27.6
2026/05/04 22:02:56.65,IMU,152.83,449.22,904.30,14.15,-6.89,-0.85,-24.90,-107.70,-117.60,27.6
2026/05/04 22:02:56.75,IMU,143.55,457.03,896.00,12.76,-8.74,1.43,-26.85,-108.45,-113.25,27.7
2026/05/04 22:02:56.85,IMU,145.51,446.29,886.23,9.82,-5.85,2.82,-24.45,-104.85,-120.00,27.6
2026/05/04 22:02:56.95,IMU,147.95,446.29,870.12,8.89,-4.79,1.88,-25.35,-105.15,-123.75,27.5
2026/05/04 22:02:57.05,IMU,145.02,428.71,853.03,6.17,-4.87,-1.08,-25.20,-104.10,-122.40,27.9
2026/05/04 22:02:57.15,IMU,145.51,432.13,853.03,5.26,-4.47,1.66,-25.50,-105.30,-125.40,27.6
2026/05/04 22:02:57.25,IMU,139.16,430.18,848.63,2.53,-1.42,-1.02,-26.85,-103.95,-126.30,27.7
2026/05/04 22:02:57.35,IMU,142.09,425.78,838.87,-1.11,-1.92,-1.78,-28.05,-105.60,-123.15,27.3
2026/05/04 22:02:57.45,IMU,149.90,424.80,849.12,-1.83,4.66,2.00,-26.85,-102.75,-126.30,27.6
2026/05/04 22:02:57.55,IMU,149.90,422.85,834.96,-5.16,2.71,-2.72,-26.40,-103.65,-125.85,27.7
2026/05/04 22:02:57.66,IMU,149.41,436.04,847.17,-5.60,4.40,-2.85,-25.65,-103.65,-124.80,27.6
2026/05/04 22:02:57.76,IMU,157.23,430.18,862.79,-9.83,6.05,0.64,-25.20,-103.80,-122.10,27.9
2026/05/04 22:02:57.86,IMU,150.88,443.85,865.23,-8.22,7.93,-0.72,-25.65,-103.95,-120.90,27.6
2026/05/04 22:02:57.96,IMU,150.39,443.85,872.56,-12.59,6.05,-4.97,-25.50,-105.60,-117.75,27.6
2026/05/04 22:02:58.06,IMU,173.34,461.91,890.63,-11.91,5.89,2.95,-23.25,-107.25,-117.00,27.9
2026/05/04 22:02:58.19,IMU,150.39,444.82,906.25,-13.76,13.11,-0.27,-23.70,-109.80,-118.80,27.7
2026/05/04 22:02:58.29,IMU,163.57,476.07,919.43,-15.21,11.05,1.37,-25.50,-110.25,-119.55,27.5
2026/05/04 22:02:58.39,IMU,140.14,465.82,931.15,-15.09,9.47,2.92,-29.25,-109.80,-115.65,27.5
2026/05/04 22:02:58.49,IMU,163.57,472.66,932.13,-16.66,13.90,1.74,-35.55,-108.90,-103.20,27.8
2026/05/04 22:02:58.59,IMU,154.30,476.07,950.68,-18.55,12.89,3.24,-33.60,-112.95,-91.05,27.6
2026/05/04 22:02:58.69,IMU,167.97,468.26,929.69,-16.20,13.39,3.36,-28.20,-121.05,-89.40,27.9
2026/05/04 22:02:58.80,IMU,164.55,464.84,931.15,-13.47,14.18,5.60,-25.20,-125.40,-97.20,27.5
2026/05/04 22:02:58.90,IMU,164.06,465.33,921.88,-14.84,14.07,2.95,-20.85,-121.50,-111.45,27.5
2026/05/04 22:02:59.00,IMU,168.46,462.89,918.95,-13.89,11.58,4.98,-19.65,-122.70,-114.15,27.6
2026/05/04 22:02:59.10,IMU,142.58,445.80,905.76,-11.07,13.63,2.85,-17.40,-121.65,-113.85,27.8
2026/05/04 22:02:59.20,IMU,160.16,438.96,882.81,-11.61,11.32,9.05,-18.45,-122.40,-114.15,27.7
2026/05/04 22:02:59.31,IMU,154.30,444.34,881.35,-8.54,14.12,5.16,-17.70,-122.70,-114.90,27.8
2026/05/04 22:02:59.41,IMU,162.11,432.13,861.33,-7.19,11.01,5.15,-16.65,-122.40,-114.15,27.8
2026/05/04 22:02:59.51,IMU,138.18,419.43,861.82,-4.82,9.56,8.77,-18.75,-122.25,-113.55,27.7
2026/05/04 22:02:59.62,IMU,152.83,417.48,854.00,-0.82,5.94,5.82,-16.35,-124.20,-114.90,27.4
2026/05/04 22:02:59.72,IMU,137.21,420.90,846.68,-0.27,5.80,8.27,-17.25,-124.05,-114.00,27.5
2026/05/04 22:02:59.82,IMU,134.77,418.95,855.96,1.66,5.53,13.95,-18.75,-125.25,-109.35,27.8
2026/05/04 22:02:59.92,IMU,143.07,427.73,848.63,5.90,4.66,8.62,-15.60,-123.90,-113.85,27.8
2026/05/04 22:03:00.02,IMU,135.74,422.36,851.56,6.16,0.90,11.47,-16.35,-125.10,-113.85,27.9
2026/05/04 22:03:00.12,IMU,143.55,425.78,852.54,6.76,1.17,10.06,-16.65,-125.10,-113.10,27.9
2026/05/04 22:03:00.22,IMU,142.58,445.31,855.96,6.92,-1.05,11.24,-16.65,-123.45,-112.65,28.0
2026/05/04 22:03:00.33,IMU,143.55,443.36,873.54,11.45,-2.21,11.87,-16.80,-124.50,-112.50,27.6
2026/05/04 22:03:00.43,IMU,145.02,445.80,892.58,10.31,-2.53,12.08,-16.50,-124.50,-112.50,27.8
2026/05/04 22:03:00.53,IMU,146.97,448.24,904.30,12.85,-4.36,16.25,-16.35,-123.45,-113.10,27.6
2026/05/04 22:03:00.63,IMU,150.88,455.57,915.04,14.16,-8.47,14.53,-16.05,-125.25,-113.25,27.6
2026/05/04 22:03:00.76,IMU,155.76,467.29,924.32,14.51,-6.86,16.38,-17.10,-127.65,-106.95,27.8
2026/05/04 22:03:00.86,IMU,159.67,458.01,935.06,14.60,-8.80,13.60,-19.65,-130.80,-95.70,27.7
2026/05/04 22:03:00.96,IMU,156.25,473.14,932.62,14.25,-7.76,15.73,-21.45,-128.85,-88.95,27.6
2026/05/04 22:03:01.06,IMU,156.25,468.26,936.52,13.39,-10.42,17.81,-31.05,-126.60,-81.00,27.8
2026/05/04 22:03:01.16,IMU,167.97,462.40,931.15,14.21,-8.69,15.80,-32.10,-122.70,-95.10,27.9
2026/05/04 22:03:01.26,IMU,160.64,461.91,926.27,10.98,-7.20,15.11,-28.95,-121.80,-107.85,27.7
2026/05/04 22:03:01.36,IMU,163.09,460.45,905.27,13.73,-7.70,18.51,-25.80,-121.65,-113.40,27.6
2026/05/04 22:03:01.46,IMU,165.53,462.40,909.18,9.51,-5.62,18.99,-23.10,-119.10,-112.50,27.7
2026/05/04 22:03:01.57,IMU,168.95,460.94,897.95,11.18,-7.92,19.92,-23.55,-119.10,-110.40,27.8
2026/05/04 22:03:01.67,IMU,161.13,439.94,892.09,8.50,-6.31,17.02,-24.60,-117.60,-110.40,27.6
2026/05/04 22:03:01.77,IMU,138.18,442.38,875.49,8.54,-2.61,16.01,-26.40,-119.55,-112.50,27.6
2026/05/04 22:03:01.87,IMU,146.00,433.11,867.68,7.29,1.73,14.05,-30.45,-120.60,-109.35,27.8
2026/05/04 22:03:01.97,IMU,144.04,429.69,860.35,4.73,0.81,12.89,-27.30,-119.70,-114.45,27.9
2026/05/04 22:03:02.07,IMU,152.83,421.39,854.98,3.89,-0.34,14.24,-27.15,-118.80,-116.55,27.7
2026/05/04 22:03:02.19,IMU,135.74,416.50,827.15,4.70,3.75,10.18,-28.50,-120.90,-117.00,27.8
2026/05/04 22:03:02.29,IMU,154.30,424.80,845.21,1.97,8.21,8.08,-28.50,-121.95,-115.95,27.6
2026/05/04 22:03:02.39,IMU,134.77,418.95,841.31,-0.48,7.62,9.26,-27.15,-121.80,-114.75,27.9
2026/05/04 22:03:02.49,IMU,158.69,424.80,852.54,1.97,9.81,7.15,-30.30,-123.15,-110.85,27.9
2026/05/04 22:03:02.59,IMU,152.34,418.95,871.09,-0.18,13.57,7.02,-25.50,-123.15,-112.65,27.8
2026/05/04 22:03:02.69,IMU,164.55,436.52,855.47,-0.96,16.88,8.68,-26.55,-123.15,-110.85,27.8
2026/05/04 22:03:02.80,IMU,153.81,450.20,875.98,-1.27,15.76,6.23,-24.00,-123.90,-107.70,27.8
2026/05/04 22:03:02.90,IMU,157.71,452.64,887.70,0.91,18.37,6.62,-23.85,-125.25,-106.05,27.6
2026/05/04 22:03:03.00,IMU,161.62,453.61,908.69,-1.40,17.56,4.19,-20.10,-124.50,-107.85,27.7
2026/05/04 22:03:03.10,IMU,159.67,451.66,906.74,-0.27,20.63,2.47,-19.65,-126.15,-108.45,27.6
2026/05/04 22:03:03.20,IMU,170.41,466.31,907.71,-2.15,20.66,1.45,-20.70,-128.10,-108.45,28.0
2026/05/04 22:03:03.30,IMU,169.92,464.36,925.78,0.06,24.93,2.15,-23.55,-132.00,-99.15,27.9
2026/05/04 22:03:03.40,IMU,171.39,467.29,916.99,-1.91,22.42,4.50,-23.70,-133.05,-84.60,27.8
2026/05/04 22:03:03.50,IMU,153.32,470.70,929.69,1.73,22.37,1.63,-16.65,-131.55,-79.20,27.8
2026/05/04 22:03:03.60,IMU,168.95,470.70,927.73,-0.02,24.40,3.34,-9.00,-131.85,-86.70,27.8
2026/05/04 22:03:03.70,IMU,155.27,462.89,925.78,1.18,21.85,1.12,-6.90,-130.20,-97.80,27.9
2026/05/04 22:03:03.80,IMU,160.16,458.01,916.50,4.39,20.36,0.50,-4.35,-131.70,-104.25,27.8
2026/05/04 22:03:03.93,IMU,155.27,446.78,895.02,2.38,21.42,1.75,-9.75,-131.10,-102.90,27.9
2026/05/04 22:03:04.03,IMU,164.06,458.50,896.97,0.53,19.13,3.11,-6.30,-128.40,-108.00,27.7
2026/05/04 22:03:04.13,IMU,158.20,431.64,884.28,0.87,15.80,1.19,-5.10,-127.95,-108.60,27.9
2026/05/04 22:03:04.24,IMU,153.32,441.89,857.42,2.39,12.50,2.60,-4.20,-129.15,-108.75,27.9
2026/05/04 22:03:04.34,IMU,145.51,429.69,866.70,1.27,12.05,2.44,-3.90,-130.50,-109.35,27.7
2026/05/04 22:03:04.44,IMU,147.46,428.71,860.35,2.90,8.69,2.32,-3.75,-128.10,-109.50,27.9
2026/05/04 22:03:04.55,IMU,138.18,430.18,841.80,0.34,9.42,5.87,-3.75,-127.35,-107.70,27.9
2026/05/04 22:03:04.65,IMU,149.90,424.80,847.66,2.15,1.85,6.89,-3.00,-129.15,-108.45,27.8
2026/05/04 22:03:04.75,IMU,156.74,421.39,849.12,-0.91,3.88,5.59,-3.30,-128.70,-108.90,28.0
2026/05/04 22:03:04.85,IMU,139.65,424.32,854.00,-0.44,-1.60,6.92,-3.60,-129.00,-109.65,27.6
2026/05/04 22:03:04.95,IMU,141.60,431.15,861.33,-0.66,0.59,9.13,-6.90,-129.75,-105.00,27.8
2026/05/04 22:03:05.05,IMU,137.21,433.11,854.00,0.37,-4.55,10.33,-4.35,-127.95,-108.90,27.8
2026/05/04 22:03:05.15,IMU,133.30,439.94,861.33,-1.28,-6.95,8.89,-5.10,-130.50,-105.30,28.0
2026/05/04 22:03:05.25,IMU,148.44,453.13,891.60,-0.51,-6.60,11.76,-3.75,-128.85,-108.00,27.8
2026/05/04 22:03:05.35,IMU,155.76,465.82,892.09,-1.63,-9.05,11.93,-4.35,-128.25,-107.10,27.8
2026/05/04 22:03:05.45,IMU,147.46,446.29,906.25,0.29,-10.26,15.37,-4.35,-129.75,-107.85,28.0
2026/05/04 22:03:05.55,IMU,165.53,462.40,906.25,-1.91,-13.95,14.75,-2.25,-129.60,-105.90,27.7
2026/05/04 22:03:05.65,IMU,165.04,466.80,912.60,-3.02,-9.51,9.14,-3.00,-129.90,-102.60,27.8
2026/05/04 22:03:05.75,IMU,158.69,455.08,925.78,-3.29,-13.15,11.03,-2.10,-131.70,-93.75,27.7
2026/05/04 22:03:05.85,IMU,159.67,465.33,930.18,-4.98,-12.38,16.52,-3.60,-130.95,-81.90,27.8
2026/05/04 22:03:05.99,IMU,165.53,466.80,928.71,-3.65,-12.21,12.92,-15.45,-136.95,-76.50,27.9
2026/05/04 22:03:06.09,IMU,153.81,469.73,931.15,-4.80,-13.28,9.05,-15.45,-136.20,-94.50,27.6
2026/05/04 22:03:06.19,IMU,151.37,458.98,929.69,-5.01,-11.60,15.39,-13.65,-133.80,-102.60,28.1
2026/05/04 22:03:06.30,IMU,154.30,458.01,903.81,-2.63,-11.10,12.44,-13.65,-132.30,-105.90,27.9
2026/05/04 22:03:06.40,IMU,152.34,456.54,895.02,-3.02,-10.26,8.99,-14.40,-130.80,-103.65,27.6
2026/05/04 22:03:06.50,IMU,155.76,447.75,883.79,-2.40,-8.29,9.92,-15.75,-130.95,-104.25,28.0
2026/05/04 22:03:06.60,IMU,150.88,437.01,879.39,-2.11,-9.94,5.11,-15.15,-132.30,-103.65,27.8
2026/05/04 22:03:06.70,IMU,137.21,430.66,861.33,-1.92,-7.74,7.83,-16.50,-131.25,-105.30,27.9
2026/05/04 22:03:06.80,IMU,147.46,429.69,852.54,-1.94,-5.08,7.04,-18.30,-132.75,-105.30,27.8
2026/05/04 22:03:06.90,IMU,150.39,434.08,864.26,-0.90,-4.53,5.05,-18.75,-133.20,-107.55,28.0
2026/05/04 22:03:07.00,IMU,156.74,429.20,843.26,0.89,-1.23,3.51,-18.15,-133.05,-105.90,27.8
2026/05/04 22:03:07.10,IMU,144.53,434.08,853.52,2.78,-1.02,-1.05,-19.05,-133.65,-106.80,27.8
2026/05/04 22:03:07.20,IMU,140.63,418.95,859.38,1.70,1.78,0.28,-18.75,-133.65,-107.55,27.5
2026/05/04 22:03:07.30,IMU,141.11,417.97,845.70,3.47,3.40,-0.01,-19.05,-133.20,-107.55,28.0
2026/05/04 22:03:07.40,IMU,149.41,421.39,850.10,1.84,7.04,-1.78,-19.20,-133.05,-105.90,27.8
2026/05/04 22:03:07.50,IMU,151.37,439.45,864.26,1.87,5.96,-7.14,-17.40,-132.30,-105.15,27.7
2026/05/04 22:03:07.60,IMU,157.23,443.36,872.56,4.82,8.76,-7.16,-17.10,-131.10,-105.90,28.0
2026/05/04 22:03:07.71,IMU,153.32,461.91,896.97,3.10,8.97,-5.07,-15.90,-131.10,-104.40,27.6
2026/05/04 22:03:07.81,IMU,148.44,454.59,895.51,3.01,11.57,-5.94,-15.15,-130.80,-102.90,27.6
2026/05/04 22:03:07.91,IMU,166.50,457.52,898.44,6.94,12.05,-9.29,-13.50,-130.20,-105.75,27.8
2026/05/04 22:03:08.02,IMU,162.60,456.54,922.85,5.27,14.05,-12.37,-13.20,-131.70,-105.00,28.0
2026/05/04 22:03:08.12,IMU,157.23,460.45,924.32,4.15,13.44,-9.69,-13.20,-135.90,-98.10,28.0
2026/05/04 22:03:08.22,IMU,177.25,474.61,927.25,6.12,14.34,-12.50,-14.25,-135.90,-88.05,27.6
2026/05/04 22:03:08.33,IMU,153.81,468.26,929.20,6.00,13.81,-11.11,-7.50,-134.55,-78.75,28.0
2026/05/04 22:03:08.43,IMU,163.09,459.96,915.04,4.25,16.53,-9.90,-2.70,-130.80,-79.20,28.0
2026/05/04 22:03:08.53,IMU,164.06,457.03,928.71,6.30,13.24,-11.73,-0.30,-130.50,-93.75,27.7
2026/05/04 22:03:08.63,IMU,168.46,462.40,917.48,2.85,11.57,-11.39,-0.45,-129.60,-101.85,27.9
2026/05/04 22:03:08.73,IMU,159.67,470.70,910.64,1.96,11.61,-12.69,-0.60,-127.05,-106.05,27.9
2026/05/04 22:03:08.83,IMU,167.97,447.27,892.09,4.23,10.07,-13.02,-2.85,-128.25,-107.55,27.9
2026/05/04 22:03:08.93,IMU,154.30,451.17,883.79,2.37,8.57,-11.48,-1.95,-129.45,-107.10,27.7
2026/05/04 22:03:09.03,IMU,140.63,432.13,868.16,1.92,6.85,-9.84,-3.30,-128.70,-107.85,27.8
2026/05/04 22:03:09.13,IMU,157.23,433.11,868.16,3.78,5.41,-11.69,-2.55,-127.50,-108.15,27.8
2026/05/04 22:03:09.23,IMU,152.34,441.41,865.23,-0.19,3.17,-11.34,-3.45,-128.40,-109.50,28.0
2026/05/04 22:03:09.33,IMU,140.63,431.64,862.30,-1.62,-0.06,-10.40,-4.50,-128.40,-108.45,27.8
2026/05/04 22:03:09.43,IMU,137.70,429.69,862.30,-0.69,-0.05,-7.17,-3.30,-127.50,-110.40,27.6
2026/05/04 22:03:09.53,IMU,140.63,422.85,843.75,-1.17,-4.58,-7.85,-3.45,-128.40,-109.80,27.7
2026/05/04 22:03:09.63,IMU,139.65,428.71,854.98,-1.38,-4.27,-6.74,-3.75,-129.15,-108.75,28.0
2026/05/04 22:03:09.75,IMU,145.02,436.04,854.49,-2.82,-9.93,-4.56,-4.20,-127.65,-109.50,27.9
2026/05/04 22:03:09.85,IMU,150.88,438.48,862.79,-2.08,-10.77,-6.43,-4.95,-129.60,-109.05,27.8
2026/05/04 22:03:09.95,IMU,146.48,432.62,869.63,0.25,-12.44,-5.71,-4.20,-128.10,-108.75,27.8
2026/05/04 22:03:10.05,IMU,144.53,452.15,877.44,-3.46,-13.53,-2.98,-5.10,-130.50,-108.60,27.8
2026/05/04 22:03:10.15,IMU,150.88,432.13,891.60,-2.98,-14.47,1.31,-5.25,-127.65,-108.45,27.9
2026/05/04 22:03:10.25,IMU,162.60,454.59,903.81,-0.69,-16.31,1.39,-5.85,-128.70,-107.55,27.9
2026/05/04 22:03:10.35,IMU,143.55,465.33,902.83,-2.76,-17.53,-0.25,-8.70,-131.70,-103.95,27.9
2026/05/04 22:03:10.46,IMU,158.69,458.50,911.13,0.49,-18.24,1.01,-5.70,-129.15,-104.85,27.9
2026/05/04 22:03:10.56,IMU,158.20,460.94,931.64,-1.70,-19.44,1.46,-5.25,-129.60,-99.30,28.2
2026/05/04 22:03:10.66,IMU,156.25,457.52,913.57,-5.98,-17.49,0.19,-7.95,-130.95,-86.85,28.0
2026/05/04 22:03:10.76,IMU,152.34,460.45,928.71,0.99,-20.57,1.48,-13.20,-130.95,-80.40,28.0
2026/05/04 22:03:10.86,IMU,154.79,473.63,918.46,-0.55,-20.73,-2.79,-18.75,-132.45,-82.95,28.0
2026/05/04 22:03:10.96,IMU,151.86,464.84,928.71,0.37,-18.42,-1.03,-22.05,-132.45,-94.80,27.7
2026/05/04 22:03:11.06,IMU,155.76,464.84,908.69,2.73,-20.15,0.05,-20.85,-129.00,-106.05,27.6
2026/05/04 22:03:11.19,IMU,156.25,447.75,898.44,-0.29,-17.22,-0.83,-18.75,-128.25,-109.35,28.0
2026/05/04 22:03:11.29,IMU,148.93,457.52,890.63,2.18,-15.35,1.04,-19.50,-126.75,-108.15,28.0
2026/05/04 22:03:11.39,IMU,150.39,454.59,905.76,1.16,-10.74,-1.31,-21.30,-125.55,-108.60,28.0
2026/05/04 22:03:11.49,IMU,154.79,422.36,863.28,1.21,-12.04,0.89,-22.80,-124.50,-107.85,27.9
2026/05/04 22:03:11.59,IMU,155.76,443.85,865.23,0.35,-10.50,-4.53,-23.85,-126.00,-109.05,28.0
2026/05/04 22:03:11.69,IMU,148.44,428.71,867.68,1.22,-10.02,-2.62,-24.60,-123.75,-108.90,27.6
2026/05/04 22:03:11.79,IMU,157.23,427.25,856.93,-1.21,-4.82,-9.37,-27.15,-127.50,-106.05,28.0
2026/05/04 22:03:11.89,IMU,143.07,430.18,854.00,-0.27,-6.20,-4.62,-24.90,-124.05,-110.40,27.8
2026/05/04 22:03:11.99,IMU,150.39,434.57,850.59,-1.36,-4.60,-4.97,-24.45,-125.10,-112.05,28.2
2026/05/04 22:03:12.09,IMU,144.53,421.88,854.00,-0.43,-0.79,-7.63,-24.00,-124.65,-112.35,28.0
2026/05/04 22:03:12.19,IMU,148.44,435.06,862.30,-0.58,0.63,-7.77,-25.20,-123.45,-110.25,28.0
2026/05/04 22:03:12.29,IMU,153.81,419.92,860.84,-4.98,4.90,-11.75,-23.70,-125.10,-110.85,27.6
2026/05/04 22:03:12.39,IMU,144.53,445.31,873.05,-1.08,5.40,-9.57,-25.80,-122.70,-109.80,28.0
2026/05/04 22:03:12.49,IMU,156.25,440.92,880.86,-4.53,8.85,-11.25,-24.00,-123.45,-109.50,28.0
2026/05/04 22:03:12.59,IMU,134.28,439.94,881.35,-3.95,7.64,-10.95,-21.45,-123.45,-107.70,28.0
2026/05/04 22:03:12.69,IMU,162.60,451.17,895.51,-2.06,9.96,-9.84,-22.05,-123.75,-108.90,27.8
2026/05/04 22:03:12.79,IMU,156.74,457.03,905.27,-6.24,10.94,-10.61,-21.30,-123.75,-109.95,28.2
2026/05/04 22:03:12.91,IMU,174.80,446.29,911.13,-3.61,12.74,-12.64,-24.15,-126.75,-107.10,27.9
2026/05/04 22:03:13.01,IMU,158.69,453.13,922.85,-6.47,14.66,-9.63,-26.55,-127.35,-100.80,28.0
2026/05/04 22:03:13.11,IMU,181.64,474.12,927.73,-6.02,13.20,-13.13,-25.35,-129.00,-89.40,28.0
2026/05/04 22:03:13.22,IMU,146.48,456.54,912.60,-5.18,15.90,-13.41,-21.45,-130.35,-82.05,27.8
2026/05/04 22:03:13.32,IMU,166.02,474.12,928.22,-6.69,11.76,-9.80,-14.70,-130.50,-87.60,27.8
2026/05/04 22:03:13.42,IMU,149.90,441.89,913.09,-8.06,12.55,-12.21,-14.85,-130.35,-95.70,28.2
2026/05/04 22:03:13.53,IMU,172.85,469.73,907.71,-5.79,10.11,-13.53,-13.20,-129.00,-105.75,28.2
2026/05/04 22:03:13.63,IMU,146.97,454.59,906.74,-7.68,12.92,-10.59,-12.60,-130.35,-107.70,28.0
2026/05/04 22:03:13.73,IMU,157.71,430.66,875.49,-5.35,6.82,-9.37,-11.85,-128.85,-109.80,28.0
2026/05/04 22:03:13.83,IMU,143.55,451.66,880.86,-3.39,9.37,-8.21,-16.65,-131.10,-105.90,27.8
2026/05/04 22:03:13.93,IMU,144.04,446.29,885.74,-4.87,4.87,-7.69,-12.75,-128.70,-109.65,27.9
2026/05/04 22:03:14.03,IMU,140.14,431.64,862.79,-4.94,9.80,-7.12,-12.75,-129.00,-109.65,28.0
2026/05/04 22:03:14.13,IMU,134.28,433.59,896.00,-3.18,1.83,-5.53,-13.20,-127.50,-110.40,28.0
2026/05/04 22:03:14.23,IMU,163.09,447.27,878.42,-4.11,2.82,-5.45,-12.30,-128.10,-110.55,27.8
2026/05/04 22:03:14.34,IMU,128.42,404.30,826.17,-1.84,-0.60,-5.40,-11.40,-127.50,-110.40,28.0
2026/05/04 22:03:14.44,IMU,137.70,418.95,833.01,-1.50,-2.22,-4.54,-11.40,-127.95,-110.70,27.7
2026/05/04 22:03:14.54,IMU,124.02,418.46,832.52,-0.79,-3.23,-4.21,-11.70,-127.95,-110.70,28.0
2026/05/04 22:03:14.64,IMU,153.32,418.95,856.45,3.27,-8.85,-1.45,-12.60,-127.65,-109.05,28.0
2026/05/04 22:03:14.74,IMU,146.00,440.43,864.75,2.33,-5.11,0.11,-13.65,-126.60,-110.25,28.2
2026/05/04 22:03:14.84,IMU,140.14,425.78,843.75,6.26,-8.01,-1.63,-13.20,-128.25,-110.70,27.8
2026/05/04 22:03:14.96,IMU,148.93,444.34,876.46,3.36,-10.36,-1.76,-13.65,-128.10,-110.85,27.8
2026/05/04 22:03:15.06,IMU,153.81,441.89,893.55,6.65,-14.37,3.37,-13.35,-127.35,-110.85,28.0
2026/05/04 22:03:15.16,IMU,157.23,449.71,896.97,5.68,-11.50,1.45,-14.40,-126.90,-109.50,27.6
2026/05/04 22:03:15.26,IMU,146.97,466.31,908.20,6.76,-14.56,1.88,-14.40,-127.35,-107.70,28.0
2026/05/04 22:03:15.36,IMU,166.50,458.50,914.06,7.63,-13.43,-1.48,-14.25,-128.25,-105.30,28.0
2026/05/04 22:03:15.46,IMU,153.81,462.40,914.55,9.77,-14.60,3.89,-15.90,-129.60,-97.50,28.1
2026/05/04 22:03:15.56,IMU,160.64,462.89,922.36,7.79,-14.55,2.39,-22.50,-130.80,-87.75,27.9
2026/05/04 22:03:15.66,IMU,160.64,451.66,913.09,7.80,-17.06,1.59,-24.00,-127.35,-86.40,28.2
2026/05/04 22:03:15.76,IMU,154.79,464.36,920.41,6.47,-15.30,-0.71,-28.80,-124.20,-92.55,27.7
2026/05/04 22:03:15.86,IMU,150.88,462.40,929.69,7.37,-12.75,6.06,-28.05,-121.95,-103.35,28.0
2026/05/04 22:03:15.96,IMU,170.90,456.05,903.81,8.91,-13.36,2.90,-26.10,-121.50,-110.40,28.2
2026/05/04 22:03:16.07,IMU,136.72,458.50,900.39,7.79,-11.22,3.00,-24.60,-121.05,-113.25,28.1
2026/05/04 22:03:16.17,IMU,160.64,443.85,905.76,6.37,-10.96,0.74,-23.10,-119.85,-112.95,28.0
2026/05/04 22:03:16.27,IMU,169.92,445.31,889.16,4.54,-8.87,2.11,-23.25,-118.65,-112.65,28.0
2026/05/04 22:03:16.39,IMU,139.16,437.50,864.75,4.91,-10.18,0.04,-25.20,-118.20,-113.10,28.0
2026/05/04 22:03:16.49,IMU,140.63,431.15,863.77,3.10,-7.49,-1.24,-26.10,-117.30,-113.25,28.0
2026/05/04 22:03:16.59,IMU,159.18,437.99,859.38,0.84,-6.08,0.59,-27.15,-116.10,-114.00,28.0
2026/05/04 22:03:16.69,IMU,143.07,436.52,858.89,2.15,-4.09,0.57,-27.75,-114.00,-115.20,28.2
2026/05/04 22:03:16.79,IMU,146.48,417.97,856.45,0.02,-0.44,0.81,-27.00,-114.75,-115.65,28.0
2026/05/04 22:03:16.89,IMU,156.74,421.88,828.13,-0.73,0.56,-2.70,-27.75,-116.25,-115.65,28.0
2026/05/04 22:03:16.99,IMU,130.86,425.29,847.66,-1.27,0.50,-1.60,-28.80,-116.70,-114.15,28.0
2026/05/04 22:03:17.09,IMU,147.95,418.46,856.93,-4.14,5.25,-2.59,-27.00,-115.20,-114.45,28.0
2026/05/04 22:03:17.19,IMU,128.91,431.15,866.21,-2.51,7.78,-3.82,-26.40,-116.10,-113.55,28.1
2026/05/04 22:03:17.29,IMU,160.16,436.52,875.49,-6.63,5.41,-2.32,-25.35,-115.35,-112.20,28.0
2026/05/04 22:03:17.39,IMU,149.90,431.64,879.88,-6.35,11.60,-3.63,-25.20,-116.25,-113.40,28.1
2026/05/04 22:03:17.49,IMU,155.27,454.10,885.25,-6.94,9.13,-5.66,-23.55,-118.05,-112.50,28.1
2026/05/04 22:03:17.59,IMU,139.16,455.08,895.51,-9.40,9.83,-4.02,-23.70,-119.40,-113.10,28.0
2026/05/04 22:03:17.69,IMU,159.18,458.50,893.55,-5.19,10.89,-4.59,-24.90,-119.10,-113.25,28.1
2026/05/04 22:03:17.80,IMU,157.71,462.89,899.41,-10.56,12.33,-3.61,-28.80,-120.45,-108.75,28.0
2026/05/04 22:03:17.90,IMU,164.06,462.40,900.88,-8.05,13.44,-1.81,-30.45,-121.05,-101.40,28.1
2026/05/04 22:03:18.00,IMU,159.18,480.96,921.39,-8.72,11.34,-5.52,-27.75,-122.40,-92.10,28.3
2026/05/04 22:03:18.10,IMU,155.76,463.38,909.18,-10.37,13.31,-3.62,-25.35,-125.55,-87.60,27.9
2026/05/04 22:03:18.20,IMU,160.16,459.96,911.62,-7.92,11.31,-4.13,-19.50,-128.25,-93.00,28.0
2026/05/04 22:03:18.30,IMU,149.90,464.84,922.36,-11.44,14.15,-2.68,-18.30,-127.95,-101.40,28.0
2026/05/04 22:03:18.42,IMU,154.79,448.24,904.30,-7.27,15.79,-5.38,-16.50,-126.75,-108.15,27.9
2026/05/04 22:03:18.52,IMU,145.02,451.66,898.93,-7.27,10.78,0.08,-16.35,-126.60,-110.55,28.0
2026/05/04 22:03:18.62,IMU,141.60,445.31,890.63,-7.68,9.59,-2.02,-15.00,-127.05,-110.70,28.1
2026/05/04 22:03:18.73,IMU,147.95,432.62,878.91,-4.16,9.99,-2.08,-14.40,-126.90,-111.60,28.3
2026/05/04 22:03:18.83,IMU,141.60,441.89,860.84,-4.08,7.68,0.21,-15.00,-126.75,-111.15,28.2
2026/05/04 22:03:18.93,IMU,155.76,437.50,855.96,-4.13,8.00,0.35,-15.60,-126.90,-111.30,28.3
2026/05/04 22:03:19.03,IMU,159.67,420.90,866.70,-0.72,6.95,0.63,-14.70,-127.05,-111.15,28.3
2026/05/04 22:03:19.13,IMU,137.21,423.83,849.61,-3.39,6.69,1.17,-14.70,-126.30,-111.15,28.0
2026/05/04 22:03:19.23,IMU,134.77,422.85,856.45,1.79,0.21,6.53,-16.35,-127.65,-112.05,28.1
2026/05/04 22:03:19.34,IMU,153.32,417.97,846.68,2.89,1.03,2.86,-15.15,-129.15,-109.05,28.0
2026/05/04 22:03:19.44,IMU,152.34,408.20,850.59,1.43,-2.45,7.13,-13.35,-126.90,-110.85,28.0
2026/05/04 22:03:19.54,IMU,139.65,424.32,852.54,5.76,-0.63,4.91,-14.10,-126.90,-110.85,28.0
2026/05/04 22:03:19.64,IMU,142.09,431.15,875.49,3.53,-1.56,8.27,-12.60,-126.60,-111.30,28.1
2026/05/04 22:03:19.74,IMU,140.14,433.59,865.72,4.94,-8.69,8.23,-14.25,-126.75,-109.95,28.0
2026/05/04 22:03:19.84,IMU,145.02,438.96,887.70,8.53,-5.27,8.27,-14.10,-128.10,-109.80,28.0
2026/05/04 22:03:19.94,IMU,145.51,442.87,904.79,8.82,-8.16,7.67,-14.25,-127.05,-109.95,28.0
2026/05/04 22:03:20.04,IMU,151.86,446.78,907.71,8.63,-8.64,7.53,-13.50,-128.25,-109.35,28.1
2026/05/04 22:03:20.17,IMU,156.25,450.68,909.67,8.43,-9.73,7.73,-13.95,-129.00,-104.55,28.1
2026/05/04 22:03:20.27,IMU,168.46,462.89,912.11,7.15,-10.36,11.61,-15.15,-128.40,-99.75,28.1
2026/05/04 22:03:20.37,IMU,138.18,462.40,901.86,11.13,-11.31,9.86,-16.35,-129.15,-93.30,28.0
2026/05/04 22:03:20.47,IMU,143.07,458.50,921.39,8.84,-10.53,11.50,-22.35,-127.05,-87.30,28.2
2026/05/04 22:03:20.57,IMU,151.37,451.17,915.04,7.58,-11.82,10.32,-26.40,-124.80,-89.40,28.0
2026/05/04 22:03:20.67,IMU,143.55,451.66,914.06,10.04,-9.75,10.21,-28.20,-123.75,-98.10,28.0
2026/05/04 22:03:20.77,IMU,158.20,458.50,910.64,7.56,-11.10,11.89,-32.25,-124.80,-102.45,28.0
2026/05/04 22:03:20.87,IMU,164.06,452.15,894.53,8.09,-7.00,10.27,-23.85,-122.55,-109.35,28.4
2026/05/04 22:03:20.97,IMU,150.39,454.10,897.46,7.79,-8.65,10.64,-22.95,-122.70,-112.35,28.2
2026/05/04 22:03:21.07,IMU,142.58,436.52,877.93,4.99,-4.98,6.39,-22.20,-120.15,-110.85,28.3
2026/05/04 22:03:21.17,IMU,145.02,448.24,881.84,5.80,-5.94,9.69,-24.00,-122.40,-110.25,28.0
2026/05/04 22:03:21.30,IMU,157.23,449.71,859.38,3.55,-3.16,7.82,-24.75,-121.95,-111.60,28.3
2026/05/04 22:03:21.40,IMU,141.60,439.45,854.98,3.47,-3.56,8.19,-24.00,-121.65,-111.60,28.0
2026/05/04 22:03:21.50,IMU,145.51,417.48,850.10,2.56,1.26,7.82,-25.20,-121.20,-112.05,28.0
2026/05/04 22:03:21.61,IMU,142.58,408.69,848.63,4.11,2.22,6.31,-25.35,-121.05,-112.20,28.1
2026/05/04 22:03:21.71,IMU,151.86,427.25,850.10,1.92,4.67,7.04,-24.90,-122.25,-112.50,28.1
2026/05/04 22:03:21.81,IMU,129.39,440.92,844.73,-0.04,7.98,8.51,-25.80,-121.20,-112.65,28.3
2026/05/04 22:03:21.91,IMU,152.83,429.20,854.49,0.45,8.26,6.18,-25.65,-123.00,-111.75,28.2
2026/05/04 22:03:22.01,IMU,145.51,437.99,862.30,0.73,10.85,-1.64,-25.20,-122.40,-110.85,28.1
2026/05/04 22:03:22.11,IMU,149.41,433.59,870.61,-2.47,8.46,3.42,-24.00,-123.45,-109.50,28.1
2026/05/04 22:03:22.21,IMU,151.86,439.94,870.12,-0.82,11.46,2.40,-24.60,-124.05,-106.80,27.9
2026/05/04 22:03:22.31,IMU,133.79,454.10,888.18,0.72,13.94,1.65,-22.20,-123.15,-108.45,28.2
2026/05/04 22:03:22.41,IMU,144.04,457.03,884.77,-2.37,17.98,-2.79,-21.15,-125.10,-110.85,28.4
2026/05/04 22:03:22.51,IMU,154.79,441.89,910.16,-1.08,16.58,-0.92,-21.60,-127.50,-108.90,28.3
2026/05/04 22:03:22.61,IMU,168.46,470.70,893.07,-2.13,17.02,0.02,-23.55,-127.05,-106.80,28.1
2026/05/04 22:03:22.75,IMU,158.69,465.33,915.53,-2.16,17.62,2.36,-23.10,-130.20,-96.60,28.0
2026/05/04 22:03:22.85,IMU,151.86,462.40,912.11,-1.16,19.82,-3.52,-19.95,-132.30,-85.95,28.2
2026/05/04 22:03:22.95,IMU,146.97,461.91,917.48,-1.31,17.27,-1.95,-16.35,-131.85,-84.60,28.0
2026/05/04 22:03:23.05,IMU,149.90,467.29,917.97,-0.26,19.50,-2.62,-13.20,-130.20,-90.45,27.9
2026/05/04 22:03:23.15,IMU,166.50,461.43,917.97,-0.68,18.82,1.02,-9.30,-131.10,-97.50,28.0
2026/05/04 22:03:23.25,IMU,168.46,445.31,907.23,-1.19,15.33,0.15,-8.40,-128.70,-103.95,28.2
2026/05/04 22:03:23.35,IMU,146.48,451.66,912.60,0.40,17.67,-1.52,-6.90,-130.50,-108.60,28.5
2026/05/04 22:03:23.45,IMU,158.20,459.96,877.44,-0.35,14.18,0.11,-9.00,-127.65,-109.50,28.3
2026/05/04 22:03:23.55,IMU,151.86,441.89,885.74,-0.59,17.33,0.87,-9.45,-128.70,-106.80,28.2
2026/05/04 22:03:23.65,IMU,136.72,447.27,882.81,0.02,11.05,3.79,-7.80,-129.60,-109.05,28.0
2026/05/04 22:03:23.75,IMU,149.90,427.73,863.28,-0.85,12.19,0.56,-6.90,-129.00,-107.85,28.0
2026/05/04 22:03:23.85,IMU,132.81,425.29,860.84,1.69,8.44,5.43,-6.90,-128.70,-107.85,28.2
2026/05/04 22:03:23.95,IMU,146.00,427.73,863.77,2.24,8.24,3.13,-6.90,-128.25,-107.55,28.1
2026/05/04 22:03:24.05,IMU,128.91,438.48,859.86,1.98,3.89,2.85,-6.30,-128.10,-109.05,28.2
2026/05/04 22:03:24.18,IMU,137.70,420.90,844.24,0.27,1.98,4.39,-9.15,-127.50,-108.60,28.4
2026/05/04 22:03:24.28,IMU,148.44,433.11,854.00,0.36,-0.79,6.84,-6.60,-129.45,-108.90,28.4
2026/05/04 22:03:24.38,IMU,147.95,434.57,862.79,2.54,-1.83,5.21,-7.05,-127.65,-109.05,28.2
2026/05/04 22:03:24.48,IMU,134.77,439.94,863.28,1.21,-3.83,2.25,-5.85,-128.25,-108.15,28.0
2026/05/04 22:03:24.58,IMU,153.32,440.92,865.23,-0.53,-6.30,8.37,-7.50,-130.35,-108.75,28.1
2026/05/04 22:03:24.68,IMU,143.55,424.80,876.95,2.23,-6.05,9.18,-8.40,-128.70,-109.35,28.2
2026/05/04 22:03:24.78,IMU,146.00,450.68,874.02,0.37,-9.34,7.63,-9.15,-130.20,-106.05,28.3
2026/05/04 22:03:24.88,IMU,141.11,434.08,898.44,1.42,-9.46,13.73,-6.00,-129.90,-106.65,28.3
2026/05/04 22:03:24.98,IMU,139.16,464.36,911.62,0.60,-12.21,8.25,-7.05,-130.35,-103.65,28.4
2026/05/04 22:03:25.08,IMU,144.04,451.66,926.76,0.24,-9.05,12.05,-6.15,-131.70,-100.20,28.4
2026/05/04 22:03:25.18,IMU,150.88,454.10,902.34,0.85,-12.06,9.93,-6.90,-130.20,-91.20,28.1
2026/05/04 22:03:25.30,IMU,157.23,453.13,912.11,0.89,-12.14,10.82,-10.35,-131.55,-83.10,28.0
2026/05/04 22:03:25.40,IMU,166.50,458.01,918.46,-0.77,-12.71,8.76,-15.75,-132.00,-84.00,28.2
2026/05/04 22:03:25.50,IMU,159.18,462.40,906.25,0.20,-11.07,8.94,-18.30,-133.65,-90.45,28.2
2026/05/04 22:03:25.61,IMU,158.69,470.70,904.79,-0.54,-13.10,10.95,-17.40,-131.85,-101.10,28.0
2026/05/04 22:03:25.71,IMU,148.93,466.80,912.11,-1.05,-9.05,9.85,-17.40,-131.10,-104.85,28.4
2026/05/04 22:03:25.81,IMU,158.20,449.22,888.67,0.40,-9.85,8.93,-18.45,-130.35,-105.90,28.2
2026/05/04 22:03:25.91,IMU,153.32,446.29,883.79,-0.32,-6.65,5.26,-17.55,-129.75,-106.05,28.0
2026/05/04 22:03:26.01,IMU,147.46,430.66,892.09,1.18,-6.03,7.63,-18.15,-129.15,-105.45,28.1
2026/05/04 22:03:26.11,IMU,157.71,434.57,870.12,1.27,-6.02,5.47,-18.30,-130.20,-106.35,28.4
2026/05/04 22:03:26.21,IMU,144.53,440.43,870.12,-0.54,-2.90,5.94,-18.45,-128.40,-105.15,28.2
2026/05/04 22:03:26.31,IMU,152.34,427.73,849.12,-0.27,-4.24,7.29,-20.40,-130.35,-105.90,27.9
2026/05/04 22:03:26.41,IMU,144.53,426.76,856.93,1.04,0.86,1.88,-20.10,-130.20,-106.80,28.3
2026/05/04 22:03:26.51,IMU,146.97,423.83,858.40,1.08,1.10,4.58,-19.05,-129.75,-107.10,28.3
2026/05/04 22:03:26.61,IMU,135.25,428.22,852.54,1.11,3.78,-1.13,-19.95,-129.90,-106.65,28.2
2026/05/04 22:03:26.71,IMU,155.76,425.78,859.38,-0.24,5.08,-0.11,-20.40,-131.10,-106.95,28.1
2026/05/04 22:03:26.81,IMU,149.90,435.55,866.70,0.79,7.13,0.38,-18.75,-130.50,-105.75,28.2
2026/05/04 22:03:26.91,IMU,153.32,443.36,859.86,1.03,6.42,2.13,-16.35,-130.80,-105.45,28.3
2026/05/04 22:03:27.01,IMU,166.02,431.15,883.79,2.79,9.40,-2.12,-18.15,-130.35,-105.45,28.4
2026/05/04 22:03:27.11,IMU,147.95,435.55,864.75,2.01,9.39,-2.23,-16.50,-129.75,-105.30,28.4
2026/05/04 22:03:27.22,IMU,156.74,445.80,888.18,2.22,11.24,-0.21,-15.45,-130.20,-106.05,28.3
2026/05/04 22:03:27.34,IMU,155.27,455.57,896.48,2.06,11.66,-5.47,-14.25,-132.45,-105.75,28.4
2026/05/04 22:03:27.44,IMU,161.13,442.87,906.74,4.18,13.25,-6.60,-16.65,-133.05,-104.10,28.4
2026/05/04 22:03:27.54,IMU,157.23,446.29,903.32,2.70,13.85,-4.02,-16.65,-134.85,-96.90,28.3
2026/05/04 22:03:27.64,IMU,169.43,468.26,906.25,4.36,14.94,-6.45,-13.65,-134.55,-89.25,28.2
2026/05/04 22:03:27.74,IMU,161.13,469.73,907.71,3.37,14.42,-2.07,-10.20,-132.75,-84.00,28.4
2026/05/04 22:03:27.84,IMU,164.55,457.03,905.76,2.96,13.78,-6.95,-5.70,-131.85,-85.95,28.4
2026/05/04 22:03:27.94,IMU,154.79,461.91,912.11,4.21,13.85,-8.17,-3.75,-130.35,-92.85,28.4
2026/05/04 22:03:28.04,IMU,164.06,455.57,916.02,3.09,15.03,-7.56,-3.60,-129.45,-99.15,28.3
2026/05/04 22:03:28.14,IMU,149.41,440.92,891.11,2.85,12.51,-7.37,-1.65,-129.15,-104.85,28.2
2026/05/04 22:03:28.24,IMU,155.27,458.01,895.02,3.99,10.45,-7.08,-1.80,-129.45,-107.55,28.2
2026/05/04 22:03:28.34,IMU,152.34,441.89,896.48,2.78,10.69,-7.82,-3.90,-129.00,-107.55,28.3
2026/05/04 22:03:28.44,IMU,144.53,432.62,880.37,3.05,11.48,-6.68,-3.60,-128.70,-107.10,28.4
2026/05/04 22:03:28.54,IMU,151.37,451.66,888.18,2.58,7.90,-2.53,-4.20,-128.10,-107.70,28.5
2026/05/04 22:03:28.64,IMU,142.09,427.73,850.59,0.27,5.97,-2.53,-4.50,-129.15,-108.45,28.4
2026/05/04 22:03:28.77,IMU,147.95,423.34,859.38,-1.01,2.40,-2.28,-3.45,-128.85,-108.75,28.4
2026/05/04 22:03:28.87,IMU,136.23,420.90,864.75,0.61,2.06,0.52,-4.20,-128.10,-107.70,28.1
2026/05/04 22:03:28.97,IMU,147.95,434.08,843.75,-1.15,-2.79,-4.37,-3.75,-129.15,-107.25,28.2
2026/05/04 22:03:29.07,IMU,144.53,422.36,857.91,-1.27,-5.00,-2.83,-5.10,-129.00,-109.35,28.3
2026/05/04 22:03:29.17,IMU,143.55,440.43,860.35,-0.48,-5.71,0.63,-3.60,-127.95,-107.85,28.1
2026/05/04 22:03:29.27,IMU,131.84,437.50,862.30,-0.27,-6.62,-3.17,-3.60,-128.25,-108.60,28.4
2026/05/04 22:03:29.37,IMU,129.88,446.78,870.61,-0.16,-9.37,2.35,-4.65,-130.20,-108.60,28.3
2026/05/04 22:03:29.47,IMU,160.16,441.41,893.07,-0.32,-8.60,-0.09,-4.65,-128.70,-108.15,28.4
2026/05/04 22:03:29.57,IMU,146.00,447.75,887.21,-2.24,-11.11,1.15,-4.20,-129.15,-106.95,28.2
2026/05/04 22:03:29.67,IMU,140.63,450.20,878.42,-2.36,-7.49,3.82,-4.95,-129.90,-108.45,28.3
2026/05/04 22:03:29.77,IMU,153.32,458.98,905.76,-1.09,-14.85,4.85,-4.50,-129.60,-106.20,28.2
2026/05/04 22:03:29.87,IMU,158.69,455.08,905.76,-2.72,-14.02,2.05,-3.75,-128.85,-101.10,28.3
2026/05/04 22:03:29.97,IMU,143.07,459.47,904.30,-2.03,-13.66,0.64,-3.00,-130.35,-95.70,28.5
2026/05/04 22:03:30.07,IMU,151.37,456.05,904.79,-4.02,-15.90,4.15,-6.15,-130.95,-87.60,28.4
2026/05/04 22:03:30.20,IMU,147.95,463.38,922.85,-1.47,-15.52,4.85,-12.30,-131.55,-82.05,28.3
2026/05/04 22:03:30.30,IMU,161.13,458.01,903.32,-0.84,-13.40,3.34,-15.15,-133.80,-87.45,28.3
2026/05/04 22:03:30.40,IMU,156.25,453.13,926.76,-2.29,-14.56,2.40,-18.75,-133.95,-96.30,28.4
2026/05/04 22:03:30.50,IMU,170.90,453.13,909.67,-1.87,-12.14,2.43,-17.40,-131.55,-103.65,28.1
2026/05/04 22:03:30.60,IMU,152.34,455.57,896.00,-0.84,-13.04,5.89,-17.70,-130.80,-106.95,28.2
2026/05/04 22:03:30.70,IMU,164.06,431.64,887.21,-2.79,-9.89,0.46,-17.10,-129.15,-106.95,28.3
2026/05/04 22:03:30.81,IMU,141.11,429.20,870.12,-0.31,-11.11,1.36,-20.55,-131.25,-103.50,28.4
2026/05/04 22:03:30.91,IMU,150.39,426.76,873.05,-2.32,-10.18,-0.01,-18.90,-128.10,-106.65,28.1
2026/05/04 22:03:31.01,IMU,152.34,418.46,869.63,0.60,-9.16,3.53,-19.05,-126.75,-107.55,28.2
2026/05/04 22:03:31.11,IMU,146.48,439.94,853.52,-1.90,-7.17,-2.40,-22.05,-127.05,-106.80,28.6
2026/05/04 22:03:31.21,IMU,152.34,436.04,856.93,-1.45,-5.02,-0.67,-21.15,-127.65,-107.70,28.4
2026/05/04 22:03:31.35,IMU,148.93,431.64,853.52,-1.31,-0.61,-3.70,-21.30,-128.70,-107.85,28.1
2026/05/04 22:03:31.45,IMU,146.97,424.32,853.03,-1.39,-2.15,-5.85,-21.60,-127.95,-108.60,28.5
2026/05/04 22:03:31.55,IMU,144.53,427.25,859.38,-0.54,-2.24,-5.02,-21.30,-127.95,-108.60,28.3
2026/05/04 22:03:31.65,IMU,149.41,434.57,861.82,-0.24,6.89,-6.63,-19.65,-126.90,-106.95,28.4
2026/05/04 22:03:31.75,IMU,154.30,442.87,875.49,-1.08,2.63,-7.12,-19.80,-126.75,-107.55,28.2
2026/05/04 22:03:31.85,IMU,147.95,431.64,874.51,-0.02,6.38,-8.96,-20.40,-126.90,-109.05,28.3
2026/05/04 22:03:31.95,IMU,149.41,446.29,884.77,-1.53,8.88,-7.41,-19.05,-127.05,-108.15,28.4
2026/05/04 22:03:32.05,IMU,148.93,454.10,874.51,1.15,6.01,-8.95,-18.75,-127.05,-107.55,28.4
2026/05/04 22:03:32.15,IMU,155.27,449.22,897.95,0.15,8.72,-10.24,-19.65,-128.10,-108.75,28.4
2026/05/04 22:03:32.25,IMU,159.18,453.13,905.76,-2.75,11.42,-11.07,-20.10,-130.50,-106.80,28.4
2026/05/04 22:03:32.35,IMU,162.11,450.68,899.41,-0.39,10.64,-9.63,-20.55,-130.95,-101.70,28.6
2026/05/04 22:03:32.45,IMU,158.69,468.26,907.71,0.01,8.03,-11.77,-20.85,-132.75,-91.95,28.6
2026/05/04 22:03:32.55,IMU,162.60,459.96,914.06,-0.95,12.64,-11.44,-18.75,-131.70,-86.85,28.5
2026/05/04 22:03:32.65,IMU,161.13,444.82,892.58,-1.19,10.55,-11.74,-14.40,-131.10,-84.60,28.4
2026/05/04 22:03:32.78,IMU,151.86,465.82,890.63,-1.96,11.37,-10.23,-11.10,-130.35,-91.05,28.4
2026/05/04 22:03:32.87,IMU,144.04,450.68,905.27,-1.27,11.89,-11.14,-7.50,-131.10,-98.70,28.5
2026/05/04 22:03:32.97,IMU,157.23,461.91,910.16,-1.45,9.58,-13.98,-7.65,-130.50,-103.50,28.4
2026/05/04 22:03:33.08,IMU,161.13,445.80,891.11,-2.71,10.70,-11.02,-8.55,-130.35,-105.45,28.2
2026/05/04 22:03:33.18,IMU,158.20,449.22,884.28,-1.67,7.03,-9.15,-8.70,-129.00,-106.80,28.1
2026/05/04 22:03:33.28,IMU,153.81,436.04,881.35,-2.96,6.81,-8.95,-9.15,-129.00,-107.55,28.2
2026/05/04 22:03:33.38,IMU,144.04,432.13,872.56,0.34,5.34,-7.95,-7.65,-129.45,-107.85,28.4
2026/05/04 22:03:33.48,IMU,155.76,444.82,875.00,-2.29,2.10,-9.10,-8.70,-129.00,-107.85,28.3
2026/05/04 22:03:33.58,IMU,137.70,437.50,866.70,-3.44,3.37,-3.69,-9.45,-128.70,-108.60,28.2
2026/05/04 22:03:33.68,IMU,139.65,438.96,857.42,0.35,2.77,-7.06,-11.10,-129.90,-106.95,28.0
2026/05/04 22:03:33.78,IMU,148.93,435.06,861.82,-2.00,-4.65,-1.26,-6.90,-129.00,-109.95,28.6
2026/05/04 22:03:33.88,IMU,152.34,420.90,850.10,-1.87,-2.64,-4.63,-7.95,-128.70,-110.70,28.4
2026/05/04 22:03:33.98,IMU,133.79,431.64,862.79,-0.13,-2.18,-5.04,-8.40,-129.00,-109.35,28.4
2026/05/04 22:03:34.08,IMU,156.25,427.73,854.98,0.05,-9.15,-4.41,-8.40,-129.75,-109.95,28.4
2026/05/04 22:03:34.20,IMU,146.48,438.96,871.09,1.62,-7.92,2.57,-10.20,-129.00,-108.60,28.2
2026/05/04 22:03:34.30,IMU,140.14,453.61,877.93,0.03,-10.49,-4.50,-10.80,-128.10,-109.05,28.4
2026/05/04 22:03:34.40,IMU,150.88,431.15,877.44,-0.98,-11.02,0.08,-9.30,-128.10,-108.45,28.2
2026/05/04 22:03:34.51,IMU,151.37,443.85,891.11,3.69,-12.95,1.15,-12.00,-130.20,-104.55,28.4
2026/05/04 22:03:34.61,IMU,158.20,457.52,893.07,2.72,-13.35,2.95,-10.05,-129.60,-104.85,28.2
2026/05/04 22:03:34.71,IMU,152.83,443.36,899.41,3.65,-14.55,1.00,-12.00,-130.20,-102.45,28.4
2026/05/04 22:03:34.81,IMU,147.46,458.98,917.48,4.60,-13.44,2.13,-11.55,-130.80,-96.45,28.4
2026/05/04 22:03:34.91,IMU,153.81,452.15,909.18,1.62,-13.48,0.92,-15.60,-129.60,-88.50,28.5
2026/05/04 22:03:35.01,IMU,159.67,455.08,908.69,4.53,-14.05,3.82,-19.65,-130.35,-85.95,28.7
2026/05/04 22:03:35.11,IMU,152.34,466.31,909.67,2.91,-16.05,0.06,-23.70,-128.40,-87.75,28.4
2026/05/04 22:03:35.21,IMU,152.34,457.52,897.95,2.79,-14.28,1.50,-25.80,-126.15,-96.45,28.1
2026/05/04 22:03:35.35,IMU,152.34,441.41,899.90,2.98,-14.19,2.45,-24.45,-126.15,-107.25,28.3
2026/05/04 22:03:35.45,IMU,146.48,436.04,890.63,3.70,-13.49,1.50,-22.35,-124.80,-109.35,28.4
2026/05/04 22:03:35.55,IMU,165.53,446.29,887.70,2.85,-11.57,1.46,-22.95,-125.10,-110.85,28.5
2026/05/04 22:03:35.66,IMU,125.98,450.20,877.93,4.11,-8.79,1.87,-21.60,-122.25,-110.40,28.6
2026/05/04 22:03:35.76,IMU,154.79,441.41,883.30,0.08,-10.69,-1.34,-22.35,-123.30,-110.70,28.4
2026/05/04 22:03:35.86,IMU,147.95,429.69,864.26,3.11,-6.42,-2.63,-22.35,-121.80,-108.90,28.4
2026/05/04 22:03:35.96,IMU,153.32,442.38,854.00,1.11,-3.00,-1.08,-24.00,-120.90,-111.30,28.4
2026/05/04 22:03:36.06,IMU,150.39,437.01,857.42,1.83,-0.95,-0.01,-24.00,-122.40,-110.85,28.6
2026/05/04 22:03:36.20,IMU,131.84,436.04,861.82,3.17,-1.86,-2.17,-24.00,-122.40,-110.55,28.5
2026/05/04 22:03:36.30,IMU,161.62,436.52,846.19,-1.20,1.38,-2.98,-25.50,-121.95,-111.60,28.6
2026/05/04 22:03:36.40,IMU,151.37,431.64,866.70,0.82,2.41,-2.03,-25.35,-121.80,-110.70,28.3
2026/05/04 22:03:36.50,IMU,166.02,430.18,855.96,-3.55,5.74,-3.68,-23.70,-121.65,-109.80,28.7
2026/05/04 22:03:36.60,IMU,151.86,431.64,869.63,-2.88,6.38,-2.63,-23.55,-121.50,-110.40,28.5
2026/05/04 22:03:36.70,IMU,146.48,453.61,885.25,-2.92,6.73,-4.03,-24.75,-121.65,-109.50,28.6
2026/05/04 22:03:36.80,IMU,142.58,450.20,875.98,-4.79,7.28,-3.95,-24.45,-123.45,-107.25,28.6
2026/05/04 22:03:36.90,IMU,168.46,437.99,873.05,-2.73,9.37,-5.59,-22.35,-124.05,-111.15,28.6
2026/05/04 22:03:37.00,IMU,149.41,459.47,891.60,-5.92,12.12,-6.49,-22.20,-123.45,-110.55,28.4
2026/05/04 22:03:37.10,IMU,160.16,444.82,896.97,-5.90,10.02,-6.44,-24.60,-125.55,-108.90,28.4
2026/05/04 22:03:37.20,IMU,154.30,456.05,894.04,-6.24,13.58,-6.18,-26.40,-124.80,-103.95,28.4
2026/05/04 22:03:37.32,IMU,153.32,455.08,896.48,-7.13,12.01,-5.71,-25.80,-126.60,-92.10,28.6
2026/05/04 22:03:37.42,IMU,164.06,456.05,906.74,-5.32,9.58,-6.82,-22.50,-127.65,-86.70,28.5
2026/05/04 22:03:37.52,IMU,143.55,465.82,910.16,-6.27,11.42,-6.59,-18.90,-126.60,-85.95,28.4
2026/05/04 22:03:37.63,IMU,158.69,446.78,899.90,-6.32,14.84,-2.66,-16.05,-127.95,-91.65,28.7
2026/05/04 22:03:37.73,IMU,150.39,453.61,905.76,-3.27,12.71,-8.12,-14.25,-128.25,-98.10,28.4
2026/05/04 22:03:37.83,IMU,146.00,460.45,896.00,-5.02,9.80,-0.88,-13.50,-129.45,-104.55,28.4
2026/05/04 22:03:37.94,IMU,153.32,438.48,891.60,-0.46,13.85,-1.43,-12.75,-128.25,-108.15,28.6
2026/05/04 22:03:38.04,IMU,151.86,453.61,882.81,-3.20,9.02,-5.91,-11.85,-127.35,-109.05,28.7
2026/05/04 22:03:38.14,IMU,150.39,438.48,880.37,-4.10,7.02,-3.48,-13.95,-127.50,-109.65,28.4
2026/05/04 22:03:38.24,IMU,139.16,433.11,863.77,1.52,5.25,-2.05,-11.70,-126.75,-109.35,28.4
2026/05/04 22:03:38.34,IMU,139.65,435.06,863.77,-3.55,5.42,-1.05,-11.70,-127.95,-109.65,28.5
2026/05/04 22:03:38.44,IMU,139.65,423.83,857.42,-1.24,4.69,-1.42,-11.70,-127.50,-109.65,28.6
2026/05/04 22:03:38.54,IMU,144.04,422.85,861.33,-1.32,3.98,1.91,-10.20,-126.00,-108.90,28.6
2026/05/04 22:03:38.64,IMU,144.04,425.29,857.91,1.34,1.77,2.37,-10.20,-128.70,-110.40,28.4
2026/05/04 22:03:38.74,IMU,133.79,444.82,850.59,1.19,2.27,2.44,-11.55,-128.10,-109.80,28.3
2026/05/04 22:03:38.84,IMU,148.44,436.52,861.82,0.75,-1.50,6.15,-12.00,-126.00,-111.15,28.6
2026/05/04 22:03:38.94,IMU,146.48,437.99,869.63,4.29,-2.73,6.24,-11.85,-128.10,-110.25,28.6
2026/05/04 22:03:39.05,IMU,136.72,442.38,876.95,4.51,-3.71,6.14,-11.70,-128.25,-108.90,28.6
2026/05/04 22:03:39.15,IMU,145.02,441.41,876.46,2.83,-5.44,7.69,-12.75,-128.70,-108.90,28.6
2026/05/04 22:03:39.25,IMU,131.84,438.48,877.44,4.13,-8.42,7.76,-10.95,-127.50,-107.85,28.6
2026/05/04 22:03:39.37,IMU,154.79,435.06,883.79,3.56,-5.24,9.49,-11.40,-129.75,-107.85,28.4
2026/05/04 22:03:39.47,IMU,136.72,450.20,901.86,2.73,-8.21,7.60,-10.65,-127.95,-106.80,28.2
2026/05/04 22:03:39.57,IMU,158.20,449.71,896.48,4.84,-8.37,11.18,-11.10,-128.10,-101.55,28.4
2026/05/04 22:03:39.67,IMU,149.90,447.75,900.88,4.85,-8.79,8.02,-12.30,-130.35,-93.90,28.4
2026/05/04 22:03:39.77,IMU,142.58,449.71,903.81,4.76,-10.48,10.25,-17.40,-128.10,-86.40,28.6
2026/05/04 22:03:39.87,IMU,142.58,452.15,914.55,4.27,-9.97,8.23,-20.40,-129.60,-84.15,28.5
2026/05/04 22:03:39.97,IMU,161.13,477.54,951.66,3.76,-11.56,8.96,-23.85,-130.95,-86.85,28.6
2026/05/04 22:03:40.07,IMU,148.93,436.52,870.61,5.24,-8.73,12.28,-25.65,-129.00,-97.80,28.4
2026/05/04 22:03:40.17,IMU,173.34,473.14,930.66,4.62,-10.14,10.79,-23.85,-128.25,-103.50,28.6
2026/05/04 22:03:40.27,IMU,148.44,423.83,851.07,3.98,-5.85,7.49,-21.45,-126.60,-108.75,28.7
2026/05/04 22:03:40.37,IMU,162.60,456.54,934.08,2.23,-3.72,10.79,-21.15,-126.60,-109.05,28.5
2026/05/04 22:03:40.47,IMU,136.72,413.57,835.45,3.53,-6.59,10.51,-20.70,-124.20,-109.05,28.6
2026/05/04 22:03:40.57,IMU,149.41,450.68,875.00,1.99,-3.00,8.56,-22.35,-127.50,-109.65,28.9
2026/05/04 22:03:40.67,IMU,147.46,434.08,862.30,3.76,-5.87,7.45,-20.70,-125.40,-109.80,28.5
2026/05/04 22:03:40.80,IMU,136.23,425.29,865.72,2.30,3.00,7.63,-21.45,-123.45,-108.75,28.6
2026/05/04 22:03:40.90,IMU,148.93,431.64,861.33,1.95,0.49,9.66,-22.95,-124.65,-109.05,28.6
2026/05/04 22:03:41.00,IMU,155.27,430.18,854.98,-0.24,2.73,7.67,-22.20,-126.15,-107.70,28.6
2026/05/04 22:03:41.10,IMU,158.69,417.97,875.98,4.35,3.60,7.08,-21.60,-125.55,-107.10,28.6
2026/05/04 22:03:41.20,IMU,151.37,425.78,841.31,-0.89,3.30,5.42,-22.05,-126.75,-109.35,28.4
2026/05/04 22:03:41.30,IMU,146.00,429.69,860.84,2.34,5.84,4.44,-20.85,-126.30,-108.60,28.6
2026/05/04 22:03:41.40,IMU,150.88,441.41,863.77,0.61,10.60,2.98,-20.70,-127.35,-107.25,28.2
2026/05/04 22:03:41.50,IMU,150.88,434.08,867.19,-0.05,9.06,2.37,-20.40,-127.35,-110.25,28.6
2026/05/04 22:03:41.60,IMU,156.25,441.41,867.68,2.73,13.03,3.53,-19.05,-126.75,-106.80,28.4
2026/05/04 22:03:41.71,IMU,146.97,437.01,862.79,0.02,13.05,2.24,-18.90,-128.10,-108.45,28.4
2026/05/04 22:03:41.81,IMU,155.76,445.80,886.23,3.11,15.82,-1.33,-22.05,-130.20,-103.95,28.6
2026/05/04 22:03:41.91,IMU,155.27,461.91,890.63,3.25,14.19,0.47,-19.05,-129.75,-104.55,28.6
2026/05/04 22:03:42.01,IMU,155.76,462.89,892.58,-2.62,16.60,1.66,-19.95,-133.35,-100.05,28.3
2026/05/04 22:03:42.11,IMU,157.71,463.87,894.04,2.04,13.72,0.25,-19.65,-132.30,-94.65,28.4
2026/05/04 22:03:42.23,IMU,153.32,467.29,909.18,1.90,16.23,2.72,-15.00,-132.75,-85.80,28.4
2026/05/04 22:03:42.33,IMU,157.23,447.27,906.25,0.69,16.03,0.49,-12.00,-131.25,-85.80,28.8
2026/05/04 22:03:42.43,IMU,149.41,461.43,903.32,3.31,12.89,-0.93,-7.35,-130.50,-89.85,28.7
2026/05/04 22:03:42.54,IMU,159.67,458.01,899.41,1.28,15.71,-2.31,-6.90,-129.75,-96.00,28.4
2026/05/04 22:03:42.64,IMU,143.07,445.80,887.70,3.14,13.26,-1.77,-6.75,-130.80,-101.55,28.6
2026/05/04 22:03:42.74,IMU,147.95,458.98,885.25,2.66,13.45,-1.44,-5.40,-130.50,-104.25,28.4
2026/05/04 22:03:42.84,IMU,152.83,443.36,875.00,3.33,11.65,-0.23,-4.65,-128.25,-106.80,28.8
2026/05/04 22:03:42.94,IMU,140.14,447.75,873.05,2.63,10.64,2.48,-6.15,-129.45,-105.75,28.6
2026/05/04 22:03:43.04,IMU,156.74,440.92,875.49,3.50,7.65,-1.02,-6.00,-129.90,-108.00,28.6
2026/05/04 22:03:43.14,IMU,153.81,433.11,861.82,2.55,10.09,4.40,-9.75,-131.10,-103.65,28.4
2026/05/04 22:03:43.24,IMU,146.00,436.52,874.02,2.79,6.95,2.17,-4.20,-128.85,-108.45,28.6
2026/05/04 22:03:43.34,IMU,139.65,445.80,868.16,-0.10,3.31,2.94,-4.35,-128.70,-106.80,28.3
2026/05/04 22:03:43.44,IMU,144.04,422.36,854.00,1.93,6.48,3.54,-4.50,-128.10,-106.65,28.5
2026/05/04 22:03:43.54,IMU,136.23,438.48,853.03,1.95,-1.02,5.76,-4.65,-128.70,-107.10,28.6
2026/05/04 22:03:43.64,IMU,157.71,425.78,853.52,1.68,0.61,6.05,-3.30,-127.50,-108.15,28.6
2026/05/04 22:03:43.74,IMU,134.77,431.64,863.28,2.11,-2.51,8.80,-5.85,-126.75,-106.80,28.6
2026/05/04 22:03:43.84,IMU,146.48,440.92,858.89,-0.12,-3.73,8.12,-7.80,-130.35,-104.40,28.4
2026/05/04 22:03:43.97,IMU,145.51,446.78,854.98,-0.49,-7.21,8.48,-3.75,-128.85,-108.00,28.6
2026/05/04 22:03:44.07,IMU,144.53,459.47,885.25,0.25,-5.85,10.04,-3.90,-127.95,-107.10,28.6
2026/05/04 22:03:44.17,IMU,149.41,442.38,890.14,-2.18,-8.49,8.57,-3.75,-128.85,-105.45,28.7
2026/05/04 22:03:44.27,IMU,151.86,438.48,876.95,-1.11,-9.48,9.48,-2.70,-126.90,-102.90,28.2
2026/05/04 22:03:44.37,IMU,139.16,452.15,909.18,-1.34,-8.01,10.34,-2.70,-128.40,-99.00,28.6
2026/05/04 22:03:44.47,IMU,162.60,450.20,892.58,-5.03,-11.01,7.08,-3.30,-129.45,-92.40,28.4
2026/05/04 22:03:44.57,IMU,154.79,443.85,894.04,-2.00,-7.69,8.47,-5.40,-131.70,-85.05,28.4
2026/05/04 22:03:44.67,IMU,156.25,460.45,916.50,-2.11,-10.80,10.16,-8.40,-130.95,-83.25,28.4
2026/05/04 22:03:44.78,IMU,152.83,443.85,897.95,-2.64,-9.73,8.36,-12.45,-132.75,-84.75,28.6
2026/05/04 22:03:44.88,IMU,162.11,456.05,918.46,-0.27,-9.32,11.01,-15.15,-133.35,-89.25,28.6
2026/05/04 22:03:44.98,IMU,162.60,448.24,892.58,-5.11,-9.60,9.33,-15.00,-133.20,-96.00,28.3
2026/05/04 22:03:45.08,IMU,155.27,436.04,872.56,-4.68,-7.17,9.33,-14.40,-134.10,-102.90,28.6
2026/05/04 22:03:45.18,IMU,154.30,449.22,888.18,-2.28,-5.91,7.72,-14.25,-132.75,-106.05,28.6
2026/05/04 22:03:45.28,IMU,137.70,451.17,869.63,-2.18,-7.85,8.69,-14.10,-131.55,-106.20,28.4
2026/05/04 22:03:45.38,IMU,150.88,447.75,876.95,-1.68,-5.25,7.19,-13.65,-130.80,-105.90,28.7
2026/05/04 22:03:45.48,IMU,150.39,425.78,877.93,-0.82,-3.26,3.82,-14.40,-130.35,-104.40,28.6
2026/05/04 22:03:45.58,IMU,151.86,435.55,857.42,-1.50,-2.12,5.66,-14.70,-132.00,-103.95,28.6
2026/05/04 22:03:45.70,IMU,148.44,436.52,861.82,-0.21,-0.08,3.81,-16.05,-132.00,-103.95,28.6
2026/05/04 22:03:45.80,IMU,133.79,428.22,846.19,-1.56,-1.02,5.80,-16.50,-131.25,-105.00,28.4
2026/05/04 22:03:45.90,IMU,150.88,426.27,862.30,2.82,2.17,1.11,-16.65,-131.85,-102.90,28.4
2026/05/04 22:03:46.01,IMU,159.18,416.99,865.23,1.65,2.50,1.10,-14.85,-131.55,-104.85,28.4
2026/05/04 22:03:46.11,IMU,156.25,429.20,853.52,1.63,5.29,-1.36,-14.70,-130.95,-103.95,28.4
2026/05/04 22:03:46.21,IMU,151.37,433.59,871.09,2.45,5.03,-1.15,-14.40,-130.80,-104.10,28.6
2026/05/04 22:03:46.31,IMU,156.25,436.52,862.79,1.34,6.81,-3.27,-12.45,-131.25,-103.95,28.6
2026/05/04 22:03:46.41,IMU,157.71,444.34,874.51,2.35,8.70,-1.92,-14.25,-130.95,-104.55,28.5
2026/05/04 22:03:46.51,IMU,144.53,439.94,883.30,2.90,8.98,-2.25,-11.10,-131.55,-105.90,28.5
2026/05/04 22:03:46.61,IMU,143.55,465.82,890.63,4.91,10.30,-4.08,-13.65,-134.85,-101.85,28.4
2026/05/04 22:03:46.71,IMU,158.20,445.80,888.67,7.18,10.05,-5.64,-12.30,-133.80,-104.10,28.4
2026/05/04 22:03:46.81,IMU,157.71,440.43,896.97,5.63,7.19,-4.39,-12.30,-134.55,-98.70,28.6
2026/05/04 22:03:46.91,IMU,155.27,457.03,900.88,3.93,10.21,-4.81,-11.55,-135.30,-93.90,28.6
2026/05/04 22:03:47.01,IMU,149.41,446.29,896.48,5.50,9.87,-2.59,-9.90,-133.95,-88.05,28.4
2026/05/04 22:03:47.15,IMU,143.07,449.22,891.11,5.11,9.12,-4.07,-5.40,-131.25,-85.80,28.5
2026/05/04 22:03:47.25,IMU,162.60,448.73,890.14,4.96,9.27,-6.74,-1.95,-129.90,-88.50,28.7
2026/05/04 22:03:47.35,IMU,157.71,452.15,883.79,4.97,11.87,-5.99,-1.20,-128.10,-92.55,28.6
2026/05/04 22:03:47.45,IMU,151.37,466.80,933.11,2.98,8.97,-7.56,-2.25,-127.35,-100.05,28.6
2026/05/04 22:03:47.55,IMU,136.23,423.83,861.33,6.62,9.38,-7.08,-2.55,-128.70,-103.50,28.3
2026/05/04 22:03:47.65,IMU,148.93,471.68,908.69,3.83,5.77,-8.64,-1.20,-129.15,-105.15,28.4
2026/05/04 22:03:47.75,IMU,146.00,442.38,859.86,2.82,5.73,-3.94,-2.85,-127.50,-107.55,28.7
2026/05/04 22:03:47.85,IMU,149.41,444.82,895.02,4.09,4.69,-6.92,-1.35,-126.75,-106.80,28.4
2026/05/04 22:03:47.95,IMU,136.72,420.41,819.82,3.31,3.57,-4.50,-2.10,-128.70,-107.85,28.6
2026/05/04 22:03:48.05,IMU,135.25,454.59,879.88,0.36,3.70,-5.56,-1.65,-128.40,-107.25,28.4
2026/05/04 22:03:48.15,IMU,143.55,437.01,861.33,0.86,1.15,-4.34,-2.25,-126.90,-108.45,28.6
2026/05/04 22:03:48.25,IMU,135.74,423.83,835.94,-0.31,0.44,-2.98,-2.10,-127.50,-108.15,28.6
2026/05/04 22:03:48.35,IMU,152.34,434.08,887.70,1.49,-2.49,-0.76,-2.70,-127.35,-106.95,28.6
2026/05/04 22:03:48.46,IMU,147.46,429.69,839.84,0.35,-4.08,-1.17,-3.00,-127.65,-107.70,28.4
2026/05/04 22:03:48.58,IMU,142.09,438.96,864.75,-2.71,-5.31,0.11,-1.95,-127.65,-108.75,28.6
2026/05/04 22:03:48.68,IMU,145.51,441.41,878.42,0.66,-6.90,-3.29,-2.25,-128.10,-108.75,28.6
2026/05/04 22:03:48.78,IMU,138.18,437.50,864.75,-3.73,-7.23,0.53,-4.20,-127.35,-106.65,28.5
2026/05/04 22:03:48.88,IMU,166.99,449.22,879.39,-3.75,-11.61,0.60,-4.65,-131.25,-104.25,28.6
2026/05/04 22:03:48.98,IMU,152.83,445.80,869.63,-2.50,-10.95,2.16,-1.65,-128.85,-105.45,28.6
2026/05/04 22:03:49.08,IMU,159.18,437.50,884.28,-4.46,-9.91,1.38,-1.35,-128.70,-102.75,28.7
2026/05/04 22:03:49.18,IMU,167.97,450.68,901.37,-4.58,-9.97,3.33,-2.10,-126.75,-99.60,28.6
2026/05/04 22:03:49.28,IMU,151.86,452.64,895.02,-3.24,-11.02,2.66,-2.85,-128.70,-93.00,28.7
2026/05/04 22:03:49.38,IMU,165.04,451.66,900.39,-4.27,-12.60,1.47,-4.50,-130.35,-89.25,28.4
2026/05/04 22:03:49.48,IMU,154.79,460.94,904.30,-4.40,-11.61,2.47,-7.95,-130.20,-84.00,28.7
2026/05/04 22:03:49.58,IMU,142.09,458.01,903.32,-3.06,-12.98,2.82,-11.70,-132.75,-83.25,28.7
2026/05/04 22:03:49.70,IMU,147.95,450.68,896.00,-3.95,-11.23,0.83,-14.85,-131.70,-90.15,28.7
2026/05/04 22:03:49.80,IMU,161.13,450.68,889.16,-4.76,-10.66,4.66,-14.40,-133.80,-97.95,28.4
2026/05/04 22:03:49.90,IMU,147.95,447.27,911.62,-3.98,-10.22,0.34,-14.85,-132.60,-101.85,28.5
2026/05/04 22:03:50.01,IMU,148.93,436.52,883.30,-3.40,-11.28,1.75,-14.40,-131.55,-105.45,28.6
2026/05/04 22:03:50.11,IMU,156.25,449.22,886.23,-2.31,-11.32,1.39,-15.60,-131.55,-105.90,28.8
2026/05/04 22:03:50.21,IMU,135.74,449.22,868.16,-3.05,-8.22,-0.20,-16.50,-131.25,-106.35,28.7
2026/05/04 22:03:50.31,IMU,157.23,445.31,884.77,-2.42,-4.54,0.02,-15.60,-130.35,-104.10,28.8
2026/05/04 22:03:50.41,IMU,159.67,429.20,866.70,-0.79,-7.40,-2.79,-16.50,-130.95,-105.30,28.5
2026/05/04 22:03:50.51,IMU,137.70,441.89,853.03,-2.08,-4.21,-1.78,-17.40,-130.80,-104.10,28.8
2026/05/04 22:03:50.61,IMU,145.02,437.01,855.96,-1.15,-3.50,-1.11,-19.95,-130.80,-102.60,28.4
2026/05/04 22:03:50.71,IMU,141.11,426.76,855.47,-0.47,-2.44,-1.60,-16.50,-129.75,-105.75,28.6
2026/05/04 22:03:50.81,IMU,146.97,449.22,855.47,-0.30,-1.58,-3.69,-17.70,-130.80,-105.45,28.4
2026/05/04 22:03:50.91,IMU,158.20,417.48,849.61,-0.55,2.83,-6.21,-17.40,-129.60,-105.90,28.7
2026/05/04 22:03:51.01,IMU,154.30,431.15,858.89,1.42,1.08,-7.49,-17.10,-128.85,-107.25,28.6
2026/05/04 22:03:51.11,IMU,149.41,426.27,875.00,1.66,5.63,-7.89,-17.25,-129.45,-106.80,28.6
2026/05/04 22:03:51.22,IMU,150.39,453.61,875.98,0.88,6.47,-7.85,-16.50,-130.95,-106.35,28.7
2026/05/04 22:03:51.32,IMU,164.55,437.50,879.88,0.34,6.53,-9.79,-15.90,-131.10,-107.25,28.6
2026/05/04 22:03:51.42,IMU,149.41,445.31,883.30,1.95,6.30,-9.69,-16.50,-131.25,-105.30,28.7
2026/05/04 22:03:51.52,IMU,154.79,447.75,885.74,0.69,6.95,-8.44,-16.65,-132.30,-105.45,28.6
2026/05/04 22:03:51.62,IMU,146.97,453.13,905.76,-0.94,9.99,-11.11,-16.50,-133.65,-101.70,28.6
2026/05/04 22:03:51.72,IMU,157.71,457.52,887.21,0.44,6.75,-11.71,-17.55,-133.20,-96.30,28.6
2026/05/04 22:03:51.82,IMU,158.20,443.85,897.95,-2.08,8.89,-7.60,-14.40,-133.35,-90.75,28.7
2026/05/04 22:03:51.92,IMU,155.27,443.36,886.72,-1.34,7.11,-10.51,-13.20,-132.75,-86.55,28.4
2026/05/04 22:03:52.03,IMU,146.00,453.61,916.02,3.17,12.48,-9.69,-10.20,-130.95,-88.35,28.5
2026/05/04 22:03:52.13,IMU,161.62,457.03,904.79,0.39,7.58,-10.65,-7.65,-130.50,-92.70,28.4
2026/05/04 22:03:52.23,IMU,147.95,443.85,888.18,1.21,10.01,-11.54,-7.65,-130.95,-99.15,28.7
2026/05/04 22:03:52.35,IMU,152.83,451.17,890.63,0.75,6.58,-9.36,-6.75,-129.15,-102.30,28.6
2026/05/04 22:03:52.45,IMU,145.02,434.57,869.63,-2.07,6.13,-10.30,-6.15,-129.00,-105.75,28.6
2026/05/04 22:03:52.55,IMU,156.74,441.41,868.16,2.35,3.43,-6.63,-7.50,-128.10,-106.65,28.6
2026/05/04 22:03:52.65,IMU,139.65,436.52,870.12,-0.40,6.58,-10.79,-7.05,-127.65,-105.90,28.7
2026/05/04 22:03:52.75,IMU,123.54,429.20,872.07,1.24,2.67,-8.17,-7.95,-128.25,-108.60,28.6
2026/05/04 22:03:52.85,IMU,151.86,432.13,863.77,2.09,2.89,-7.02,-5.70,-129.60,-108.45,28.6
2026/05/04 22:03:52.95,IMU,138.67,431.64,867.19,-1.84,-1.36,-3.98,-6.00,-129.15,-108.00,28.6
2026/05/04 22:03:53.05,IMU,151.37,427.73,857.42,-0.39,-0.69,-2.67,-7.05,-127.65,-108.75,28.7
2026/05/04 22:03:53.15,IMU,141.60,440.43,862.30,1.76,-2.47,-6.85,-6.60,-127.05,-108.60,28.6
2026/05/04 22:03:53.25,IMU,132.81,423.34,854.00,1.72,-5.48,-5.59,-7.05,-127.35,-107.70,28.6
2026/05/04 22:03:53.35,IMU,143.07,418.95,866.21,0.47,-5.05,-8.55,-6.90,-129.75,-107.55,28.5
2026/05/04 22:03:53.45,IMU,150.88,437.50,860.35,-0.50,-7.61,-2.48,-7.05,-128.85,-108.75,28.8
2026/05/04 22:03:53.55,IMU,155.27,434.57,870.12,-2.60,-9.13,-3.93,-9.15,-128.70,-106.80,28.6
2026/05/04 22:03:53.65,IMU,141.60,445.80,882.32,1.96,-12.37,-2.86,-9.00,-129.15,-106.65,28.6
2026/05/04 22:03:53.78,IMU,130.86,436.04,882.32,-0.69,-8.94,0.30,-8.70,-129.45,-105.75,28.6
2026/05/04 22:03:53.88,IMU,143.55,448.73,887.21,0.42,-12.74,-0.80,-9.00,-129.90,-104.10,28.7
2026/05/04 22:03:53.98,IMU,142.58,447.27,894.53,1.28,-12.95,-0.52,-8.40,-129.75,-102.00,28.6
2026/05/04 22:03:54.08,IMU,149.90,457.03,896.97,0.18,-12.82,0.09,-10.95,-129.45,-97.35,28.8
2026/05/04 22:03:54.18,IMU,164.06,446.78,910.64,1.57,-14.65,1.44,-12.30,-128.85,-92.10,28.6
2026/05/04 22:03:54.28,IMU,166.99,443.36,889.65,2.22,-12.50,-2.27,-15.15,-128.10,-87.45,28.6
2026/05/04 22:03:54.38,IMU,161.62,462.89,902.83,0.02,-12.81,3.72,-19.95,-128.85,-88.20,28.8
2026/05/04 22:03:54.48,IMU,146.97,452.15,898.44,1.97,-12.31,0.66,-19.20,-129.60,-90.30,28.6
2026/05/04 22:03:54.58,IMU,168.95,452.64,901.37,-1.47,-14.92,0.49,-22.05,-130.20,-98.40,28.8
2026/05/04 22:03:54.68,IMU,142.09,458.01,903.81,0.79,-9.93,-1.11,-22.50,-127.35,-104.10,28.7
2026/05/04 22:03:54.78,IMU,150.39,449.22,891.60,1.90,-11.05,-0.67,-22.50,-127.35,-108.75,28.6
2026/05/04 22:03:54.91,IMU,152.34,444.34,882.32,1.17,-10.24,-2.45,-20.55,-126.00,-109.65,28.6
2026/05/04 22:03:55.01,IMU,146.48,434.08,873.05,1.71,-9.53,-0.95,-21.30,-126.00,-109.35,28.8
2026/05/04 22:03:55.11,IMU,151.86,436.52,874.02,-0.27,-5.92,-4.15,-21.75,-125.10,-109.50,28.7
2026/05/04 22:03:55.21,IMU,134.28,440.92,869.63,1.07,-8.17,-0.89,-20.70,-125.10,-109.50,28.6
2026/05/04 22:03:55.31,IMU,151.86,449.22,873.54,-1.02,-3.79,-3.69,-22.80,-123.75,-109.35,28.8
2026/05/04 22:03:55.41,IMU,138.67,431.64,864.75,0.79,-5.92,-1.28,-22.35,-124.80,-109.95,28.7
2026/05/04 22:03:55.51,IMU,148.44,433.11,866.70,-1.79,-3.06,-6.04,-23.70,-123.90,-110.25,28.7
2026/05/04 22:03:55.61,IMU,142.09,439.45,859.38,-1.46,-1.70,-3.40,-22.80,-123.75,-110.70,28.5
2026/05/04 22:03:55.72,IMU,144.53,437.50,850.59,-3.89,-0.79,-2.93,-22.20,-123.90,-109.05,28.7
2026/05/04 22:03:55.82,IMU,142.09,437.99,857.91,-1.47,1.37,-4.32,-22.95,-123.90,-110.55,28.8
2026/05/04 22:03:55.92,IMU,148.93,441.41,874.02,-2.53,3.27,-4.82,-22.20,-122.40,-110.25,28.7
2026/05/04 22:03:56.02,IMU,157.23,436.04,871.58,-1.37,6.07,-4.62,-22.05,-124.05,-110.40,28.6
2026/05/04 22:03:56.12,IMU,148.93,443.85,890.63,-1.81,8.21,-8.41,-23.10,-123.75,-109.35,28.6
2026/05/04 22:03:56.22,IMU,160.64,439.45,885.25,-3.27,9.34,-3.56,-22.05,-124.80,-110.70,28.7
2026/05/04 22:03:56.32,IMU,150.88,458.50,880.86,-2.53,6.59,-9.85,-22.05,-124.80,-109.65,28.8
2026/05/04 22:03:56.42,IMU,154.30,448.73,893.55,-2.75,9.92,-7.36,-23.70,-126.90,-106.20,28.6
2026/05/04 22:03:56.52,IMU,150.88,448.24,882.81,-3.60,8.81,-6.86,-24.75,-127.35,-102.30,28.6
2026/05/04 22:03:56.62,IMU,148.44,448.73,896.00,-6.35,9.89,-5.87,-23.55,-126.30,-96.00,28.8
2026/05/04 22:03:56.72,IMU,154.79,433.11,895.51,-3.82,10.85,-4.79,-23.10,-126.30,-92.70,28.5
2026/05/04 22:03:56.82,IMU,147.46,445.31,896.00,-2.56,9.40,-10.13,-19.65,-128.85,-92.55,28.8
2026/05/04 22:03:56.93,IMU,156.25,454.59,893.07,-2.50,9.16,-5.90,-15.45,-128.70,-96.30,28.8
2026/05/04 22:03:57.03,IMU,159.18,443.36,894.04,-2.47,8.02,-6.54,-14.10,-128.40,-100.05,28.7
2026/05/04 22:03:57.13,IMU,155.76,455.57,886.72,-2.41,7.82,-7.47,-14.40,-128.40,-102.30,28.9
2026/05/04 22:03:57.24,IMU,151.86,443.85,880.37,-3.35,8.20,-5.97,-11.70,-129.00,-106.80,28.7
2026/05/04 22:03:57.34,IMU,149.41,431.15,887.70,-4.04,7.44,-4.86,-14.70,-127.95,-109.35,28.7
2026/05/04 22:03:57.44,IMU,138.67,443.36,872.07,-2.53,6.97,-5.73,-12.75,-127.95,-108.90,28.5
2026/05/04 22:03:57.55,IMU,151.37,429.20,879.88,-2.34,5.98,-4.60,-12.60,-127.35,-109.05,28.5
2026/05/04 22:03:57.65,IMU,149.90,429.20,866.21,-1.47,3.60,-3.95,-12.45,-128.70,-108.60,28.8
2026/05/04 22:03:57.75,IMU,138.67,436.52,856.93,-1.47,4.60,-4.80,-13.65,-127.35,-109.05,28.6
2026/05/04 22:03:57.85,IMU,136.23,427.73,868.16,-0.32,-0.10,-0.25,-13.20,-127.05,-110.40,28.8
2026/05/04 22:03:57.95,IMU,149.41,427.25,864.75,1.07,1.78,0.21,-13.35,-127.65,-110.25,28.8
2026/05/04 22:03:58.05,IMU,144.04,441.89,864.75,-0.55,-2.11,-2.40,-12.30,-126.90,-109.80,28.7
2026/05/04 22:03:58.15,IMU,142.09,428.71,857.42,1.90,-1.82,0.98,-14.40,-129.90,-106.20,28.6
2026/05/04 22:03:58.25,IMU,130.86,433.59,862.30,1.01,-2.85,2.16,-13.05,-129.15,-108.75,28.8
2026/05/04 22:03:58.35,IMU,146.48,431.15,869.14,2.67,-7.77,4.34,-11.85,-127.65,-108.00,28.9
2026/05/04 22:03:58.45,IMU,135.25,426.27,871.09,2.81,-3.37,-0.50,-12.00,-127.50,-109.35,28.5
2026/05/04 22:03:58.55,IMU,144.04,446.29,868.16,2.91,-8.35,-0.48,-12.30,-127.65,-107.70,28.8
2026/05/04 22:03:58.65,IMU,145.02,450.20,888.67,3.79,-10.34,2.24,-13.20,-127.95,-106.35,28.7
2026/05/04 22:03:58.75,IMU,146.97,452.15,893.07,3.62,-8.21,5.34,-13.20,-128.70,-104.55,28.7
2026/05/04 22:03:58.85,IMU,146.00,455.57,897.46,2.68,-9.18,4.56,-13.50,-128.70,-100.65,29.0
2026/05/04 22:03:58.95,IMU,154.79,443.36,891.11,3.35,-10.32,5.28,-16.35,-128.40,-96.45,28.8
2026/05/04 22:03:59.05,IMU,131.84,452.64,900.39,5.55,-11.81,4.80,-17.70,-126.60,-91.35,28.7
2026/05/04 22:03:59.15,IMU,155.76,453.61,901.86,3.02,-10.42,5.53,-22.05,-126.00,-90.90,28.8
2026/05/04 22:03:59.26,IMU,145.02,434.08,891.60,3.84,-8.19,3.97,-22.80,-125.55,-92.40,28.9
2026/05/04 22:03:59.36,IMU,155.76,455.57,879.88,6.88,-10.37,5.15,-25.50,-125.10,-96.45,28.8
2026/05/04 22:03:59.46,IMU,145.02,446.29,886.23,2.90,-8.74,3.24,-25.65,-124.80,-102.00,28.8
2026/05/04 22:03:59.59,IMU,154.79,443.36,890.63,4.42,-11.72,5.18,-24.00,-125.10,-110.25,28.6
2026/05/04 22:03:59.69,IMU,163.57,439.94,891.11,3.08,-7.73,5.09,-22.80,-124.05,-111.15,28.7
2026/05/04 22:03:59.79,IMU,143.07,439.94,884.77,4.06,-9.56,5.24,-22.50,-122.70,-110.55,28.8
2026/05/04 22:03:59.89,IMU,153.81,443.36,872.56,3.75,-6.26,4.50,-23.25,-122.70,-109.80,28.7
2026/05/04 22:03:59.99,IMU,150.39,436.04,869.14,3.58,-4.48,3.56,-22.50,-122.40,-111.60,28.8
2026/05/04 22:04:00.09,IMU,152.34,421.39,865.72,3.24,-3.86,1.44,-24.00,-122.40,-112.35,28.7
2026/05/04 22:04:00.20,IMU,131.35,442.38,866.70,0.37,0.58,3.31,-27.30,-123.90,-106.65,28.7
2026/05/04 22:04:00.30,IMU,147.95,433.11,864.75,0.47,-0.66,3.85,-22.50,-121.95,-110.85,28.5
2026/05/04 22:04:00.40,IMU,145.02,432.13,851.56,0.90,0.15,3.05,-22.95,-123.15,-110.25,28.9
2026/05/04 22:04:00.50,IMU,146.97,443.36,862.79,0.69,5.02,0.15,-23.25,-122.70,-110.25,28.6
2026/05/04 22:04:00.60,IMU,138.67,429.69,846.68,-0.45,5.27,0.95,-21.45,-122.70,-110.55,28.8
2026/05/04 22:04:00.71,IMU,139.65,446.29,879.88,-0.05,7.69,-2.75,-22.20,-123.45,-110.55,28.7
2026/05/04 22:04:00.81,IMU,153.32,416.02,869.14,-2.10,9.44,-1.73,-22.50,-123.90,-110.85,28.6
2026/05/04 22:04:00.91,IMU,158.20,438.48,879.88,-1.62,11.33,-1.30,-22.95,-123.45,-112.35,28.7
2026/05/04 22:04:01.02,IMU,170.41,452.15,880.86,-0.60,11.40,-0.74,-21.75,-125.85,-110.55,28.8
2026/05/04 22:04:01.12,IMU,136.23,443.85,885.25,-3.59,10.87,-1.25,-22.50,-125.40,-108.45,28.9
2026/05/04 22:04:01.22,IMU,146.97,457.03,896.97,-2.42,11.71,-3.47,-27.15,-129.00,-102.75,29.0
2026/05/04 22:04:01.34,IMU,159.18,451.66,885.25,-2.25,12.18,-0.65,-21.75,-129.90,-98.70,28.8
2026/05/04 22:04:01.44,IMU,146.00,456.05,887.21,-1.34,14.70,-3.15,-22.35,-128.70,-96.60,28.9
2026/05/04 22:04:01.54,IMU,154.79,450.20,886.72,-0.98,13.83,-4.92,-22.80,-129.45,-93.45,28.9
2026/05/04 22:04:01.64,IMU,144.04,449.71,898.44,-2.71,12.20,1.32,-17.25,-129.00,-92.40,28.7
2026/05/04 22:04:01.74,IMU,169.43,439.45,906.25,-2.56,13.73,1.16,-14.25,-129.45,-94.50,28.8
2026/05/04 22:04:01.84,IMU,145.51,443.85,905.27,-1.78,14.50,-0.93,-11.70,-129.75,-98.40,29.1
2026/05/04 22:04:01.94,IMU,142.09,440.92,891.11,-0.05,12.66,1.34,-11.40,-129.45,-103.50,28.7
2026/05/04 22:04:02.04,IMU,149.90,443.85,876.46,-0.97,10.66,-1.16,-12.30,-128.85,-105.45,28.8
2026/05/04 22:04:02.17,IMU,153.81,433.59,876.46,-0.46,9.91,-0.60,-11.10,-129.15,-108.75,28.9
2026/05/04 22:04:02.27,IMU,155.76,428.22,877.93,-0.76,7.98,-0.92,-10.95,-128.70,-108.60,28.9
2026/05/04 22:04:02.37,IMU,138.67,426.76,868.16,-1.02,7.34,1.15,-9.15,-128.25,-107.85,29.0
2026/05/04 22:04:02.47,IMU,138.18,439.45,861.33,-1.66,7.47,1.30,-9.90,-127.05,-110.40,28.9
2026/05/04 22:04:02.57,IMU,152.34,439.45,875.98,-0.49,4.45,2.99,-11.40,-129.45,-107.85,28.6
2026/05/04 22:04:02.67,IMU,137.70,445.31,875.00,0.79,3.36,1.80,-11.55,-128.10,-108.75,28.9
2026/05/04 22:04:02.77,IMU,134.77,429.69,864.26,1.45,1.46,8.00,-12.30,-129.60,-104.85,28.8
2026/05/04 22:04:02.87,IMU,145.02,442.38,867.19,3.67,-1.38,2.70,-10.05,-128.10,-109.05,28.8
2026/05/04 22:04:02.97,IMU,128.42,443.36,861.82,2.27,-1.13,5.50,-10.05,-127.35,-107.70,28.8
2026/05/04 22:04:03.07,IMU,146.00,436.04,875.98,0.76,-1.39,5.97,-10.05,-128.40,-107.70,28.6
2026/05/04 22:04:03.17,IMU,145.02,431.64,867.19,1.82,-1.10,8.51,-9.45,-128.70,-107.85,28.8
2026/05/04 22:04:03.27,IMU,141.60,448.24,885.25,1.47,-4.31,6.69,-12.45,-131.25,-105.75,29.0
2026/05/04 22:04:03.37,IMU,148.44,431.64,877.44,2.76,-4.12,6.82,-10.05,-127.65,-106.20,28.6
2026/05/04 22:04:03.47,IMU,143.55,441.89,884.77,2.64,-6.55,8.63,-9.15,-128.25,-103.95,28.8
2026/05/04 22:04:03.60,IMU,146.97,446.78,891.60,1.97,-5.69,9.82,-9.00,-131.10,-101.85,28.8
2026/05/04 22:04:03.70,IMU,136.72,447.27,884.77,2.49,-6.51,10.05,-9.90,-130.20,-97.80,29.1
2026/05/04 22:04:03.80,IMU,156.74,451.66,892.58,3.00,-6.98,9.29,-10.95,-129.75,-91.95,28.6
2026/05/04 22:04:03.90,IMU,147.46,441.41,887.70,0.73,-8.10,12.41,-15.60,-128.10,-89.55,28.8
2026/05/04 22:04:04.00,IMU,154.30,458.50,905.76,3.31,-9.76,13.47,-17.40,-128.10,-88.50,28.9
2026/05/04 22:04:04.10,IMU,149.90,447.75,895.51,1.76,-9.05,10.76,-17.40,-129.60,-91.05,28.9
2026/05/04 22:04:04.20,IMU,144.04,451.66,892.58,1.11,-5.06,15.30,-23.10,-130.50,-91.95,28.9
2026/05/04 22:04:04.30,IMU,152.34,451.66,884.28,1.53,-6.47,9.66,-22.50,-131.85,-99.00,28.7
2026/05/04 22:04:04.40,IMU,159.18,449.71,880.37,1.99,-7.30,10.21,-19.95,-129.60,-104.85,28.9
2026/05/04 22:04:04.50,IMU,157.23,451.17,896.97,2.30,-5.31,5.79,-18.45,-128.85,-105.45,28.8
2026/05/04 22:04:04.60,IMU,149.90,443.85,885.74,-0.36,-3.63,9.06,-19.05,-129.75,-108.90,28.8
2026/05/04 22:04:04.70,IMU,155.27,428.22,873.05,0.51,-4.24,7.05,-19.20,-129.60,-107.25,28.6
2026/05/04 22:04:04.80,IMU,154.79,421.39,859.86,1.11,-2.40,7.54,-18.90,-128.10,-106.95,28.8
2026/05/04 22:04:04.90,IMU,149.41,449.71,876.95,0.64,0.02,9.59,-19.50,-127.50,-107.10,28.7
2026/05/04 22:04:05.00,IMU,136.72,424.80,854.49,0.71,-1.15,6.95,-18.90,-128.85,-107.25,28.9
2026/05/04 22:04:05.10,IMU,142.58,434.57,848.14,-0.56,1.05,4.80,-18.45,-128.40,-107.25,29.0
2026/05/04 22:04:05.21,IMU,151.86,434.08,871.09,1.34,2.56,4.71,-18.15,-127.65,-106.95,28.9
2026/05/04 22:04:05.33,IMU,157.71,443.85,850.59,1.69,5.69,6.95,-23.70,-131.85,-103.35,28.8
2026/05/04 22:04:05.43,IMU,134.28,439.45,866.70,1.37,7.60,-0.40,-18.30,-128.70,-107.10,28.8
2026/05/04 22:04:05.53,IMU,152.83,434.08,865.72,3.25,9.89,1.89,-16.80,-129.75,-106.80,29.0
2026/05/04 22:04:05.65,IMU,162.60,447.27,865.23,2.18,10.57,3.29,-16.80,-130.20,-106.05,28.9
2026/05/04 22:04:05.75,IMU,154.79,431.15,873.54,1.23,9.53,1.13,-15.90,-129.60,-106.20,29.0
2026/05/04 22:04:05.85,IMU,149.90,429.69,889.16,2.72,10.28,2.54,-17.55,-129.75,-106.35,28.8
2026/05/04 22:04:05.95,IMU,154.79,448.73,868.16,3.11,11.32,2.87,-16.65,-133.80,-105.90,28.8
2026/05/04 22:04:06.05,IMU,161.13,445.80,882.32,2.82,13.43,1.00,-15.00,-131.25,-102.00,28.9
2026/05/04 22:04:06.15,IMU,162.60,453.13,892.09,5.07,14.82,-1.04,-15.75,-133.95,-99.15,29.0
2026/05/04 22:04:06.26,IMU,140.14,446.29,887.21,5.10,12.19,-1.41,-12.45,-133.65,-93.00,29.0
2026/05/04 22:04:06.36,IMU,140.63,446.29,901.86,3.15,14.58,-0.58,-15.90,-136.05,-84.60,29.0
2026/05/04 22:04:06.46,IMU,154.79,443.36,881.84,2.97,13.28,-0.69,-9.90,-132.45,-90.15,28.7
2026/05/04 22:04:06.56,IMU,152.83,460.94,888.18,3.58,11.98,-0.85,-7.35,-130.20,-92.70,28.9
2026/05/04 22:04:06.66,IMU,162.11,444.34,900.39,2.59,13.65,-1.98,-5.25,-130.80,-97.20,28.7
2026/05/04 22:04:06.76,IMU,155.27,440.43,894.04,3.70,11.48,-1.08,-3.90,-128.25,-100.65,28.8
2026/05/04 22:04:06.86,IMU,147.95,434.08,871.58,3.28,9.89,-1.71,-3.75,-129.90,-103.65,28.9
2026/05/04 22:04:06.96,IMU,133.79,443.36,884.28,4.25,9.30,1.21,-4.20,-130.35,-103.65,29.0
2026/05/04 22:04:07.06,IMU,144.04,437.01,864.26,2.95,8.07,1.95,-3.00,-128.40,-106.65,28.9
2026/05/04 22:04:07.16,IMU,149.41,435.55,885.25,2.78,7.73,0.92,-3.30,-128.25,-106.05,28.8
2026/05/04 22:04:07.26,IMU,146.00,435.55,880.86,3.93,5.53,1.11,-4.20,-127.65,-108.00,29.1
2026/05/04 22:04:07.40,IMU,146.97,438.96,854.49,4.34,3.22,3.81,-7.35,-129.75,-103.95,29.0
2026/05/04 22:04:07.50,IMU,149.90,428.22,868.65,1.60,2.81,2.66,-3.30,-127.95,-108.15,28.8
2026/05/04 22:04:07.60,IMU,148.44,430.18,853.52,2.89,0.12,1.73,-3.75,-128.85,-107.70,28.9
2026/05/04 22:04:07.70,IMU,137.70,434.57,867.68,1.05,2.31,8.54,-3.75,-128.40,-108.75,29.0
2026/05/04 22:04:07.80,IMU,152.83,437.50,865.23,0.91,-0.29,5.08,-4.65,-129.45,-107.85,29.0
2026/05/04 22:04:07.90,IMU,145.02,432.62,850.59,-0.91,-1.40,4.98,-1.65,-128.85,-107.70,28.8
2026/05/04 22:04:08.00,IMU,139.16,435.55,870.12,-0.07,-1.73,5.85,-3.00,-128.40,-106.65,29.0
2026/05/04 22:04:08.10,IMU,138.67,436.04,884.28,-1.23,-2.89,9.31,-3.45,-128.85,-106.95,29.0
2026/05/04 22:04:08.20,IMU,147.95,453.13,888.18,-0.26,-5.76,8.27,-1.80,-128.70,-106.80,28.7
2026/05/04 22:04:08.30,IMU,148.44,432.62,885.25,-3.04,-7.52,8.85,-2.55,-127.50,-104.55,28.8
2026/05/04 22:04:08.40,IMU,155.76,453.61,883.30,-1.11,-8.36,8.49,-2.85,-127.95,-100.20,28.8
2026/05/04 22:04:08.50,IMU,161.13,441.41,904.30,-2.13,-8.44,6.79,-3.30,-127.95,-97.05,29.0
2026/05/04 22:04:08.60,IMU,157.23,451.66,897.46,-3.21,-8.53,7.98,-3.90,-129.00,-92.40,28.9
2026/05/04 22:04:08.70,IMU,154.30,446.29,896.48,-1.94,-6.20,9.40,-4.50,-129.15,-88.50,29.0
2026/05/04 22:04:08.81,IMU,146.97,440.92,900.88,-3.23,-7.08,5.32,-6.60,-130.20,-85.50,29.1
2026/05/04 22:04:08.91,IMU,160.16,461.91,916.99,-3.69,-8.91,8.56,-9.75,-131.55,-90.00,29.1
2026/05/04 22:04:09.01,IMU,149.41,461.43,893.07,-3.18,-6.13,10.30,-10.65,-133.65,-92.40,29.0
2026/05/04 22:04:09.11,IMU,144.53,449.71,866.70,-3.22,-7.48,10.07,-13.05,-133.80,-97.95,28.8
2026/05/04 22:04:09.21,IMU,151.37,461.43,889.65,-1.62,-6.79,8.58,-14.25,-134.70,-102.00,28.9
2026/05/04 22:04:09.32,IMU,142.09,450.68,881.84,-2.92,-3.85,5.63,-12.45,-133.65,-103.50,28.9
2026/05/04 22:04:09.42,IMU,141.11,431.15,870.61,-2.31,-5.34,6.57,-12.45,-131.70,-105.00,28.8
2026/05/04 22:04:09.52,IMU,149.90,441.41,886.23,-3.85,-2.89,3.21,-12.75,-132.75,-105.30,28.9
2026/05/04 22:04:09.62,IMU,146.48,438.96,861.33,-2.00,-1.30,3.44,-13.50,-132.75,-104.25,28.8
2026/05/04 22:04:09.74,IMU,149.41,425.78,872.56,-1.00,1.05,6.40,-13.20,-132.45,-105.75,28.9
2026/05/04 22:04:09.84,IMU,132.81,421.88,850.10,1.66,-0.98,3.90,-12.60,-131.55,-104.85,29.0
2026/05/04 22:04:09.94,IMU,156.25,444.82,871.09,-1.34,0.27,0.99,-11.10,-131.55,-104.40,28.8
2026/05/04 22:04:10.04,IMU,133.79,425.78,849.61,1.40,-0.51,1.27,-13.20,-131.70,-105.00,28.9
2026/05/04 22:04:10.14,IMU,160.64,452.64,880.37,1.93,1.21,2.11,-13.05,-133.05,-104.85,29.1
2026/05/04 22:04:10.24,IMU,137.21,424.32,855.47,1.56,3.46,0.03,-13.05,-132.30,-104.40,29.0
2026/05/04 22:04:10.34,IMU,150.39,445.80,871.09,1.98,6.22,-0.98,-13.50,-131.70,-105.75,29.1
2026/05/04 22:04:10.44,IMU,130.86,418.95,873.54,1.38,5.24,-0.42,-10.20,-131.70,-103.95,28.9
2026/05/04 22:04:10.57,IMU,153.32,450.20,871.58,3.53,8.02,-3.80,-11.40,-132.00,-104.25,29.0
2026/05/04 22:04:10.67,IMU,151.86,450.68,895.02,3.27,7.16,-2.03,-11.85,-133.35,-104.10,29.0
2026/05/04 22:04:10.77,IMU,152.83,438.96,877.93,4.34,8.94,-5.53,-11.40,-133.95,-102.75,28.9
2026/05/04 22:04:10.87,IMU,161.62,462.89,892.58,3.48,9.73,-0.65,-11.10,-135.30,-99.75,29.0
2026/05/04 22:04:10.97,IMU,165.53,443.36,893.55,5.24,8.85,-5.91,-9.45,-133.65,-96.00,28.8
2026/05/04 22:04:11.07,IMU,155.76,429.20,896.00,7.73,10.66,-4.17,-7.50,-133.35,-91.80,28.9
2026/05/04 22:04:11.17,IMU,150.39,456.05,897.95,6.73,8.22,-7.05,-8.25,-132.60,-87.45,28.9
2026/05/04 22:04:11.27,IMU,160.16,458.98,896.97,4.52,11.44,-5.04,-3.60,-130.95,-91.95,29.0
2026/05/04 22:04:11.38,IMU,159.18,456.54,897.95,3.43,8.89,-5.19,-2.25,-128.40,-93.30,29.1
2026/05/04 22:04:11.48,IMU,148.44,429.69,882.81,3.57,7.82,-8.34,-1.05,-127.95,-97.05,29.1
2026/05/04 22:04:11.58,IMU,151.37,444.34,896.00,4.80,9.28,-8.69,-1.65,-128.10,-100.50,29.0
2026/05/04 22:04:11.68,IMU,153.32,440.43,871.09,4.04,8.01,-5.01,-1.05,-128.25,-103.20,28.8
2026/05/04 22:04:11.78,IMU,154.30,443.36,876.46,2.05,6.08,-7.95,-1.20,-127.65,-104.85,29.0
2026/05/04 22:04:11.88,IMU,153.81,438.96,869.14,4.21,5.00,-5.34,-1.80,-127.50,-106.35,28.9
2026/05/04 22:04:11.98,IMU,141.60,435.55,862.30,2.70,5.16,-4.27,-1.20,-129.15,-106.20,29.1
2026/05/04 22:04:12.08,IMU,141.60,427.73,865.72,1.38,2.98,-5.27,-1.05,-128.25,-107.10,29.1
2026/05/04 22:04:12.18,IMU,140.63,430.66,864.26,2.82,1.34,-1.53,-1.80,-127.95,-107.85,28.7
2026/05/04 22:04:12.29,IMU,154.30,437.50,864.75,-0.38,-1.72,-4.50,-1.95,-128.85,-105.90,29.3
2026/05/04 22:04:12.39,IMU,147.95,434.57,857.91,0.32,0.27,0.02,-1.95,-128.40,-106.65,29.0
2026/05/04 22:04:12.49,IMU,142.09,433.11,858.40,-1.31,-4.21,2.98,-1.95,-127.35,-107.25,28.8
2026/05/04 22:04:12.59,IMU,139.16,425.29,870.12,-0.58,-2.81,-1.00,-2.85,-127.95,-106.35,28.9
2026/05/04 22:04:12.69,IMU,142.09,438.48,874.02,-0.14,-5.31,-0.72,-1.35,-127.95,-106.80,29.1
2026/05/04 22:04:12.79,IMU,146.48,437.99,869.14,-1.05,-5.83,1.21,-2.25,-126.15,-107.25,29.1
2026/05/04 22:04:12.89,IMU,153.81,435.55,873.54,-3.71,-9.15,3.22,-2.10,-127.95,-106.35,29.1
2026/05/04 22:04:12.99,IMU,143.55,440.43,888.67,-2.41,-10.28,1.69,-2.70,-128.85,-105.90,29.0
2026/05/04 22:04:13.09,IMU,135.74,446.78,879.39,-5.60,-7.68,0.72,-1.35,-127.50,-103.20,29.1
2026/05/04 22:04:13.19,IMU,146.97,432.62,873.05,-3.08,-8.47,3.10,-6.15,-129.75,-96.60,29.1
2026/05/04 22:04:13.29,IMU,145.02,443.85,887.21,-2.95,-8.73,3.95,-0.60,-127.95,-96.00,28.7
2026/05/04 22:04:13.39,IMU,159.67,443.85,885.74,-6.98,-8.38,2.75,-3.30,-127.95,-93.00,29.2
2026/05/04 22:04:13.49,IMU,155.76,439.94,902.34,-3.49,-10.97,5.31,-5.25,-128.85,-88.95,28.7
2026/05/04 22:04:13.59,IMU,147.46,456.05,899.41,-3.71,-11.29,5.63,-7.95,-129.75,-87.30,29.0
2026/05/04 22:04:13.69,IMU,161.13,452.15,895.51,-4.13,-12.21,1.85,-10.80,-131.10,-87.45,29.0
2026/05/04 22:04:13.79,IMU,148.44,436.04,895.51,-5.96,-9.60,1.70,-12.75,-130.95,-93.00,29.1
2026/05/04 22:04:13.89,IMU,158.69,449.22,878.91,-3.41,-10.92,4.18,-13.20,-133.20,-95.25,29.1
2026/05/04 22:04:13.99,IMU,144.04,451.66,890.14,-3.98,-10.01,4.69,-13.50,-133.20,-101.40,29.1
2026/05/04 22:04:14.09,IMU,135.74,435.06,860.35,-2.92,-8.22,2.92,-14.25,-131.70,-102.75,29.1
2026/05/04 22:04:14.19,IMU,151.37,446.78,885.25,-5.27,-5.92,3.37,-12.60,-131.55,-105.15,28.9
2026/05/04 22:04:14.30,IMU,144.53,437.50,860.35,-2.69,-7.15,1.86,-13.35,-131.10,-104.85,29.0
2026/05/04 22:04:14.40,IMU,162.11,434.08,861.33,-2.77,-1.89,-2.47,-13.35,-133.35,-104.85,28.8
2026/05/04 22:04:14.50,IMU,150.88,432.13,865.23,-3.36,-5.21,2.19,-14.85,-131.85,-105.15,29.1
2026/05/04 22:04:14.62,IMU,131.84,422.36,855.96,-0.48,-3.44,-0.73,-14.85,-131.10,-105.45,28.9
2026/05/04 22:04:14.72,IMU,137.21,437.99,867.19,-2.14,-1.90,-3.13,-14.85,-131.85,-105.45,29.0
2026/05/04 22:04:14.82,IMU,142.09,416.99,847.66,-0.83,-3.40,-2.55,-13.50,-131.70,-105.75,28.9
2026/05/04 22:04:14.93,IMU,144.04,435.06,869.14,1.06,-1.23,-1.42,-15.45,-131.70,-105.00,29.0
2026/05/04 22:04:15.03,IMU,156.25,441.89,853.03,-1.66,3.58,-4.34,-16.80,-131.25,-106.05,29.2
2026/05/04 22:04:15.13,IMU,136.23,427.73,868.65,1.79,2.85,-4.56,-13.95,-130.50,-106.05,28.9
2026/05/04 22:04:15.24,IMU,162.60,441.41,861.33,2.66,6.16,-6.24,-13.65,-130.80,-105.90,29.1
2026/05/04 22:04:15.34,IMU,156.25,439.94,879.39,0.08,3.77,-6.73,-14.10,-131.10,-105.15,29.1
2026/05/04 22:04:15.44,IMU,159.18,426.27,862.79,2.92,6.17,-6.72,-13.95,-132.00,-104.25,29.0
2026/05/04 22:04:15.54,IMU,148.44,452.15,883.79,1.41,5.35,-6.94,-13.05,-133.05,-105.15,29.1
2026/05/04 22:04:15.64,IMU,156.74,443.85,890.14,1.92,6.66,-5.74,-13.05,-133.35,-101.55,29.2
2026/05/04 22:04:15.74,IMU,162.11,440.92,880.37,3.40,11.37,-12.36,-13.35,-132.30,-99.30,28.9
2026/05/04 22:04:15.84,IMU,142.09,451.17,890.63,4.21,8.63,-9.21,-14.10,-133.80,-93.90,28.9
2026/05/04 22:04:15.94,IMU,140.63,454.10,903.81,3.25,9.16,-9.56,-12.45,-132.45,-91.95,29.0
2026/05/04 22:04:16.04,IMU,157.71,443.36,879.39,2.24,9.02,-7.51,-9.45,-132.75,-89.85,29.2
2026/05/04 22:04:16.14,IMU,147.46,449.71,885.74,2.77,10.83,-12.02,-6.90,-130.95,-90.45,28.9
2026/05/04 22:04:16.24,IMU,146.97,449.22,886.72,2.64,7.60,-7.52,-6.15,-129.00,-95.25,29.1
2026/05/04 22:04:16.37,IMU,152.83,446.29,881.35,-1.14,6.68,-5.66,-3.75,-129.60,-99.30,28.7
2026/05/04 22:04:16.47,IMU,159.18,447.27,879.88,2.84,7.03,-11.25,-5.25,-129.90,-102.60,29.0
2026/05/04 22:04:16.57,IMU,156.25,452.15,884.28,1.33,3.49,-10.60,-5.85,-128.70,-103.50,28.7
2026/05/04 22:04:16.67,IMU,147.95,450.20,887.21,1.03,4.37,-6.18,-5.70,-128.40,-106.20,29.1
2026/05/04 22:04:16.77,IMU,147.95,424.80,862.30,0.99,4.41,-6.56,-4.50,-128.40,-105.45,29.1
2026/05/04 22:04:16.87,IMU,130.37,439.94,866.70,-2.23,2.15,-6.79,-4.35,-129.00,-105.00,29.1
2026/05/04 22:04:16.97,IMU,168.95,424.32,864.75,-0.33,2.03,-5.18,-6.90,-130.95,-105.00,29.0
2026/05/04 22:04:17.07,IMU,130.37,440.92,872.07,0.63,0.85,-7.66,-6.00,-128.85,-107.70,28.9
2026/05/04 22:04:17.17,IMU,146.00,440.43,863.28,-0.99,-2.85,-5.25,-5.25,-128.40,-106.95,29.1
2026/05/04 22:04:17.27,IMU,142.09,425.78,870.12,-0.19,-3.26,-7.05,-6.75,-127.35,-108.45,29.2
2026/05/04 22:04:17.37,IMU,142.09,425.78,855.47,-0.06,-4.87,-3.72,-5.85,-129.00,-107.10,28.9
2026/05/04 22:04:17.47,IMU,147.46,435.55,882.32,-1.79,-3.59,-6.18,-5.85,-128.70,-107.85,29.1
2026/05/04 22:04:17.57,IMU,130.86,427.25,873.54,0.72,-6.83,-4.82,-6.30,-128.40,-106.95,29.1
2026/05/04 22:04:17.67,IMU,143.07,440.43,875.49,-2.40,-11.06,-1.91,-7.65,-127.95,-106.05,29.1
2026/05/04 22:04:17.80,IMU,155.27,446.29,878.91,-0.91,-9.50,-0.52,-7.35,-129.45,-104.55,29.0
2026/05/04 22:04:17.90,IMU,131.84,442.87,882.81,-1.14,-8.92,-1.53,-6.00,-128.40,-101.85,29.0
2026/05/04 22:04:18.00,IMU,143.55,438.96,889.65,-1.89,-11.15,-0.71,-7.95,-127.05,-101.70,29.1
2026/05/04 22:04:18.10,IMU,146.48,437.99,894.53,-1.24,-11.64,-3.36,-8.25,-127.65,-96.90,28.9
2026/05/04 22:04:18.20,IMU,142.58,454.10,898.93,-2.67,-12.30,1.83,-9.30,-128.10,-94.35,29.1
2026/05/04 22:04:18.30,IMU,155.27,454.59,891.11,-1.56,-13.99,1.28,-12.75,-127.95,-91.20,29.0
2026/05/04 22:04:18.40,IMU,141.11,437.50,895.51,0.89,-12.05,1.98,-15.00,-130.20,-86.85,29.1
2026/05/04 22:04:18.50,IMU,144.04,447.27,894.04,-0.67,-13.39,0.37,-16.50,-128.25,-92.40,29.1
2026/05/04 22:04:18.60,IMU,146.97,437.01,887.70,-1.43,-12.09,2.05,-18.45,-128.40,-96.45,29.1
2026/05/04 22:04:18.70,IMU,164.55,441.41,881.84,-0.41,-12.24,1.11,-20.10,-129.00,-99.15,29.1
2026/05/04 22:04:18.80,IMU,146.48,450.20,886.23,-0.61,-8.95,0.15,-18.75,-129.00,-102.75,29.1
2026/05/04 22:04:18.90,IMU,159.67,444.34,871.09,1.00,-10.65,3.89,-19.50,-128.70,-106.35,29.1
2026/05/04 22:04:19.00,IMU,150.39,445.31,870.12,-0.25,-8.80,-1.64,-19.05,-127.50,-107.10,28.9
2026/05/04 22:04:19.10,IMU,142.58,441.41,872.07,-0.63,-7.21,-0.37,-19.65,-128.40,-108.45,29.1
2026/05/04 22:04:19.20,IMU,148.93,427.73,866.21,0.60,-6.28,-2.38,-20.10,-127.05,-107.55,29.4
2026/05/04 22:04:19.30,IMU,150.88,451.66,873.05,-1.63,-5.78,2.51,-18.45,-126.90,-106.65,29.1
2026/05/04 22:04:19.40,IMU,151.37,439.94,852.05,0.40,-1.92,-2.11,-19.95,-127.65,-108.75,29.0
2026/05/04 22:04:19.51,IMU,145.51,426.76,855.96,-0.24,-4.57,-1.38,-20.10,-127.05,-107.55,29.0
2026/05/04 22:04:19.61,IMU,142.09,429.69,863.28,-0.34,-1.04,-0.74,-19.05,-127.05,-107.85,29.3
2026/05/04 22:04:19.71,IMU,153.32,416.50,865.72,0.40,0.15,-1.03,-23.25,-128.85,-106.65,29.2
2026/05/04 22:04:19.82,IMU,149.90,438.96,855.47,1.30,4.34,-4.96,-19.95,-127.35,-108.45,29.1
2026/05/04 22:04:19.92,IMU,152.83,446.78,862.30,-1.50,4.32,-1.76,-19.95,-126.60,-109.05,29.2
2026/05/04 22:04:20.02,IMU,144.53,445.80,864.75,1.54,6.90,-4.37,-20.10,-128.25,-109.65,29.1
2026/05/04 22:04:20.12,IMU,147.46,436.52,875.98,1.53,7.32,-4.61,-19.80,-127.95,-107.85,28.9
2026/05/04 22:04:20.22,IMU,134.77,444.34,875.00,-1.30,8.18,-4.21,-19.50,-127.50,-108.15,29.1
2026/05/04 22:04:20.32,IMU,142.58,440.43,874.02,-0.04,9.56,-5.57,-19.50,-127.50,-106.35,29.1
2026/05/04 22:04:20.42,IMU,157.71,445.80,894.53,-1.79,8.50,-3.44,-22.20,-127.65,-102.90,29.4
2026/05/04 22:04:20.52,IMU,149.41,439.94,871.09,-0.16,8.79,-5.73,-21.15,-129.15,-101.85,29.4
2026/05/04 22:04:20.62,IMU,160.64,456.05,884.77,-0.28,10.57,-7.31,-18.75,-130.20,-96.30,29.3
2026/05/04 22:04:20.73,IMU,158.69,433.11,884.77,-0.98,10.52,-8.32,-21.15,-131.85,-91.80,29.3
2026/05/04 22:04:20.83,IMU,141.11,446.78,886.72,1.11,10.46,-4.34,-15.75,-127.50,-91.95,29.3
2026/05/04 22:04:20.97,IMU,154.30,454.10,896.00,-2.38,10.97,-3.08,-12.00,-127.95,-93.75,28.9
2026/05/04 22:04:21.07,IMU,143.07,444.82,896.97,0.18,10.66,-5.92,-10.95,-128.70,-97.05,29.1
2026/05/04 22:04:21.17,IMU,154.30,444.82,890.63,-1.45,8.31,-4.27,-9.15,-129.00,-100.20,29.1
2026/05/04 22:04:21.27,IMU,148.44,448.73,881.84,-1.07,8.41,-4.22,-10.35,-129.60,-101.55,28.9
2026/05/04 22:04:21.37,IMU,145.51,437.50,876.95,1.14,8.89,-1.55,-9.30,-129.15,-102.60,29.1
2026/05/04 22:04:21.47,IMU,149.90,439.94,872.56,-0.20,7.37,-1.62,-9.75,-129.90,-105.90,28.9
2026/05/04 22:04:21.57,IMU,153.81,442.38,858.89,0.34,6.49,-3.72,-8.55,-129.15,-106.65,29.0
2026/05/04 22:04:21.67,IMU,151.37,432.13,860.84,1.42,6.64,-0.89,-9.00,-129.90,-106.65,29.4
2026/05/04 22:04:21.77,IMU,148.93,423.83,867.19,-0.89,1.65,1.71,-9.30,-128.85,-108.45,29.1
2026/05/04 22:04:21.87,IMU,133.79,433.59,862.79,1.53,3.62,-1.37,-10.35,-129.15,-107.25,29.1
2026/05/04 22:04:21.97,IMU,140.63,432.62,857.42,1.01,1.78,0.60,-8.70,-128.70,-107.85,28.7
2026/05/04 22:04:22.07,IMU,142.09,437.50,862.79,0.70,0.68,1.81,-8.55,-127.65,-106.95,29.4
2026/05/04 22:04:22.17,IMU,140.14,446.29,870.12,4.12,-3.11,2.85,-8.40,-128.70,-107.10,29.0
2026/05/04 22:04:22.27,IMU,141.60,435.06,871.58,0.50,-2.01,3.45,-8.70,-128.25,-107.10,29.1
2026/05/04 22:04:22.39,IMU,144.04,435.55,875.00,0.51,-6.31,4.74,-7.95,-127.95,-106.05,28.9
2026/05/04 22:04:22.50,IMU,144.53,448.24,874.51,0.82,-6.63,5.11,-9.30,-127.35,-106.20,29.1
2026/05/04 22:04:22.60,IMU,148.44,443.36,889.16,2.33,-2.60,7.11,-9.30,-129.90,-105.45,29.2
2026/05/04 22:04:22.70,IMU,149.41,444.34,880.86,0.83,-6.52,6.73,-9.00,-130.35,-101.10,28.9
2026/05/04 22:04:22.80,IMU,145.02,440.43,888.67,0.69,-8.50,7.18,-9.15,-129.45,-100.95,29.1
2026/05/04 22:04:22.90,IMU,144.53,440.92,882.32,2.00,-7.97,8.87,-11.55,-129.60,-98.25,29.1
2026/05/04 22:04:23.00,IMU,142.58,439.94,896.48,1.72,-7.69,6.10,-12.75,-126.75,-93.75,29.1
2026/05/04 22:04:23.10,IMU,140.63,447.75,888.67,-1.82,-10.31,9.28,-13.65,-128.10,-91.35,29.1
2026/05/04 22:04:23.20,IMU,163.57,443.85,892.09,2.11,-8.32,7.85,-16.35,-128.10,-90.75,29.2
2026/05/04 22:04:23.30,IMU,138.18,447.27,894.53,1.43,-8.06,5.08,-17.40,-128.85,-90.75,29.1
2026/05/04 22:04:23.40,IMU,162.11,433.11,893.55,0.28,-6.78,8.45,-17.70,-129.15,-96.15,29.4
2026/05/04 22:04:23.52,IMU,160.64,445.80,887.21,2.39,-6.58,5.47,-19.20,-129.90,-99.75,29.1
2026/05/04 22:04:23.62,IMU,137.21,446.78,881.35,1.34,-4.22,8.76,-19.20,-129.15,-103.65,29.1
2026/05/04 22:04:23.72,IMU,162.11,441.89,880.37,1.05,-5.92,6.82,-20.10,-129.45,-105.30,29.0
2026/05/04 22:04:23.83,IMU,147.95,451.17,868.16,1.52,-4.24,5.17,-18.45,-129.90,-106.95,29.1
2026/05/04 22:04:23.93,IMU,153.32,433.59,874.02,-1.13,-2.18,5.61,-18.00,-128.70,-107.55,29.0
2026/05/04 22:04:24.03,IMU,147.95,440.43,871.58,2.00,-2.37,6.69,-18.30,-129.45,-108.60,29.1
2026/05/04 22:04:24.15,IMU,158.20,444.82,875.00,0.22,-0.49,5.56,-18.00,-128.25,-108.15,29.1
2026/05/04 22:04:24.25,IMU,147.95,437.99,861.82,1.58,-1.05,4.69,-18.75,-128.70,-106.80,29.1
2026/05/04 22:04:24.35,IMU,148.44,432.62,871.09,0.48,3.32,5.15,-17.55,-129.00,-107.85,29.3
2026/05/04 22:04:24.45,IMU,156.74,424.32,857.91,0.60,3.07,3.85,-18.30,-129.45,-108.90,29.2
2026/05/04 22:04:24.55,IMU,154.30,430.18,858.40,0.88,3.11,-0.46,-18.00,-128.70,-107.85,29.1
2026/05/04 22:04:24.65,IMU,135.74,442.38,858.89,2.21,5.21,1.73,-17.70,-129.15,-107.25,29.0
2026/05/04 22:04:24.75,IMU,153.32,437.99,875.49,2.44,7.37,3.64,-17.40,-129.90,-109.05,28.9
2026/05/04 22:04:24.85,IMU,148.93,426.76,868.65,2.95,8.86,1.53,-18.00,-128.25,-107.55,29.1
2026/05/04 22:04:24.98,IMU,138.18,438.48,872.56,0.96,9.91,0.31,-16.35,-130.35,-106.20,29.1
2026/05/04 22:04:25.08,IMU,148.44,433.11,880.37,2.32,11.27,0.59,-18.15,-132.30,-105.15,29.1
2026/05/04 22:04:25.18,IMU,147.95,444.82,888.18,2.44,11.11,-0.06,-16.80,-130.20,-102.75,29.1
2026/05/04 22:04:25.28,IMU,146.48,437.50,886.72,1.85,12.74,-0.75,-16.50,-131.25,-100.95,29.1
2026/05/04 22:04:25.38,IMU,141.11,451.17,881.84,4.62,14.34,1.22,-16.05,-132.45,-97.05,29.1
2026/05/04 22:04:25.48,IMU,151.37,447.27,896.97,1.93,10.50,-1.05,-15.75,-131.25,-93.75,29.3
2026/05/04 22:04:25.59,IMU,146.00,445.31,885.74,3.21,10.08,2.26,-15.75,-131.70,-89.40,29.0
2026/05/04 22:04:25.69,IMU,135.25,443.85,897.46,2.59,11.91,-1.27,-10.95,-130.20,-91.65,29.3
2026/05/04 22:04:25.79,IMU,154.30,442.38,895.02,0.87,14.02,0.54,-6.75,-129.15,-93.30,29.3
2026/05/04 22:04:25.89,IMU,142.58,461.91,900.39,2.71,11.50,-0.82,-6.90,-127.95,-94.80,28.9
2026/05/04 22:04:25.99,IMU,156.74,439.45,878.42,4.50,11.49,-2.05,-5.85,-129.75,-98.85,29.0
2026/05/04 22:04:26.09,IMU,135.74,438.48,884.28,2.47,10.35,-0.53,-4.65,-127.95,-100.65,29.2
2026/05/04 22:04:26.19,IMU,159.67,447.27,882.32,0.25,8.92,0.47,-5.25,-128.85,-103.35,28.9
2026/05/04 22:04:26.29,IMU,141.60,456.05,900.88,3.81,6.84,1.74,-4.20,-127.65,-105.90,29.3
2026/05/04 22:04:26.39,IMU,137.21,428.22,866.21,3.47,3.96,-0.48,-5.25,-129.15,-104.40,29.0
2026/05/04 22:04:26.49,IMU,155.76,439.94,873.54,2.37,4.53,-1.12,-5.25,-128.40,-107.70,29.1
2026/05/04 22:04:26.59,IMU,155.27,434.57,846.19,0.18,2.81,1.33,-4.35,-127.95,-106.05,29.2
2026/05/04 22:04:26.70,IMU,153.32,447.75,870.61,2.54,1.95,3.76,-5.25,-128.10,-106.20,29.0
2026/05/04 22:04:26.80,IMU,133.30,438.96,862.30,2.53,0.06,2.42,-4.20,-128.85,-107.25,28.9
2026/05/04 22:04:26.90,IMU,137.21,436.04,861.82,1.25,0.80,4.11,-3.30,-127.50,-106.80,28.9
2026/05/04 22:04:27.01,IMU,143.07,433.11,864.26,-2.06,-0.99,4.24,-4.20,-128.10,-106.95,29.1
2026/05/04 22:04:27.11,IMU,140.14,437.99,856.93,-2.01,-2.40,6.55,-3.45,-128.40,-105.90,29.1
2026/05/04 22:04:27.21,IMU,150.39,433.59,876.46,-1.46,0.25,2.50,-3.75,-128.85,-103.65,29.1
2026/05/04 22:04:27.31,IMU,145.51,442.87,883.79,-1.76,-5.57,5.16,-3.90,-126.75,-105.30,29.1
2026/05/04 22:04:27.41,IMU,153.32,439.94,884.77,-1.22,-5.96,3.75,-4.50,-127.35,-103.65,29.4
2026/05/04 22:04:27.51,IMU,147.95,439.45,868.65,-1.01,-5.47,5.49,-4.20,-129.60,-101.10,28.9
2026/05/04 22:04:27.61,IMU,153.81,452.15,888.18,-3.24,-5.11,6.24,-3.75,-128.40,-99.75,29.4
2026/05/04 22:04:27.71,IMU,143.07,436.52,873.54,-2.82,-7.14,4.98,-4.50,-128.85,-96.45,29.1
2026/05/04 22:04:27.82,IMU,141.60,442.38,883.30,-1.63,-8.29,7.58,-5.85,-128.70,-93.75,29.2
2026/05/04 22:04:27.92,IMU,147.95,432.62,894.04,-3.21,-8.19,5.87,-9.15,-129.75,-91.65,29.4
2026/05/04 22:04:28.02,IMU,157.23,448.24,905.27,-2.48,-9.38,4.60,-9.45,-130.20,-89.85,29.0
2026/05/04 22:04:28.12,IMU,143.55,458.98,904.30,-2.76,-6.18,6.91,-13.05,-132.30,-92.10,29.2
2026/05/04 22:04:28.22,IMU,154.30,464.36,946.78,-2.15,-6.22,6.34,-11.70,-132.45,-96.00,29.0
2026/05/04 22:04:28.32,IMU,149.41,453.13,879.88,-0.34,-9.06,6.21,-13.65,-132.30,-98.25,29.0
2026/05/04 22:04:28.42,IMU,137.21,400.39,776.37,-3.27,-8.18,8.13,-13.50,-132.75,-100.20,29.1
2026/05/04 22:04:28.52,IMU,163.09,462.89,926.27,-1.04,-5.25,4.55,-13.95,-132.00,-103.20,28.9
2026/05/04 22:04:28.62,IMU,146.00,403.81,797.36,-1.68,-5.73,4.52,-14.25,-132.00,-106.05,29.1
2026/05/04 22:04:28.75,IMU,152.34,454.10,903.32,-1.30,-2.69,4.79,-13.65,-132.30,-105.90,28.8
2026/05/04 22:04:28.85,IMU,151.37,433.59,878.91,-0.20,-1.39,1.75,-12.75,-131.25,-105.75,29.1
2026/05/04 22:04:28.95,IMU,143.07,420.41,837.89,-0.57,0.62,2.98,-13.95,-131.25,-106.05,28.9
2026/05/04 22:04:29.05,IMU,158.20,449.71,902.83,-0.76,-0.80,3.24,-14.10,-131.55,-105.90,29.1
2026/05/04 22:04:29.15,IMU,142.09,422.85,845.70,0.81,-0.08,2.14,-13.65,-131.85,-106.20,29.0
2026/05/04 22:04:29.25,IMU,159.18,425.29,852.05,-0.18,2.92,-0.53,-14.40,-129.90,-105.15,29.2
2026/05/04 22:04:29.35,IMU,163.09,430.18,869.63,1.47,2.50,-0.64,-13.65,-132.30,-104.85,29.1
2026/05/04 22:04:29.46,IMU,156.74,438.48,852.54,3.05,5.23,0.54,-13.65,-132.30,-105.90,29.3
2026/05/04 22:04:29.56,IMU,165.04,433.59,857.91,1.05,3.33,-2.93,-13.95,-131.25,-106.05,29.1
2026/05/04 22:04:29.66,IMU,146.00,432.62,871.09,2.66,7.53,-1.16,-13.65,-131.85,-105.45,28.9
2026/05/04 22:04:29.76,IMU,144.53,435.55,879.39,2.45,8.89,-1.76,-14.25,-130.20,-104.25,29.1
2026/05/04 22:04:29.86,IMU,150.88,438.48,863.28,4.27,7.62,-3.35,-12.45,-132.75,-104.25,29.0
2026/05/04 22:04:29.96,IMU,149.41,449.22,884.28,4.03,10.24,-5.34,-15.75,-132.00,-100.65,29.1
2026/05/04 22:04:30.06,IMU,146.48,443.85,884.77,3.92,8.06,-3.73,-13.20,-132.75,-99.90,29.4
2026/05/04 22:04:30.18,IMU,149.41,443.85,882.32,3.05,6.73,-4.37,-10.95,-132.75,-96.30,28.9
2026/05/04 22:04:30.28,IMU,155.27,434.57,887.70,5.51,9.95,-4.60,-10.80,-132.30,-93.90,29.3
2026/05/04 22:04:30.38,IMU,166.50,451.17,896.48,2.44,7.57,-5.92,-9.30,-130.80,-92.10,28.9
2026/05/04 22:04:30.48,IMU,149.90,439.94,888.18,2.85,6.10,-6.18,-5.85,-129.75,-92.70,29.3
2026/05/04 22:04:30.58,IMU,153.32,440.92,876.95,3.54,5.89,-4.24,-5.25,-129.60,-93.90,29.2
2026/05/04 22:04:30.68,IMU,153.81,437.99,892.09,2.23,7.31,-5.59,-5.70,-129.15,-96.15,29.2
2026/05/04 22:04:30.78,IMU,162.11,439.45,863.28,6.04,4.05,-6.27,-6.00,-129.60,-95.70,29.1
2026/05/04 22:04:30.88,IMU,160.16,449.71,882.81,3.20,5.34,-7.44,-3.90,-128.70,-100.95,29.4
2026/05/04 22:04:30.99,IMU,142.09,434.57,888.67,3.50,5.89,-2.96,-3.00,-127.35,-102.60,29.0
2026/05/04 22:04:31.09,IMU,147.95,439.94,865.72,4.04,3.11,-6.58,-3.00,-128.10,-105.15,29.0
2026/05/04 22:04:31.19,IMU,128.42,442.38,882.81,0.46,1.92,-5.71,-2.85,-128.70,-105.00,29.4
2026/05/04 22:04:31.30,IMU,146.97,446.29,873.54,0.98,1.11,-1.33,-2.25,-127.65,-104.10,29.1
2026/05/04 22:04:31.40,IMU,147.95,432.62,856.45,-0.92,1.63,-4.49,-2.55,-128.70,-106.80,29.0
2026/05/04 22:04:31.50,IMU,134.28,431.15,866.70,-2.17,1.58,-3.88,-4.20,-128.40,-106.20,29.1
2026/05/04 22:04:31.62,IMU,147.95,446.29,864.26,0.65,-0.53,-3.42,-2.70,-129.15,-107.70,29.1
2026/05/04 22:04:31.72,IMU,142.09,425.29,862.30,-1.18,-2.65,-1.36,-4.65,-127.95,-105.75,29.4
2026/05/04 22:04:31.82,IMU,135.74,439.45,879.39,-1.47,-3.66,-3.76,-4.35,-127.50,-105.75,29.1
2026/05/04 22:04:31.92,IMU,142.58,432.13,875.49,-1.99,-2.98,-0.95,-3.60,-128.25,-105.75,29.1
2026/05/04 22:04:32.02,IMU,147.46,437.01,882.81,-2.78,-6.15,1.03,-2.55,-127.05,-105.30,29.2
2026/05/04 22:04:32.12,IMU,141.60,434.57,881.84,-1.83,-4.83,-0.79,-3.75,-128.10,-105.15,29.1
2026/05/04 22:04:32.22,IMU,145.51,449.71,874.02,-2.28,-6.79,-2.40,-4.35,-127.95,-103.95,29.3
2026/05/04 22:04:32.32,IMU,153.32,447.75,877.93,-4.34,-9.21,-0.08,-4.50,-126.60,-100.50,29.1
2026/05/04 22:04:32.42,IMU,151.86,437.01,895.51,0.15,-8.65,-1.18,-5.25,-129.90,-98.25,29.2
2026/05/04 22:04:32.52,IMU,147.46,451.66,885.74,-3.46,-10.40,3.17,-7.50,-129.15,-97.50,29.4
2026/05/04 22:04:32.62,IMU,152.83,440.92,891.60,-2.98,-11.89,1.66,-7.80,-130.35,-94.65,29.1
2026/05/04 22:04:32.76,IMU,144.04,452.15,890.14,-2.23,-11.01,-0.89,-9.00,-129.15,-92.10,29.1
2026/05/04 22:04:32.86,IMU,151.86,447.75,881.84,-2.74,-12.40,1.99,-12.60,-129.90,-93.30,29.2
2026/05/04 22:04:32.96,IMU,140.14,454.59,904.79,-2.95,-10.73,0.37,-13.35,-129.90,-96.15,29.1
2026/05/04 22:04:33.06,IMU,137.21,432.62,887.70,-3.56,-7.84,-0.47,-16.65,-135.30,-94.35,29.0
2026/05/04 22:04:33.16,IMU,149.90,448.73,888.18,-2.50,-10.24,-1.01,-13.65,-131.55,-100.50,29.1
2026/05/04 22:04:33.26,IMU,146.00,441.89,886.72,-1.47,-10.78,-1.77,-15.00,-132.45,-102.75,29.0
2026/05/04 22:04:33.36,IMU,153.81,444.34,882.32,-2.29,-10.24,-0.53,-15.60,-130.80,-104.85,29.1
2026/05/04 22:04:33.46,IMU,136.72,447.75,879.88,-0.37,-9.04,-4.03,-13.95,-131.70,-105.30,29.3
2026/05/04 22:04:33.57,IMU,148.93,438.48,858.40,-2.72,-9.16,-0.51,-14.85,-130.80,-106.20,28.8
2026/05/04 22:04:33.67,IMU,154.30,434.57,873.54,-2.28,-7.54,-3.25,-15.75,-130.20,-106.35,29.1
2026/05/04 22:04:33.77,IMU,149.41,439.94,864.26,-0.69,-6.24,-1.23,-15.00,-130.20,-106.35,29.4
2026/05/04 22:04:33.87,IMU,157.71,426.76,858.89,-0.54,-2.08,-3.53,-15.45,-129.45,-107.55,29.1
2026/05/04 22:04:33.97,IMU,142.09,428.71,864.26,-1.40,-1.81,-2.69,-17.40,-130.35,-106.65,29.2
2026/05/04 22:04:34.07,IMU,146.48,438.96,864.26,-2.69,-1.58,-7.31,-17.55,-130.50,-107.10,29.1
2026/05/04 22:04:34.21,IMU,143.55,443.36,862.30,-0.03,0.49,-2.40,-17.10,-130.35,-108.45,29.1
2026/05/04 22:04:34.31,IMU,162.60,433.59,870.12,-0.25,0.54,-5.16,-17.10,-131.10,-106.95,29.1
2026/05/04 22:04:34.41,IMU,151.86,458.98,868.65,-0.37,3.52,-6.80,-18.45,-129.15,-106.65,29.4
2026/05/04 22:04:34.51,IMU,150.39,450.68,868.65,1.78,2.23,-4.86,-21.15,-132.60,-102.30,29.0
2026/05/04 22:04:34.61,IMU,160.64,437.01,879.39,0.77,6.46,-5.32,-17.10,-129.15,-106.65,29.4
2026/05/04 22:04:34.71,IMU,155.76,435.55,879.88,-1.39,2.15,-9.32,-18.15,-130.35,-103.35,29.2
2026/05/04 22:04:34.81,IMU,154.30,446.78,881.84,3.43,5.76,-8.27,-18.00,-130.20,-101.40,29.1
2026/05/04 22:04:34.91,IMU,158.20,458.50,875.98,0.95,7.48,-6.44,-17.10,-130.35,-99.00,29.4
2026/05/04 22:04:35.01,IMU,153.81,447.27,892.09,0.12,7.98,-9.36,-15.90,-130.80,-96.45,29.0
2026/05/04 22:04:35.11,IMU,152.83,438.96,876.46,2.36,6.00,-8.23,-16.35,-129.60,-94.35,29.1
2026/05/04 22:04:35.21,IMU,147.95,452.15,889.65,0.27,6.60,-6.07,-14.40,-131.10,-93.30,29.3
2026/05/04 22:04:35.31,IMU,157.23,437.99,885.25,0.20,4.93,-8.02,-11.70,-129.45,-93.00,29.0
2026/05/04 22:04:35.41,IMU,157.71,450.20,895.51,2.44,9.48,-8.42,-10.80,-128.10,-96.45,29.1
2026/05/04 22:04:35.51,IMU,135.25,452.15,895.02,-0.97,7.97,-5.69,-9.90,-129.75,-96.00,29.1
2026/05/04 22:04:35.61,IMU,161.13,439.94,877.93,-1.18,4.36,-6.62,-9.45,-127.50,-99.60,29.1
2026/05/04 22:04:35.71,IMU,144.53,460.45,879.39,0.40,6.79,-5.99,-9.00,-128.40,-101.10,29.0
2026/05/04 22:04:35.81,IMU,145.51,443.85,866.21,-1.64,3.46,-8.86,-7.35,-129.00,-102.75,29.1
2026/05/04 22:04:35.92,IMU,138.18,442.38,872.56,-0.48,2.70,-7.79,-9.00,-127.65,-105.45,29.1
2026/05/04 22:04:36.02,IMU,148.44,449.71,869.63,-0.31,2.11,-6.49,-8.40,-128.70,-105.00,29.1
2026/05/04 22:04:36.12,IMU,145.51,435.06,863.28,0.47,2.58,-7.88,-9.00,-127.65,-105.90,29.1
2026/05/04 22:04:36.23,IMU,139.65,437.50,866.21,0.10,-0.92,-4.40,-9.00,-128.40,-108.00,29.1
2026/05/04 22:04:36.33,IMU,132.81,444.34,871.58,-0.60,-2.33,-2.79,-8.40,-127.50,-105.30,29.1
2026/05/04 22:04:36.43,IMU,122.56,434.08,867.68,1.25,-1.21,-3.05,-9.30,-128.85,-106.65,29.1
2026/05/04 22:04:36.54,IMU,137.21,444.34,866.70,-0.64,-4.14,-5.40,-9.30,-128.40,-106.65,29.1
2026/05/04 22:04:36.64,IMU,150.39,431.64,870.61,-1.83,-5.03,0.69,-9.00,-127.65,-106.65,29.4
2026/05/04 22:04:36.74,IMU,145.51,438.48,870.12,0.68,-3.44,-0.54,-9.30,-128.10,-104.85,29.1
2026/05/04 22:04:36.84,IMU,149.41,449.71,873.54,-1.42,-4.66,0.12,-8.70,-128.25,-105.30,29.1
2026/05/04 22:04:36.94,IMU,142.58,429.20,875.98,-1.84,-9.32,-1.08,-9.00,-127.65,-104.10,29.3
2026/05/04 22:04:37.04,IMU,146.00,447.27,882.81,0.34,-8.98,2.46,-9.15,-128.25,-100.20,29.2
2026/05/04 22:04:37.14,IMU,140.63,442.38,872.56,-2.14,-9.51,1.24,-10.65,-128.25,-102.00,29.1
2026/05/04 22:04:37.24,IMU,133.30,441.41,888.18,0.76,-8.61,0.49,-12.30,-128.40,-96.15,29.3
2026/05/04 22:04:37.34,IMU,155.27,447.27,900.39,-0.17,-8.18,-0.17,-12.45,-127.05,-96.60,29.1
2026/05/04 22:04:37.44,IMU,143.55,451.66,884.28,-2.86,-8.62,3.11,-14.25,-129.45,-94.80,29.2
2026/05/04 22:04:37.54,IMU,155.76,445.31,893.07,2.07,-8.34,3.19,-15.15,-128.10,-94.35,29.1
2026/05/04 22:04:37.64,IMU,139.65,448.24,881.84,0.17,-6.60,4.89,-16.50,-127.50,-94.50,28.8
2026/05/04 22:04:37.74,IMU,162.11,435.06,888.67,-0.18,-7.16,3.15,-18.90,-128.40,-96.90,29.1
2026/05/04 22:04:37.84,IMU,142.58,440.43,894.53,1.24,-7.34,4.70,-19.50,-127.50,-100.20,29.1
2026/05/04 22:04:37.97,IMU,151.37,438.96,883.30,-0.40,-8.65,2.82,-20.55,-129.45,-103.95,29.3
2026/05/04 22:04:38.07,IMU,154.79,436.52,888.67,-0.64,-10.20,2.95,-19.80,-127.05,-105.30,29.1
2026/05/04 22:04:38.17,IMU,148.44,441.89,874.51,-0.89,-4.16,3.73,-20.55,-127.50,-107.85,29.1
2026/05/04 22:04:38.27,IMU,148.93,445.31,877.44,-0.27,-5.37,2.03,-21.75,-131.55,-101.85,28.8
2026/05/04 22:04:38.37,IMU,148.93,438.96,863.28,1.66,-4.08,-0.22,-21.45,-127.65,-108.45,29.0
2026/05/04 22:04:38.47,IMU,163.57,450.68,870.61,-0.11,-2.53,2.52,-21.15,-127.65,-109.50,29.1
2026/05/04 22:04:38.57,IMU,143.55,422.85,854.98,-0.24,-3.12,5.13,-19.65,-126.15,-107.25,29.1
2026/05/04 22:04:38.67,IMU,133.79,454.10,866.70,1.40,0.74,2.12,-20.70,-125.40,-108.45,29.1
2026/05/04 22:04:38.77,IMU,149.41,430.18,860.35,1.09,-0.53,3.05,-21.45,-126.90,-108.75,29.4
2026/05/04 22:04:38.87,IMU,143.55,426.76,871.09,1.89,0.35,2.44,-20.40,-125.85,-108.75,29.3
2026/05/04 22:04:38.97,IMU,163.57,441.89,867.68,1.19,3.79,1.19,-20.70,-127.35,-108.75,29.2
2026/05/04 22:04:39.07,IMU,155.76,424.32,853.52,-1.40,4.07,-2.38,-20.70,-126.15,-108.75,29.1
2026/05/04 22:04:39.17,IMU,146.97,437.99,883.79,1.95,7.24,2.82,-20.40,-127.35,-108.00,29.4
2026/05/04 22:04:39.27,IMU,156.25,452.15,882.32,1.26,7.18,-1.37,-19.65,-128.40,-107.70,29.0
2026/05/04 22:04:39.37,IMU,146.48,431.64,888.67,0.37,9.31,-1.58,-19.50,-127.95,-107.10,29.2
2026/05/04 22:04:39.47,IMU,151.86,445.31,877.44,1.68,9.86,2.89,-20.40,-127.35,-104.85,29.0
2026/05/04 22:04:39.57,IMU,153.81,441.89,887.21,0.21,9.63,-1.69,-20.70,-128.85,-103.35,29.1
2026/05/04 22:04:39.67,IMU,145.02,438.96,878.91,1.76,10.08,-0.09,-18.15,-128.10,-100.80,29.1
2026/05/04 22:04:39.78,IMU,151.86,459.47,887.70,-1.10,11.34,0.66,-19.20,-130.35,-97.20,29.4
2026/05/04 22:04:39.88,IMU,154.79,433.59,894.53,2.01,7.26,0.59,-17.40,-128.40,-95.10,29.2
2026/05/04 22:04:39.98,IMU,146.48,446.78,871.58,1.26,10.30,-2.48,-16.50,-128.70,-92.40,29.1
2026/05/04 22:04:40.08,IMU,156.74,443.36,887.70,1.13,11.45,-1.63,-12.75,-128.25,-92.40,29.1
2026/05/04 22:04:40.18,IMU,160.16,442.87,881.35,0.02,11.69,-0.71,-11.85,-128.10,-92.55,29.4
2026/05/04 22:04:40.29,IMU,141.11,433.59,882.81,0.50,7.00,-0.40,-11.85,-126.60,-96.15,29.1
2026/05/04 22:04:40.39,IMU,160.16,443.36,885.74,-0.35,7.48,2.08,-9.90,-128.25,-98.40,29.4
2026/05/04 22:04:40.49,IMU,144.53,438.48,861.82,3.51,8.07,0.96,-9.30,-128.10,-100.05,29.1
2026/05/04 22:04:40.59,IMU,151.86,455.57,863.28,-1.80,9.91,0.58,-8.40,-127.50,-102.45,29.4
2026/05/04 22:04:40.69,IMU,151.86,437.99,864.26,1.24,7.44,1.60,-8.70,-127.05,-103.95,29.1
2026/05/04 22:04:40.79,IMU,133.30,438.96,871.09,4.57,6.63,5.40,-9.00,-127.65,-103.65,29.4
2026/05/04 22:04:40.89,IMU,146.97,436.52,871.58,-0.82,5.18,3.54,-7.65,-128.25,-105.30,29.1
2026/05/04 22:04:40.99,IMU,133.79,434.57,870.12,1.63,2.57,4.05,-8.25,-126.90,-104.85,29.1
2026/05/04 22:04:41.09,IMU,150.39,438.96,875.98,-0.17,1.94,3.70,-7.05,-126.90,-105.15,28.9
2026/05/04 22:04:41.19,IMU,141.60,421.39,860.84,-1.38,0.66,3.47,-9.45,-127.95,-101.70,28.9
2026/05/04 22:04:41.29,IMU,154.79,426.76,873.05,0.61,1.67,5.95,-7.80,-127.35,-107.25,29.3
2026/05/04 22:04:41.39,IMU,140.63,445.80,875.98,-0.92,2.19,8.50,-6.00,-126.90,-103.65,28.9
2026/05/04 22:04:41.49,IMU,151.86,442.38,899.90,-1.35,-2.58,11.85,-5.70,-128.85,-104.85,29.0
2026/05/04 22:04:41.60,IMU,164.06,444.82,898.44,0.51,-0.44,7.15,-6.90,-128.25,-103.95,28.9
2026/05/04 22:04:41.70,IMU,148.44,449.22,852.54,-1.48,-4.39,7.22,-7.65,-128.25,-102.75,29.1
2026/05/04 22:04:41.80,IMU,146.00,421.88,859.38,0.08,-2.58,5.69,-7.05,-128.85,-100.50,29.3
2026/05/04 22:04:41.90,IMU,138.18,451.66,885.74,0.82,-3.44,8.92,-7.05,-128.85,-99.75,29.1
2026/05/04 22:04:42.00,IMU,152.34,451.66,881.35,-2.79,-3.23,10.50,-6.90,-127.05,-98.10,29.1
2026/05/04 22:04:42.10,IMU,151.37,444.82,885.74,-0.15,-4.38,9.29,-9.30,-128.85,-95.10,28.9
2026/05/04 22:04:42.21,IMU,142.09,434.08,881.84,-1.81,-4.60,7.95,-12.00,-131.25,-89.10,29.0
2026/05/04 22:04:42.31,IMU,156.25,434.57,882.81,-0.97,-6.63,10.50,-9.90,-129.45,-93.45,28.8
2026/05/04 22:04:42.41,IMU,162.11,462.89,874.51,-0.84,-7.13,6.46,-12.60,-130.35,-95.70,29.1
2026/05/04 22:04:42.51,IMU,149.41,445.31,912.11,-4.24,-4.82,9.21,-13.95,-129.75,-96.30,29.0
2026/05/04 22:04:42.61,IMU,158.20,434.08,874.51,0.25,-4.98,8.92,-16.35,-134.10,-95.10,29.2
2026/05/04 22:04:42.71,IMU,147.46,464.84,888.18,-1.01,-4.13,11.68,-14.40,-132.60,-100.80,29.1
2026/05/04 22:04:42.81,IMU,147.46,428.22,871.09,-1.65,-4.48,8.72,-13.50,-130.95,-102.75,29.2
2026/05/04 22:04:42.91,IMU,146.00,428.71,872.07,3.21,-3.66,5.76,-14.70,-132.45,-103.50,29.1
2026/05/04 22:04:43.01,IMU,161.13,439.45,858.40,-3.04,-4.81,8.99,-14.25,-132.00,-104.25,29.1
2026/05/04 22:04:43.12,IMU,147.95,426.76,868.16,-0.99,-1.67,7.37,-14.25,-132.45,-105.00,29.1
2026/05/04 22:04:43.22,IMU,145.02,450.20,871.58,2.52,-0.27,7.79,-14.40,-130.80,-105.90,29.0
2026/05/04 22:04:43.32,IMU,148.44,430.18,845.70,-3.97,1.66,6.41,-15.00,-131.70,-104.55,29.0
2026/05/04 22:04:43.42,IMU,148.44,418.95,876.95,2.11,0.79,3.92,-14.40,-131.55,-106.20,29.2
2026/05/04 22:04:43.52,IMU,153.32,440.92,855.47,3.30,1.85,3.29,-13.50,-131.25,-106.35,29.1
2026/05/04 22:04:43.62,IMU,146.97,428.71,862.79,-0.40,1.05,4.60,-14.10,-131.85,-106.65,29.0
2026/05/04 22:04:43.72,IMU,158.69,432.62,858.40,3.70,3.58,2.95,-14.40,-130.80,-106.95,29.2
2026/05/04 22:04:43.82,IMU,141.60,439.94,868.16,0.90,6.43,0.31,-14.25,-130.95,-104.25,29.0
2026/05/04 22:04:43.92,IMU,144.53,412.11,867.19,3.66,3.98,0.69,-14.25,-132.00,-105.00,28.9
2026/05/04 22:04:44.03,IMU,144.04,446.29,874.02,2.61,7.08,0.02,-14.70,-130.50,-105.00,29.1
2026/05/04 22:04:44.13,IMU,154.30,435.55,876.95,2.04,6.61,-1.30,-13.20,-132.00,-103.95,29.0
2026/05/04 22:04:44.23,IMU,153.32,441.41,878.91,4.78,7.69,1.29,-12.30,-132.30,-102.90,29.1
2026/05/04 22:04:44.35,IMU,172.36,443.36,878.42,4.51,9.48,2.33,-10.80,-133.05,-99.75,29.1
2026/05/04 22:04:44.45,IMU,163.57,446.29,890.63,1.13,5.74,-2.68,-12.00,-131.70,-98.10,29.2
2026/05/04 22:04:44.55,IMU,153.81,439.94,893.55,6.82,8.61,-3.73,-11.40,-131.25,-97.80,29.4
2026/05/04 22:04:44.65,IMU,156.25,447.75,878.42,3.42,9.41,-2.15,-9.45,-128.70,-94.50,29.3
2026/05/04 22:04:44.75,IMU,147.95,431.15,882.81,1.94,7.93,-4.31,-9.15,-129.75,-94.80,29.1
2026/05/04 22:04:44.85,IMU,160.64,454.10,889.16,3.69,6.08,-7.34,-7.65,-129.45,-94.50,29.2
2026/05/04 22:04:44.95,IMU,164.55,435.55,871.58,1.44,6.06,-2.42,-7.65,-127.95,-95.55,29.3
2026/05/04 22:04:45.05,IMU,150.39,444.34,894.53,3.07,5.65,-5.13,-6.90,-127.05,-95.55,29.2
2026/05/04 22:04:45.18,IMU,150.88,444.82,873.05,4.22,4.47,-5.75,-4.65,-127.05,-97.35,29.2
2026/05/04 22:04:45.29,IMU,159.67,442.38,877.93,0.89,3.17,-6.63,-8.70,-129.45,-93.75,29.1
2026/05/04 22:04:45.39,IMU,151.86,451.17,861.82,4.11,3.75,-8.60,-4.95,-126.60,-101.10,29.1
2026/05/04 22:04:45.49,IMU,165.04,450.68,862.30,2.58,-0.62,-6.02,-4.50,-126.90,-101.10,29.3
2026/05/04 22:04:45.59,IMU,152.83,436.52,871.09,-0.39,1.17,-6.99,-5.10,-126.00,-102.45,29.1
2026/05/04 22:04:45.69,IMU,128.91,432.13,865.23,1.46,-2.88,-5.26,-5.70,-126.90,-102.60,29.4
2026/05/04 22:04:45.79,IMU,168.46,428.71,851.07,-2.95,-0.59,-11.09,-8.40,-127.05,-101.70,29.1
2026/05/04 22:04:45.89,IMU,144.04,433.59,857.91,-0.92,-5.50,-7.47,-6.75,-128.10,-104.40,29.3
2026/05/04 22:04:45.99,IMU,154.30,429.69,869.63,-3.38,-2.37,-6.99,-6.60,-127.50,-102.75,29.1
2026/05/04 22:04:46.09,IMU,139.16,437.01,865.72,-2.56,-5.72,-6.34,-5.70,-126.60,-103.65,29.1
2026/05/04 22:04:46.19,IMU,157.71,436.04,869.14,-2.47,-5.19,-5.76,-5.40,-128.70,-102.75,29.2
2026/05/04 22:04:46.33,IMU,146.48,434.08,875.49,-3.61,-7.68,-1.10,-9.45,-130.20,-97.80,29.2
2026/05/04 22:04:46.43,IMU,141.60,435.06,871.58,-3.63,-3.60,-5.78,-6.75,-126.60,-101.85,29.4
2026/05/04 22:04:46.53,IMU,133.79,444.34,882.32,-4.58,-10.61,-6.15,-7.50,-126.15,-101.10,29.0
2026/05/04 22:04:46.64,IMU,162.60,443.36,870.61,-2.98,-6.40,-2.95,-8.25,-127.35,-98.25,29.1
2026/05/04 22:04:46.74,IMU,148.93,436.04,874.02,-1.38,-11.40,-2.92,-10.20,-127.95,-98.10,29.1
2026/05/04 22:04:46.84,IMU,156.25,449.22,893.07,-0.74,-10.50,-4.99,-9.00,-129.15,-96.90,29.0
2026/05/04 22:04:46.95,IMU,149.90,446.78,890.14,-2.05,-10.37,-2.86,-11.85,-127.35,-96.15,29.1
2026/05/04 22:04:47.05,IMU,154.79,437.99,870.61,-3.12,-10.82,-4.77,-13.05,-129.60,-98.70,29.2
2026/05/04 22:04:47.15,IMU,140.63,435.06,882.32,-3.15,-8.43,-2.13,-15.15,-128.40,-96.45,29.4
2026/05/04 22:04:47.25,IMU,157.71,442.38,884.28,-0.75,-11.49,-2.88,-15.90,-129.60,-96.45,29.2
2026/05/04 22:04:47.35,IMU,154.30,433.59,881.35,-3.11,-7.89,-5.08,-21.75,-132.30,-96.15,29.2
2026/05/04 22:04:47.45,IMU,151.37,448.73,883.30,0.45,-10.34,-0.54,-17.10,-129.15,-102.30,29.2
2026/05/04 22:04:47.55,IMU,148.44,449.71,874.51,-2.36,-6.85,-5.37,-18.30,-129.00,-104.25,29.1
2026/05/04 22:04:47.65,IMU,143.07,450.20,878.42,-0.56,-9.70,-1.92,-17.40,-128.40,-105.15,29.4
2026/05/04 22:04:47.75,IMU,137.21,442.87,872.56,-2.39,-9.20,-7.15,-19.95,-128.40,-106.20,29.0
2026/05/04 22:04:47.85,IMU,141.60,423.34,871.58,-0.31,-10.60,-4.66,-18.90,-128.40,-108.45,28.9
2026/05/04 22:04:47.95,IMU,160.64,444.82,863.28,0.37,-5.31,-4.35,-18.30,-127.95,-107.55,29.1
2026/05/04 22:04:48.05,IMU,131.84,423.83,868.16,-1.50,-8.05,-5.73,-21.15,-128.10,-108.45,29.1
2026/05/04 22:04:48.15,IMU,144.53,428.22,854.49,0.96,-1.16,-6.15,-19.95,-127.65,-108.75,29.1
2026/05/04 22:04:48.25,IMU,141.60,453.61,871.58,-2.04,-4.56,-4.78,-20.10,-127.05,-108.90,29.2
2026/05/04 22:04:48.39,IMU,150.39,427.25,853.52,-0.65,-0.86,-9.79,-24.15,-128.70,-104.25,29.1
2026/05/04 22:04:48.49,IMU,134.28,456.05,875.98,-1.97,-1.41,-7.34,-19.20,-125.85,-109.05,29.0
2026/05/04 22:04:48.59,IMU,158.69,433.11,875.49,-3.24,1.93,-8.84,-21.60,-126.00,-109.35,29.1
2026/05/04 22:04:48.69,IMU,142.58,438.96,885.25,-0.35,-0.09,-8.33,-24.90,-128.70,-104.25,29.2
2026/05/04 22:04:48.79,IMU,148.93,440.92,879.39,-2.47,1.55,-6.19,-22.35,-125.55,-108.90,29.3
2026/05/04 22:04:48.89,IMU,147.46,432.13,872.56,-0.94,5.41,-5.97,-21.15,-126.15,-108.75,29.1
2026/05/04 22:04:48.99,IMU,146.97,440.92,876.46,-0.03,2.05,-8.02,-20.70,-126.60,-107.25,29.2
2026/05/04 22:04:49.09,IMU,155.27,445.80,881.84,-4.71,2.63,-6.80,-20.85,-125.55,-106.05,29.3
2026/05/04 22:04:49.19,IMU,151.37,436.52,880.37,-0.69,3.82,-9.56,-21.60,-125.25,-103.95,29.1
2026/05/04 22:04:49.30,IMU,158.20,447.75,888.18,0.08,4.53,-7.47,-20.55,-125.55,-100.20,29.1
2026/05/04 22:04:49.40,IMU,159.18,440.43,889.16,-4.89,2.98,-6.69,-19.20,-125.85,-100.80,29.1
2026/05/04 22:04:49.50,IMU,155.27,439.45,881.35,-1.08,5.42,-6.52,-19.50,-125.25,-99.15,29.2
2026/05/04 22:04:49.60,IMU,138.67,442.38,881.84,-1.60,5.45,-8.08,-18.45,-126.15,-99.75,29.4
2026/05/04 22:04:49.70,IMU,170.41,452.64,873.05,-3.57,5.61,-6.26,-15.90,-123.90,-99.00,29.3
2026/05/04 22:04:49.80,IMU,166.02,433.59,879.39,0.53,6.41,-9.58,-16.35,-126.60,-99.75,29.2
2026/05/04 22:04:49.90,IMU,146.48,459.47,892.09,-5.51,6.12,-7.04,-15.60,-125.10,-102.30,29.1
2026/05/04 22:04:50.00,IMU,155.76,426.76,875.49,-1.69,3.98,-6.19,-13.35,-125.85,-104.40,29.1
2026/05/04 22:04:50.11,IMU,143.07,443.85,869.63,-0.65,1.37,-2.93,-13.50,-126.00,-104.55,29.2
2026/05/04 22:04:50.21,IMU,129.88,437.50,879.39,-2.63,3.79,-4.63,-13.95,-127.05,-104.25,29.1
2026/05/04 22:04:50.31,IMU,148.44,422.36,874.51,-1.52,2.22,-4.96,-14.25,-126.00,-104.55,28.9
2026/05/04 22:04:50.42,IMU,157.71,437.99,863.28,-2.79,2.75,-3.62,-13.50,-125.55,-105.30,28.8
2026/05/04 22:04:50.52,IMU,149.41,426.27,862.30,0.05,-0.48,-4.60,-12.00,-126.00,-106.05,29.1
2026/05/04 22:04:50.62,IMU,154.30,457.52,850.10,0.58,-0.16,-4.45,-14.40,-126.15,-106.20,29.1
2026/05/04 22:04:50.72,IMU,146.97,437.01,878.91,-0.85,-2.67,-0.40,-19.05,-126.30,-101.70,29.1
2026/05/04 22:04:50.82,IMU,146.48,430.18,867.19,2.37,-1.02,-4.32,-13.95,-126.00,-105.30,29.1
2026/05/04 22:04:50.92,IMU,142.58,436.52,842.29,-0.54,-5.62,-2.01,-14.25,-126.00,-106.05,29.1
2026/05/04 22:04:51.02,IMU,145.02,436.52,880.86,0.76,-4.21,-1.28,-14.40,-124.20,-105.15,29.1
2026/05/04 22:04:51.13,IMU,149.41,434.08,861.33,4.32,-2.60,-2.11,-14.40,-123.90,-104.40,29.0
2026/05/04 22:04:51.23,IMU,134.77,451.66,880.86,0.75,-5.16,1.66,-15.75,-125.25,-105.75,29.1
2026/05/04 22:04:51.33,IMU,134.28,435.06,887.70,1.40,-4.70,0.50,-15.60,-125.85,-103.35,28.9
2026/05/04 22:04:51.43,IMU,157.23,447.75,877.93,6.07,-7.20,-1.24,-16.80,-125.55,-103.20,29.2
2026/05/04 22:04:51.56,IMU,144.04,439.45,889.65,-0.08,-7.21,1.53,-17.40,-124.65,-101.85,29.1
2026/05/04 22:04:51.66,IMU,161.13,440.92,880.86,3.46,-6.36,2.82,-18.15,-124.65,-101.55,29.4
2026/05/04 22:04:51.76,IMU,143.07,455.57,886.23,1.49,-6.28,4.02,-19.65,-123.15,-101.85,29.1
2026/05/04 22:04:51.86,IMU,137.70,442.87,883.79,2.15,-5.41,3.56,-19.80,-123.30,-101.40,29.0
2026/05/04 22:04:51.97,IMU,153.81,456.05,880.37,3.21,-8.42,2.75,-21.45,-124.65,-103.65,29.1
2026/05/04 22:04:52.07,IMU,156.74,457.03,869.63,2.43,-6.78,3.96,-21.75,-124.65,-104.10,29.0
2026/05/04 22:04:52.17,IMU,135.25,446.78,870.61,3.32,-6.36,4.39,-24.90,-124.80,-102.45,29.3
2026/05/04 22:04:52.27,IMU,146.48,440.92,867.19,1.94,-3.76,2.99,-22.95,-122.70,-106.95,29.1
2026/05/04 22:04:52.37,IMU,146.97,439.45,877.44,1.42,-6.40,0.98,-23.55,-124.05,-108.15,29.4
2026/05/04 22:04:52.47,IMU,153.32,452.15,869.63,2.05,-3.91,3.79,-24.60,-122.25,-108.60,28.9
2026/05/04 22:04:52.57,IMU,147.95,451.66,858.40,2.30,-1.47,3.82,-23.70,-122.70,-110.55,29.3
2026/05/04 22:04:52.67,IMU,148.44,443.85,848.14,1.11,-2.92,0.44,-23.25,-124.20,-110.55,29.1
2026/05/04 22:04:52.77,IMU,149.90,435.55,880.86,2.58,0.33,3.53,-22.35,-123.00,-111.15,29.0
2026/05/04 22:04:52.87,IMU,150.88,442.38,860.35,2.57,0.02,4.02,-23.25,-123.45,-110.55,29.1
2026/05/04 22:04:52.99,IMU,143.55,444.34,872.07,0.07,0.50,4.72,-22.50,-123.45,-112.35,29.2
2026/05/04 22:04:53.09,IMU,139.16,435.06,879.88,2.27,4.73,3.11,-23.25,-123.45,-111.30,28.9
2026/05/04 22:04:53.19,IMU,146.48,447.75,860.35,1.35,4.25,2.37,-22.95,-124.20,-111.30,29.1
2026/05/04 22:04:53.30,IMU,147.46,440.92,863.77,-0.38,4.60,3.90,-23.25,-123.45,-109.80,29.1
2026/05/04 22:04:53.40,IMU,149.90,437.50,870.12,3.50,4.49,1.39,-20.70,-124.65,-109.50,29.1
2026/05/04 22:04:53.50,IMU,141.60,431.15,864.75,-0.65,8.84,3.21,-24.45,-124.20,-109.50,29.0
2026/05/04 22:04:53.60,IMU,148.93,434.57,883.30,-0.25,6.54,2.28,-26.25,-126.15,-105.15,29.1
2026/05/04 22:04:53.70,IMU,141.60,447.27,874.02,-0.92,8.51,1.47,-21.75,-124.20,-106.95,29.2
2026/05/04 22:04:53.80,IMU,136.23,437.01,883.30,-0.87,10.12,3.10,-22.95,-125.10,-107.25,29.4
2026/05/04 22:04:53.90,IMU,139.65,457.52,877.93,0.85,8.65,2.65,-21.15,-125.10,-105.15,29.1
2026/05/04 22:04:54.00,IMU,145.02,449.71,874.51,-1.40,8.31,0.56,-19.20,-124.20,-103.65,28.9
2026/05/04 22:04:54.12,IMU,140.14,449.71,880.86,1.05,8.89,0.23,-20.40,-125.85,-101.85,29.0
2026/05/04 22:04:54.22,IMU,142.58,439.94,879.39,-0.54,11.32,-0.69,-19.50,-125.55,-100.65,28.6
2026/05/04 22:04:54.32,IMU,157.71,438.96,881.35,0.65,8.98,0.88,-17.40,-125.40,-101.85,29.0
2026/05/04 22:04:54.43,IMU,144.53,443.85,881.84,1.96,6.32,3.08,-16.05,-126.30,-101.40,29.1
2026/05/04 22:04:54.53,IMU,148.93,437.50,862.30,0.59,8.54,2.66,-16.05,-126.00,-101.40,29.1
2026/05/04 22:04:54.63,IMU,148.93,444.34,864.26,0.83,8.89,3.69,-15.45,-124.80,-102.00,29.3
2026/05/04 22:04:54.74,IMU,151.86,439.45,886.23,2.34,11.87,3.82,-14.70,-126.75,-101.70,29.1
2026/05/04 22:04:54.84,IMU,143.55,436.52,862.30,3.63,5.18,3.47,-12.00,-126.30,-102.75,29.1
2026/05/04 22:04:54.94,IMU,145.02,457.52,875.49,-0.76,6.65,3.43,-13.95,-126.30,-103.95,29.2
2026/05/04 22:04:55.04,IMU,141.60,437.50,876.46,2.40,5.42,4.89,-13.50,-126.75,-102.00,29.1
2026/05/04 22:04:55.14,IMU,155.76,439.45,862.79,-0.44,8.74,3.97,-11.85,-126.60,-105.45,29.2
2026/05/04 22:04:55.24,IMU,136.23,435.55,854.49,-0.50,1.45,6.94,-11.85,-128.85,-104.85,29.1
2026/05/04 22:04:55.34,IMU,146.48,434.57,884.28,1.82,5.05,6.63,-11.10,-125.85,-104.40,29.1
2026/05/04 22:04:55.44,IMU,133.79,431.64,885.25,2.08,4.31,6.67,-12.45,-127.50,-104.55,29.3
2026/05/04 22:04:55.54,IMU,146.97,435.06,861.33,0.76,0.24,7.21,-11.55,-126.90,-104.85,29.1
2026/05/04 22:04:55.64,IMU,148.93,424.32,857.91,0.76,-1.27,6.08,-10.65,-127.05,-105.30,29.1
2026/05/04 22:04:55.74,IMU,138.67,452.64,877.44,0.94,-3.35,6.59,-11.10,-126.15,-104.10,29.1
2026/05/04 22:04:55.84,IMU,150.39,449.71,887.70,1.18,-1.29,8.56,-12.00,-128.25,-103.95,29.2
2026/05/04 22:04:55.94,IMU,142.09,437.50,862.30,2.46,-3.20,8.24,-11.55,-125.85,-102.90,29.1
2026/05/04 22:04:56.04,IMU,150.39,446.78,872.07,-1.00,-2.15,10.37,-12.45,-127.05,-102.00,29.0
2026/05/04 22:04:56.17,IMU,147.95,446.29,876.46,2.11,-6.15,9.76,-11.55,-128.40,-101.55,29.1
2026/05/04 22:04:56.27,IMU,129.88,454.59,879.39,1.19,-0.94,11.02,-13.05,-127.65,-100.50,28.9
2026/05/04 22:04:56.37,IMU,153.32,434.57,885.74,-0.04,-4.61,9.84,-13.50,-127.95,-100.20,29.2
2026/05/04 22:04:56.47,IMU,153.81,453.61,882.81,0.68,-1.45,7.87,-15.75,-130.20,-96.30,29.1
2026/05/04 22:04:56.57,IMU,149.90,437.50,879.88,-1.26,-4.27,7.20,-15.45,-127.95,-100.20,29.0
2026/05/04 22:04:56.67,IMU,155.76,454.10,883.30,0.36,-3.24,13.03,-16.65,-128.85,-100.05,29.1
2026/05/04 22:04:56.78,IMU,148.93,451.17,890.14,1.84,-4.19,9.92,-16.35,-128.85,-101.55,29.2
2026/05/04 22:04:56.88,IMU,158.20,443.36,880.37,-0.91,-3.34,10.55,-16.05,-127.50,-104.55,29.1
2026/05/04 22:04:56.98,IMU,134.28,441.41,870.12,1.92,-1.65,7.83,-15.60,-128.10,-104.85,29.0
2026/05/04 22:04:57.08,IMU,156.25,453.13,882.81,-2.98,-1.29,10.55,-16.35,-129.60,-105.90,29.1
2026/05/04 22:04:57.18,IMU,141.11,437.50,876.46,-0.77,-1.24,6.40,-17.25,-129.45,-104.55,29.0
2026/05/04 22:04:57.30,IMU,154.30,445.80,900.39,1.49,-0.50,5.56,-17.10,-129.15,-105.90,29.1
2026/05/04 22:04:57.40,IMU,130.37,430.66,859.86,-0.82,0.73,7.69,-17.25,-130.20,-106.05,29.1
2026/05/04 22:04:57.50,IMU,151.86,429.69,846.19,1.45,3.16,4.06,-18.00,-129.45,-106.05,29.1
2026/05/04 22:04:57.61,IMU,140.63,442.38,875.98,2.36,1.65,5.57,-16.80,-130.95,-105.75,29.1
2026/05/04 22:04:57.71,IMU,146.48,428.22,864.26,0.95,3.69,7.11,-16.50,-129.75,-107.10,29.0
2026/05/04 22:04:57.81,IMU,147.95,434.08,869.63,2.43,2.78,4.50,-15.60,-131.85,-107.70,29.1
2026/05/04 22:04:57.91,IMU,140.63,438.48,870.12,1.57,3.86,3.22,-20.70,-133.05,-101.85,29.0
2026/05/04 22:04:58.01,IMU,150.39,423.34,860.35,1.02,5.98,3.64,-14.40,-131.55,-105.45,29.1
2026/05/04 22:04:58.11,IMU,140.14,428.71,871.09,3.14,8.44,5.10,-16.50,-130.50,-106.35,29.0
2026/05/04 22:04:58.21,IMU,152.34,424.32,860.84,1.97,6.88,-1.21,-15.75,-131.70,-105.00,29.2
2026/05/04 22:04:58.31,IMU,156.74,419.92,871.58,1.81,6.23,1.71,-15.00,-128.70,-105.30,29.1
2026/05/04 22:04:58.41,IMU,135.25,439.94,881.84,3.82,5.24,1.72,-14.40,-131.10,-103.65,29.1
2026/05/04 22:04:58.51,IMU,138.18,433.11,874.51,1.14,6.31,0.92,-14.40,-130.80,-102.90,29.1
2026/05/04 22:04:58.61,IMU,149.90,443.85,877.93,3.50,7.60,-0.37,-13.95,-130.20,-103.20,28.9
2026/05/04 22:04:58.75,IMU,147.95,443.36,885.25,1.82,6.82,1.39,-12.60,-129.15,-100.05,29.1
2026/05/04 22:04:58.85,IMU,160.16,432.62,869.14,4.89,10.08,-4.60,-10.35,-130.80,-100.80,29.3
2026/05/04 22:04:58.95,IMU,146.97,444.82,882.81,4.53,10.10,0.97,-10.35,-129.60,-100.50,28.9
2026/05/04 22:04:59.05,IMU,137.21,443.36,885.25,-0.02,7.07,1.06,-9.90,-129.00,-100.95,29.3
2026/05/04 22:04:59.15,IMU,152.83,454.59,863.77,3.27,7.53,-2.27,-10.05,-128.40,-98.25,29.1
2026/05/04 22:04:59.25,IMU,140.63,447.75,876.46,2.90,7.17,-2.37,-8.40,-127.95,-101.70,28.9
2026/05/04 22:04:59.35,IMU,155.76,434.08,871.09,1.45,5.57,-2.07,-9.15,-131.25,-98.10,29.1
2026/05/04 22:04:59.45,IMU,153.32,443.36,873.05,3.10,6.16,0.54,-6.75,-127.65,-100.80,29.0
2026/05/04 22:04:59.55,IMU,144.53,432.13,865.23,1.06,3.79,-0.37,-6.90,-126.75,-102.45,29.1
2026/05/04 22:04:59.65,IMU,134.28,431.64,872.07,-0.61,5.39,-2.05,-7.35,-127.50,-103.50,29.0
2026/05/04 22:04:59.75,IMU,144.53,445.80,874.51,3.79,4.08,1.85,-7.65,-127.50,-102.45,29.1
2026/05/04 22:04:59.85,IMU,149.41,422.85,859.86,1.37,2.50,2.63,-7.35,-128.25,-103.50,29.1
2026/05/04 22:04:59.96,IMU,158.20,443.85,875.49,2.70,0.59,-0.29,-7.05,-128.40,-102.60,29.1
2026/05/04 22:05:00.06,IMU,136.72,447.27,854.49,0.75,1.08,-0.43,-6.60,-127.05,-103.50,29.0
2026/05/04 22:05:00.18,IMU,139.65,447.75,874.02,0.11,-2.81,1.71,-5.25,-126.60,-104.10,29.1
2026/05/04 22:05:00.28,IMU,151.37,436.52,879.39,-0.47,-1.40,-2.92,-6.75,-128.10,-102.90,29.1
2026/05/04 22:05:00.38,IMU,142.58,429.69,883.79,-1.36,-2.78,-1.53,-6.90,-127.50,-102.45,29.1
2026/05/04 22:05:00.48,IMU,156.74,439.45,872.56,-2.40,-3.15,-3.27,-7.80,-128.40,-102.90,29.0
2026/05/04 22:05:00.59,IMU,151.86,425.29,853.52,-0.55,-5.76,-1.98,-6.75,-127.65,-103.35,28.8
2026/05/04 22:05:00.69,IMU,166.02,457.03,875.00,-0.31,-4.89,-0.01,-7.95,-127.95,-103.20,29.0
2026/05/04 22:05:00.79,IMU,146.00,442.87,887.21,-3.82,-5.01,1.14,-10.65,-128.25,-98.40,28.9
2026/05/04 22:05:00.89,IMU,153.32,443.85,859.86,-3.56,-5.63,4.22,-8.70,-127.05,-102.00,29.1
2026/05/04 22:05:00.99,IMU,144.53,438.96,879.39,-0.71,-4.97,1.24,-8.70,-127.95,-100.20,29.0
2026/05/04 22:05:01.09,IMU,151.37,447.75,896.97,-2.61,-7.20,3.63,-10.20,-128.70,-100.65,29.1
2026/05/04 22:05:01.19,IMU,143.07,437.01,891.11,-0.44,-6.15,3.84,-11.70,-130.20,-100.95,29.2
2026/05/04 22:05:01.29,IMU,139.16,443.36,881.35,-3.45,-9.93,1.99,-11.70,-128.70,-99.15,29.0
2026/05/04 22:05:01.39,IMU,154.79,436.52,875.49,-1.99,-7.18,0.15,-13.35,-128.85,-101.10,29.1
2026/05/04 22:05:01.49,IMU,148.44,452.15,894.53,-0.91,-6.62,-0.13,-14.25,-129.00,-103.20,29.0
2026/05/04 22:05:01.59,IMU,155.27,434.08,890.63,-2.44,-6.60,0.81,-14.25,-129.45,-102.45,29.0
2026/05/04 22:05:01.69,IMU,137.70,436.04,880.37,-2.10,-8.47,0.99,-15.60,-129.90,-104.10,29.2
2026/05/04 22:05:01.79,IMU,138.67,447.27,884.28,-3.88,-5.79,0.97,-15.00,-129.75,-105.00,29.0
2026/05/04 22:05:01.90,IMU,156.74,442.87,864.75,-0.97,-8.24,-3.92,-15.60,-129.15,-106.20,29.0
2026/05/04 22:05:02.00,IMU,140.63,431.64,867.68,0.76,-3.32,0.27,-17.25,-129.75,-106.80,29.1
2026/05/04 22:05:02.10,IMU,154.30,450.68,881.35,-1.52,-2.54,-0.70,-16.80,-130.50,-105.75,29.1
2026/05/04 22:05:02.21,IMU,149.90,429.69,868.16,0.71,-3.02,-2.76,-15.60,-129.90,-106.65,29.0
2026/05/04 22:05:02.31,IMU,143.55,427.73,869.14,0.02,-2.58,-0.80,-17.70,-129.15,-107.25,29.1
2026/05/04 22:05:02.41,IMU,154.30,428.71,864.75,-1.35,-3.81,-0.83,-15.75,-129.75,-107.55,29.0
2026/05/04 22:05:02.53,IMU,146.97,436.52,874.02,-0.39,-0.26,-6.34,-17.55,-129.75,-106.05,29.1
2026/05/04 22:05:02.63,IMU,148.93,431.64,860.35,-1.92,-2.97,-5.19,-18.15,-129.60,-107.70,29.0
2026/05/04 22:05:02.73,IMU,157.23,433.59,868.16,-1.80,0.01,-5.79,-17.10,-129.90,-106.65,29.3
2026/05/04 22:05:02.83,IMU,155.76,450.20,873.05,0.93,-0.81,-7.89,-20.55,-130.20,-103.20,28.7
2026/05/04 22:05:02.93,IMU,146.00,434.57,864.26,-2.02,3.61,-8.28,-17.55,-129.75,-106.35,29.1
2026/05/04 22:05:03.03,IMU,139.16,428.22,866.21,1.02,2.70,-7.08,-16.50,-130.20,-106.05,29.0
2026/05/04 22:05:03.13,IMU,157.71,445.80,869.14,-0.77,3.43,-10.18,-16.65,-129.90,-105.90,29.1
2026/05/04 22:05:03.23,IMU,153.32,447.27,880.86,-0.37,3.47,-7.76,-17.70,-129.15,-103.65,29.0
2026/05/04 22:05:03.33,IMU,158.20,447.75,880.37,0.50,4.53,-12.77,-16.80,-128.70,-103.50,29.1
2026/05/04 22:05:03.43,IMU,141.60,450.68,879.39,-1.65,3.97,-9.45,-15.75,-127.50,-103.20,28.9
2026/05/04 22:05:03.53,IMU,140.14,444.82,875.98,-0.08,4.07,-12.27,-16.35,-128.40,-103.65,28.9
2026/05/04 22:05:03.63,IMU,149.90,457.52,892.09,-1.70,3.02,-10.08,-15.60,-127.35,-102.30,29.3
2026/05/04 22:05:03.73,IMU,148.93,429.20,894.53,0.07,5.45,-10.97,-15.45,-127.95,-102.00,28.9
2026/05/04 22:05:03.83,IMU,148.44,436.04,879.88,2.05,2.08,-10.51,-14.40,-127.65,-103.35,28.7
2026/05/04 22:05:03.96,IMU,146.00,438.48,883.79,-1.05,1.05,-10.45,-12.30,-128.10,-102.60,29.1
2026/05/04 22:05:04.06,IMU,147.95,432.62,885.25,-0.45,-0.69,-9.46,-12.30,-126.60,-103.65,29.1
2026/05/04 22:05:04.16,IMU,146.97,450.68,874.02,-1.01,-0.76,-12.44,-12.45,-128.25,-105.75,28.8
2026/05/04 22:05:04.26,IMU,147.46,433.59,875.00,-2.41,0.24,-10.73,-12.60,-128.10,-104.85,29.0
2026/05/04 22:05:04.36,IMU,163.09,427.73,875.49,0.62,-0.32,-9.26,-11.40,-126.30,-105.30,28.8
2026/05/04 22:05:04.46,IMU,138.18,440.43,863.28,-0.23,-1.95,-9.15,-12.75,-126.75,-106.05,29.0
2026/05/04 22:05:04.56,IMU,159.18,438.48,858.40,-2.00,-2.05,-11.44,-13.95,-127.95,-104.55,29.1
2026/05/04 22:05:04.66,IMU,138.18,443.85,854.00,0.00,-1.44,-9.44,-12.30,-128.10,-106.20,29.1
2026/05/04 22:05:04.76,IMU,140.14,432.13,855.96,-2.52,-2.43,-7.47,-13.95,-124.05,-106.05,29.1
2026/05/04 22:05:04.86,IMU,145.51,422.36,867.68,-0.54,-5.66,-7.33,-13.95,-126.30,-105.30,29.1
2026/05/04 22:05:04.96,IMU,125.98,448.24,866.21,1.08,-4.47,-5.47,-14.25,-127.05,-105.30,29.1
2026/05/04 22:05:05.06,IMU,139.16,430.66,863.28,-1.71,-6.37,-7.11,-14.70,-125.55,-106.35,29.1
2026/05/04 22:05:05.16,IMU,144.04,428.71,872.56,0.53,-5.57,-5.03,-14.10,-125.85,-106.65,28.9
2026/05/04 22:05:05.26,IMU,136.23,441.41,873.54,1.09,-6.88,-6.60,-14.25,-124.50,-105.00,29.0
2026/05/04 22:05:05.39,IMU,147.95,440.92,885.25,3.60,-4.38,-2.58,-15.15,-123.90,-105.90,29.1
2026/05/04 22:05:05.49,IMU,140.63,437.01,894.53,1.37,-8.76,-1.34,-16.50,-124.05,-105.30,29.0
2026/05/04 22:05:05.59,IMU,145.02,436.52,876.95,1.78,-8.43,-2.18,-17.25,-124.05,-105.30,29.0
2026/05/04 22:05:05.69,IMU,139.65,447.75,891.11,0.59,-8.24,-1.76,-19.95,-127.35,-100.80,29.1
2026/05/04 22:05:05.79,IMU,163.09,451.17,876.95,-0.08,-9.30,2.82,-18.15,-124.20,-105.15,29.1
2026/05/04 22:05:05.89,IMU,142.58,423.34,876.95,1.73,-5.89,-1.46,-19.50,-123.00,-105.00,29.1
2026/05/04 22:05:05.99,IMU,146.48,451.17,874.51,3.08,-9.79,-0.30,-20.10,-123.30,-105.75,29.0
2026/05/04 22:05:06.09,IMU,142.58,424.32,869.14,-1.69,-8.59,0.06,-19.80,-122.55,-105.75,29.0
2026/05/04 22:05:06.19,IMU,140.63,437.01,880.86,6.01,-8.69,0.65,-20.40,-123.15,-107.25,29.1
2026/05/04 22:05:06.29,IMU,139.65,472.66,865.23,0.87,-6.97,-1.08,-19.80,-123.75,-107.85,28.7
2026/05/04 22:05:06.39,IMU,141.11,428.22,869.63,-1.32,-8.21,-0.38,-22.20,-123.15,-108.75,29.1
2026/05/04 22:05:06.49,IMU,129.88,436.52,871.58,5.56,-5.66,-0.95,-20.85,-122.25,-110.70,29.0
2026/05/04 22:05:06.59,IMU,138.18,452.15,869.63,-1.73,-3.24,0.29,-21.75,-122.40,-109.80,29.1
2026/05/04 22:05:06.69,IMU,158.69,425.29,875.98,-1.65,-5.61,-0.35,-21.15,-121.65,-110.25,29.2
2026/05/04 22:05:06.82,IMU,135.74,459.47,869.63,1.85,0.69,0.56,-22.20,-122.70,-110.25,28.9
2026/05/04 22:05:06.92,IMU,157.23,445.31,870.61,-4.85,-3.51,1.08,-21.15,-122.70,-110.55,29.1
2026/05/04 22:05:07.02,IMU,153.81,419.43,869.14,0.79,2.51,-3.20,-22.20,-121.95,-112.05,29.0
2026/05/04 22:05:07.12,IMU,155.27,450.20,860.35,-1.58,0.10,-1.55,-21.60,-121.50,-111.75,29.0
2026/05/04 22:05:07.22,IMU,149.41,434.08,865.23,-5.40,4.64,-1.36,-23.25,-124.20,-112.05,29.1
2026/05/04 22:05:07.32,IMU,145.02,433.59,871.58,1.85,1.66,-1.94,-23.70,-123.90,-110.25,28.8
2026/05/04 22:05:07.42,IMU,155.27,449.71,874.02,-3.54,2.64,-0.90,-22.95,-123.15,-110.55,29.1
2026/05/04 22:05:07.52,IMU,150.88,450.20,902.34,-2.08,4.03,2.99,-22.50,-122.40,-110.55,29.1
2026/05/04 22:05:07.62,IMU,144.53,431.15,873.05,0.33,6.18,-1.33,-22.05,-122.55,-109.65,29.1
2026/05/04 22:05:07.72,IMU,139.65,428.71,868.65,-2.63,5.97,-0.85,-22.20,-124.20,-110.55,28.8
2026/05/04 22:05:07.82,IMU,143.07,422.85,856.93,-1.21,5.22,1.05,-22.20,-124.20,-108.00,29.2
2026/05/04 22:05:07.96,IMU,136.23,460.45,913.09,-1.00,6.62,-1.35,-21.60,-123.30,-107.85,29.2
2026/05/04 22:05:08.06,IMU,149.90,434.08,896.48,-2.90,5.31,1.22,-20.70,-123.90,-107.25,29.1
2026/05/04 22:05:08.16,IMU,139.65,443.85,880.86,-1.00,8.64,-3.10,-19.95,-124.65,-106.20,29.0
2026/05/04 22:05:08.26,IMU,154.79,447.75,880.86,-4.08,5.85,-1.34,-19.05,-123.75,-106.05,29.1
2026/05/04 22:05:08.36,IMU,137.21,417.48,864.26,-1.89,8.55,-3.50,-19.50,-124.50,-105.75,29.1
2026/05/04 22:05:08.46,IMU,141.11,459.47,884.28,0.98,6.57,-5.05,-19.20,-123.90,-107.25,29.0
2026/05/04 22:05:08.56,IMU,152.83,442.87,897.46,-3.08,7.34,-0.20,-19.80,-125.55,-104.25,29.1
2026/05/04 22:05:08.66,IMU,145.02,428.71,851.56,2.50,5.14,-1.60,-16.35,-124.65,-107.25,29.1
2026/05/04 22:05:08.76,IMU,156.25,454.59,884.28,-1.90,6.21,-2.45,-16.80,-124.05,-107.10,28.9
2026/05/04 22:05:08.86,IMU,148.44,436.04,867.68,0.04,5.14,-1.25,-15.60,-123.45,-106.95,28.9
2026/05/04 22:05:08.96,IMU,149.41,440.92,858.89,2.31,5.66,0.80,-16.50,-124.80,-108.15,29.2
2026/05/04 22:05:09.06,IMU,145.51,441.41,891.11,-0.15,1.14,0.79,-15.60,-124.65,-108.45,29.1
2026/05/04 22:05:09.16,IMU,159.67,415.04,870.61,0.11,3.04,-2.13,-15.60,-124.65,-108.45,28.7
2026/05/04 22:05:09.26,IMU,146.00,431.64,869.14,1.69,3.84,-0.61,-15.75,-126.30,-107.55,28.9
2026/05/04 22:05:09.39,IMU,154.30,438.96,871.09,-1.40,2.02,2.63,-15.45,-126.00,-107.55,29.0
2026/05/04 22:05:09.49,IMU,139.16,416.02,866.21,4.02,0.53,2.20,-14.70,-126.00,-107.85,28.9
2026/05/04 22:05:09.59,IMU,150.39,426.27,866.70,1.27,-0.32,1.89,-15.45,-123.75,-107.85,29.1
2026/05/04 22:05:09.69,IMU,142.58,420.41,866.21,2.09,-1.39,-1.05,-14.70,-126.30,-107.85,28.8
2026/05/04 22:05:09.79,IMU,151.37,444.82,867.19,3.48,-4.80,2.01,-16.50,-125.25,-106.05,29.0
2026/05/04 22:05:09.89,IMU,141.60,439.94,888.67,1.30,-4.19,0.31,-16.05,-126.00,-106.35,29.0
2026/05/04 22:05:09.99,IMU,147.46,426.27,866.21,2.32,-2.90,2.92,-18.30,-126.30,-105.00,28.8
2026/05/04 22:05:10.09,IMU,159.18,438.48,878.42,2.34,-4.49,1.34,-16.65,-123.90,-105.90,29.1
2026/05/04 22:05:10.19,IMU,137.21,431.64,875.49,0.76,-4.98,3.18,-17.40,-122.70,-106.20,28.6
2026/05/04 22:05:10.29,IMU,154.79,446.78,878.42,1.24,-4.84,2.42,-17.70,-122.70,-106.65,29.0
2026/05/04 22:05:10.39,IMU,143.55,448.73,878.42,1.95,-5.33,2.59,-18.15,-125.10,-105.45,29.0
2026/05/04 22:05:10.52,IMU,149.41,446.29,885.25,1.05,-2.14,4.79,-18.00,-123.75,-107.10,29.1
2026/05/04 22:05:10.61,IMU,145.51,440.43,882.32,1.81,-5.09,3.53,-18.45,-123.90,-108.00,28.9
2026/05/04 22:05:10.72,IMU,149.90,443.85,885.25,1.50,-6.31,0.78,-20.70,-122.70,-107.70,29.1
2026/05/04 22:05:10.82,IMU,150.88,439.45,893.07,1.21,-6.77,3.40,-19.65,-123.45,-107.70,28.9
2026/05/04 22:05:10.94,IMU,134.77,431.15,886.23,-0.21,-3.40,0.24,-20.55,-123.00,-108.15,29.1
2026/05/04 22:05:11.04,IMU,150.88,449.71,879.88,2.27,-7.70,1.68,-19.95,-123.90,-109.50,28.9
2026/05/04 22:05:11.14,IMU,149.90,450.68,888.18,1.85,-3.09,1.54,-19.95,-122.70,-110.55,29.0
2026/05/04 22:05:11.24,IMU,152.83,463.87,920.90,1.12,-3.85,-0.15,-21.15,-123.45,-110.25,29.1
2026/05/04 22:05:11.34,IMU,130.37,425.78,839.84,0.08,-4.83,0.00,-22.50,-124.20,-109.80,29.1
2026/05/04 22:05:11.44,IMU,138.18,419.92,826.66,0.35,-2.44,1.72,-24.00,-125.40,-107.70,28.9
2026/05/04 22:05:11.54,IMU,148.93,431.64,862.79,-0.72,-2.84,2.47,-22.80,-123.30,-110.70,29.1
2026/05/04 22:05:11.64,IMU,151.86,454.59,875.49,0.21,0.56,-2.63,-21.30,-123.75,-111.15,29.0
2026/05/04 22:05:11.74,IMU,157.23,452.64,887.70,-1.90,-4.44,-1.41,-21.75,-124.20,-110.85,29.1
2026/05/04 22:05:11.84,IMU,154.79,428.71,849.61,-0.67,-0.37,-2.65,-20.40,-123.90,-110.85,29.1
2026/05/04 22:05:11.99,IMU,157.71,436.04,858.40,-0.40,1.76,-5.89,-26.40,-126.30,-106.35,29.0
2026/05/04 22:05:12.09,IMU,145.02,440.43,856.45,-0.28,3.77,-3.21,-22.35,-122.55,-109.65,29.0
2026/05/04 22:05:12.19,IMU,153.32,436.04,861.33,-1.68,3.18,-2.10,-22.80,-123.75,-111.45,29.2
2026/05/04 22:05:12.29,IMU,130.37,433.11,872.07,-4.38,2.20,-6.69,-21.15,-123.15,-109.80,29.0
2026/05/04 22:05:12.39,IMU,136.72,441.41,870.61,-3.20,3.76,-3.35,-22.05,-123.75,-109.95,29.1
2026/05/04 22:05:12.49,IMU,147.46,448.73,875.00,-1.66,5.45,-4.52,-20.55,-123.30,-109.35,29.0
2026/05/04 22:05:12.59,IMU,154.30,441.89,901.37,-3.63,4.04,-2.85,-21.15,-123.15,-109.05,29.0
2026/05/04 22:05:12.70,IMU,145.51,433.59,867.68,-2.44,6.37,-4.52,-21.15,-123.15,-109.80,29.3
2026/05/04 22:05:12.80,IMU,145.02,433.59,868.16,-2.72,3.78,-4.40,-20.40,-122.70,-107.70,29.1
2026/05/04 22:05:12.90,IMU,136.23,443.85,886.23,-1.67,6.11,-3.98,-19.05,-123.30,-106.80,29.1
2026/05/04 22:05:13.00,IMU,156.74,429.20,875.49,-4.02,5.94,-5.04,-19.65,-122.70,-108.45,29.1
2026/05/04 22:05:13.10,IMU,141.11,434.08,890.14,-0.34,5.27,-4.15,-17.55,-124.50,-108.90,29.0
2026/05/04 22:05:13.20,IMU,143.07,441.89,889.16,-1.38,3.39,-7.40,-19.05,-123.75,-107.55,28.8
2026/05/04 22:05:13.30,IMU,147.95,440.92,880.86,-3.05,3.98,-2.71,-19.50,-124.05,-106.05,28.9
2026/05/04 22:05:13.40,IMU,137.70,435.55,868.16,-1.44,3.87,-2.25,-18.30,-124.80,-107.85,29.0
2026/05/04 22:05:13.50,IMU,145.51,441.89,877.44,-2.79,6.73,-2.63,-16.50,-124.05,-106.35,29.0
2026/05/04 22:05:13.60,IMU,147.95,430.18,861.82,1.19,2.63,-3.27,-17.55,-124.80,-107.85,29.0
2026/05/04 22:05:13.71,IMU,140.14,447.75,868.16,-0.56,0.77,-3.59,-17.55,-124.50,-107.85,29.1
2026/05/04 22:05:13.82,IMU,142.58,442.38,893.55,1.05,0.38,-1.18,-18.00,-123.75,-108.15,29.1
2026/05/04 22:05:13.92,IMU,148.44,447.75,875.98,0.20,-0.99,-2.73,-17.40,-123.90,-109.50,29.4
2026/05/04 22:05:14.02,IMU,146.00,419.92,849.12,-0.37,-4.08,-1.87,-17.10,-124.20,-110.25,29.1
2026/05/04 22:05:14.12,IMU,151.37,433.59,882.81,1.82,-1.75,-2.27,-16.05,-123.00,-109.95,29.1
2026/05/04 22:05:14.22,IMU,143.07,440.92,881.35,-0.15,-1.19,-0.11,-16.35,-123.90,-108.75,28.9
2026/05/04 22:05:14.35,IMU,137.21,444.34,866.21,0.09,-4.38,-2.50,-17.10,-123.15,-108.00,29.1
2026/05/04 22:05:14.45,IMU,158.69,437.50,884.28,2.33,-4.16,-0.02,-17.40,-123.15,-107.70,28.8
2026/05/04 22:05:14.55,IMU,151.86,424.80,859.86,2.11,-5.67,-1.39,-19.05,-121.80,-107.55,29.0
2026/05/04 22:05:14.65,IMU,151.86,445.80,877.93,1.95,-2.19,0.86,-17.70,-122.70,-108.00,29.0
2026/05/04 22:05:14.75,IMU,141.11,442.87,876.46,1.38,-6.89,-3.25,-19.80,-122.55,-108.15,28.7
2026/05/04 22:05:14.85,IMU,148.93,450.68,861.33,2.24,-5.04,1.98,-19.20,-120.45,-107.70,29.0
2026/05/04 22:05:14.95,IMU,140.63,438.96,877.93,4.33,-6.66,0.84,-19.05,-122.55,-107.85,29.1
2026/05/04 22:05:15.05,IMU,163.57,447.27,881.84,2.12,-5.07,2.32,-20.10,-121.05,-108.60,29.1
2026/05/04 22:05:15.18,IMU,147.46,446.29,881.84,6.07,-5.61,2.53,-20.10,-120.30,-107.85,28.9
2026/05/04 22:05:15.28,IMU,137.70,446.78,883.79,2.96,-5.79,0.45,-20.85,-120.60,-108.90,29.1
2026/05/04 22:05:15.38,IMU,148.93,459.96,905.76,3.05,-5.56,-0.01,-22.35,-121.05,-108.90,28.9
2026/05/04 22:05:15.48,IMU,150.39,445.80,884.77,5.37,-5.65,1.55,-21.15,-121.20,-110.55,29.0
2026/05/04 22:05:15.58,IMU,147.95,433.59,859.86,2.82,-2.69,1.76,-22.05,-121.05,-109.95,29.0
2026/05/04 22:05:15.68,IMU,144.53,445.80,880.86,5.21,-3.10,2.02,-23.25,-119.70,-112.05,29.1
2026/05/04 22:05:15.78,IMU,150.39,444.34,884.77,3.01,-3.31,-0.08,-22.05,-119.85,-110.70,29.1
2026/05/04 22:05:15.88,IMU,145.51,438.96,855.47,1.27,-5.22,0.81,-22.50,-120.15,-112.65,28.9
2026/05/04 22:05:15.98,IMU,144.04,428.71,868.16,3.34,-0.47,0.50,-24.60,-121.80,-112.50,29.1
2026/05/04 22:05:16.08,IMU,125.00,445.80,856.93,0.58,-4.47,-0.40,-24.45,-120.15,-113.10,29.1
2026/05/04 22:05:16.18,IMU,152.34,437.50,869.63,-1.66,-0.12,0.95,-25.20,-120.15,-112.65,29.1
2026/05/04 22:05:16.28,IMU,159.67,446.78,870.61,1.82,-1.50,2.45,-24.00,-118.20,-113.85,29.2
2026/05/04 22:05:16.39,IMU,144.53,449.22,867.19,-1.75,3.15,-5.31,-23.55,-120.60,-113.25,29.1
2026/05/04 22:05:16.49,IMU,145.02,432.62,873.05,-1.48,-3.15,-0.11,-23.10,-119.55,-114.75,29.0
2026/05/04 22:05:16.59,IMU,151.86,447.27,885.25,-0.35,3.57,0.49,-23.85,-118.80,-112.20,29.1
2026/05/04 22:05:16.69,IMU,135.25,432.62,856.45,-2.32,-0.50,1.69,-23.85,-120.30,-111.45,29.1
2026/05/04 22:05:16.79,IMU,151.86,441.89,871.09,-2.31,6.78,0.34,-22.20,-121.20,-112.65,29.2
2026/05/04 22:05:16.90,IMU,139.65,445.31,884.77,-1.89,3.63,1.56,-23.10,-120.60,-111.15,29.0
2026/05/04 22:05:16.99,IMU,160.16,451.66,884.28,-4.14,3.51,0.01,-23.10,-120.60,-110.70,29.0
2026/05/04 22:05:17.09,IMU,140.14,435.55,874.51,-1.74,4.36,0.24,-22.50,-119.70,-110.55,29.1
2026/05/04 22:05:17.20,IMU,156.74,455.08,897.95,-4.34,5.42,-2.00,-21.60,-121.05,-111.15,29.2
2026/05/04 22:05:17.30,IMU,155.27,443.36,885.25,-2.16,6.80,-2.83,-21.75,-121.95,-109.50,29.0
2026/05/04 22:05:17.40,IMU,159.67,437.50,876.95,-1.69,4.86,0.07,-20.85,-121.80,-109.95,29.1
2026/05/04 22:05:17.50,IMU,146.48,446.29,879.39,-4.54,4.82,-0.21,-20.10,-121.80,-108.90,29.1
2026/05/04 22:05:17.60,IMU,149.90,452.15,873.05,-2.91,6.79,-0.24,-19.20,-121.95,-108.75,29.0
2026/05/04 22:05:17.70,IMU,157.23,444.34,875.49,-3.06,7.12,0.53,-21.30,-122.55,-108.60,28.9
2026/05/04 22:05:17.80,IMU,157.71,428.22,873.05,-0.99,2.92,0.01,-19.65,-123.45,-108.75,29.0
2026/05/04 22:05:17.90,IMU,145.02,431.64,871.09,-3.16,4.95,0.34,-20.55,-121.80,-108.15,29.0
2026/05/04 22:05:18.00,IMU,129.88,444.34,880.37,-1.66,4.53,-0.19,-17.40,-123.90,-108.45,28.9
2026/05/04 22:05:18.10,IMU,148.44,433.11,853.52,-1.44,3.37,0.62,-19.65,-122.40,-108.00,29.1
2026/05/04 22:05:18.20,IMU,150.39,437.99,858.89,-0.74,3.51,0.60,-18.90,-123.15,-110.55,29.0
2026/05/04 22:05:18.30,IMU,154.30,428.71,859.38,-2.02,3.69,-5.38,-17.40,-121.65,-108.75,28.8
2026/05/04 22:05:18.40,IMU,141.11,434.08,876.95,-0.68,4.79,-1.56,-18.15,-124.65,-108.45,28.9
2026/05/04 22:05:18.50,IMU,146.48,438.48,860.84,-1.04,3.27,3.04,-17.10,-124.20,-108.45,29.1
2026/05/04 22:05:18.60,IMU,143.07,443.36,879.88,-0.52,-0.15,-1.26,-18.00,-123.00,-109.65,29.1
2026/05/04 22:05:18.70,IMU,157.23,448.24,877.44,2.00,-4.00,-1.68,-18.15,-124.20,-108.00,28.8
2026/05/04 22:05:18.80,IMU,148.93,433.11,873.05,1.81,-0.06,0.19,-17.40,-123.15,-109.80,29.1
2026/05/04 22:05:18.91,IMU,156.25,450.68,872.07,1.92,1.56,-0.95,-17.25,-123.30,-108.90,29.1
2026/05/04 22:05:19.01,IMU,141.60,431.64,857.42,2.44,-2.02,-0.95,-17.10,-123.90,-109.05,29.0
2026/05/04 22:05:19.11,IMU,151.86,438.48,875.98,2.17,-3.58,-0.40,-18.90,-123.45,-109.05,28.7
2026/05/04 22:05:19.22,IMU,136.72,452.64,887.70,3.44,-2.21,-3.05,-22.35,-125.25,-106.05,29.1
2026/05/04 22:05:19.33,IMU,141.60,431.15,857.91,2.17,-5.84,-1.18,-18.45,-121.20,-109.05,29.1
2026/05/04 22:05:19.43,IMU,144.53,450.20,900.88,2.23,-2.96,1.00,-19.95,-121.65,-108.75,29.1
2026/05/04 22:05:19.55,IMU,145.51,437.99,888.67,0.83,-5.28,1.85,-19.65,-121.65,-108.45,29.0
2026/05/04 22:05:19.65,IMU,141.11,464.36,894.04,4.64,-4.11,0.93,-19.65,-121.65,-108.45,29.1
2026/05/04 22:05:19.75,IMU,146.97,432.62,869.63,3.18,-6.72,2.15,-20.40,-121.65,-108.75,29.1
2026/05/04 22:05:19.85,IMU,147.46,439.94,864.75,2.89,-3.53,3.71,-20.55,-120.30,-108.60,29.2
2026/05/04 22:05:19.95,IMU,138.18,426.76,881.84,4.31,-5.11,2.56,-20.85,-121.50,-109.65,29.2
2026/05/04 22:05:20.05,IMU,161.62,444.82,894.04,1.05,-6.63,1.08,-20.85,-120.60,-111.15,28.8
2026/05/04 22:05:20.15,IMU,143.07,435.06,889.16,0.94,-7.27,1.21,-22.05,-120.60,-111.75,29.1
2026/05/04 22:05:20.25,IMU,156.74,429.20,867.19,2.60,-5.18,0.08,-22.20,-120.45,-110.85,28.7
2026/05/04 22:05:20.38,IMU,136.72,444.34,859.38,1.84,-2.66,3.15,-22.50,-120.15,-112.05,28.9
2026/05/04 22:05:20.48,IMU,150.88,440.92,867.19,2.32,-2.45,0.74,-22.35,-119.55,-113.25,29.1
2026/05/04 22:05:20.58,IMU,144.53,431.15,868.65,4.37,-1.99,1.95,-22.95,-118.20,-112.35,29.1
2026/05/04 22:05:20.68,IMU,145.51,450.68,887.70,-1.09,-0.72,-0.93,-22.35,-118.80,-112.50,28.9
2026/05/04 22:05:20.78,IMU,136.23,447.75,877.44,1.50,0.35,-1.80,-22.80,-118.80,-114.00,29.1
2026/05/04 22:05:20.88,IMU,137.70,432.13,862.79,2.27,0.30,-0.22,-23.10,-119.10,-112.50,29.1
2026/05/04 22:05:20.98,IMU,148.93,437.99,864.75,-3.49,3.95,-2.25,-25.35,-121.05,-111.15,29.0
2026/05/04 22:05:21.08,IMU,144.53,424.80,854.98,-0.34,1.82,-0.34,-23.25,-120.15,-113.10,29.0
2026/05/04 22:05:21.18,IMU,149.90,446.78,865.23,1.04,2.36,-2.22,-23.25,-120.15,-113.85,29.0
2026/05/04 22:05:21.28,IMU,141.11,447.75,859.38,-1.60,1.06,0.44,-22.95,-119.40,-112.35,29.2
2026/05/04 22:05:21.38,IMU,150.88,428.71,878.91,-0.31,3.78,-0.37,-22.35,-120.30,-112.20,29.4
2026/05/04 22:05:21.48,IMU,153.32,450.20,876.95,-3.85,4.18,-0.05,-22.05,-120.30,-111.15,28.7
2026/05/04 22:05:21.58,IMU,160.16,441.41,882.81,0.55,3.37,-2.13,-22.80,-121.05,-111.75,28.9
2026/05/04 22:05:21.68,IMU,138.18,439.45,841.31,0.28,3.95,-1.81,-21.30,-121.05,-111.45,29.2
2026/05/04 22:05:21.78,IMU,163.09,459.47,893.55,-3.49,3.06,3.30,-20.40,-120.15,-110.85,29.1
2026/05/04 22:05:21.88,IMU,168.95,449.22,875.49,-0.24,7.14,-2.63,-22.35,-121.05,-111.45,29.3
2026/05/04 22:05:21.98,IMU,140.63,440.43,868.65,-2.87,3.27,-1.77,-22.20,-121.20,-110.25,28.9
2026/05/04 22:05:22.10,IMU,146.00,455.57,916.50,-2.45,6.54,-2.13,-21.15,-121.95,-110.25,29.1
2026/05/04 22:05:22.20,IMU,148.44,427.73,861.33,-0.66,5.79,-2.56,-19.50,-121.50,-109.35,28.9
2026/05/04 22:05:22.30,IMU,153.32,457.03,876.46,-2.21,5.69,-0.48,-20.70,-123.45,-110.25,29.0
2026/05/04 22:05:22.41,IMU,140.14,447.75,863.77,-1.99,3.09,-0.70,-19.50,-121.80,-109.65,29.0
2026/05/04 22:05:22.51,IMU,156.25,444.34,875.49,-2.90,3.51,-1.60,-20.40,-122.70,-108.45,29.0
2026/05/04 22:05:22.61,IMU,140.14,440.92,875.00,-2.66,3.52,-1.67,-17.70,-121.65,-110.25,28.7
2026/05/04 22:05:22.72,IMU,150.88,429.69,876.95,-2.82,3.41,1.44,-18.00,-121.80,-109.95,28.9
2026/05/04 22:05:22.83,IMU,133.79,431.64,875.98,-2.38,3.69,-0.03,-18.90,-122.70,-108.75,28.9
2026/05/04 22:05:22.93,IMU,136.72,437.01,864.75,-1.40,2.82,0.71,-17.40,-123.15,-109.05,28.9
2026/05/04 22:05:23.03,IMU,142.58,438.48,876.46,-2.31,3.34,0.70,-17.25,-123.00,-108.90,29.1
2026/05/04 22:05:23.13,IMU,140.14,454.59,865.72,2.73,0.39,2.98,-18.00,-123.75,-109.65,29.1
2026/05/04 22:05:23.23,IMU,143.07,440.43,861.82,-0.67,2.18,-0.41,-18.30,-124.05,-109.65,29.1
2026/05/04 22:05:23.33,IMU,137.21,441.41,880.37,2.50,0.47,-0.31,-19.50,-123.30,-109.35,29.3
2026/05/04 22:05:23.43,IMU,150.88,435.55,864.75,0.19,0.79,1.21,-18.45,-123.15,-110.25,29.1
2026/05/04 22:05:23.53,IMU,147.95,447.27,869.63,2.40,-2.40,2.51,-17.40,-121.65,-110.25,29.0
2026/05/04 22:05:23.63,IMU,148.93,448.24,871.09,2.23,-0.75,3.20,-18.75,-122.55,-109.65,29.0
2026/05/04 22:05:23.73,IMU,148.93,447.27,880.37,1.79,-6.37,3.66,-18.90,-123.15,-109.80,29.0
2026/05/04 22:05:23.83,IMU,144.53,438.48,864.26,2.11,-3.31,2.28,-18.45,-123.15,-110.25,29.1
2026/05/04 22:05:23.93,IMU,154.30,445.80,878.91,3.44,-5.83,3.79,-19.20,-122.40,-110.25,28.9
2026/05/04 22:05:24.03,IMU,143.55,439.94,870.61,2.89,-2.94,6.15,-20.10,-123.00,-108.60,29.2
2026/05/04 22:05:24.16,IMU,144.04,454.10,872.56,6.69,-4.54,4.44,-20.85,-121.50,-108.60,28.8
2026/05/04 22:05:24.26,IMU,147.95,459.96,885.25,3.19,-1.18,8.40,-19.95,-121.95,-109.05,29.0
2026/05/04 22:05:24.36,IMU,150.39,437.01,878.91,4.17,-5.48,7.57,-20.70,-122.70,-109.05,29.1
2026/05/04 22:05:24.46,IMU,140.63,453.13,868.16,6.42,-4.18,3.58,-23.85,-123.00,-106.35,29.3
2026/05/04 22:05:24.56,IMU,155.76,453.13,867.19,3.19,-6.68,5.75,-20.40,-120.45,-110.25,28.8
2026/05/04 22:05:24.66,IMU,161.13,439.94,860.35,3.82,-0.94,4.68,-21.30,-121.80,-111.15,28.9
2026/05/04 22:05:24.76,IMU,137.70,449.22,896.00,4.08,-5.40,2.69,-22.05,-122.55,-111.75,29.0
2026/05/04 22:05:24.86,IMU,159.18,445.80,868.65,1.61,-2.02,3.57,-21.30,-122.25,-110.40,28.7
2026/05/04 22:05:24.96,IMU,148.93,450.68,878.42,0.51,-1.89,4.05,-20.85,-122.25,-112.20,29.0
2026/05/04 22:05:25.06,IMU,154.30,445.80,867.68,1.99,-1.50,4.79,-22.35,-122.25,-111.75,29.1
2026/05/04 22:05:25.16,IMU,136.72,437.50,860.84,0.95,0.88,3.71,-21.45,-120.45,-114.15,29.1
2026/05/04 22:05:25.26,IMU,166.99,439.45,879.88,1.79,-0.50,1.98,-22.80,-121.50,-112.20,29.1
2026/05/04 22:05:25.36,IMU,153.32,440.43,874.51,-0.67,0.63,-0.21,-22.95,-122.70,-109.50,29.1
2026/05/04 22:05:25.46,IMU,147.46,448.24,868.16,1.13,-1.64,3.74,-23.70,-123.15,-112.65,29.0
2026/05/04 22:05:25.59,IMU,146.48,444.82,868.65,-0.69,5.59,0.82,-21.75,-120.90,-112.05,29.0
2026/05/04 22:05:25.69,IMU,151.37,435.06,856.93,0.27,-0.15,2.85,-23.70,-121.65,-113.40,29.0
2026/05/04 22:05:25.79,IMU,150.39,445.31,871.09,-2.59,3.26,0.95,-21.45,-120.90,-112.65,28.9
2026/05/04 22:05:25.89,IMU,141.11,444.34,864.26,-0.05,1.59,0.60,-21.75,-121.20,-111.30,29.1
2026/05/04 22:05:25.99,IMU,152.34,434.08,865.23,-3.95,7.02,2.29,-22.35,-123.00,-111.45,29.0
2026/05/04 22:05:26.09,IMU,148.93,436.52,891.60,0.04,3.89,3.09,-21.45,-121.95,-109.80,29.1
2026/05/04 22:05:26.19,IMU,143.07,449.22,860.35,0.56,5.28,-2.24,-22.20,-121.65,-110.25,29.2
2026/05/04 22:05:26.29,IMU,146.00,436.52,884.77,-3.90,4.26,0.94,-20.85,-123.00,-110.40,28.9
2026/05/04 22:05:26.39,IMU,148.93,431.64,861.33,-0.15,6.97,0.17,-22.50,-121.20,-110.25,29.1
2026/05/04 22:05:26.49,IMU,144.53,439.94,879.88,-3.02,6.29,1.33,-21.15,-122.40,-109.80,29.0
2026/05/04 22:05:26.59,IMU,163.09,438.48,870.61,-2.25,7.46,-1.50,-20.70,-123.45,-109.05,28.7
2026/05/04 22:05:26.71,IMU,127.93,440.43,871.58,-0.67,7.25,-0.11,-18.15,-123.15,-107.70,29.0
2026/05/04 22:05:26.81,IMU,149.41,451.66,885.74,-4.89,5.10,-3.80,-19.80,-123.00,-109.35,29.3
2026/05/04 22:05:26.91,IMU,155.27,440.43,874.51,-0.91,6.63,-0.94,-18.90,-123.45,-108.00,29.1
2026/05/04 22:05:27.02,IMU,171.88,440.92,876.95,-3.35,6.34,0.00,-17.25,-124.80,-107.85,28.9
2026/05/04 22:05:27.12,IMU,141.11,428.71,875.00,-3.56,6.47,0.44,-19.05,-123.00,-108.15,28.9
2026/05/04 22:05:27.22,IMU,150.39,437.99,875.98,0.09,5.44,-2.81,-17.55,-124.05,-108.60,29.1
2026/05/04 22:05:27.32,IMU,131.35,441.41,869.63,-3.49,5.50,-2.43,-19.95,-126.90,-105.15,29.1
2026/05/04 22:05:27.42,IMU,147.46,434.08,882.32,-0.29,2.92,-0.27,-18.15,-125.10,-109.05,28.8
2026/05/04 22:05:27.52,IMU,147.46,447.75,877.44,1.66,6.14,-0.21,-16.35,-123.90,-108.75,29.0
2026/05/04 22:05:27.62,IMU,153.32,442.38,859.86,-2.02,1.18,-1.06,-16.05,-124.80,-107.85,29.0
2026/05/04 22:05:27.72,IMU,150.88,437.01,876.46,-1.11,2.42,-1.82,-18.00,-123.75,-108.60,29.0
2026/05/04 22:05:27.82,IMU,133.30,427.73,865.23,2.11,-3.49,-3.34,-18.45,-125.40,-107.70,28.7
2026/05/04 22:05:27.92,IMU,146.48,426.76,869.14,-0.86,-3.18,0.59,-15.90,-124.20,-109.50,29.0
2026/05/04 22:05:28.02,IMU,144.53,436.52,884.28,3.47,-0.60,-0.07,-18.00,-124.50,-107.85,29.0
2026/05/04 22:05:28.16,IMU,152.34,437.50,879.39,-0.43,-1.73,-1.98,-16.65,-124.20,-109.05,28.9
2026/05/04 22:05:28.26,IMU,128.42,426.27,863.77,5.08,-4.89,0.65,-17.40,-123.90,-107.70,28.8
2026/05/04 22:05:28.36,IMU,153.32,464.84,882.32,1.38,-3.52,0.21,-17.70,-125.10,-108.00,29.0
2026/05/04 22:05:28.46,IMU,128.91,436.04,886.23,-0.10,-8.27,-2.20,-17.25,-123.75,-108.15,29.0
2026/05/04 22:05:28.56,IMU,144.04,433.59,862.30,3.19,-0.50,-1.82,-18.45,-124.20,-108.00,29.1
2026/05/04 22:05:28.66,IMU,141.60,444.82,890.14,1.05,-6.33,-0.85,-18.75,-123.30,-107.85,28.7
2026/05/04 22:05:28.76,IMU,162.11,430.66,874.51,3.14,-6.85,-0.44,-22.20,-125.85,-104.40,29.0
2026/05/04 22:05:28.86,IMU,144.53,446.78,880.86,3.66,-6.36,-0.63,-19.50,-121.80,-108.60,29.1
2026/05/04 22:05:28.96,IMU,157.23,455.08,896.48,2.53,-6.66,-1.21,-20.40,-123.90,-108.45,29.1
2026/05/04 22:05:29.06,IMU,143.55,442.87,880.86,2.28,-0.99,0.14,-18.75,-120.60,-108.90,28.8
2026/05/04 22:05:29.16,IMU,147.95,451.17,852.54,4.26,-9.21,0.13,-20.85,-121.50,-108.90,29.1
2026/05/04 22:05:29.26,IMU,153.32,439.45,903.32,0.46,-5.73,-3.60,-21.15,-122.40,-109.05,28.9
2026/05/04 22:05:29.36,IMU,143.55,439.94,850.10,2.87,-8.24,-1.82,-21.45,-120.45,-110.85,29.1
2026/05/04 22:05:29.47,IMU,145.51,446.29,862.79,0.26,-3.12,-5.69,-19.95,-121.20,-110.55,29.1
2026/05/04 22:05:29.59,IMU,156.74,448.73,890.63,3.15,-5.15,-4.03,-23.25,-121.65,-111.30,29.1
2026/05/04 22:05:29.69,IMU,148.44,434.57,865.72,1.49,-3.32,-5.72,-22.35,-120.30,-111.15,29.0
2026/05/04 22:05:29.79,IMU,146.00,431.64,873.05,0.49,-5.25,-5.08,-21.15,-121.20,-113.40,29.0
2026/05/04 22:05:29.89,IMU,150.39,437.99,887.21,-0.79,-2.91,-6.35,-22.05,-121.05,-113.25,29.1
2026/05/04 22:05:29.99,IMU,136.72,427.25,872.56,-0.47,-3.51,-5.00,-23.25,-121.20,-111.60,29.1
2026/05/04 22:05:30.09,IMU,149.90,436.04,878.42,-1.12,-3.87,-5.02,-22.50,-119.40,-112.65,29.2
2026/05/04 22:05:30.19,IMU,134.28,423.34,872.07,-0.23,-3.24,-6.74,-24.60,-118.80,-111.75,28.9
2026/05/04 22:05:30.29,IMU,156.25,451.17,865.23,-3.08,-3.86,-6.06,-23.55,-119.10,-112.95,29.0
2026/05/04 22:05:30.39,IMU,136.72,437.99,882.32,-4.55,2.98,-5.85,-23.55,-118.35,-113.25,29.1
2026/05/04 22:05:30.49,IMU,148.44,437.01,871.09,-0.44,-1.51,-5.79,-22.95,-118.65,-114.00,29.0
2026/05/04 22:05:30.59,IMU,150.88,437.50,883.79,-3.57,1.63,-7.99,-22.80,-118.35,-112.50,28.9
2026/05/04 22:05:30.69,IMU,146.48,436.04,872.56,-3.61,-1.48,-6.89,-22.35,-117.60,-112.50,29.1
2026/05/04 22:05:30.79,IMU,138.18,445.31,876.95,-4.03,1.71,-8.70,-22.80,-119.10,-112.50,28.9
2026/05/04 22:05:30.90,IMU,143.07,450.20,883.30,-4.95,-1.08,-8.15,-22.35,-119.10,-111.75,29.0
2026/05/04 22:05:31.00,IMU,151.86,428.22,867.68,-3.66,3.01,-9.56,-22.20,-117.75,-112.35,29.2
2026/05/04 22:05:31.10,IMU,129.39,453.13,883.30,-4.09,0.72,-8.50,-21.15,-118.65,-112.35,29.1
2026/05/04 22:05:31.20,IMU,159.18,445.31,857.42,-6.92,4.26,-12.27,-23.10,-118.35,-112.50,29.1
2026/05/04 22:05:31.30,IMU,142.09,436.52,867.68,-1.66,1.95,-10.82,-21.75,-118.95,-110.55,29.1
2026/05/04 22:05:31.40,IMU,147.95,433.59,871.58,-5.26,2.11,-11.94,-22.20,-118.20,-111.60,29.0
2026/05/04 22:05:31.50,IMU,142.58,444.82,888.18,-4.08,1.50,-11.47,-23.85,-119.10,-108.90,29.1
2026/05/04 22:05:31.62,IMU,151.37,444.82,875.49,-5.05,1.59,-10.65,-20.10,-120.30,-112.95,29.1
2026/05/04 22:05:31.72,IMU,153.32,440.43,875.00,-5.52,-0.59,-8.61,-20.70,-119.40,-110.25,29.0
2026/05/04 22:05:31.82,IMU,148.93,439.45,874.51,-1.90,-1.61,-9.47,-21.75,-120.15,-110.85,29.1
2026/05/04 22:05:31.92,IMU,141.11,441.41,874.02,-4.55,1.78,-10.04,-20.70,-119.40,-112.05,29.2
2026/05/04 22:05:32.02,IMU,149.90,426.27,876.46,-3.26,-4.40,-7.59,-20.70,-117.75,-111.30,29.0
2026/05/04 22:05:32.12,IMU,128.91,423.34,891.60,-2.31,-0.79,-6.33,-20.55,-118.80,-112.50,29.1
2026/05/04 22:05:32.22,IMU,142.09,428.22,868.16,-0.36,-4.75,-5.81,-22.50,-120.45,-109.50,29.1
2026/05/04 22:05:32.32,IMU,161.13,437.01,888.18,-3.06,0.19,-6.52,-20.85,-118.35,-111.45,29.3
2026/05/04 22:05:32.42,IMU,141.11,430.66,874.51,-0.52,-1.98,-8.32,-19.95,-118.20,-110.55,28.7
2026/05/04 22:05:32.52,IMU,149.90,441.41,859.86,1.35,-4.22,-5.94,-24.60,-120.30,-107.85,29.1
2026/05/04 22:05:32.62,IMU,142.58,434.08,870.12,-0.45,-2.59,-6.18,-21.30,-116.10,-113.25,29.1
2026/05/04 22:05:32.72,IMU,150.88,428.71,865.23,1.92,-4.76,-5.37,-22.05,-116.10,-112.50,29.1
2026/05/04 22:05:32.82,IMU,134.28,437.99,873.54,0.67,-7.09,-3.34,-20.40,-117.00,-112.35,29.0
2026/05/04 22:05:32.92,IMU,150.39,434.57,871.58,3.79,-5.89,-6.73,-21.45,-116.25,-111.60,29.1
2026/05/04 22:05:33.02,IMU,134.28,440.43,896.00,2.05,-0.85,-8.15,-20.55,-114.90,-112.50,29.0
2026/05/04 22:05:33.12,IMU,151.86,452.64,870.61,3.97,-7.00,-5.11,-22.20,-115.50,-112.65,29.0
2026/05/04 22:05:33.22,IMU,146.97,444.82,880.86,4.05,-3.15,-4.44,-22.35,-116.10,-113.55,29.0
2026/05/04 22:05:33.35,IMU,136.72,439.94,885.25,4.60,-7.18,-5.60,-23.10,-114.90,-115.05,29.1
2026/05/04 22:05:33.45,IMU,145.02,441.41,880.86,4.89,-2.55,-6.06,-21.75,-114.00,-113.10,29.0
2026/05/04 22:05:33.55,IMU,143.55,429.69,882.81,4.50,-7.73,-3.73,-23.25,-112.95,-114.90,29.1
2026/05/04 22:05:33.65,IMU,150.88,447.75,868.16,2.21,-1.90,-3.84,-23.70,-113.70,-113.10,29.1
2026/05/04 22:05:33.75,IMU,142.09,437.50,884.28,3.02,-5.18,-7.70,-23.55,-111.60,-116.85,29.2
2026/05/04 22:05:33.85,IMU,147.95,436.52,874.51,3.15,-6.21,-6.20,-23.70,-112.50,-115.95,29.1
2026/05/04 22:05:33.95,IMU,145.51,440.43,867.19,4.39,-5.35,-5.34,-22.80,-110.40,-116.55,28.8
2026/05/04 22:05:34.05,IMU,143.55,437.01,870.61,4.40,-2.02,-5.81,-23.25,-111.30,-117.45,29.2
2026/05/04 22:05:34.15,IMU,139.16,433.11,873.54,0.07,-3.39,-3.82,-23.55,-110.85,-117.90,29.1
2026/05/04 22:05:34.25,IMU,155.27,443.36,860.84,1.90,-4.65,-4.88,-23.85,-107.40,-118.35,29.1
2026/05/04 22:05:34.35,IMU,133.30,437.99,861.82,3.84,-1.89,-0.98,-22.95,-109.50,-117.75,29.2
2026/05/04 22:05:34.45,IMU,139.16,445.80,876.95,0.98,-4.69,-3.65,-23.70,-108.75,-118.50,29.1
2026/05/04 22:05:34.55,IMU,141.60,431.64,875.00,0.63,-2.78,-2.41,-26.10,-111.15,-114.30,29.1
2026/05/04 22:05:34.65,IMU,143.55,450.68,878.91,-1.20,-0.28,-5.10,-22.50,-108.00,-119.55,29.1
2026/05/04 22:05:34.78,IMU,136.23,430.18,876.95,-2.27,0.10,-3.44,-24.15,-108.15,-120.15,29.3
2026/05/04 22:05:34.88,IMU,141.11,443.36,864.75,-0.44,-1.33,-1.93,-23.70,-108.30,-118.20,29.4
2026/05/04 22:05:34.98,IMU,135.74,440.92,872.56,-5.82,0.75,-1.89,-23.55,-108.45,-118.65,29.0
2026/05/04 22:05:35.08,IMU,144.53,430.66,870.61,-2.63,1.26,-2.25,-23.25,-108.75,-119.25,29.4
2026/05/04 22:05:35.18,IMU,140.14,437.50,858.40,-5.18,1.49,-3.89,-23.25,-108.00,-118.50,28.9
2026/05/04 22:05:35.28,IMU,148.44,436.52,884.28,-5.30,-1.34,-1.65,-22.95,-109.50,-117.45,29.0
2026/05/04 22:05:35.38,IMU,148.93,447.27,870.12,-2.15,1.52,-1.16,-23.10,-108.45,-117.60,29.0
2026/05/04 22:05:35.48,IMU,131.35,437.50,879.88,-5.99,-0.31,-0.43,-23.10,-108.15,-116.55,29.4
2026/05/04 22:05:35.58,IMU,147.46,443.85,875.49,-3.49,4.08,-5.50,-24.75,-109.80,-114.15,29.2
2026/05/04 22:05:35.68,IMU,130.37,443.85,871.58,-3.60,2.62,-2.41,-22.95,-108.75,-115.95,29.0
2026/05/04 22:05:35.78,IMU,143.07,437.99,872.07,-7.90,2.60,-1.15,-21.45,-108.75,-117.00,29.1
2026/05/04 22:05:35.91,IMU,129.39,438.96,874.51,-3.11,3.92,-1.11,-20.70,-110.55,-117.00,29.3
2026/05/04 22:05:36.01,IMU,143.07,439.45,876.46,-4.52,4.56,-1.00,-20.40,-110.55,-114.90,29.3
2026/05/04 22:05:36.11,IMU,138.67,445.80,880.86,-2.94,3.96,2.76,-22.50,-110.25,-115.95,28.8
2026/05/04 22:05:36.21,IMU,147.95,452.64,867.68,-3.73,3.96,-0.13,-20.85,-110.85,-114.30,29.3
2026/05/04 22:05:36.31,IMU,149.90,450.20,874.51,-4.54,2.52,3.02,-21.75,-112.05,-114.15,29.3
2026/05/04 22:05:36.41,IMU,146.48,442.87,886.72,-1.21,1.82,-1.94,-22.35,-111.90,-114.00,29.1
2026/05/04 22:05:36.51,IMU,145.02,442.87,873.54,-4.67,4.66,1.47,-27.15,-114.90,-108.90,29.1
2026/05/04 22:05:36.61,IMU,141.11,443.36,871.09,-2.50,2.37,0.81,-24.00,-115.20,-110.85,29.4
2026/05/04 22:05:36.71,IMU,148.93,436.04,885.74,0.84,1.12,-0.44,-21.45,-112.05,-115.65,29.1
2026/05/04 22:05:36.81,IMU,144.04,436.04,868.65,-4.34,0.40,3.79,-21.15,-113.70,-113.40,29.1
2026/05/04 22:05:36.91,IMU,148.93,441.41,873.05,2.44,3.58,4.54,-19.50,-110.85,-114.75,29.1
2026/05/04 22:05:37.01,IMU,147.95,440.92,871.58,1.62,6.11,2.02,-20.55,-112.35,-115.50,29.2
2026/05/04 22:05:37.11,IMU,147.46,436.52,865.23,2.24,1.67,2.40,-21.60,-113.40,-114.75,28.9
2026/05/04 22:05:37.21,IMU,137.70,442.38,874.51,3.67,3.57,2.04,-21.45,-114.45,-116.70,29.4
2026/05/04 22:05:37.31,IMU,127.44,441.41,875.98,2.83,2.41,7.28,-22.35,-113.40,-114.75,29.1
2026/05/04 22:05:37.41,IMU,141.11,423.34,874.02,5.98,2.01,5.53,-20.85,-113.85,-114.30,28.8
2026/05/04 22:05:37.51,IMU,127.93,442.38,883.79,6.90,1.08,9.14,-22.20,-111.75,-113.85,29.1
2026/05/04 22:05:37.61,IMU,154.30,452.64,868.65,4.28,1.16,6.26,-23.85,-115.35,-110.70,29.3
2026/05/04 22:05:37.71,IMU,152.34,438.48,878.42,5.71,-0.39,8.45,-21.75,-112.50,-113.85,29.3
2026/05/04 22:05:37.81,IMU,136.23,447.27,875.00,8.12,2.23,5.60,-22.05,-113.85,-115.05,28.8
2026/05/04 22:05:37.92,IMU,123.54,438.48,858.89,7.79,3.30,11.21,-21.45,-113.25,-114.15,29.4
2026/05/04 22:05:38.02,IMU,140.63,443.36,869.63,9.04,1.83,9.96,-21.75,-113.25,-113.85,29.4
2026/05/04 22:05:38.12,IMU,134.28,454.10,877.93,6.25,3.99,10.24,-23.10,-111.60,-114.30,29.1
2026/05/04 22:05:38.23,IMU,139.16,443.85,865.72,7.02,0.15,13.41,-22.35,-113.10,-114.00,29.2
2026/05/04 22:05:38.33,IMU,142.58,438.48,871.09,8.83,6.38,5.58,-21.45,-112.95,-115.20,29.1
2026/05/04 22:05:38.43,IMU,137.70,442.87,866.70,5.94,4.21,10.53,-22.80,-112.35,-114.75,29.1
2026/05/04 22:05:38.54,IMU,161.13,427.25,863.28,6.21,4.71,12.60,-22.95,-113.70,-114.90,29.1
2026/05/04 22:05:38.64,IMU,136.72,446.29,877.44,10.67,4.38,14.99,-25.50,-114.75,-112.35,29.1
2026/05/04 22:05:38.74,IMU,163.09,449.71,873.05,1.16,5.52,13.37,-23.70,-112.05,-114.90,29.1
2026/05/04 22:05:38.84,IMU,133.30,437.01,867.19,9.85,5.19,13.84,-23.55,-113.85,-114.75,29.0
2026/05/04 22:05:38.94,IMU,145.51,454.10,854.49,5.53,3.81,13.87,-24.00,-114.45,-115.65,29.1
2026/05/04 22:05:39.04,IMU,128.91,433.59,869.63,0.88,4.47,11.70,-22.35,-113.40,-115.05,29.0
2026/05/04 22:05:39.14,IMU,152.34,449.22,875.00,8.26,5.40,15.56,-24.45,-115.20,-114.90,29.3
2026/05/04 22:05:39.24,IMU,133.30,447.27,872.56,1.85,6.49,14.35,-23.85,-114.90,-114.00,29.4
2026/05/04 22:05:39.34,IMU,141.11,436.04,864.75,1.50,5.02,16.45,-22.80,-116.55,-114.30,28.7
2026/05/04 22:05:39.44,IMU,144.04,437.50,855.96,3.83,13.47,15.51,-23.85,-117.30,-114.30,29.2
2026/05/04 22:05:39.54,IMU,133.30,459.96,885.74,2.50,7.42,14.89,-23.25,-117.45,-113.40,29.1
2026/05/04 22:05:39.65,IMU,150.88,443.85,868.65,0.03,12.12,16.09,-26.85,-120.30,-109.35,29.0
2026/05/04 22:05:39.75,IMU,133.79,437.50,873.05,4.63,12.42,16.08,-22.95,-118.65,-112.35,29.2
2026/05/04 22:05:39.85,IMU,153.32,442.38,871.58,-1.11,12.47,15.56,-23.10,-118.80,-111.75,29.4
2026/05/04 22:05:39.98,IMU,140.14,434.57,883.30,6.05,12.29,14.20,-22.50,-120.45,-110.85,29.3
2026/05/04 22:05:40.08,IMU,157.71,459.47,884.28,-1.26,14.56,15.18,-21.75,-121.20,-112.05,29.1
2026/05/04 22:05:40.18,IMU,141.60,445.80,873.54,0.98,12.60,17.44,-21.75,-121.20,-108.75,29.1
2026/05/04 22:05:40.28,IMU,155.27,452.15,891.11,2.89,14.04,12.60,-20.70,-121.65,-110.85,29.3
2026/05/04 22:05:40.38,IMU,139.16,453.61,869.63,-0.23,13.81,17.57,-20.70,-121.95,-108.00,29.1
2026/05/04 22:05:40.48,IMU,161.62,432.62,886.72,0.07,13.02,17.05,-19.65,-124.20,-107.70,29.0
2026/05/04 22:05:40.58,IMU,136.72,462.40,879.88,3.66,18.77,16.33,-17.25,-124.80,-107.85,29.1
2026/05/04 22:05:40.68,IMU,151.37,448.24,876.95,-0.98,13.08,17.86,-21.75,-125.10,-104.40,29.3
2026/05/04 22:05:40.78,IMU,141.60,438.96,868.65,3.99,16.46,13.15,-16.65,-125.40,-108.00,29.1
2026/05/04 22:05:40.88,IMU,151.37,472.66,878.42,2.47,12.21,16.40,-17.25,-125.25,-106.80,29.4
2026/05/04 22:05:40.98,IMU,146.48,428.71,876.95,1.42,14.41,14.48,-15.60,-125.85,-106.65,29.0
2026/05/04 22:05:41.08,IMU,153.32,431.15,863.77,5.09,13.50,18.83,-14.25,-126.30,-105.75,29.1
2026/05/04 22:05:41.18,IMU,146.00,459.47,905.76,1.86,13.06,14.85,-15.00,-125.55,-108.15,28.9
2026/05/04 22:05:41.29,IMU,153.32,421.39,868.65,1.65,13.13,14.92,-12.75,-127.95,-106.05,29.1
2026/05/04 22:05:41.39,IMU,167.97,446.29,880.86,5.34,10.95,17.12,-12.45,-128.70,-106.05,29.2
2026/05/04 22:05:41.49,IMU,141.11,475.10,905.27,2.26,10.18,18.51,-12.75,-127.05,-105.30,29.5
2026/05/04 22:05:41.59,IMU,148.93,432.13,884.28,1.49,10.37,13.15,-11.10,-129.15,-105.90,29.4
2026/05/04 22:05:41.71,IMU,118.65,444.34,874.02,5.83,7.56,16.15,-15.90,-129.60,-102.30,29.1
2026/05/04 22:05:41.81,IMU,155.76,418.95,825.68,1.00,4.73,16.93,-10.65,-129.00,-105.75,29.2
2026/05/04 22:05:41.91,IMU,148.44,422.85,837.89,5.08,5.61,19.17,-10.80,-127.65,-105.45,29.1
2026/05/04 22:05:42.02,IMU,140.63,408.69,812.01,1.85,5.05,16.12,-10.80,-127.35,-104.10,29.1
2026/05/04 22:05:42.12,IMU,165.53,456.54,911.62,-2.18,5.02,13.76,-10.95,-128.25,-105.75,29.3
2026/05/04 22:05:42.22,IMU,152.34,438.48,870.61,6.92,3.11,18.47,-10.35,-128.10,-104.10,29.1
2026/05/04 22:05:42.32,IMU,150.88,456.54,871.09,0.89,5.50,12.62,-13.20,-131.25,-102.75,29.1
2026/05/04 22:05:42.42,IMU,147.46,438.48,889.16,-1.09,0.89,19.53,-8.70,-129.00,-104.55,28.9
2026/05/04 22:05:42.52,IMU,144.53,456.54,890.63,2.83,2.77,16.12,-8.25,-129.15,-105.15,29.2
2026/05/04 22:05:42.62,IMU,141.60,455.08,912.11,1.39,2.71,12.74,-8.70,-130.50,-105.00,29.4
2026/05/04 22:05:42.73,IMU,161.13,449.22,904.30,1.08,1.04,13.31,-13.20,-130.95,-102.45,29.2
2026/05/04 22:05:42.83,IMU,138.18,437.50,854.49,2.74,2.69,10.08,-10.35,-130.80,-105.45,29.0
2026/05/04 22:05:42.93,IMU,151.37,458.50,892.09,-1.68,0.11,14.59,-9.45,-130.95,-106.35,29.4
2026/05/04 22:05:43.03,IMU,156.25,445.31,913.57,1.82,0.60,12.64,-8.55,-129.90,-104.10,29.0
2026/05/04 22:05:43.16,IMU,139.65,445.31,865.23,-1.03,0.85,9.48,-9.75,-130.35,-105.90,29.2
2026/05/04 22:05:43.26,IMU,121.58,414.55,831.54,2.07,3.57,10.61,-10.80,-131.55,-105.90,29.1
2026/05/04 22:05:43.36,IMU,145.02,420.41,822.27,3.78,0.71,9.35,-10.65,-131.70,-105.00,29.1
2026/05/04 22:05:43.46,IMU,145.51,430.18,867.19,-4.13,4.93,9.30,-8.40,-131.70,-105.00,29.1
2026/05/04 22:05:43.57,IMU,145.51,424.32,869.63,2.82,2.50,8.47,-8.70,-131.70,-106.35,29.2
2026/05/04 22:05:43.67,IMU,154.79,445.80,871.58,-0.27,4.45,5.69,-10.05,-131.55,-105.15,29.1
2026/05/04 22:05:43.77,IMU,142.09,430.66,859.86,0.28,0.31,4.00,-11.85,-133.80,-101.55,29.1
2026/05/04 22:05:43.87,IMU,158.69,456.05,871.09,1.23,2.99,2.39,-9.45,-131.70,-106.05,29.1
2026/05/04 22:05:43.97,IMU,132.81,440.43,867.19,0.98,2.08,5.60,-9.30,-132.60,-104.10,29.1
2026/05/04 22:05:44.07,IMU,149.90,449.22,884.28,0.57,4.58,2.34,-8.55,-132.30,-105.90,29.1
2026/05/04 22:05:44.17,IMU,132.32,416.99,819.82,2.88,2.79,0.00,-8.25,-132.30,-104.85,29.1
2026/05/04 22:05:44.27,IMU,170.41,464.36,903.32,2.23,1.70,1.11,-8.55,-131.85,-104.85,29.1
2026/05/04 22:05:44.37,IMU,129.88,442.87,887.21,0.60,4.79,0.52,-7.80,-130.35,-104.85,29.3
2026/05/04 22:05:44.47,IMU,138.67,442.87,873.54,4.24,4.27,0.26,-8.40,-132.45,-104.55,29.1
2026/05/04 22:05:44.57,IMU,148.44,435.06,864.26,3.19,4.51,-4.89,-8.40,-132.45,-106.35,29.3
2026/05/04 22:05:44.67,IMU,146.48,416.50,817.87,4.06,2.58,-0.37,-6.90,-130.95,-105.00,29.1
2026/05/04 22:05:44.77,IMU,161.62,457.03,892.09,2.52,4.99,-5.19,-7.05,-132.30,-105.90,29.0
2026/05/04 22:05:44.88,IMU,125.98,430.66,867.68,4.85,0.39,-4.41,-6.60,-132.00,-104.25,29.4
2026/05/04 22:05:44.98,IMU,148.44,474.12,925.78,2.74,1.85,-5.53,-6.75,-130.35,-105.15,29.1
2026/05/04 22:05:45.08,IMU,149.41,415.04,838.87,2.34,2.88,-5.11,-6.00,-130.35,-105.45,29.1
2026/05/04 22:05:45.19,IMU,134.77,420.41,850.10,4.22,2.65,-6.91,-7.05,-129.15,-105.90,29.1
2026/05/04 22:05:45.29,IMU,145.51,437.99,869.14,1.08,1.64,-9.18,-5.40,-129.75,-105.00,29.2
2026/05/04 22:05:45.39,IMU,151.37,427.25,856.93,0.45,3.30,-9.34,-5.70,-129.90,-105.45,29.1
2026/05/04 22:05:45.49,IMU,148.93,459.47,875.98,1.66,-2.08,-9.21,-6.75,-129.60,-104.10,29.0
2026/05/04 22:05:45.59,IMU,144.53,417.48,812.50,0.05,1.62,-11.34,-6.15,-129.75,-106.05,29.4
2026/05/04 22:05:45.69,IMU,140.63,466.31,949.22,0.76,-1.58,-11.66,-5.85,-127.95,-105.75,29.0
2026/05/04 22:05:45.79,IMU,133.30,432.62,862.30,-1.76,-5.73,-7.98,-8.70,-130.95,-103.20,29.1
2026/05/04 22:05:45.89,IMU,139.16,414.06,824.22,-0.20,-2.01,-13.76,-5.85,-129.75,-106.35,29.1
2026/05/04 22:05:45.99,IMU,131.84,403.32,800.78,-1.16,-4.92,-10.82,-6.75,-128.85,-107.70,29.0
2026/05/04 22:05:46.09,IMU,134.77,446.78,883.30,-5.37,-3.57,-12.36,-6.75,-129.15,-106.20,29.1
2026/05/04 22:05:46.19,IMU,150.39,442.87,872.56,-1.39,-6.15,-12.34,-8.25,-128.40,-107.25,29.1
2026/05/04 22:05:46.31,IMU,152.34,450.68,889.65,-2.44,-8.38,-17.37,-7.95,-128.25,-105.00,29.1
2026/05/04 22:05:46.41,IMU,145.51,433.11,876.95,-2.23,-8.34,-11.86,-9.45,-130.50,-106.05,29.0
2026/05/04 22:05:46.51,IMU,146.00,422.85,839.84,-4.92,-9.61,-15.59,-9.15,-129.00,-107.55,29.1
2026/05/04 22:05:46.62,IMU,120.12,382.32,750.98,-3.19,-14.37,-14.53,-10.20,-130.20,-106.80,29.0
2026/05/04 22:05:46.72,IMU,150.88,444.34,893.55,-4.37,-9.84,-15.19,-10.80,-131.10,-106.65,29.1
2026/05/04 22:05:46.82,IMU,127.93,419.92,860.84,-3.07,-15.04,-15.10,-10.80,-130.35,-106.20,29.2
2026/05/04 22:05:46.93,IMU,174.32,451.66,878.91,-2.48,-13.18,-14.44,-12.75,-127.95,-107.10,29.1
2026/05/04 22:05:47.03,IMU,147.46,452.64,907.71,-3.70,-15.66,-15.28,-12.75,-129.75,-107.85,29.1
2026/05/04 22:05:47.13,IMU,147.46,464.36,891.11,-5.26,-13.96,-14.23,-15.00,-129.45,-106.80,28.9
2026/05/04 22:05:47.24,IMU,142.09,397.95,814.45,-2.25,-15.03,-15.60,-13.65,-128.85,-106.65,29.3
2026/05/04 22:05:47.34,IMU,152.83,429.20,842.77,-4.25,-15.82,-15.88,-15.90,-128.10,-107.25,29.2
2026/05/04 22:05:47.44,IMU,139.65,431.64,878.42,-3.66,-16.44,-19.18,-15.90,-127.65,-108.00,29.1
2026/05/04 22:05:47.54,IMU,149.90,446.78,890.14,-4.15,-13.11,-16.85,-18.00,-126.75,-109.35,29.0
2026/05/04 22:05:47.64,IMU,146.97,466.80,926.76,-3.47,-14.05,-20.83,-18.45,-126.90,-110.25,29.1
2026/05/04 22:05:47.74,IMU,132.32,437.01,886.72,-1.30,-15.34,-19.81,-18.90,-125.85,-109.80,28.9
2026/05/04 22:05:47.84,IMU,140.63,447.75,854.49,-3.05,-11.23,-24.95,-19.05,-125.25,-110.70,28.8
2026/05/04 22:05:47.94,IMU,143.07,435.55,912.60,-1.95,-14.96,-20.63,-19.65,-125.40,-110.55,29.0
2026/05/04 22:05:48.04,IMU,140.63,378.42,763.18,-1.02,-13.31,-20.56,-21.15,-123.90,-111.60,29.2
2026/05/04 22:05:48.14,IMU,166.99,493.16,974.12,-4.64,-12.21,-22.07,-21.45,-123.15,-111.30,29.2
2026/05/04 22:05:48.24,IMU,121.58,388.18,827.64,-2.49,-12.86,-24.92,-21.60,-123.75,-112.95,29.3
2026/05/04 22:05:48.37,IMU,129.39,429.69,846.68,-6.27,-11.82,-21.02,-22.20,-122.40,-113.85,29.0
2026/05/04 22:05:48.47,IMU,155.27,453.61,870.61,-7.29,-11.79,-25.14,-21.75,-120.90,-114.45,29.1
2026/05/04 22:05:48.57,IMU,139.65,437.01,879.88,-5.23,-11.00,-26.93,-23.85,-120.30,-114.30,28.9
2026/05/04 22:05:48.67,IMU,134.28,441.89,871.58,-5.55,-8.45,-25.79,-24.15,-121.05,-111.15,29.1
2026/05/04 22:05:48.77,IMU,155.76,441.89,881.84,-7.15,-7.93,-23.11,-21.60,-118.05,-115.05,29.1
2026/05/04 22:05:48.87,IMU,154.79,447.75,909.67,-5.92,-13.02,-24.06,-22.95,-117.75,-116.40,29.5
2026/05/04 22:05:48.97,IMU,170.90,467.77,915.04,-8.41,-10.22,-25.95,-23.70,-116.70,-114.45,29.2
2026/05/04 22:05:49.07,IMU,149.41,452.64,896.00,-7.95,-7.73,-25.31,-22.35,-116.85,-117.60,29.1
2026/05/04 22:05:49.17,IMU,146.48,446.29,889.16,-8.37,-11.53,-26.89,-23.10,-114.60,-116.55,29.1
2026/05/04 22:05:49.28,IMU,118.65,441.41,892.09,-13.00,-9.78,-26.73,-22.35,-113.10,-115.80,29.1
2026/05/04 22:05:49.38,IMU,142.09,472.17,916.99,-9.61,-10.60,-31.27,-22.05,-114.15,-116.85,29.2
2026/05/04 22:05:49.48,IMU,155.27,453.13,926.27,-10.92,-9.43,-26.69,-22.20,-112.50,-117.75,29.5
2026/05/04 22:05:49.58,IMU,133.30,411.13,841.31,-12.47,-12.24,-30.92,-21.15,-113.25,-118.20,29.0
2026/05/04 22:05:49.68,IMU,132.81,410.16,821.78,-7.89,-12.75,-29.14,-22.50,-113.70,-116.70,29.5
2026/05/04 22:05:49.78,IMU,144.53,443.85,879.39,-9.95,-16.96,-28.11,-20.85,-111.60,-117.90,29.4
2026/05/04 22:05:49.88,IMU,148.44,417.97,843.26,-8.58,-11.95,-28.66,-21.60,-111.15,-118.35,29.1
2026/05/04 22:05:49.98,IMU,155.27,435.55,879.88,-8.77,-12.98,-29.65,-21.60,-110.85,-119.40,29.2
2026/05/04 22:05:50.09,IMU,142.58,431.15,879.88,-8.57,-15.64,-29.08,-22.05,-110.10,-117.90,29.3
2026/05/04 22:05:50.19,IMU,142.58,440.43,895.51,-7.40,-14.53,-27.63,-21.60,-108.15,-119.40,29.1
2026/05/04 22:05:50.29,IMU,134.28,437.99,857.42,-7.55,-14.42,-30.90,-20.70,-108.00,-118.80,29.1
2026/05/04 22:05:50.39,IMU,141.11,427.73,847.17,-6.53,-17.47,-32.50,-19.50,-107.70,-119.40,28.8
2026/05/04 22:05:50.49,IMU,137.21,444.34,874.51,-6.05,-15.91,-30.38,-19.80,-106.20,-120.15,28.8
2026/05/04 22:05:50.59,IMU,151.86,437.50,891.60,-6.86,-16.34,-33.10,-18.30,-104.40,-121.20,29.1
2026/05/04 22:05:50.69,IMU,142.58,412.11,843.75,-3.86,-15.05,-29.26,-16.80,-104.70,-121.95,29.5
2026/05/04 22:05:50.79,IMU,134.77,449.71,912.11,-3.95,-15.56,-31.94,-18.75,-102.75,-121.50,28.9
2026/05/04 22:05:50.89,IMU,140.63,436.52,883.79,-4.11,-14.64,-31.06,-16.80,-102.75,-121.95,29.1
2026/05/04 22:05:50.99,IMU,137.70,429.69,875.98,-1.60,-12.80,-31.23,-20.55,-102.45,-117.90,29.1
2026/05/04 22:05:51.09,IMU,139.16,438.96,884.77,-2.24,-15.53,-34.84,-16.05,-100.50,-123.30,29.1
2026/05/04 22:05:51.19,IMU,154.79,427.25,887.70,-3.08,-14.25,-33.04,-14.40,-100.35,-122.85,29.1
2026/05/04 22:05:51.29,IMU,134.28,437.99,868.65,0.36,-13.88,-32.27,-13.95,-99.00,-122.25,29.4
2026/05/04 22:05:51.39,IMU,145.51,427.25,846.19,-2.38,-12.45,-33.96,-11.10,-97.35,-124.95,29.1
2026/05/04 22:05:51.49,IMU,142.58,436.04,856.93,0.50,-12.64,-33.47,-11.10,-98.40,-124.65,28.8
2026/05/04 22:05:51.59,IMU,150.39,449.71,915.04,-2.37,-14.32,-34.67,-9.90,-96.75,-123.75,29.1
2026/05/04 22:05:51.69,IMU,150.39,438.96,895.02,-3.03,-13.61,-33.55,-8.25,-95.10,-123.90,29.1
2026/05/04 22:05:51.79,IMU,155.27,438.96,846.68,-2.33,-14.91,-35.95,-6.15,-95.25,-124.50,29.0
2026/05/04 22:05:51.89,IMU,134.77,432.62,871.58,-2.66,-13.34,-36.73,-6.15,-97.20,-124.50,29.2
2026/05/04 22:05:52.00,IMU,153.81,439.45,863.77,-2.46,-13.79,-33.96,-6.90,-96.75,-120.90,29.1
2026/05/04 22:05:52.11,IMU,139.16,421.88,861.33,-4.31,-14.27,-32.45,-2.85,-95.25,-123.75,29.1
2026/05/04 22:05:52.21,IMU,150.88,416.50,833.98,-5.44,-14.67,-36.11,-2.25,-95.10,-123.90,29.1
2026/05/04 22:05:52.31,IMU,145.51,456.54,897.95,-6.77,-16.62,-33.35,-0.30,-96.00,-124.80,29.1
2026/05/04 22:05:52.42,IMU,134.77,437.99,849.61,-4.35,-16.77,-36.05,0.00,-96.00,-123.75,29.1
2026/05/04 22:05:52.52,IMU,139.65,447.27,878.91,-7.84,-12.51,-34.92,2.70,-95.85,-123.60,29.0
2026/05/04 22:05:52.62,IMU,139.16,442.38,858.89,-7.02,-19.15,-35.22,5.10,-97.95,-123.30,29.1
2026/05/04 22:05:52.74,IMU,127.93,435.06,867.19,-6.12,-16.13,-35.80,3.75,-98.10,-122.85,29.1
2026/05/04 22:05:52.84,IMU,152.83,437.50,873.05,-5.20,-21.41,-37.67,5.10,-97.95,-121.95,28.8
2026/05/04 22:05:52.94,IMU,152.83,446.78,876.95,-4.76,-19.53,-36.99,6.75,-98.85,-122.10,29.1
2026/05/04 22:05:53.05,IMU,138.67,428.71,868.65,-2.96,-19.50,-35.73,4.65,-102.45,-115.50,29.2
2026/05/04 22:05:53.15,IMU,139.16,431.15,856.45,-6.30,-18.05,-35.72,7.05,-101.85,-118.50,29.1
2026/05/04 22:05:53.25,IMU,159.18,450.20,924.80,-6.24,-22.89,-34.43,9.00,-102.60,-121.05,29.4
2026/05/04 22:05:53.35,IMU,154.30,451.66,918.46,-4.70,-20.76,-34.54,9.00,-103.05,-118.20,29.3
2026/05/04 22:05:53.45,IMU,125.00,389.65,768.55,-4.57,-24.50,-30.63,7.35,-103.95,-119.10,29.0
2026/05/04 22:05:53.55,IMU,164.06,479.49,945.31,-4.02,-21.29,-33.92,9.15,-105.15,-117.60,29.3
2026/05/04 22:05:53.65,IMU,125.49,432.62,873.05,-0.78,-23.73,-30.73,9.45,-105.15,-117.30,29.3
2026/05/04 22:05:53.75,IMU,143.55,447.27,872.07,-1.65,-19.76,-32.98,9.15,-105.90,-116.55,29.1
2026/05/04 22:05:53.85,IMU,133.79,430.18,857.91,-4.47,-23.22,-32.69,9.75,-106.80,-116.40,29.4
2026/05/04 22:05:53.95,IMU,152.83,449.22,882.32,-2.44,-20.31,-31.33,5.40,-111.15,-112.50,29.4
2026/05/04 22:05:54.07,IMU,127.93,450.68,870.12,-2.09,-19.05,-29.59,6.30,-112.50,-111.30,29.2
2026/05/04 22:05:54.17,IMU,156.25,433.11,869.63,-2.62,-16.88,-33.21,10.35,-110.25,-113.10,29.1
2026/05/04 22:05:54.27,IMU,136.23,440.92,875.00,-0.67,-18.58,-32.89,10.20,-110.40,-113.55,29.1
2026/05/04 22:05:54.37,IMU,154.30,437.01,886.23,-3.89,-21.38,-32.11,9.45,-111.60,-112.50,28.8
2026/05/04 22:05:54.48,IMU,146.97,437.01,868.16,-3.20,-17.82,-30.82,9.15,-113.10,-112.95,29.4
2026/05/04 22:05:54.58,IMU,159.18,442.87,867.19,-3.86,-15.93,-31.45,7.80,-114.75,-111.30,29.0
2026/05/04 22:05:54.68,IMU,131.84,429.20,874.02,-4.56,-14.97,-31.14,6.60,-113.85,-112.50,29.2
2026/05/04 22:05:54.79,IMU,161.62,446.29,872.56,-1.30,-15.83,-29.57,7.65,-115.80,-110.70,29.1
2026/05/04 22:05:54.89,IMU,143.55,441.41,863.77,-6.95,-15.57,-31.69,8.55,-116.25,-110.55,29.1
2026/05/04 22:05:54.99,IMU,147.46,441.41,868.65,-5.89,-18.44,-29.88,9.45,-118.05,-110.40,29.1
2026/05/04 22:05:55.09,IMU,146.97,449.71,864.26,-7.12,-13.85,-30.29,3.45,-119.70,-104.10,29.1
2026/05/04 22:05:55.19,IMU,151.86,425.29,871.58,-5.00,-16.34,-28.96,6.90,-119.55,-109.35,28.9
2026/05/04 22:05:55.29,IMU,147.46,433.11,871.58,-8.40,-11.73,-29.12,8.70,-120.30,-109.65,29.0
2026/05/04 22:05:55.39,IMU,156.74,447.75,876.46,-8.12,-19.22,-28.74,3.60,-121.80,-106.05,29.3
2026/05/04 22:05:55.49,IMU,154.30,445.31,881.84,-11.19,-12.35,-25.53,4.65,-122.55,-108.60,29.3
2026/05/04 22:05:55.59,IMU,140.63,437.50,879.88,-8.89,-16.50,-31.06,6.00,-124.65,-108.75,29.1
2026/05/04 22:05:55.69,IMU,146.97,438.48,865.23,-9.63,-17.38,-27.73,4.65,-123.75,-106.35,29.1
2026/05/04 22:05:55.79,IMU,147.95,444.82,873.05,-10.29,-17.24,-25.37,4.50,-125.10,-106.20,29.4
2026/05/04 22:05:55.91,IMU,149.41,438.48,876.95,-8.84,-13.82,-24.89,2.55,-126.30,-106.05,29.4
2026/05/04 22:05:56.01,IMU,152.34,441.41,881.84,-8.74,-14.23,-22.80,0.45,-128.10,-106.20,29.0
2026/05/04 22:05:56.11,IMU,143.55,436.52,880.37,-7.23,-14.56,-25.85,-3.00,-131.10,-101.10,29.2
2026/05/04 22:05:56.22,IMU,146.48,435.06,878.42,-9.66,-15.80,-17.27,-0.15,-129.60,-106.20,29.1
2026/05/04 22:05:56.32,IMU,144.53,436.52,865.23,-8.42,-15.61,-22.41,-0.90,-129.90,-105.15,29.2
2026/05/04 22:05:56.42,IMU,142.58,433.11,862.79,-8.56,-12.81,-21.98,-1.80,-132.75,-105.30,29.3
2026/05/04 22:05:56.54,IMU,150.39,441.89,875.49,-7.10,-14.98,-18.69,-1.95,-130.80,-106.20,29.1
2026/05/04 22:05:56.64,IMU,152.83,443.36,873.54,-6.22,-11.57,-23.34,-3.60,-131.70,-105.75,29.5
2026/05/04 22:05:56.74,IMU,138.18,433.59,883.79,-6.49,-15.27,-21.11,-4.95,-131.85,-105.90,29.3
2026/05/04 22:05:56.84,IMU,148.93,425.29,871.58,-5.85,-11.24,-21.44,-5.10,-132.00,-106.35,29.2
2026/05/04 22:05:56.94,IMU,155.27,438.96,863.77,-3.64,-11.10,-20.50,-6.15,-130.95,-106.80,29.1
2026/05/04 22:05:57.04,IMU,139.16,427.25,869.63,-3.59,-10.85,-23.15,-6.30,-133.35,-105.90,29.2
2026/05/04 22:05:57.14,IMU,141.11,432.13,862.30,-2.15,-8.29,-19.49,-10.05,-134.10,-104.10,29.2
2026/05/04 22:05:57.24,IMU,152.34,437.99,869.14,-1.79,-8.17,-18.35,-7.80,-132.60,-105.90,29.0
2026/05/04 22:05:57.34,IMU,143.07,437.50,869.63,-0.93,-9.21,-18.41,-6.90,-132.45,-106.05,29.4
2026/05/04 22:05:57.44,IMU,151.37,440.92,875.49,0.12,-4.47,-17.68,-10.05,-131.10,-105.90,29.1
2026/05/04 22:05:57.54,IMU,144.04,437.50,868.65,-0.42,-4.03,-15.84,-9.15,-132.75,-106.35,29.1
2026/05/04 22:05:57.64,IMU,137.70,439.45,878.91,1.20,-4.76,-20.40,-9.45,-132.00,-107.10,29.1
2026/05/04 22:05:57.74,IMU,146.48,452.64,886.23,-1.88,-1.55,-19.40,-10.20,-130.95,-106.35,29.4
2026/05/04 22:05:57.84,IMU,178.71,473.63,934.57,-2.12,-3.80,-16.82,-10.05,-131.55,-106.95,29.2
2026/05/04 22:05:57.97,IMU,156.74,445.31,852.05,0.02,-2.58,-18.46,-10.95,-130.95,-108.60,29.1
2026/05/04 22:05:58.07,IMU,145.51,428.71,858.40,-1.51,-1.81,-13.72,-10.80,-130.80,-106.65,29.4
2026/05/04 22:05:58.17,IMU,152.34,432.13,844.73,-0.22,-1.17,-14.16,-12.00,-133.65,-103.95,29.2
2026/05/04 22:05:58.27,IMU,131.84,452.15,888.67,-0.67,-0.63,-15.34,-13.50,-132.00,-105.30,28.9
2026/05/04 22:05:58.37,IMU,152.34,422.36,860.84,-0.15,-1.46,-14.18,-9.75,-129.15,-107.25,29.1
2026/05/04 22:05:58.47,IMU,147.46,431.64,876.95,-0.18,-0.83,-14.66,-9.90,-130.50,-106.80,29.0
2026/05/04 22:05:58.57,IMU,147.46,445.80,877.93,-1.32,-1.84,-13.43,-9.90,-129.00,-107.85,29.1
2026/05/04 22:05:58.67,IMU,141.11,456.05,889.65,-4.56,-0.86,-11.24,-9.90,-128.70,-107.10,29.3
2026/05/04 22:05:58.77,IMU,153.81,446.29,876.95,0.39,-1.72,-9.86,-10.95,-129.45,-107.55,29.2
2026/05/04 22:05:58.87,IMU,162.60,474.61,943.36,-1.34,-2.21,-9.36,-11.10,-129.90,-107.25,29.3
2026/05/04 22:05:58.97,IMU,144.53,417.97,847.66,-2.27,-3.03,-10.05,-12.00,-129.00,-106.80,29.2
2026/05/04 22:05:59.07,IMU,148.93,449.22,861.33,-1.02,-2.79,-7.37,-11.70,-127.50,-108.90,29.2
2026/05/04 22:05:59.18,IMU,136.72,411.13,839.36,-0.83,-3.08,-3.53,-14.70,-131.70,-104.25,29.2
2026/05/04 22:05:59.28,IMU,163.09,458.01,892.09,1.47,-1.54,-5.24,-12.60,-128.10,-108.00,28.9
2026/05/04 22:05:59.40,IMU,132.81,464.36,896.97,-0.05,-5.11,-5.65,-13.50,-129.00,-106.80,29.0
2026/05/04 22:05:59.50,IMU,148.93,458.50,898.44,-0.73,-4.82,-3.64,-13.95,-130.50,-107.55,29.1
2026/05/04 22:05:59.60,IMU,123.54,425.29,813.48,-1.31,-4.58,-2.10,-13.65,-129.15,-108.75,29.1
2026/05/04 22:05:59.70,IMU,156.74,465.33,928.22,-2.70,-3.92,-2.19,-18.00,-132.45,-102.00,29.4
2026/05/04 22:05:59.80,IMU,157.23,477.05,946.78,-0.41,-4.91,0.58,-13.20,-129.45,-107.85,29.1
2026/05/04 22:05:59.90,IMU,154.30,409.67,812.50,2.77,-6.53,0.33,-13.65,-128.85,-107.70,29.1
2026/05/04 22:06:00.00,IMU,133.30,401.37,779.79,0.47,-5.34,2.98,-14.10,-128.10,-109.05,29.1
2026/05/04 22:06:00.10,IMU,156.74,462.89,916.50,0.60,-3.52,4.18,-13.95,-130.50,-107.85,29.1
2026/05/04 22:06:00.20,IMU,139.16,436.04,860.35,-0.45,-2.84,1.92,-18.00,-128.70,-104.25,29.1
2026/05/04 22:06:00.30,IMU,155.27,417.48,863.28,1.35,-7.52,2.24,-13.95,-130.50,-108.15,28.9
2026/05/04 22:06:00.40,IMU,148.93,462.40,884.28,-1.21,-3.53,4.02,-15.75,-128.25,-109.95,29.1
2026/05/04 22:06:00.50,IMU,152.83,440.43,866.70,0.76,-6.47,5.82,-14.10,-129.60,-108.75,28.9
2026/05/04 22:06:00.60,IMU,149.41,443.85,873.54,0.46,-3.34,1.49,-14.40,-129.60,-108.45,29.4
2026/05/04 22:06:00.70,IMU,142.58,452.64,882.32,0.08,-2.31,6.63,-16.80,-128.25,-109.95,29.4
2026/05/04 22:06:00.80,IMU,148.93,449.22,896.48,0.92,-2.08,6.37,-15.75,-128.25,-109.95,29.1
2026/05/04 22:06:00.90,IMU,154.30,458.50,929.20,0.75,-0.96,8.33,-15.00,-129.45,-109.95,29.1
2026/05/04 22:06:01.00,IMU,158.20,447.27,884.77,0.75,0.39,6.89,-16.65,-128.40,-110.85,29.5
2026/05/04 22:06:01.11,IMU,138.67,466.31,949.71,1.99,-3.21,5.15,-15.60,-128.85,-109.50,29.1
2026/05/04 22:06:01.22,IMU,172.85,438.48,846.19,3.22,2.34,6.40,-19.65,-132.60,-103.35,29.2
2026/05/04 22:06:01.32,IMU,146.48,443.36,870.61,2.66,2.37,2.48,-14.70,-129.75,-109.35,29.1
2026/05/04 22:06:01.43,IMU,148.44,423.83,859.38,1.86,4.47,8.15,-14.40,-130.35,-108.75,29.4
2026/05/04 22:06:01.53,IMU,134.77,435.55,896.00,3.01,3.82,5.36,-14.70,-130.20,-108.90,28.9
2026/05/04 22:06:01.63,IMU,144.04,426.76,846.68,3.30,3.31,6.64,-14.85,-131.10,-108.45,29.4
2026/05/04 22:06:01.73,IMU,149.41,427.73,838.87,0.92,7.41,4.71,-14.70,-130.50,-108.15,29.1
2026/05/04 22:06:01.83,IMU,146.97,432.62,841.80,2.01,7.92,9.13,-14.10,-131.10,-108.45,28.9
2026/05/04 22:06:01.93,IMU,143.07,433.59,848.63,1.84,10.87,7.09,-12.75,-130.20,-107.10,29.1
2026/05/04 22:06:02.03,IMU,141.11,433.59,882.32,3.51,8.07,5.73,-16.35,-132.60,-105.45,29.1
2026/05/04 22:06:02.13,IMU,149.90,442.38,894.04,1.50,9.89,7.82,-12.60,-129.15,-106.95,29.3
2026/05/04 22:06:02.24,IMU,155.27,448.73,894.04,3.20,8.18,7.79,-16.05,-132.45,-103.50,29.4
2026/05/04 22:06:02.34,IMU,156.25,437.99,887.21,4.01,9.40,5.40,-13.20,-130.95,-107.10,29.4
2026/05/04 22:06:02.44,IMU,150.88,443.85,853.52,3.63,6.03,6.60,-10.35,-131.10,-106.65,29.3
2026/05/04 22:06:02.57,IMU,145.51,435.06,880.86,4.85,11.96,9.40,-10.20,-129.75,-106.35,29.4
2026/05/04 22:06:02.67,IMU,142.09,448.24,882.32,4.04,8.77,6.94,-9.90,-130.95,-107.55,29.1
2026/05/04 22:06:02.77,IMU,149.41,448.73,881.84,0.42,11.63,6.61,-9.45,-130.50,-106.35,29.3
2026/05/04 22:06:02.87,IMU,153.32,479.49,946.29,4.24,7.52,8.08,-9.30,-130.80,-106.65,29.1
2026/05/04 22:06:02.97,IMU,159.67,453.13,887.70,1.43,10.25,7.37,-8.55,-130.35,-106.20,29.4
2026/05/04 22:06:03.07,IMU,160.64,425.29,836.43,6.13,7.11,6.89,-7.65,-130.20,-106.05,29.3
2026/05/04 22:06:03.17,IMU,144.04,460.45,877.44,2.87,8.71,10.11,-10.20,-132.45,-103.50,29.0
2026/05/04 22:06:03.28,IMU,150.39,440.43,872.56,2.21,8.73,11.76,-9.75,-132.30,-103.35,29.2
2026/05/04 22:06:03.38,IMU,145.51,428.71,865.23,6.55,7.24,10.39,-6.30,-130.35,-107.25,29.2
2026/05/04 22:06:03.48,IMU,135.25,442.38,869.14,1.56,2.95,11.99,-4.50,-130.80,-106.20,29.2
2026/05/04 22:06:03.58,IMU,153.81,427.25,851.07,3.02,4.73,12.98,-6.30,-130.35,-106.95,29.1
2026/05/04 22:06:03.68,IMU,136.72,416.50,844.24,3.05,2.26,9.35,-4.65,-128.70,-106.80,28.9
2026/05/04 22:06:03.78,IMU,149.90,425.29,848.63,0.32,3.88,13.80,-6.00,-129.60,-107.70,29.1
2026/05/04 22:06:03.88,IMU,146.97,454.59,922.36,2.02,3.47,12.64,-4.65,-129.75,-107.55,29.1
2026/05/04 22:06:04.00,IMU,151.86,450.20,855.47,1.50,2.87,11.82,-4.95,-130.35,-105.90,29.3
2026/05/04 22:06:04.10,IMU,135.25,422.36,865.72,-1.38,3.37,14.53,-3.45,-129.60,-105.45,29.1
2026/05/04 22:06:04.20,IMU,142.09,413.57,827.64,3.03,3.40,15.22,-4.20,-131.10,-106.65,29.4
2026/05/04 22:06:04.30,IMU,150.88,451.17,843.26,0.18,1.12,16.31,-7.65,-133.20,-99.90,29.2
2026/05/04 22:06:04.40,IMU,141.11,419.92,831.54,-2.30,0.50,14.46,-4.95,-129.90,-106.65,29.1
2026/05/04 22:06:04.50,IMU,147.46,444.82,873.05,-0.36,2.67,14.40,-4.20,-129.90,-105.15,29.2
2026/05/04 22:06:04.61,IMU,160.64,423.83,840.82,-2.34,0.31,13.26,-5.10,-129.75,-106.35,29.1
2026/05/04 22:06:04.71,IMU,167.97,439.94,879.39,-1.41,2.62,10.76,-4.20,-130.80,-106.65,29.4
2026/05/04 22:06:04.82,IMU,143.55,446.29,865.23,-1.27,0.03,10.97,-3.60,-130.50,-108.15,29.1
2026/05/04 22:06:04.92,IMU,134.77,408.20,808.59,-4.37,0.92,8.98,-2.55,-132.00,-106.05,29.2
2026/05/04 22:06:05.02,IMU,151.86,439.45,875.98,-0.34,3.44,10.14,-4.65,-130.20,-106.05,29.0
2026/05/04 22:06:05.12,IMU,148.93,443.36,895.02,-2.59,0.13,10.66,-3.75,-132.60,-105.90,29.1
2026/05/04 22:06:05.22,IMU,158.69,446.78,904.79,-1.04,2.31,8.54,-3.00,-131.10,-106.95,29.1
2026/05/04 22:06:05.33,IMU,157.23,457.52,885.74,0.97,-0.49,11.04,-6.00,-134.10,-101.10,29.1
2026/05/04 22:06:05.42,IMU,150.88,432.13,857.91,-0.08,2.99,8.36,-3.00,-133.35,-108.00,29.1
2026/05/04 22:06:05.53,IMU,161.13,433.11,839.84,4.68,1.08,8.31,-1.95,-131.85,-106.20,29.1
2026/05/04 22:06:05.63,IMU,148.93,444.82,875.49,0.04,9.16,7.79,-1.35,-130.50,-106.35,29.3
2026/05/04 22:06:05.76,IMU,142.09,436.52,905.76,5.07,2.15,5.37,-1.05,-130.95,-106.35,29.0
2026/05/04 22:06:05.86,IMU,137.70,431.15,871.58,2.55,6.35,4.86,-1.35,-130.95,-106.05,29.1
2026/05/04 22:06:05.96,IMU,127.93,430.18,854.49,2.26,6.62,3.40,-1.95,-130.35,-106.95,29.0
2026/05/04 22:06:06.07,IMU,153.81,427.73,895.51,5.73,6.22,4.02,-1.65,-132.60,-106.20,29.3
2026/05/04 22:06:06.17,IMU,147.46,441.89,860.84,5.16,2.52,6.86,-1.20,-131.85,-108.00,29.3
2026/05/04 22:06:06.27,IMU,148.93,429.69,863.77,3.46,8.56,4.35,0.15,-130.80,-107.25,29.1
2026/05/04 22:06:06.37,IMU,165.53,431.64,880.37,7.73,3.51,3.92,-0.30,-133.20,-103.20,29.1
2026/05/04 22:06:06.47,IMU,137.70,440.92,875.00,7.00,4.83,0.56,0.00,-129.75,-106.05,29.2
2026/05/04 22:06:06.57,IMU,145.02,443.36,882.32,5.02,4.63,1.02,0.45,-129.15,-106.65,29.1
2026/05/04 22:06:06.67,IMU,157.71,440.43,867.68,5.62,4.71,-1.21,-0.30,-128.25,-106.35,29.1
2026/05/04 22:06:06.77,IMU,123.54,437.01,871.58,3.93,4.19,-1.89,1.05,-128.70,-108.60,29.4
2026/05/04 22:06:06.87,IMU,136.72,402.34,817.87,5.56,3.21,3.37,2.25,-128.85,-106.65,29.1
2026/05/04 22:06:06.97,IMU,143.07,426.27,843.75,3.44,4.08,-2.85,1.20,-128.40,-106.65,29.1
2026/05/04 22:06:07.07,IMU,152.83,444.34,871.09,4.33,2.67,-0.96,0.15,-128.85,-106.95,29.1
2026/05/04 22:06:07.17,IMU,149.90,460.45,921.88,2.92,1.69,-0.96,0.45,-128.40,-107.70,29.0
2026/05/04 22:06:07.27,IMU,156.74,440.92,870.61,2.28,1.50,-5.91,1.80,-127.95,-106.35,29.2
2026/05/04 22:06:07.37,IMU,138.18,428.71,833.50,0.69,0.21,-3.79,1.80,-127.50,-106.80,29.5
2026/05/04 22:06:07.49,IMU,157.23,431.64,887.70,-0.15,-0.85,-5.85,3.00,-127.35,-106.20,29.4
2026/05/04 22:06:07.59,IMU,155.76,442.38,873.54,0.93,-0.28,-1.66,1.65,-128.10,-108.00,28.9
2026/05/04 22:06:07.69,IMU,144.04,445.80,894.53,-0.95,-1.53,-6.09,1.20,-127.35,-106.20,29.1
2026/05/04 22:06:07.80,IMU,163.57,452.64,916.99,-1.05,-4.25,-1.24,0.30,-127.05,-106.80,29.1
2026/05/04 22:06:07.90,IMU,154.30,447.75,907.71,-3.14,-6.47,-3.98,2.25,-128.85,-106.65,29.1
2026/05/04 22:06:08.00,IMU,140.14,449.22,888.18,-1.96,-3.93,-2.56,0.90,-128.40,-105.90,29.3
2026/05/04 22:06:08.10,IMU,145.02,424.80,833.50,-4.39,-0.92,-6.24,0.90,-127.65,-105.90,29.0
2026/05/04 22:06:08.20,IMU,145.51,430.66,842.29,-4.08,-4.56,-3.59,0.90,-129.15,-105.45,29.1
2026/05/04 22:06:08.30,IMU,155.27,431.15,877.93,-3.92,-4.61,-4.60,0.00,-128.70,-106.35,29.1
2026/05/04 22:06:08.40,IMU,153.32,452.64,888.67,-6.73,-5.79,-5.68,-2.55,-130.20,-104.55,29.1
2026/05/04 22:06:08.50,IMU,159.67,439.45,882.32,-6.83,-4.44,-5.31,-1.20,-128.85,-106.20,29.0
2026/05/04 22:06:08.60,IMU,162.60,448.24,869.63,-6.40,-8.86,-4.95,0.00,-129.45,-107.55,29.2
2026/05/04 22:06:08.70,IMU,154.30,427.25,864.75,-6.79,-7.56,-4.92,-2.55,-130.50,-108.60,29.0
2026/05/04 22:06:08.80,IMU,155.27,428.71,864.26,-4.68,-9.82,-5.95,-2.10,-129.45,-106.80,29.1
2026/05/04 22:06:08.93,IMU,148.44,453.61,869.63,-7.70,-10.93,-9.08,-2.70,-132.60,-106.20,29.1
2026/05/04 22:06:09.03,IMU,162.60,431.64,883.30,-5.11,-7.92,-10.57,-3.75,-131.85,-106.95,29.1
2026/05/04 22:06:09.13,IMU,143.55,430.66,866.21,-4.50,-8.92,-8.98,-5.40,-132.45,-107.10,29.1
2026/05/04 22:06:09.23,IMU,150.39,438.96,870.61,-5.64,-9.26,-11.00,-3.90,-131.25,-107.85,29.1
2026/05/04 22:06:09.33,IMU,146.97,430.18,875.98,-1.25,-8.69,-10.45,-6.00,-132.60,-106.95,29.2
2026/05/04 22:06:09.43,IMU,144.04,444.82,872.56,-4.69,-10.58,-10.85,-4.95,-133.05,-107.25,29.2
2026/05/04 22:06:09.55,IMU,153.81,423.83,846.68,-1.56,-9.44,-14.17,-6.90,-132.45,-107.85,29.1
2026/05/04 22:06:09.65,IMU,152.34,439.45,876.95,-2.06,-9.54,-16.03,-9.30,-132.60,-107.25,29.0
2026/05/04 22:06:09.75,IMU,152.34,435.06,868.65,-3.83,-6.84,-18.31,-7.65,-132.45,-107.10,29.3
2026/05/04 22:06:09.85,IMU,152.34,437.99,875.49,-2.56,-5.90,-16.73,-11.55,-133.05,-102.60,29.1
2026/05/04 22:06:09.95,IMU,147.46,440.92,884.77,-2.64,-5.74,-16.41,-9.15,-131.70,-107.85,29.4
2026/05/04 22:06:10.05,IMU,154.30,411.62,847.66,-2.36,-5.69,-18.17,-9.00,-133.80,-108.45,29.3
2026/05/04 22:06:10.15,IMU,159.18,437.50,862.30,0.23,-8.29,-19.42,-10.35,-133.05,-108.00,29.3
2026/05/04 22:06:10.25,IMU,146.48,435.06,867.19,-4.45,-6.59,-21.30,-10.20,-132.00,-107.85,29.4
2026/05/04 22:06:10.35,IMU,159.18,462.40,897.95,-1.37,-3.81,-20.69,-9.90,-132.00,-109.65,29.1
2026/05/04 22:06:10.45,IMU,149.90,470.70,919.43,-3.22,-3.48,-21.60,-10.95,-132.00,-107.85,29.1
2026/05/04 22:06:10.55,IMU,143.55,434.57,875.00,-2.93,-4.27,-24.06,-10.80,-132.30,-106.95,29.4
2026/05/04 22:06:10.65,IMU,133.79,447.75,858.40,-0.39,-4.47,-21.40,-11.85,-131.55,-108.00,28.7
2026/05/04 22:06:10.75,IMU,147.95,449.71,879.39,-3.92,-7.80,-23.95,-12.00,-130.95,-107.85,29.1
2026/05/04 22:06:10.86,IMU,148.93,441.89,859.38,-1.66,-3.78,-22.60,-11.85,-130.50,-107.85,29.1
2026/05/04 22:06:10.98,IMU,141.11,456.05,867.19,-2.73,-7.08,-22.09,-12.60,-131.10,-109.50,29.2
2026/05/04 22:06:11.08,IMU,143.55,440.43,874.51,-4.54,-3.18,-25.09,-13.65,-129.60,-108.45,29.1
2026/05/04 22:06:11.18,IMU,134.28,448.24,907.71,-1.98,-6.00,-20.08,-15.15,-130.35,-108.75,29.1
2026/05/04 22:06:11.28,IMU,141.60,430.66,840.82,-5.82,-8.25,-21.52,-15.60,-131.55,-105.90,29.1
2026/05/04 22:06:11.38,IMU,144.04,415.53,879.88,-3.37,-10.29,-21.47,-13.05,-128.85,-109.05,29.0
2026/05/04 22:06:11.48,IMU,158.20,465.82,908.69,-1.88,-7.66,-25.49,-15.60,-129.15,-108.75,29.4
2026/05/04 22:06:11.58,IMU,156.74,444.82,890.14,-4.05,-8.15,-20.52,-15.45,-128.70,-109.65,29.1
2026/05/04 22:06:11.68,IMU,154.79,421.88,850.10,-2.49,-10.14,-16.61,-15.45,-126.30,-108.90,29.3
2026/05/04 22:06:11.78,IMU,139.65,448.24,853.52,-3.61,-11.43,-19.46,-14.85,-128.10,-109.80,29.1
2026/05/04 22:06:11.88,IMU,137.70,438.48,875.49,-3.63,-12.84,-18.67,-15.60,-127.65,-110.85,29.0
2026/05/04 22:06:11.98,IMU,163.57,449.22,901.37,-3.34,-13.18,-20.56,-16.80,-128.25,-109.65,29.1
2026/05/04 22:06:12.08,IMU,135.25,447.27,880.86,-2.31,-9.49,-16.51,-16.80,-126.00,-110.70,28.9
2026/05/04 22:06:12.18,IMU,135.25,430.18,870.61,-3.80,-12.34,-17.85,-17.55,-125.25,-112.50,29.2
2026/05/04 22:06:12.28,IMU,125.49,438.48,860.35,-0.68,-14.47,-22.17,-19.50,-125.55,-112.20,28.9
2026/05/04 22:06:12.38,IMU,143.07,422.85,837.40,-0.71,-14.97,-17.50,-19.65,-125.10,-111.60,29.0
2026/05/04 22:06:12.49,IMU,139.65,437.01,880.37,-0.89,-11.22,-15.89,-19.50,-124.50,-112.20,29.1
2026/05/04 22:06:12.59,IMU,153.81,457.52,906.25,0.32,-13.77,-18.47,-20.70,-123.15,-114.45,29.2
2026/05/04 22:06:12.69,IMU,132.81,421.39,846.68,0.15,-14.08,-16.35,-19.65,-121.95,-114.90,29.1
2026/05/04 22:06:12.80,IMU,144.04,426.27,850.59,2.19,-13.56,-17.53,-22.05,-123.00,-114.75,28.8
2026/05/04 22:06:12.90,IMU,150.88,460.45,898.44,0.62,-11.42,-17.57,-21.60,-121.50,-115.80,29.2
2026/05/04 22:06:13.00,IMU,148.93,443.36,875.49,1.65,-12.57,-14.35,-21.60,-122.25,-116.85,29.1
2026/05/04 22:06:13.10,IMU,139.16,438.48,841.80,1.21,-10.02,-13.18,-21.60,-119.85,-116.10,29.1
2026/05/04 22:06:13.20,IMU,147.46,454.59,887.70,0.50,-13.40,-13.15,-21.75,-118.20,-117.00,29.1
2026/05/04 22:06:13.30,IMU,156.74,464.84,905.76,0.10,-12.56,-16.06,-23.10,-118.35,-117.60,29.1
2026/05/04 22:06:13.40,IMU,146.97,455.57,875.49,2.14,-7.84,-13.36,-23.55,-117.60,-117.90,29.0
2026/05/04 22:06:13.50,IMU,134.28,418.95,832.03,-0.76,-8.90,-14.55,-23.85,-116.85,-117.90,29.4
2026/05/04 22:06:13.60,IMU,151.37,450.20,906.25,-4.51,-8.73,-17.43,-22.95,-117.00,-118.20,29.4
2026/05/04 22:06:13.70,IMU,129.39,432.62,857.42,0.29,-8.21,-14.51,-23.55,-115.80,-118.65,29.0
2026/05/04 22:06:13.80,IMU,149.90,460.45,855.47,-3.67,-5.61,-14.60,-22.95,-116.25,-120.30,29.2
2026/05/04 22:06:13.90,IMU,140.14,445.31,911.62,-3.76,-6.63,-11.00,-22.50,-114.75,-120.00,29.1
2026/05/04 22:06:14.00,IMU,145.51,421.88,840.33,-1.24,-5.21,-9.51,-23.25,-114.75,-120.30,29.2
2026/05/04 22:06:14.10,IMU,143.07,436.04,879.88,-6.45,-0.92,-12.51,-23.70,-115.20,-119.25,28.9
2026/05/04 22:06:14.20,IMU,166.50,440.92,862.30,-5.72,-5.17,-12.29,-23.55,-112.65,-119.10,29.0
2026/05/04 22:06:14.30,IMU,130.86,449.22,874.02,-3.78,-2.95,-9.10,-22.80,-114.15,-120.15,29.0
2026/05/04 22:06:14.40,IMU,150.88,450.20,870.12,-6.39,-7.27,-12.04,-22.95,-114.45,-118.80,29.0
2026/05/04 22:06:14.50,IMU,122.07,434.57,878.91,-6.89,-1.68,-12.18,-22.95,-112.50,-119.55,29.4
2026/05/04 22:06:14.60,IMU,147.95,448.73,887.21,-6.77,-2.37,-9.28,-22.95,-112.50,-121.05,29.4
2026/05/04 22:06:14.71,IMU,139.65,432.13,891.60,-6.90,-0.45,-10.47,-23.10,-113.40,-120.15,29.1
2026/05/04 22:06:14.81,IMU,144.04,432.62,868.65,-3.64,-1.27,-8.03,-22.35,-111.90,-119.10,28.9
2026/05/04 22:06:14.91,IMU,134.77,441.41,858.40,-8.34,1.65,-10.99,-22.80,-113.85,-119.40,29.1
2026/05/04 22:06:15.02,IMU,141.11,442.38,874.02,-7.09,-5.10,-5.49,-21.75,-112.50,-120.30,29.1
2026/05/04 22:06:15.12,IMU,136.72,451.17,886.72,-5.90,-0.82,-10.10,-22.20,-111.30,-119.25,29.3
2026/05/04 22:06:15.22,IMU,132.81,449.22,881.84,-6.08,-2.75,-8.00,-21.60,-113.10,-118.35,29.0
2026/05/04 22:06:15.32,IMU,156.25,435.06,866.70,-4.63,0.51,-5.07,-21.60,-113.40,-118.35,29.1
2026/05/04 22:06:15.42,IMU,128.91,450.68,878.42,-2.03,-4.05,-3.11,-21.30,-113.40,-118.35,29.1
2026/05/04 22:06:15.52,IMU,145.51,443.85,862.79,-2.59,0.04,-4.95,-22.80,-111.60,-118.35,29.0
2026/05/04 22:06:15.62,IMU,135.25,427.25,886.23,-0.44,-2.24,-5.05,-25.20,-115.20,-114.90,29.1
2026/05/04 22:06:15.72,IMU,143.07,454.10,854.49,-0.60,-1.84,-3.85,-21.75,-113.25,-120.00,29.3
2026/05/04 22:06:15.82,IMU,142.58,422.85,875.49,-3.17,-3.52,-3.29,-20.10,-111.15,-119.40,29.2
2026/05/04 22:06:15.92,IMU,158.20,442.38,869.63,2.00,-1.59,-2.24,-20.55,-111.90,-118.35,29.2
2026/05/04 22:06:16.02,IMU,139.16,426.76,861.82,1.41,2.18,-1.98,-21.75,-110.55,-118.80,28.9
2026/05/04 22:06:16.12,IMU,152.34,422.85,884.77,1.57,-4.98,-1.44,-20.40,-113.25,-119.25,29.2
2026/05/04 22:06:16.22,IMU,122.07,443.85,874.02,4.29,2.67,-3.15,-21.15,-112.05,-119.25,29.3
2026/05/04 22:06:16.32,IMU,149.41,438.96,873.05,5.07,-3.22,2.61,-21.45,-111.30,-120.60,28.9
2026/05/04 22:06:16.42,IMU,133.79,443.36,879.88,4.67,0.10,0.02,-21.30,-110.85,-119.10,29.1
2026/05/04 22:06:16.53,IMU,145.51,448.73,866.70,6.13,-2.89,0.91,-22.50,-110.55,-118.80,29.1
2026/05/04 22:06:16.64,IMU,147.46,430.66,877.93,4.62,2.56,0.83,-25.50,-112.95,-114.45,29.3
2026/05/04 22:06:16.75,IMU,150.39,462.89,875.49,8.98,-1.82,0.10,-21.75,-110.55,-120.30,29.1
2026/05/04 22:06:16.85,IMU,146.97,437.01,876.95,2.88,0.98,1.37,-22.20,-110.25,-119.55,29.1
2026/05/04 22:06:16.95,IMU,158.20,444.82,887.21,7.66,-2.74,3.15,-21.60,-110.85,-120.90,29.1
2026/05/04 22:06:17.05,IMU,151.37,442.38,874.51,6.18,1.94,4.19,-26.85,-113.10,-114.30,29.1
2026/05/04 22:06:17.15,IMU,151.86,441.89,870.12,5.74,-0.66,2.66,-23.10,-110.40,-121.50,29.1
2026/05/04 22:06:17.25,IMU,142.09,444.82,872.07,7.36,3.16,3.70,-23.70,-110.55,-120.30,29.0
2026/05/04 22:06:17.35,IMU,142.09,450.68,881.84,5.47,-1.79,6.68,-22.05,-110.85,-121.20,29.1
2026/05/04 22:06:17.45,IMU,133.79,432.13,872.07,3.67,4.85,6.09,-22.95,-109.80,-122.40,29.2
2026/05/04 22:06:17.55,IMU,133.79,435.55,886.23,4.24,3.32,4.91,-23.85,-109.35,-121.20,29.1
2026/05/04 22:06:17.66,IMU,147.46,442.87,874.51,0.86,1.95,5.61,-27.00,-112.50,-117.45,29.0
2026/05/04 22:06:17.76,IMU,141.11,431.64,875.98,1.91,3.85,7.95,-22.95,-112.05,-121.80,29.0
2026/05/04 22:06:17.88,IMU,154.79,441.89,857.91,-0.18,6.06,6.02,-22.50,-110.55,-121.05,29.2
2026/05/04 22:06:17.98,IMU,138.67,441.41,873.54,1.76,4.32,7.64,-23.10,-111.15,-121.50,29.1
2026/05/04 22:06:18.08,IMU,154.30,442.38,877.44,-1.55,4.41,7.79,-22.95,-111.30,-121.05,28.9
2026/05/04 22:06:18.18,IMU,130.37,441.89,877.93,-2.91,4.20,6.45,-24.60,-110.85,-121.50,29.3
2026/05/04 22:06:18.28,IMU,165.53,439.94,877.44,0.02,5.88,5.55,-23.25,-112.05,-121.80,29.0
2026/05/04 22:06:18.38,IMU,139.65,437.50,854.98,-3.67,6.34,5.39,-23.25,-112.05,-120.30,29.1
2026/05/04 22:06:18.48,IMU,158.20,435.55,876.46,-2.66,4.06,9.22,-23.10,-113.10,-119.70,29.3
2026/05/04 22:06:18.58,IMU,128.91,436.04,889.16,-1.40,9.15,6.34,-22.05,-114.15,-119.70,29.0
2026/05/04 22:06:18.68,IMU,145.02,447.75,872.56,-3.34,6.85,11.56,-24.90,-118.05,-115.05,29.3
2026/05/04 22:06:18.78,IMU,137.21,430.18,878.42,-3.94,8.81,9.18,-24.15,-114.90,-117.90,29.1
2026/05/04 22:06:18.88,IMU,140.63,450.68,868.65,-1.44,3.40,9.72,-22.50,-115.20,-118.50,29.2
2026/05/04 22:06:18.98,IMU,143.07,447.27,889.65,-5.13,7.96,6.85,-22.80,-116.10,-117.90,29.1
2026/05/04 22:06:19.09,IMU,157.71,439.94,872.07,-0.48,7.94,7.68,-21.45,-117.00,-117.00,29.3
2026/05/04 22:06:19.19,IMU,146.00,431.64,866.21,-2.47,10.11,8.47,-23.10,-116.85,-118.35,29.2
2026/05/04 22:06:19.31,IMU,147.95,444.82,863.77,-0.32,7.70,9.70,-23.55,-116.85,-116.10,29.1
2026/05/04 22:06:19.41,IMU,147.95,445.80,874.51,0.11,7.92,9.82,-21.60,-116.55,-116.10,29.1
2026/05/04 22:06:19.51,IMU,143.07,449.71,868.65,0.56,4.78,13.36,-21.60,-119.10,-115.80,29.1
2026/05/04 22:06:19.62,IMU,156.25,435.55,880.37,2.15,8.79,8.11,-22.95,-119.40,-113.85,29.1
2026/05/04 22:06:19.72,IMU,147.46,440.43,865.23,3.30,4.99,7.83,-24.90,-122.25,-109.65,29.1
2026/05/04 22:06:19.82,IMU,156.74,442.38,853.52,2.95,5.25,12.85,-21.30,-119.55,-115.80,29.4
2026/05/04 22:06:19.92,IMU,137.21,436.04,871.58,4.04,7.22,12.47,-21.45,-120.90,-113.85,29.1
2026/05/04 22:06:20.02,IMU,162.60,445.31,858.89,3.80,6.76,13.93,-20.85,-120.30,-114.75,29.3
2026/05/04 22:06:20.12,IMU,136.23,427.25,856.93,5.75,6.00,15.91,-20.40,-121.65,-114.45,29.3
2026/05/04 22:06:20.22,IMU,145.02,462.89,892.58,7.11,5.66,15.60,-25.50,-121.65,-110.55,29.0
2026/05/04 22:06:20.32,IMU,149.90,444.34,878.91,6.48,2.81,15.92,-20.85,-123.00,-114.00,29.4
2026/05/04 22:06:20.42,IMU,142.09,426.27,862.30,5.48,4.65,15.51,-19.50,-121.05,-114.75,29.4
2026/05/04 22:06:20.52,IMU,139.65,456.54,878.91,5.24,4.56,16.89,-19.20,-121.20,-114.45,29.0
2026/05/04 22:06:20.62,IMU,153.32,442.87,880.86,6.74,2.47,18.09,-20.70,-123.15,-114.45,29.3
2026/05/04 22:06:20.73,IMU,141.60,448.73,850.10,6.02,4.99,19.38,-19.80,-123.75,-112.95,29.1
2026/05/04 22:06:20.83,IMU,154.30,449.71,880.86,5.50,3.63,17.93,-19.95,-123.15,-114.15,29.4
2026/05/04 22:06:20.93,IMU,148.93,453.13,879.39,6.64,3.48,16.44,-21.30,-123.75,-114.75,29.1
2026/05/04 22:06:21.03,IMU,145.51,448.24,875.98,5.60,3.50,19.43,-20.55,-124.80,-114.30,29.1
2026/05/04 22:06:21.13,IMU,147.95,432.62,870.12,6.53,3.60,17.45,-20.40,-124.20,-112.35,29.2
2026/05/04 22:06:21.23,IMU,144.53,452.15,872.07,4.57,5.31,19.69,-20.40,-123.90,-112.65,29.1
2026/05/04 22:06:21.35,IMU,140.63,428.71,868.65,6.19,6.50,17.92,-20.10,-124.50,-113.55,29.3
2026/05/04 22:06:21.45,IMU,159.67,452.15,881.35,6.41,6.17,18.31,-19.50,-124.50,-112.95,29.1
2026/05/04 22:06:21.55,IMU,163.57,455.08,881.84,0.50,7.10,18.82,-19.50,-125.55,-114.00,29.2
2026/05/04 22:06:21.65,IMU,166.99,418.46,862.30,4.80,8.08,16.47,-19.05,-125.55,-112.95,29.0
2026/05/04 22:06:21.75,IMU,149.41,450.68,860.84,3.20,5.16,18.61,-20.55,-129.00,-106.80,29.1
2026/05/04 22:06:21.85,IMU,144.04,439.45,874.02,-0.80,11.60,15.73,-19.20,-128.10,-111.60,29.2
2026/05/04 22:06:21.95,IMU,164.55,453.61,892.09,8.07,7.34,15.80,-18.15,-127.65,-111.60,29.1
2026/05/04 22:06:22.05,IMU,150.88,450.68,888.18,0.26,13.13,16.53,-18.15,-127.65,-112.65,29.0
2026/05/04 22:06:22.15,IMU,141.60,414.06,838.87,3.82,8.03,17.58,-17.70,-128.85,-111.30,29.1
2026/05/04 22:06:22.26,IMU,147.95,447.75,867.68,6.01,13.50,15.13,-17.70,-129.60,-111.60,29.2
2026/05/04 22:06:22.36,IMU,130.86,454.10,876.46,0.71,10.60,19.59,-15.45,-130.20,-110.40,29.1
2026/05/04 22:06:22.46,IMU,155.27,430.66,876.46,2.44,19.01,11.40,-16.65,-130.80,-110.25,29.0
2026/05/04 22:06:22.56,IMU,136.72,440.92,882.32,6.19,14.60,13.22,-14.25,-130.95,-109.35,29.3
2026/05/04 22:06:22.66,IMU,160.16,445.31,872.56,0.66,12.83,12.56,-13.50,-129.45,-111.15,29.1
2026/05/04 22:06:22.81,IMU,146.48,439.94,865.23,4.47,10.97,12.31,-15.90,-132.30,-104.10,29.1
2026/05/04 22:06:22.90,IMU,145.51,444.82,866.70,1.34,16.40,13.49,-13.20,-129.45,-108.60,29.1
2026/05/04 22:06:23.01,IMU,144.04,427.25,874.02,4.54,11.18,12.05,-10.95,-130.50,-107.10,29.1
2026/05/04 22:06:23.11,IMU,151.86,444.34,860.35,3.04,13.89,8.60,-10.20,-130.50,-107.10,29.0
2026/05/04 22:06:23.21,IMU,153.81,436.04,873.05,0.03,10.56,12.07,-9.90,-132.00,-108.15,29.1
2026/05/04 22:06:23.31,IMU,163.09,438.96,875.49,3.30,12.76,7.89,-9.90,-129.45,-107.55,29.0
2026/05/04 22:06:23.41,IMU,139.65,443.85,871.58,2.90,7.49,8.95,-8.25,-131.55,-108.00,28.9
2026/05/04 22:06:23.51,IMU,160.16,424.32,865.23,0.71,7.36,13.36,-8.25,-130.35,-106.95,29.1
2026/05/04 22:06:23.61,IMU,134.77,445.31,870.61,3.96,8.41,8.73,-7.50,-131.85,-106.65,29.1
2026/05/04 22:06:23.71,IMU,149.41,448.24,867.19,2.48,5.12,13.41,-7.50,-131.55,-108.75,29.1
2026/05/04 22:06:23.81,IMU,140.63,418.46,879.88,2.08,5.70,10.43,-5.70,-129.90,-107.70,29.1
2026/05/04 22:06:23.93,IMU,154.79,451.17,871.58,1.21,1.75,4.95,-7.65,-130.95,-106.35,29.1
2026/05/04 22:06:24.03,IMU,146.48,442.38,876.95,-0.43,0.47,6.76,-6.30,-130.80,-108.00,29.1
2026/05/04 22:06:24.13,IMU,146.48,436.52,884.77,3.10,1.67,9.23,-5.85,-129.75,-107.10,29.0
2026/05/04 22:06:24.25,IMU,151.37,447.75,881.35,-1.82,-1.55,4.11,-6.90,-129.75,-107.10,29.0
2026/05/04 22:06:24.35,IMU,152.34,440.92,860.84,-1.60,-0.30,5.11,-7.35,-130.20,-108.60,29.1
2026/05/04 22:06:24.45,IMU,131.84,440.43,871.58,2.00,-1.62,7.12,-6.15,-129.75,-106.05,29.0
2026/05/04 22:06:24.56,IMU,154.79,455.08,874.02,-2.12,-5.38,6.79,-8.70,-132.00,-107.10,29.1
2026/05/04 22:06:24.66,IMU,125.00,427.25,878.42,-0.89,-1.31,4.84,-7.05,-130.80,-106.20,28.9
2026/05/04 22:06:24.76,IMU,159.67,441.41,863.77,-0.19,-6.07,3.32,-6.15,-130.95,-108.60,29.1
2026/05/04 22:06:24.86,IMU,146.97,427.73,876.46,-1.48,-3.05,6.51,-11.55,-133.80,-103.35,29.0
2026/05/04 22:06:24.96,IMU,158.20,451.17,905.76,1.51,-5.34,2.73,-7.35,-130.95,-106.80,29.1
2026/05/04 22:06:25.06,IMU,142.58,442.87,886.72,-3.85,-4.07,1.30,-7.05,-131.85,-108.45,29.0
2026/05/04 22:06:25.16,IMU,152.34,436.52,871.58,1.02,-5.54,1.63,-9.30,-134.85,-103.35,28.7
2026/05/04 22:06:25.26,IMU,144.04,445.80,873.05,-2.21,-3.50,2.97,-8.40,-132.45,-106.05,29.1
2026/05/04 22:06:25.36,IMU,143.07,429.69,867.68,-2.91,-4.32,2.40,-9.15,-132.45,-107.85,29.1
2026/05/04 22:06:25.46,IMU,145.02,458.98,863.77,1.73,-0.90,-3.23,-8.55,-132.60,-109.50,29.0
2026/05/04 22:06:25.56,IMU,145.51,432.13,869.63,-3.95,-2.35,-3.15,-9.00,-131.85,-108.45,28.8
2026/05/04 22:06:25.66,IMU,142.09,436.04,877.44,-1.03,-0.85,-2.44,-9.30,-132.60,-108.75,28.9
2026/05/04 22:06:25.76,IMU,141.60,445.80,874.51,0.70,-0.92,-3.22,-9.45,-131.70,-107.85,29.1
2026/05/04 22:06:25.86,IMU,159.67,428.22,865.23,-3.03,-1.37,-3.19,-9.30,-133.05,-107.70,29.1
2026/05/04 22:06:25.99,IMU,150.88,429.20,875.00,3.07,1.49,-6.18,-9.30,-133.05,-107.25,29.1
2026/05/04 22:06:26.09,IMU,153.32,464.36,869.14,-1.73,0.57,-6.33,-9.75,-132.60,-107.25,29.1
2026/05/04 22:06:26.19,IMU,142.09,421.88,870.12,-1.40,-0.12,-7.66,-10.05,-134.10,-107.25,29.1
2026/05/04 22:06:26.29,IMU,144.53,451.66,873.54,2.51,2.25,-10.16,-10.65,-131.25,-107.85,29.1
2026/05/04 22:06:26.39,IMU,145.51,437.50,875.98,-0.06,-0.72,-10.30,-8.40,-132.75,-106.80,28.9
2026/05/04 22:06:26.49,IMU,152.34,426.27,873.05,2.38,1.32,-9.73,-9.30,-131.10,-106.65,29.1
2026/05/04 22:06:26.59,IMU,132.32,437.01,871.09,-0.07,1.73,-10.05,-9.00,-132.30,-107.70,28.9
2026/05/04 22:06:26.69,IMU,149.41,435.55,880.37,-0.59,-0.17,-8.73,-9.45,-132.45,-108.60,29.0
2026/05/04 22:06:26.79,IMU,139.65,441.41,870.61,0.98,-0.46,-9.95,-9.75,-132.30,-108.75,29.1
2026/05/04 22:06:26.89,IMU,157.23,447.27,867.68,-2.34,-1.46,-10.93,-8.55,-130.80,-108.45,29.0
2026/05/04 22:06:26.99,IMU,146.00,426.76,882.81,-2.30,2.47,-12.05,-9.30,-131.10,-106.95,29.0
2026/05/04 22:06:27.09,IMU,133.30,447.27,869.14,-0.27,-3.85,-10.86,-8.55,-130.35,-107.25,29.1
2026/05/04 22:06:27.19,IMU,156.74,445.31,859.38,-3.65,-1.34,-12.94,-9.90,-130.20,-107.55,28.8
2026/05/04 22:06:27.29,IMU,154.30,421.39,880.37,2.04,-1.53,-13.45,-9.30,-131.10,-106.95,29.1
2026/05/04 22:06:27.39,IMU,152.34,435.06,876.46,-1.05,-3.98,-9.79,-10.35,-131.10,-108.00,29.0
2026/05/04 22:06:27.49,IMU,149.41,432.62,875.49,-2.27,-1.97,-13.18,-10.80,-131.55,-106.95,29.2
2026/05/04 22:06:27.59,IMU,147.46,434.08,875.98,-0.92,-4.79,-13.02,-10.95,-130.95,-108.15,29.0
2026/05/04 22:06:27.70,IMU,147.46,433.11,863.77,-2.70,-2.55,-11.46,-10.05,-131.10,-109.50,29.1
2026/05/04 22:06:27.80,IMU,144.53,441.41,877.44,-0.31,-7.13,-14.98,-12.00,-129.75,-108.60,29.2
2026/05/04 22:06:27.90,IMU,141.11,443.36,860.84,-1.89,-6.69,-14.17,-11.10,-128.85,-108.75,29.1
2026/05/04 22:06:28.01,IMU,153.81,451.17,886.72,-3.40,-7.60,-11.50,-12.45,-130.95,-109.35,28.9
2026/05/04 22:06:28.11,IMU,130.37,426.76,844.24,0.16,-8.24,-13.76,-12.30,-130.80,-108.00,28.9
2026/05/04 22:06:28.21,IMU,153.32,462.89,881.35,-2.96,-9.19,-11.49,-13.65,-129.15,-109.80,29.1
2026/05/04 22:06:28.31,IMU,149.90,429.20,870.61,-1.56,-9.50,-12.60,-13.20,-130.50,-109.95,29.0
2026/05/04 22:06:28.41,IMU,140.63,439.45,872.07,-0.46,-11.81,-11.62,-14.10,-128.85,-110.85,29.1
2026/05/04 22:06:28.51,IMU,150.88,439.45,873.54,-4.63,-10.73,-8.64,-14.70,-127.95,-111.15,28.9
2026/05/04 22:06:28.61,IMU,148.44,440.92,883.30,-1.06,-11.32,-12.84,-18.45,-130.80,-107.25,29.1
2026/05/04 22:06:28.71,IMU,145.02,446.29,876.95,-2.50,-11.57,-12.03,-16.65,-127.35,-109.50,29.1
2026/05/04 22:06:28.81,IMU,143.07,430.66,870.12,-3.38,-13.73,-13.83,-16.80,-128.25,-111.75,29.1
2026/05/04 22:06:28.91,IMU,150.88,428.22,865.72,-0.15,-12.05,-15.85,-18.00,-128.70,-111.45,28.9
2026/05/04 22:06:29.01,IMU,130.86,435.55,872.07,-0.36,-10.73,-13.80,-18.90,-126.60,-112.05,29.0
2026/05/04 22:06:29.11,IMU,143.55,442.38,865.72,-2.93,-15.12,-13.73,-18.30,-126.30,-113.25,29.0
2026/05/04 22:06:29.21,IMU,140.14,432.62,866.70,0.16,-11.98,-12.15,-19.20,-127.35,-112.35,29.0
2026/05/04 22:06:29.31,IMU,139.65,439.45,862.79,-2.79,-13.54,-11.15,-19.80,-127.05,-112.20,29.0
2026/05/04 22:06:29.41,IMU,158.20,436.52,867.68,-1.59,-9.60,-16.63,-20.70,-125.85,-112.65,29.2
2026/05/04 22:06:29.51,IMU,153.81,438.96,874.02,-0.89,-11.22,-15.00,-19.80,-124.05,-113.25,29.0
2026/05/04 22:06:29.61,IMU,148.44,443.85,865.72,-1.60,-8.71,-15.56,-19.95,-124.65,-114.45,29.1
2026/05/04 22:06:29.72,IMU,138.18,430.66,875.49,-1.64,-10.98,-14.32,-21.30,-124.05,-115.50,29.1
2026/05/04 22:06:29.82,IMU,136.72,452.15,860.84,-2.34,-6.56,-17.92,-20.55,-123.30,-115.50,29.1
2026/05/04 22:06:29.92,IMU,139.16,442.87,875.49,-3.82,-6.44,-11.50,-22.05,-123.00,-114.30,29.0
2026/05/04 22:06:30.04,IMU,158.20,417.97,867.68,-1.79,-4.65,-17.23,-21.15,-121.65,-115.65,29.1
2026/05/04 22:06:30.14,IMU,146.97,439.94,864.26,-3.84,-7.30,-17.63,-21.30,-123.00,-115.05,28.6
2026/05/04 22:06:30.24,IMU,145.51,437.50,875.49,-4.79,-6.46,-18.56,-21.45,-121.65,-115.20,28.9
2026/05/04 22:06:30.35,IMU,132.81,452.64,873.54,-2.37,-5.28,-17.95,-22.20,-119.70,-116.40,29.1
2026/05/04 22:06:30.45,IMU,158.20,447.75,871.58,-5.58,-4.68,-15.27,-21.75,-119.70,-117.75,28.9
2026/05/04 22:06:30.55,IMU,125.00,434.08,867.19,-4.43,-5.24,-13.08,-21.60,-119.85,-116.55,29.0
2026/05/04 22:06:30.65,IMU,140.14,455.57,870.12,-6.38,-7.69,-15.57,-23.55,-118.80,-116.10,29.2
2026/05/04 22:06:30.75,IMU,138.67,437.50,874.02,-6.82,-4.09,-18.12,-22.20,-120.45,-116.40,28.9
2026/05/04 22:06:30.85,IMU,168.46,436.04,877.93,-4.33,-1.57,-12.47,-21.60,-118.35,-116.55,29.0
2026/05/04 22:06:30.95,IMU,146.97,443.85,870.12,-8.09,-1.75,-15.89,-21.45,-118.20,-115.95,28.9
2026/05/04 22:06:31.05,IMU,146.00,422.85,861.82,-5.96,-2.98,-12.41,-22.50,-116.70,-115.20,28.7
2026/05/04 22:06:31.15,IMU,136.23,443.85,869.14,-5.57,-4.62,-16.48,-22.35,-117.30,-116.85,28.9
2026/05/04 22:06:31.25,IMU,147.95,434.57,862.79,-5.62,-2.89,-10.85,-20.55,-117.30,-115.80,28.9
2026/05/04 22:06:31.35,IMU,141.60,443.36,874.51,-4.59,0.31,-10.88,-23.55,-118.35,-117.60,29.0
2026/05/04 22:06:31.45,IMU,155.27,445.80,860.35,-3.55,-3.53,-11.89,-21.60,-115.80,-116.55,29.0
2026/05/04 22:06:31.55,IMU,145.02,437.99,874.02,-4.59,-6.02,-10.89,-22.50,-116.70,-115.95,29.2
2026/05/04 22:06:31.65,IMU,145.51,437.99,862.30,-2.21,-5.54,-12.53,-21.60,-116.10,-115.80,29.1
2026/05/04 22:06:31.78,IMU,146.97,430.66,869.63,-3.48,-6.13,-10.93,-23.10,-117.30,-118.65,28.8
2026/05/04 22:06:31.88,IMU,124.51,445.80,869.14,-1.95,-6.35,-10.82,-22.05,-114.60,-117.30,29.0
2026/05/04 22:06:31.98,IMU,156.25,449.71,863.77,-2.11,-3.35,-10.79,-21.75,-115.95,-117.45,29.1
2026/05/04 22:06:32.08,IMU,153.81,432.13,873.54,-0.33,-6.26,-6.28,-22.35,-114.90,-118.35,29.1
2026/05/04 22:06:32.18,IMU,138.18,433.59,866.70,1.65,-4.55,-8.56,-21.45,-114.45,-118.20,29.0
2026/05/04 22:06:32.28,IMU,138.18,432.62,864.75,-3.13,-5.37,-8.64,-22.95,-115.20,-117.45,28.9
2026/05/04 22:06:32.38,IMU,155.76,438.48,872.56,3.77,-3.49,-9.40,-25.35,-116.85,-114.75,29.1
2026/05/04 22:06:32.48,IMU,130.37,446.29,868.16,2.51,-5.55,-7.66,-23.25,-112.50,-118.50,29.1
2026/05/04 22:06:32.58,IMU,157.71,438.96,871.09,2.55,-6.94,-7.95,-21.30,-112.65,-119.10,28.8
2026/05/04 22:06:32.68,IMU,137.70,446.78,876.46,4.46,-7.20,-8.37,-22.50,-112.50,-120.60,29.0
2026/05/04 22:06:32.78,IMU,148.44,446.78,882.81,3.23,-6.27,-7.48,-20.40,-110.55,-120.00,29.0
2026/05/04 22:06:32.90,IMU,139.65,427.73,872.56,1.55,-4.89,-5.69,-23.70,-111.30,-120.30,29.0
2026/05/04 22:06:33.00,IMU,149.41,437.50,871.58,6.27,-5.15,-4.52,-22.20,-109.80,-121.35,29.1
2026/05/04 22:06:33.11,IMU,154.79,448.73,870.61,1.16,0.15,-8.21,-21.45,-111.30,-119.55,28.9
2026/05/04 22:06:33.21,IMU,142.09,440.92,865.72,1.95,-1.25,-5.50,-22.20,-110.25,-122.40,28.9
2026/05/04 22:06:33.31,IMU,135.74,439.45,874.51,2.33,-0.08,-6.51,-22.80,-111.15,-121.50,29.1
2026/05/04 22:06:33.41,IMU,142.09,440.43,874.02,2.70,-1.28,-2.37,-22.35,-109.65,-121.20,29.0
2026/05/04 22:06:33.51,IMU,152.34,442.87,872.07,1.73,1.25,-1.44,-20.85,-110.40,-122.25,28.9
2026/05/04 22:06:33.62,IMU,137.70,431.64,865.72,4.13,-0.58,-1.11,-23.55,-108.90,-121.20,29.4
2026/05/04 22:06:33.72,IMU,146.97,456.54,875.49,1.92,0.20,2.02,-22.05,-108.90,-123.00,29.0
2026/05/04 22:06:33.82,IMU,129.39,435.55,877.44,0.52,-0.38,-2.20,-25.20,-112.05,-119.25,29.0
2026/05/04 22:06:33.92,IMU,125.49,440.43,872.56,-0.66,1.12,1.79,-22.95,-109.50,-122.40,29.4
2026/05/04 22:06:34.02,IMU,148.93,433.59,864.26,-0.95,0.57,1.15,-21.15,-108.75,-122.40,29.1
2026/05/04 22:06:34.12,IMU,146.00,451.17,886.72,-1.11,-2.81,-0.31,-21.75,-109.80,-121.35,29.1
2026/05/04 22:06:34.22,IMU,142.09,437.50,868.65,-0.94,2.27,0.90,-22.50,-109.80,-122.85,29.1
2026/05/04 22:06:34.32,IMU,149.90,438.48,859.86,-3.83,1.11,2.03,-21.45,-110.25,-120.60,29.1
2026/05/04 22:06:34.42,IMU,142.09,433.59,885.74,-1.39,4.88,2.34,-21.15,-109.05,-122.40,29.1
2026/05/04 22:06:34.52,IMU,138.67,434.57,873.05,-1.32,1.56,5.50,-22.50,-109.05,-122.10,29.1
2026/05/04 22:06:34.62,IMU,142.09,440.92,859.38,-4.27,6.66,1.12,-23.10,-111.90,-120.90,29.4
2026/05/04 22:06:34.72,IMU,160.64,439.45,881.35,-1.33,3.27,7.50,-22.20,-111.00,-119.55,29.1
2026/05/04 22:06:34.82,IMU,146.48,457.03,882.81,-2.82,7.26,5.65,-22.20,-111.75,-120.00,29.0
2026/05/04 22:06:34.93,IMU,149.41,436.04,867.68,-2.18,3.80,5.52,-23.70,-112.50,-121.80,29.1
2026/05/04 22:06:35.03,IMU,137.70,437.50,866.21,-2.50,8.93,4.98,-22.05,-111.15,-118.65,29.4
2026/05/04 22:06:35.13,IMU,144.04,443.85,878.42,-1.10,5.50,7.85,-22.35,-112.65,-119.10,29.2
2026/05/04 22:06:35.24,IMU,147.46,440.43,878.42,-2.64,8.46,8.44,-21.45,-113.25,-117.00,29.1
2026/05/04 22:06:35.34,IMU,125.98,438.96,856.45,-2.29,2.91,8.44,-23.25,-113.70,-118.80,28.8
2026/05/04 22:06:35.44,IMU,146.00,434.08,865.23,-1.73,6.19,6.44,-22.50,-113.25,-117.75,29.0
2026/05/04 22:06:35.55,IMU,142.58,447.27,876.95,-0.84,4.92,10.27,-21.60,-113.10,-119.40,29.3
2026/05/04 22:06:35.65,IMU,150.88,449.22,871.09,-0.59,6.79,10.31,-23.10,-113.85,-119.10,29.0
2026/05/04 22:06:35.75,IMU,132.32,430.18,869.14,-0.02,7.63,13.63,-21.45,-114.00,-118.20,29.1
2026/05/04 22:06:35.85,IMU,150.39,432.62,869.14,1.89,6.39,9.40,-24.75,-118.65,-112.05,28.7
2026/05/04 22:06:35.95,IMU,138.67,450.68,872.56,1.98,5.26,12.96,-21.75,-115.95,-115.95,29.0
2026/05/04 22:06:36.05,IMU,140.14,444.34,873.54,3.44,6.27,13.10,-21.75,-114.75,-117.75,28.9
2026/05/04 22:06:36.15,IMU,145.02,430.18,861.82,3.85,6.60,12.18,-24.00,-118.20,-113.85,28.9
2026/05/04 22:06:36.25,IMU,151.86,441.89,863.28,4.22,3.89,10.73,-22.80,-114.90,-116.55,28.9
2026/05/04 22:06:36.35,IMU,146.00,441.89,878.42,4.60,3.27,14.03,-20.85,-116.10,-116.85,29.1
2026/05/04 22:06:36.45,IMU,156.74,438.96,878.42,5.11,4.40,13.37,-23.55,-118.80,-114.75,29.0
2026/05/04 22:06:36.55,IMU,144.04,438.48,837.89,8.39,5.08,12.44,-22.50,-117.45,-115.20,29.1
2026/05/04 22:06:36.66,IMU,142.58,434.08,853.52,4.92,4.76,16.44,-22.05,-117.60,-116.55,29.2
2026/05/04 22:06:36.76,IMU,142.58,451.17,884.77,6.16,5.85,14.48,-21.45,-117.45,-117.75,28.8
2026/05/04 22:06:36.86,IMU,142.09,441.89,876.95,7.26,5.37,17.32,-21.45,-119.70,-115.95,29.1
2026/05/04 22:06:36.99,IMU,144.53,443.36,868.16,4.17,5.98,14.92,-21.15,-119.70,-117.75,29.0
2026/05/04 22:06:37.09,IMU,151.86,444.34,874.51,4.76,8.15,11.97,-22.50,-120.45,-116.70,29.0
2026/05/04 22:06:37.19,IMU,127.44,432.13,869.14,6.81,6.70,14.93,-22.50,-120.45,-116.40,29.0
2026/05/04 22:06:37.29,IMU,148.44,444.34,874.51,3.73,5.78,17.29,-22.35,-119.85,-114.75,29.1
2026/05/04 22:06:37.39,IMU,153.32,445.80,877.44,5.90,5.79,20.38,-22.20,-121.65,-117.45,29.3
2026/05/04 22:06:37.49,IMU,136.72,442.87,860.35,4.58,7.45,14.12,-22.95,-121.20,-114.90,29.1
2026/05/04 22:06:37.59,IMU,148.44,440.92,867.68,3.69,6.66,16.56,-24.75,-123.90,-112.65,28.9
2026/05/04 22:06:37.69,IMU,145.51,438.48,869.63,3.60,8.37,20.99,-21.45,-121.95,-115.20,29.1
2026/05/04 22:06:37.80,IMU,152.83,441.89,876.95,4.25,9.27,16.61,-22.20,-121.95,-114.90,29.1
2026/05/04 22:06:37.90,IMU,139.65,448.24,877.93,5.98,12.34,17.24,-20.70,-122.70,-115.65,29.4
2026/05/04 22:06:38.00,IMU,160.16,432.62,861.82,4.82,13.33,16.21,-19.80,-124.80,-113.25,29.1
2026/05/04 22:06:38.10,IMU,153.32,455.08,871.58,6.31,15.50,21.53,-21.45,-123.90,-114.15,29.1
2026/05/04 22:06:38.20,IMU,136.23,448.24,862.30,4.49,10.77,16.81,-19.80,-124.80,-113.25,29.1
2026/05/04 22:06:38.30,IMU,143.07,428.22,877.93,3.66,12.76,15.81,-19.80,-126.00,-112.95,29.1
2026/05/04 22:06:38.40,IMU,149.90,446.78,876.95,5.21,9.22,16.70,-19.05,-124.50,-114.00,29.1
2026/05/04 22:06:38.50,IMU,147.95,424.80,877.44,2.34,12.83,13.19,-18.00,-126.30,-111.75,29.0
2026/05/04 22:06:38.60,IMU,139.65,430.66,871.09,4.73,9.60,17.80,-19.20,-126.15,-111.60,28.8
2026/05/04 22:06:38.71,IMU,162.60,447.27,876.95,2.02,12.76,14.56,-17.40,-126.90,-112.05,28.9
2026/05/04 22:06:38.81,IMU,159.18,431.64,879.88,4.27,11.24,17.44,-16.80,-127.50,-110.40,29.0
2026/05/04 22:06:38.91,IMU,163.57,444.82,875.98,4.09,15.53,14.34,-16.05,-128.70,-109.35,29.1
2026/05/04 22:06:39.02,IMU,137.21,440.43,867.19,3.20,11.28,17.56,-14.40,-128.10,-112.05,29.0
2026/05/04 22:06:39.12,IMU,147.46,450.68,863.77,2.66,14.79,15.91,-14.25,-129.45,-108.90,29.1
2026/05/04 22:06:39.22,IMU,139.65,461.91,876.95,2.57,11.48,17.58,-14.40,-128.10,-109.80,28.8
2026/05/04 22:06:39.32,IMU,152.34,433.11,882.81,2.74,13.47,12.77,-15.00,-129.00,-108.15,28.9
2026/05/04 22:06:39.42,IMU,146.00,443.85,863.77,5.18,12.50,12.66,-13.05,-130.80,-109.05,28.9
2026/05/04 22:06:39.52,IMU,159.67,453.13,875.49,0.77,11.31,16.48,-12.30,-130.80,-108.75,28.9
2026/05/04 22:06:39.62,IMU,140.63,417.97,842.29,3.34,9.69,15.42,-14.40,-130.80,-105.45,29.1
2026/05/04 22:06:39.72,IMU,149.90,435.55,831.05,3.88,10.85,18.15,-10.80,-129.90,-108.00,29.1
2026/05/04 22:06:39.82,IMU,151.86,415.53,859.86,0.75,5.40,13.89,-10.65,-130.50,-107.55,29.1
2026/05/04 22:06:39.92,IMU,154.79,453.61,913.09,3.89,10.24,11.59,-9.75,-128.10,-107.70,28.8
2026/05/04 22:06:40.02,IMU,173.34,440.92,871.58,1.66,8.37,14.28,-7.65,-130.50,-107.10,29.1
2026/05/04 22:06:40.16,IMU,149.90,446.78,884.28,1.53,5.66,11.34,-10.95,-130.50,-107.85,28.8
2026/05/04 22:06:40.26,IMU,158.69,448.24,888.67,1.21,5.91,10.95,-9.75,-131.55,-107.70,28.9
2026/05/04 22:06:40.36,IMU,142.58,424.32,848.63,-0.15,3.96,10.73,-9.00,-129.60,-108.75,29.1
2026/05/04 22:06:40.46,IMU,145.02,441.89,869.63,1.60,4.20,10.76,-9.45,-130.20,-107.10,29.1
2026/05/04 22:06:40.56,IMU,147.95,456.54,888.18,0.61,2.65,15.82,-9.00,-131.10,-107.25,29.1
2026/05/04 22:06:40.66,IMU,153.81,428.71,870.61,-0.85,2.81,10.04,-8.25,-130.80,-108.00,28.9
2026/05/04 22:06:40.76,IMU,137.70,441.41,854.00,1.20,1.75,10.78,-10.20,-132.75,-104.55,29.0
2026/05/04 22:06:40.86,IMU,143.55,460.94,870.61,-2.08,3.11,10.16,-6.60,-131.25,-108.15,28.6
2026/05/04 22:06:40.96,IMU,165.53,445.31,903.81,0.76,1.49,8.79,-7.35,-131.70,-107.55,29.0
2026/05/04 22:06:41.06,IMU,160.64,458.50,911.62,0.81,3.24,9.39,-8.40,-132.45,-107.10,28.9
2026/05/04 22:06:41.16,IMU,152.83,443.36,868.65,-3.37,0.09,9.80,-7.80,-132.30,-108.45,28.9
2026/05/04 22:06:41.26,IMU,157.23,434.57,864.75,1.02,2.37,6.83,-6.75,-131.85,-108.00,28.8
2026/05/04 22:06:41.36,IMU,157.23,458.01,874.02,-0.36,-1.06,7.96,-7.50,-132.30,-107.25,29.0
2026/05/04 22:06:41.46,IMU,153.32,439.45,867.68,0.38,-1.11,6.44,-7.35,-131.70,-108.15,29.0
2026/05/04 22:06:41.59,IMU,145.02,445.31,868.65,1.23,-1.44,3.97,-8.55,-132.30,-109.05,28.7
2026/05/04 22:06:41.69,IMU,149.41,432.62,864.26,-0.41,-1.46,1.79,-6.90,-131.70,-107.10,28.9
2026/05/04 22:06:41.79,IMU,153.81,428.71,862.79,0.76,1.30,1.40,-7.35,-131.70,-107.55,29.1
2026/05/04 22:06:41.89,IMU,155.76,445.31,877.44,0.77,0.57,2.69,-7.65,-132.00,-108.15,28.9
2026/05/04 22:06:42.00,IMU,147.46,440.43,874.02,0.98,-1.24,1.43,-8.55,-133.05,-107.70,29.0
2026/05/04 22:06:42.10,IMU,154.30,432.62,878.42,3.13,1.02,-3.01,-7.80,-133.35,-108.00,28.8
2026/05/04 22:06:42.20,IMU,145.51,448.73,870.12,0.34,-0.69,-2.77,-8.25,-131.85,-107.70,28.7
2026/05/04 22:06:42.30,IMU,149.41,428.71,859.86,0.43,-0.51,0.18,-7.05,-132.30,-106.95,29.1
2026/05/04 22:06:42.40,IMU,133.79,437.50,869.14,1.51,-0.17,-6.01,-7.50,-131.85,-108.00,29.0
2026/05/04 22:06:42.50,IMU,146.00,431.64,881.84,2.68,0.52,-6.82,-6.90,-132.45,-108.60,28.8
2026/05/04 22:06:42.60,IMU,144.04,429.20,850.10,0.66,-1.05,-6.40,-7.65,-132.00,-109.35,28.9
2026/05/04 22:06:42.72,IMU,164.55,439.45,870.61,-0.20,0.17,-5.23,-8.25,-133.35,-108.45,28.9
2026/05/04 22:06:42.82,IMU,152.83,448.24,888.18,-1.53,-0.42,-6.85,-7.95,-132.45,-107.85,28.9
2026/05/04 22:06:42.92,IMU,167.48,443.85,880.37,0.99,0.08,-8.11,-7.95,-130.95,-107.10,28.8
2026/05/04 22:06:43.03,IMU,142.58,438.96,858.40,-0.14,0.85,-9.47,-8.25,-131.10,-108.45,28.8
2026/05/04 22:06:43.13,IMU,157.71,429.69,831.05,0.70,-3.66,-11.26,-9.15,-130.95,-107.85,28.6
2026/05/04 22:06:43.23,IMU,148.44,457.52,891.60,-1.11,-1.18,-8.72,-8.25,-132.60,-108.00,28.9
2026/05/04 22:06:43.33,IMU,165.53,430.18,849.61,1.90,-4.96,-8.98,-9.15,-130.20,-108.90,29.0
2026/05/04 22:06:43.43,IMU,142.58,397.95,801.27,0.29,-0.57,-13.02,-8.70,-129.45,-108.60,28.8
2026/05/04 22:06:43.54,IMU,149.41,452.15,875.49,-0.79,-3.53,-12.61,-9.15,-130.20,-108.15,28.8
2026/05/04 22:06:43.64,IMU,155.27,462.40,902.34,-0.36,-2.79,-15.17,-8.70,-131.70,-107.55,28.8
2026/05/04 22:06:43.74,IMU,145.51,429.20,862.79,-1.71,-7.49,-11.22,-8.40,-130.95,-107.55,28.7
2026/05/04 22:06:43.84,IMU,150.88,443.85,851.56,-3.61,-5.02,-13.04,-10.65,-130.20,-107.10,29.0
2026/05/04 22:06:43.94,IMU,144.04,445.31,886.72,-2.05,-5.75,-12.91,-10.65,-131.25,-106.35,28.7
2026/05/04 22:06:44.04,IMU,154.79,450.20,871.09,-2.03,-9.65,-13.00,-9.45,-130.20,-107.55,28.7
2026/05/04 22:06:44.14,IMU,142.58,438.48,863.77,-1.97,-4.95,-13.97,-10.20,-130.95,-108.60,28.7
2026/05/04 22:06:44.24,IMU,151.37,457.03,865.72,-2.15,-7.78,-14.21,-10.95,-130.20,-106.35,28.7
2026/05/04 22:06:44.34,IMU,140.14,437.99,882.32,-4.11,-7.94,-11.87,-12.45,-130.20,-107.55,28.9
2026/05/04 22:06:44.44,IMU,136.23,436.04,873.54,-1.34,-6.46,-12.71,-13.05,-131.10,-108.00,28.8
2026/05/04 22:06:44.54,IMU,154.79,444.34,880.86,-2.30,-7.79,-14.01,-12.60,-129.90,-108.45,28.8
2026/05/04 22:06:44.64,IMU,165.04,430.66,865.72,-4.38,-11.34,-10.34,-12.30,-130.35,-109.05,28.9
2026/05/04 22:06:44.76,IMU,147.95,451.66,867.19,-0.53,-9.18,-14.93,-14.85,-129.90,-108.75,28.7
2026/05/04 22:06:44.86,IMU,149.41,460.94,875.98,-1.59,-12.50,-13.27,-14.10,-129.60,-108.45,28.8
2026/05/04 22:06:44.96,IMU,146.48,446.29,878.42,-3.16,-12.41,-12.22,-14.40,-129.60,-109.05,28.8
2026/05/04 22:06:45.06,IMU,153.81,439.94,870.61,0.29,-9.03,-12.76,-14.40,-129.60,-111.30,28.7
2026/05/04 22:06:45.16,IMU,141.60,446.29,869.14,-2.69,-8.47,-15.89,-16.50,-130.20,-109.35,28.7
2026/05/04 22:06:45.26,IMU,150.88,435.55,867.68,-0.08,-8.85,-10.60,-17.25,-128.25,-111.75,28.7
2026/05/04 22:06:45.36,IMU,149.90,449.22,870.12,-2.31,-10.04,-11.37,-18.15,-128.10,-109.80,29.0
2026/05/04 22:06:45.46,IMU,145.51,434.08,865.23,-4.24,-8.87,-11.69,-17.25,-127.50,-110.70,28.6
2026/05/04 22:06:45.57,IMU,146.48,424.32,858.40,-0.83,-7.02,-12.53,-19.50,-127.95,-111.75,28.6
2026/05/04 22:06:45.67,IMU,142.09,437.01,873.54,-1.82,-11.26,-14.13,-18.90,-126.60,-112.35,28.7
2026/05/04 22:06:45.77,IMU,152.83,437.50,880.37,-3.79,-5.24,-12.94,-19.50,-127.95,-112.20,28.6
2026/05/04 22:06:45.87,IMU,141.60,438.48,868.65,0.53,-6.27,-13.73,-18.90,-126.90,-112.65,28.8
2026/05/04 22:06:45.97,IMU,145.51,440.43,860.35,-2.91,-9.21,-12.73,-19.05,-124.50,-111.75,28.8
2026/05/04 22:06:46.07,IMU,150.88,424.80,868.65,0.33,-1.44,-13.55,-19.80,-127.05,-111.45,28.9
2026/05/04 22:06:46.20,IMU,152.83,448.24,868.16,-1.68,-8.27,-13.48,-20.70,-125.85,-112.65,28.8
2026/05/04 22:06:46.30,IMU,134.28,435.55,880.37,-6.46,-2.08,-11.62,-20.40,-126.60,-113.85,28.8
2026/05/04 22:06:46.40,IMU,155.76,435.55,848.14,-1.38,-3.48,-13.17,-20.70,-125.10,-113.40,28.8
2026/05/04 22:06:46.50,IMU,143.07,471.19,902.83,-3.53,-3.40,-10.89,-20.40,-123.90,-114.15,28.9
2026/05/04 22:06:46.60,IMU,150.39,418.95,855.96,0.87,-3.44,-8.78,-20.10,-124.05,-114.30,29.0
2026/05/04 22:06:46.70,IMU,142.09,437.50,863.28,-2.24,0.33,-14.49,-20.55,-123.75,-112.20,29.1
2026/05/04 22:06:46.80,IMU,138.18,440.43,874.02,-4.02,-7.11,-7.15,-21.75,-125.10,-110.55,28.6
2026/05/04 22:06:46.90,IMU,130.86,431.64,863.77,-0.89,0.79,-11.69,-20.85,-122.25,-113.55,28.8
2026/05/04 22:06:47.00,IMU,145.02,455.57,859.38,-3.47,-4.32,-6.34,-20.10,-123.30,-113.55,28.7
2026/05/04 22:06:47.10,IMU,145.02,428.71,864.26,-5.48,-1.97,-8.59,-20.10,-122.55,-114.30,28.9
2026/05/04 22:06:47.20,IMU,143.07,431.15,879.88,-2.01,-1.79,-7.99,-20.40,-123.45,-113.40,28.8
2026/05/04 22:06:47.30,IMU,147.46,464.84,878.42,-4.50,-0.09,-5.48,-21.15,-123.15,-113.40,28.8
2026/05/04 22:06:47.40,IMU,152.34,429.20,880.37,-3.71,-2.40,-9.58,-20.40,-122.70,-112.65,28.8
2026/05/04 22:06:47.50,IMU,152.83,456.05,857.42,-0.26,0.06,-6.41,-21.45,-121.65,-113.40,28.8
2026/05/04 22:06:47.60,IMU,146.00,435.55,861.33,-4.39,-3.34,-6.30,-20.70,-122.40,-114.15,28.8
2026/05/04 22:06:47.70,IMU,161.62,437.50,847.66,0.53,-3.46,-8.08,-21.45,-121.95,-114.45,28.5
2026/05/04 22:06:47.81,IMU,134.28,438.48,857.91,-0.59,-3.77,-4.82,-20.85,-122.25,-114.30,28.6
2026/05/04 22:06:47.92,IMU,171.39,448.24,857.42,-4.65,-5.69,-3.95,-21.15,-121.95,-113.85,28.7
2026/05/04 22:06:48.02,IMU,147.46,461.91,898.44,-0.38,-0.92,-5.08,-20.55,-121.50,-114.00,28.8
2026/05/04 22:06:48.12,IMU,154.79,459.47,882.81,-0.69,-3.53,-6.53,-22.05,-120.60,-115.05,28.9
2026/05/04 22:06:48.23,IMU,143.07,417.97,860.35,-1.73,-3.39,-3.12,-21.60,-121.05,-114.75,28.6
2026/05/04 22:06:48.33,IMU,147.46,452.15,891.11,3.82,-2.93,-3.68,-21.60,-122.55,-116.10,28.8
2026/05/04 22:06:48.43,IMU,152.34,435.06,863.28,0.18,-1.94,-2.65,-20.40,-120.45,-114.90,28.7
2026/05/04 22:06:48.54,IMU,145.51,429.20,871.09,3.05,-4.30,-3.31,-22.20,-121.65,-113.85,29.0
2026/05/04 22:06:48.64,IMU,148.44,453.13,898.44,1.15,-1.40,-1.70,-21.30,-120.30,-115.80,28.8
2026/05/04 22:06:48.74,IMU,129.88,437.01,872.07,1.67,-4.60,-1.47,-21.30,-122.55,-114.30,28.6
2026/05/04 22:06:48.84,IMU,146.48,446.29,871.09,1.84,-0.37,-2.79,-26.40,-122.25,-110.40,28.8
2026/05/04 22:06:48.94,IMU,144.53,429.69,868.16,2.38,-5.15,-0.56,-23.10,-120.30,-115.80,28.5
2026/05/04 22:06:49.04,IMU,164.06,435.55,867.68,3.06,-2.33,-2.86,-22.80,-119.10,-117.60,28.6
2026/05/04 22:06:49.14,IMU,146.48,440.92,873.54,2.42,-4.96,-1.21,-23.55,-119.55,-116.10,28.6
2026/05/04 22:06:49.24,IMU,157.23,438.96,864.75,0.05,0.79,-0.60,-23.25,-120.15,-116.40,28.6
2026/05/04 22:06:49.34,IMU,126.95,434.57,875.00,2.93,-5.08,-1.84,-20.70,-118.95,-115.95,28.9
2026/05/04 22:06:49.44,IMU,150.88,428.71,852.54,4.00,-2.60,-0.99,-22.35,-119.10,-116.55,28.8
2026/05/04 22:06:49.54,IMU,132.32,423.83,872.56,-0.30,-2.58,0.77,-22.50,-118.20,-116.70,28.8
2026/05/04 22:06:49.67,IMU,142.58,441.89,872.56,3.08,-3.52,-2.50,-22.80,-118.35,-117.90,28.9
2026/05/04 22:06:49.77,IMU,138.67,428.71,866.21,0.82,-2.20,-2.28,-22.35,-119.55,-117.90,28.5
2026/05/04 22:06:49.87,IMU,149.41,429.69,840.33,2.54,-0.18,1.98,-23.85,-117.30,-117.30,28.8
2026/05/04 22:06:49.97,IMU,128.91,413.09,810.55,2.67,-0.34,-0.65,-22.20,-118.95,-117.45,29.0
2026/05/04 22:06:50.07,IMU,146.97,436.04,882.81,-1.37,-0.28,0.24,-22.35,-117.60,-117.30,28.8
2026/05/04 22:06:50.17,IMU,158.20,461.91,927.25,0.83,3.36,-1.54,-22.05,-118.80,-118.65,28.8
2026/05/04 22:06:50.28,IMU,152.34,475.59,937.50,0.97,-0.14,0.22,-23.70,-119.40,-116.70,28.5
2026/05/04 22:06:50.38,IMU,156.74,435.55,905.27,-2.60,2.92,-1.84,-21.45,-118.65,-117.00,28.8
2026/05/04 22:06:50.48,IMU,152.34,444.82,887.70,0.51,-2.83,2.55,-22.20,-118.65,-116.40,29.1
2026/05/04 22:06:50.58,IMU,143.55,417.97,849.12,-1.88,5.95,2.22,-22.50,-118.20,-117.00,28.8
2026/05/04 22:06:50.68,IMU,150.39,439.94,869.14,-2.47,2.69,3.85,-23.70,-118.95,-117.75,28.8
2026/05/04 22:06:50.78,IMU,151.86,434.08,861.82,-2.09,5.22,-3.48,-21.60,-119.10,-115.80,28.7
2026/05/04 22:06:50.88,IMU,137.70,435.55,830.08,-2.68,3.26,-1.74,-22.95,-120.15,-115.95,28.8
2026/05/04 22:06:50.98,IMU,138.18,429.20,842.77,-2.28,4.46,1.47,-22.80,-119.10,-116.55,28.9
2026/05/04 22:06:51.08,IMU,134.77,446.78,896.00,0.34,5.34,2.98,-22.05,-119.10,-115.05,28.9
2026/05/04 22:06:51.18,IMU,161.13,456.05,875.49,-3.86,3.56,1.72,-20.85,-119.55,-116.85,28.6
2026/05/04 22:06:51.28,IMU,133.30,434.08,881.35,-0.69,4.27,4.25,-22.50,-119.40,-115.20,28.8
2026/05/04 22:06:51.40,IMU,159.67,432.62,850.10,-0.67,8.50,2.27,-20.40,-121.65,-115.65,28.7
2026/05/04 22:06:51.50,IMU,122.56,438.48,877.93,-3.44,2.44,6.30,-21.15,-120.90,-114.45,28.9
2026/05/04 22:06:51.60,IMU,154.79,433.59,897.95,0.52,4.60,1.57,-22.80,-120.30,-115.50,28.6
2026/05/04 22:06:51.70,IMU,135.25,466.31,876.95,-1.76,1.89,3.05,-21.15,-121.20,-113.85,28.6
2026/05/04 22:06:51.80,IMU,154.30,436.52,868.65,0.24,2.98,5.29,-20.55,-121.80,-114.75,28.9
2026/05/04 22:06:51.90,IMU,145.02,441.89,866.70,0.91,6.00,6.18,-21.15,-122.40,-114.90,28.7
2026/05/04 22:06:52.00,IMU,132.81,431.15,866.70,1.48,-0.85,5.13,-19.80,-121.80,-114.30,28.7
2026/05/04 22:06:52.10,IMU,130.37,421.88,865.23,0.42,1.85,5.39,-21.30,-121.50,-114.00,28.9
2026/05/04 22:06:52.20,IMU,128.91,419.43,842.29,0.94,1.05,5.08,-20.55,-119.85,-112.20,28.6
2026/05/04 22:06:52.31,IMU,120.61,432.62,863.77,-0.65,0.88,2.73,-21.45,-121.20,-115.65,28.6
2026/05/04 22:06:52.41,IMU,166.02,440.43,885.25,3.53,0.11,4.08,-22.05,-121.80,-113.55,28.7
2026/05/04 22:06:52.51,IMU,149.90,453.13,885.74,0.42,3.06,5.73,-20.55,-121.05,-114.00,28.8
2026/05/04 22:06:52.61,IMU,148.44,455.57,899.90,4.45,0.92,3.88,-19.95,-121.65,-114.45,28.6
2026/05/04 22:06:52.71,IMU,131.35,457.03,898.44,4.37,2.19,2.98,-20.10,-122.55,-115.80,28.6
2026/05/04 22:06:52.81,IMU,137.21,440.92,892.09,2.31,-0.29,4.17,-20.70,-122.40,-114.45,28.7
2026/05/04 22:06:52.91,IMU,149.90,435.06,872.56,2.03,1.05,7.53,-18.90,-120.90,-114.15,28.8
2026/05/04 22:06:53.01,IMU,133.30,425.78,859.38,2.46,-0.70,3.11,-21.30,-120.60,-113.55,28.9
2026/05/04 22:06:53.12,IMU,150.88,435.06,872.56,2.18,0.12,8.77,-20.85,-123.75,-114.30,28.4
2026/05/04 22:06:53.22,IMU,133.30,436.52,852.05,3.95,1.56,4.97,-19.65,-122.40,-114.45,28.7
2026/05/04 22:06:53.32,IMU,166.02,449.22,899.41,3.75,2.85,8.33,-21.15,-123.15,-114.45,28.6
2026/05/04 22:06:53.43,IMU,153.81,433.11,855.96,3.64,-1.19,10.61,-21.75,-121.95,-113.10,28.9
2026/05/04 22:06:53.53,IMU,145.02,434.08,857.42,1.97,0.25,4.27,-20.55,-123.75,-114.30,28.6
2026/05/04 22:06:53.63,IMU,143.07,443.85,918.46,2.30,3.24,5.96,-20.10,-122.55,-115.80,28.8
2026/05/04 22:06:53.74,IMU,134.28,432.62,819.34,2.08,2.44,6.52,-21.75,-122.40,-114.90,28.8
2026/05/04 22:06:53.84,IMU,144.53,473.14,957.52,2.88,3.91,7.51,-21.60,-123.00,-115.05,28.9
2026/05/04 22:06:53.94,IMU,158.20,461.91,874.02,2.91,4.15,6.34,-21.60,-124.50,-114.00,28.7
2026/05/04 22:06:54.05,IMU,134.77,413.09,838.38,2.28,3.51,7.39,-21.15,-122.70,-115.20,28.8
2026/05/04 22:06:54.15,IMU,138.18,454.59,895.51,2.05,5.44,6.35,-20.55,-124.80,-113.55,28.6
2026/05/04 22:06:54.25,IMU,162.11,459.96,924.32,0.01,5.63,7.69,-21.60,-124.05,-113.55,28.5
2026/05/04 22:06:54.35,IMU,146.97,433.59,869.14,2.51,1.35,6.69,-20.10,-123.75,-113.25,28.6
2026/05/04 22:06:54.45,IMU,129.88,411.13,781.74,1.53,4.24,5.66,-20.40,-124.65,-113.10,28.6
2026/05/04 22:06:54.55,IMU,132.32,403.32,805.18,-1.45,6.01,3.55,-19.95,-124.65,-113.85,28.9
2026/05/04 22:06:54.65,IMU,180.18,499.02,995.61,1.64,6.57,5.07,-20.10,-126.30,-112.95,28.8
2026/05/04 22:06:54.75,IMU,151.86,435.06,862.30,0.90,6.25,4.82,-21.45,-125.85,-112.65,28.8
2026/05/04 22:06:54.85,IMU,136.72,367.68,742.19,-1.49,7.23,5.82,-20.10,-124.80,-112.20,28.6
2026/05/04 22:06:54.95,IMU,133.30,412.11,816.41,1.82,7.49,5.16,-19.20,-125.40,-112.05,28.8
2026/05/04 22:06:55.05,IMU,134.28,428.22,865.72,-1.22,3.72,2.67,-18.75,-125.25,-111.75,28.8
2026/05/04 22:06:55.17,IMU,182.13,485.35,994.63,2.30,7.54,7.51,-18.45,-125.85,-112.65,28.6
2026/05/04 22:06:55.27,IMU,166.50,452.15,900.88,2.43,4.84,6.94,-18.15,-125.85,-110.85,28.7
2026/05/04 22:06:55.37,IMU,160.16,468.26,933.11,-0.21,4.38,4.56,-18.75,-126.00,-110.40,28.7
2026/05/04 22:06:55.47,IMU,133.79,415.04,800.78,0.89,4.37,6.50,-17.10,-125.40,-110.55,28.5
2026/05/04 22:06:55.57,IMU,126.46,435.06,880.86,2.54,4.37,8.29,-18.15,-127.35,-110.55,28.8
2026/05/04 22:06:55.67,IMU,146.48,433.11,863.28,-1.47,5.38,8.67,-16.80,-126.00,-110.70,28.9
2026/05/04 22:06:55.77,IMU,143.07,426.27,828.13,2.69,7.23,6.30,-17.25,-126.30,-110.70,28.9
2026/05/04 22:06:55.87,IMU,131.84,447.27,863.77,2.31,5.96,7.27,-16.35,-128.40,-109.50,28.6
2026/05/04 22:06:55.97,IMU,136.23,449.71,879.39,-1.48,5.33,12.82,-16.80,-127.95,-109.65,28.6
2026/05/04 22:06:56.07,IMU,141.11,428.22,870.61,2.03,6.06,8.92,-15.60,-127.35,-110.25,28.8
2026/05/04 22:06:56.17,IMU,136.23,436.52,837.40,2.85,7.74,4.67,-15.00,-129.75,-109.95,28.7
2026/05/04 22:06:56.29,IMU,157.23,425.78,840.82,0.23,3.76,12.99,-14.85,-129.15,-108.75,28.9
2026/05/04 22:06:56.39,IMU,144.53,436.04,868.65,2.82,3.97,9.98,-15.15,-128.85,-110.25,28.7
2026/05/04 22:06:56.50,IMU,140.14,453.13,877.44,2.48,1.36,10.38,-14.10,-127.65,-109.50,28.8
2026/05/04 22:06:56.60,IMU,133.79,407.23,838.87,-0.04,6.42,11.18,-14.10,-128.40,-109.80,28.7
2026/05/04 22:06:56.70,IMU,136.72,441.41,857.91,1.19,1.88,8.46,-14.10,-127.65,-109.05,28.6
2026/05/04 22:06:56.80,IMU,140.14,442.38,861.33,1.34,3.71,9.52,-14.70,-128.70,-108.60,28.5
2026/05/04 22:06:56.90,IMU,148.44,438.96,913.09,0.75,-1.73,9.18,-16.50,-132.45,-105.00,28.7
2026/05/04 22:06:57.00,IMU,140.14,444.34,860.84,3.31,0.33,10.08,-14.10,-128.10,-110.85,28.6
2026/05/04 22:06:57.10,IMU,157.23,460.94,868.16,-1.89,3.96,7.98,-13.95,-129.45,-109.65,28.6
2026/05/04 22:06:57.20,IMU,159.18,422.85,876.95,3.26,-1.29,8.93,-14.25,-130.20,-108.90,28.8
2026/05/04 22:06:57.30,IMU,134.28,442.87,855.47,2.75,1.08,7.99,-14.40,-129.90,-109.05,28.5
2026/05/04 22:06:57.40,IMU,149.41,430.18,862.79,-0.56,-1.92,8.69,-14.40,-129.60,-108.45,28.6
2026/05/04 22:06:57.51,IMU,148.44,445.31,887.21,4.68,-1.22,8.18,-14.10,-131.55,-109.50,28.7
2026/05/04 22:06:57.61,IMU,151.86,446.29,868.16,0.60,1.38,8.25,-13.20,-130.20,-109.35,28.7
2026/05/04 22:06:57.71,IMU,151.37,427.25,855.96,0.02,3.37,9.28,-13.05,-131.55,-108.45,28.8
2026/05/04 22:06:57.81,IMU,166.50,446.78,882.81,6.16,1.66,6.92,-14.40,-130.80,-109.50,28.6
2026/05/04 22:06:57.91,IMU,152.34,464.36,906.25,-1.37,2.99,7.31,-13.35,-129.15,-108.45,28.6
2026/05/04 22:06:58.01,IMU,152.83,426.27,848.63,4.11,4.47,9.34,-13.65,-131.10,-109.05,28.4
2026/05/04 22:06:58.11,IMU,133.30,467.77,915.53,1.05,2.34,5.11,-13.65,-129.90,-108.45,28.7
2026/05/04 22:06:58.21,IMU,132.81,431.64,868.65,-2.43,1.42,6.92,-14.10,-131.10,-108.45,28.5
2026/05/04 22:06:58.32,IMU,146.00,433.59,843.75,3.36,4.78,4.10,-13.20,-130.20,-108.15,28.6
2026/05/04 22:06:58.42,IMU,141.11,476.07,887.21,1.44,2.04,6.96,-13.20,-130.20,-109.35,28.9
2026/05/04 22:06:58.52,IMU,144.53,414.06,848.63,-0.60,4.04,5.80,-14.25,-129.00,-106.80,28.5
2026/05/04 22:06:58.63,IMU,134.77,461.91,893.55,4.21,3.39,3.66,-13.20,-130.50,-107.55,28.6
2026/05/04 22:06:58.73,IMU,149.90,455.57,922.85,-0.66,4.55,2.32,-13.05,-129.90,-108.45,28.5
2026/05/04 22:06:58.83,IMU,161.13,430.66,868.65,3.03,4.80,7.09,-12.30,-131.55,-108.00,28.6
2026/05/04 22:06:58.94,IMU,133.79,456.54,880.37,0.68,5.37,2.60,-13.35,-130.35,-107.70,28.6
2026/05/04 22:06:59.05,IMU,141.60,441.89,877.44,-1.24,3.89,4.71,-12.00,-129.45,-107.85,28.6
2026/05/04 22:06:59.15,IMU,156.74,428.71,863.77,4.40,3.44,-1.22,-12.00,-130.50,-107.85,28.7
2026/05/04 22:06:59.25,IMU,152.34,451.17,892.09,-0.95,4.92,3.33,-10.80,-131.10,-107.25,28.4
2026/05/04 22:06:59.35,IMU,160.16,433.59,887.21,0.54,1.35,-2.58,-11.85,-131.10,-107.25,28.6
2026/05/04 22:06:59.45,IMU,156.25,442.87,899.41,1.18,3.88,1.91,-10.95,-130.20,-107.10,28.7
2026/05/04 22:06:59.55,IMU,134.77,445.31,870.61,-0.63,-0.69,0.92,-9.45,-129.45,-107.10,28.4
2026/05/04 22:06:59.65,IMU,153.32,431.15,868.65,0.41,3.13,-0.98,-13.35,-131.55,-104.40,28.7
2026/05/04 22:06:59.75,IMU,155.76,458.01,885.74,3.89,-1.53,1.49,-10.05,-131.10,-105.90,28.5
2026/05/04 22:06:59.85,IMU,159.18,435.55,877.44,-0.66,7.12,2.66,-8.55,-130.80,-106.95,28.7
2026/05/04 22:06:59.95,IMU,148.44,412.60,846.19,3.07,2.42,-1.76,-10.20,-130.95,-105.30,28.8
2026/05/04 22:07:00.05,IMU,156.74,437.50,847.17,0.77,0.06,-2.80,-8.25,-129.15,-106.65,28.8
2026/05/04 22:07:00.15,IMU,149.41,421.88,830.08,-3.05,-1.01,-0.24,-8.55,-130.80,-106.20,28.7
2026/05/04 22:07:00.25,IMU,143.55,437.99,868.65,2.48,-0.74,-3.04,-9.45,-130.95,-107.55,28.7
2026/05/04 22:07:00.37,IMU,154.30,428.22,841.31,-0.87,2.00,-1.16,-8.55,-131.10,-106.95,28.7
2026/05/04 22:07:00.47,IMU,182.62,415.04,806.15,-1.73,-3.99,-2.62,-8.25,-130.35,-106.65,28.5
2026/05/04 22:07:00.57,IMU,136.23,471.19,970.21,3.35,-0.21,-4.67,-10.35,-129.15,-106.20,28.6
2026/05/04 22:07:00.67,IMU,135.25,437.99,875.49,-0.95,-2.48,-3.21,-10.35,-129.90,-104.85,28.7
2026/05/04 22:07:00.78,IMU,159.18,440.43,899.90,-0.90,1.11,-0.57,-7.65,-130.20,-107.55,28.7
2026/05/04 22:07:00.88,IMU,162.60,468.75,892.58,0.51,-0.05,-0.85,-9.90,-129.75,-106.35,28.7
2026/05/04 22:07:00.98,IMU,137.21,471.68,930.66,-2.89,-3.10,-1.53,-13.50,-133.65,-102.00,28.7
2026/05/04 22:07:01.08,IMU,160.16,427.25,875.49,1.79,-4.11,-0.91,-10.20,-129.45,-106.35,28.6
2026/05/04 22:07:01.18,IMU,137.21,463.38,903.81,-1.18,-2.50,-2.95,-9.45,-130.50,-105.30,28.7
2026/05/04 22:07:01.28,IMU,153.81,400.88,808.59,0.51,-5.98,0.17,-10.20,-129.45,-105.75,28.5
2026/05/04 22:07:01.38,IMU,170.41,457.03,864.26,0.44,-1.24,-1.24,-9.90,-129.75,-103.95,28.7
2026/05/04 22:07:01.48,IMU,118.16,408.20,825.68,-1.63,-5.47,0.77,-10.80,-129.60,-104.85,28.4
2026/05/04 22:07:01.58,IMU,125.98,427.73,894.04,-0.83,-3.32,-0.66,-10.65,-130.50,-105.75,28.7
2026/05/04 22:07:01.68,IMU,89.36,446.29,904.79,-1.74,-5.31,-0.53,-13.65,-132.30,-100.80,28.7
2026/05/04 22:07:01.78,IMU,190.43,409.18,768.55,-1.24,0.27,-1.40,-11.70,-130.20,-105.75,28.7
2026/05/04 22:07:01.88,IMU,110.35,461.91,978.03,0.37,-1.34,-1.63,-11.40,-130.20,-103.50,28.6
2026/05/04 22:07:01.98,IMU,148.44,446.29,873.05,-1.37,-4.86,-2.96,-11.70,-130.95,-105.30,28.6
2026/05/04 22:07:02.09,IMU,143.07,439.94,894.53,-2.39,-0.39,-3.76,-12.60,-130.35,-104.85,28.8
2026/05/04 22:07:02.19,IMU,162.60,440.43,854.49,0.89,-5.70,-1.77,-12.60,-130.35,-104.85,28.6
2026/05/04 22:07:02.29,IMU,138.67,427.73,853.52,-2.69,-1.44,-0.53,-12.30,-131.85,-102.90,28.4
2026/05/04 22:07:02.40,IMU,152.83,440.43,867.19,-1.20,-3.43,-3.60,-13.20,-129.75,-104.55,28.5
2026/05/04 22:07:02.50,IMU,146.97,468.75,931.15,-0.66,-3.09,-1.96,-13.35,-130.35,-103.65,28.6
2026/05/04 22:07:02.60,IMU,152.34,437.99,874.51,-0.92,-5.05,-2.41,-13.35,-130.80,-104.10,28.4
2026/05/04 22:07:02.70,IMU,166.99,428.22,849.61,-0.70,-2.30,-2.85,-15.00,-131.70,-102.45,28.6
2026/05/04 22:07:02.80,IMU,154.30,462.89,907.23,-0.80,-1.50,-0.92,-13.35,-130.80,-104.40,28.7
2026/05/04 22:07:02.90,IMU,159.18,452.15,890.14,-0.12,-0.67,-9.76,-12.75,-130.20,-104.55,28.7
2026/05/04 22:07:03.00,IMU,131.35,435.55,855.47,-0.85,0.66,-3.46,-17.55,-132.75,-99.90,28.6
2026/05/04 22:07:03.10,IMU,151.37,418.95,820.80,-1.53,2.04,-5.56,-13.95,-129.75,-105.00,28.4
2026/05/04 22:07:03.20,IMU,135.25,417.97,833.98,1.86,0.22,-5.94,-14.10,-129.15,-103.35,28.6
2026/05/04 22:07:03.30,IMU,180.66,461.91,854.49,-0.65,-0.35,-4.05,-14.70,-129.75,-103.95,28.6
2026/05/04 22:07:03.40,IMU,132.81,445.80,905.27,-1.51,1.72,-4.24,-13.50,-129.75,-104.25,28.6
2026/05/04 22:07:03.50,IMU,145.51,419.92,820.31,0.70,0.76,-5.75,-14.70,-130.50,-103.20,28.6
2026/05/04 22:07:03.60,IMU,134.28,410.16,844.24,-1.55,1.76,-3.71,-13.35,-129.15,-102.60,28.6
2026/05/04 22:07:03.72,IMU,143.07,453.61,867.19,-1.29,-0.94,-3.15,-16.65,-132.30,-98.25,28.4
2026/05/04 22:07:03.83,IMU,138.18,434.08,843.26,-2.26,-0.75,-6.82,-14.85,-129.15,-101.10,28.5
2026/05/04 22:07:03.93,IMU,142.09,437.50,911.13,-1.07,-1.72,-4.92,-12.45,-129.45,-100.95,28.4
2026/05/04 22:07:04.03,IMU,131.84,424.32,865.72,1.23,-0.62,-4.56,-13.65,-128.85,-100.80,28.6
2026/05/04 22:07:04.14,IMU,148.93,471.68,916.50,2.54,-1.39,-5.08,-14.10,-129.15,-99.00,28.7
2026/05/04 22:07:04.24,IMU,153.32,461.91,937.99,-0.02,1.80,-1.95,-12.45,-129.00,-99.60,28.6
2026/05/04 22:07:04.34,IMU,148.93,452.15,889.16,2.13,-0.56,-5.38,-12.60,-130.35,-98.70,28.4
2026/05/04 22:07:04.44,IMU,141.11,436.52,843.26,-0.88,-0.08,-3.70,-17.25,-132.00,-93.45,28.6
2026/05/04 22:07:04.54,IMU,119.14,412.60,825.68,-0.62,-1.11,-1.85,-12.60,-129.60,-97.20,28.7
2026/05/04 22:07:04.64,IMU,150.39,432.13,856.45,2.19,-1.67,-3.38,-13.20,-129.00,-99.60,28.7
2026/05/04 22:07:04.75,IMU,134.28,422.36,879.88,-0.48,-1.73,-5.41,-13.95,-133.65,-93.45,28.6
2026/05/04 22:07:04.85,IMU,159.67,460.45,930.66,0.61,-0.07,-0.08,-11.70,-129.75,-96.60,28.6
2026/05/04 22:07:04.95,IMU,104.00,443.85,917.97,-0.82,0.08,-3.99,-11.70,-129.75,-97.35,28.6
2026/05/04 22:07:05.05,IMU,124.51,427.73,860.35,-0.62,-2.94,-2.21,-12.45,-129.75,-96.60,28.6
2026/05/04 22:07:05.15,IMU,109.86,439.94,938.96,-0.15,-0.83,-1.22,-10.65,-129.75,-96.00,28.4
2026/05/04 22:07:05.25,IMU,123.05,451.17,911.62,-0.32,-4.41,1.24,-11.70,-130.95,-95.25,28.4
2026/05/04 22:07:05.35,IMU,173.83,458.50,839.84,-1.93,4.24,0.06,-11.40,-130.50,-94.20,28.5
2026/05/04 22:07:05.45,IMU,144.04,450.68,928.22,0.21,-1.76,-0.22,-11.70,-131.25,-94.80,28.6
2026/05/04 22:07:05.57,IMU,143.07,458.01,925.29,-0.58,-0.66,-3.23,-11.70,-131.25,-94.20,28.4
2026/05/04 22:07:05.67,IMU,154.79,435.55,855.96,1.89,-1.55,3.53,-10.95,-129.75,-93.45,28.7
2026/05/04 22:07:05.77,IMU,121.09,442.87,857.91,-1.95,0.24,-2.02,-15.45,-134.40,-87.30,28.7
2026/05/04 22:07:05.87,IMU,114.75,390.63,870.12,-0.76,-7.12,2.86,-16.05,-133.95,-87.60,28.6
2026/05/04 22:07:05.97,IMU,169.92,451.17,786.13,0.02,-0.58,1.48,-12.00,-132.75,-88.05,28.4
2026/05/04 22:07:06.07,IMU,144.04,421.88,801.76,-0.13,-0.55,2.05,-12.75,-132.45,-86.25,28.5
2026/05/04 22:07:06.17,IMU,194.82,435.06,816.41,-0.69,-1.31,1.42,-13.35,-133.80,-83.85,28.5
2026/05/04 22:07:06.28,IMU,148.93,458.50,899.90,1.38,-2.73,3.28,-13.65,-134.10,-82.80,28.6
2026/05/04 22:07:06.38,IMU,168.95,474.12,950.68,0.16,-1.85,0.12,-13.20,-133.95,-80.85,28.4
2026/05/04 22:07:06.48,IMU,141.11,443.85,877.93,0.60,1.66,2.70,-14.25,-134.70,-80.85,28.4
2026/05/04 22:07:06.58,IMU,154.30,453.61,903.32,1.50,-1.95,2.25,-17.55,-135.90,-80.85,28.6
2026/05/04 22:07:06.68,IMU,138.18,435.55,875.49,0.37,-0.69,0.46,-17.10,-137.25,-81.30,28.5
2026/05/04 22:07:06.79,IMU,144.53,430.66,855.96,2.54,-1.60,1.49,-16.80,-135.45,-81.45,28.6
2026/05/04 22:07:06.89,IMU,130.86,402.34,805.18,2.30,-1.78,2.98,-18.30,-135.15,-80.85,28.7
2026/05/04 22:07:07.00,IMU,142.58,397.95,803.22,-0.70,-2.19,-1.02,-20.55,-134.70,-81.15,28.4
2026/05/04 22:07:07.10,IMU,154.30,462.89,914.06,1.15,3.82,2.63,-21.30,-136.95,-78.90,28.8
2026/05/04 22:07:07.20,IMU,155.27,443.36,888.18,-0.28,-0.02,1.30,-21.45,-138.30,-79.80,28.5
2026/05/04 22:07:07.30,IMU,139.65,430.18,859.38,0.41,1.37,-1.29,-24.45,-138.75,-74.85,28.6
2026/05/04 22:07:07.40,IMU,134.77,431.15,870.61,0.27,-2.40,3.77,-21.60,-138.45,-77.85,28.6
2026/05/04 22:07:07.50,IMU,145.51,423.83,834.96,1.72,5.10,2.13,-21.15,-137.55,-76.65,28.6
2026/05/04 22:07:07.60,IMU,128.42,425.78,877.44,2.14,0.68,-1.01,-22.35,-139.20,-74.25,28.4
2026/05/04 22:07:07.71,IMU,172.36,449.22,905.27,0.70,1.56,0.65,-23.55,-140.10,-72.15,28.6
2026/05/04 22:07:07.81,IMU,151.86,462.89,939.94,2.04,1.68,-1.34,-25.65,-143.85,-66.75,28.5
2026/05/04 22:07:07.91,IMU,158.69,456.05,918.46,-0.12,0.98,4.60,-24.15,-140.40,-70.35,28.5
2026/05/04 22:07:08.01,IMU,147.95,430.18,852.05,1.81,2.92,1.99,-23.25,-140.55,-66.15,28.6
2026/05/04 22:07:08.13,IMU,134.28,426.27,835.94,-0.29,1.79,2.60,-22.50,-142.05,-64.35,28.6
2026/05/04 22:07:08.23,IMU,146.97,421.88,826.17,1.02,2.97,-1.04,-22.05,-138.90,-60.90,28.6
2026/05/04 22:07:08.33,IMU,151.86,455.08,875.49,1.58,1.88,-0.14,-22.35,-141.60,-57.00,28.6
2026/05/04 22:07:08.44,IMU,137.21,463.87,911.13,0.19,4.70,0.85,-19.65,-142.05,-53.10,28.4
2026/05/04 22:07:08.54,IMU,146.48,451.17,920.41,2.98,0.35,-1.93,-19.65,-141.30,-49.95,28.6
2026/05/04 22:07:08.64,IMU,143.55,452.15,885.74,1.97,2.35,1.17,-19.50,-140.10,-47.55,28.6
2026/05/04 22:07:08.76,IMU,145.02,435.55,855.47,2.22,0.99,0.31,-17.40,-140.55,-44.10,28.5
2026/05/04 22:07:08.86,IMU,147.95,429.20,850.59,-0.02,1.85,1.82,-15.15,-139.80,-43.05,28.5
2026/05/04 22:07:08.96,IMU,137.21,452.64,879.39,0.02,1.71,0.24,-13.50,-140.10,-41.40,28.7
2026/05/04 22:07:09.06,IMU,193.85,266.60,786.62,-31.05,17.18,32.66,-10.80,-142.50,-42.30,28.6
2026/05/04 22:07:09.16,IMU,211.91,207.52,857.42,4.62,41.44,37.11,-8.40,-141.60,-42.45,28.5
2026/05/04 22:07:09.26,IMU,249.02,528.32,892.09,12.65,33.36,63.53,-0.60,-140.10,-42.15,28.7
2026/05/04 22:07:09.36,IMU,72.27,312.99,915.53,-4.70,6.45,47.51,1.80,-139.20,-42.90,28.4
2026/05/04 22:07:09.46,IMU,147.95,214.36,766.60,-2.67,3.08,3.69,3.45,-139.50,-40.50,28.7
2026/05/04 22:07:09.59,IMU,196.78,340.82,911.13,-2.11,-0.04,3.81,3.90,-139.65,-41.85,28.6
2026/05/04 22:07:09.69,IMU,166.99,364.75,891.11,0.36,1.73,1.19,3.60,-139.20,-42.90,28.7
2026/05/04 22:07:09.79,IMU,129.39,371.09,907.71,2.04,0.60,-3.47,3.45,-139.05,-41.55,28.4
2026/05/04 22:07:09.89,IMU,132.81,396.00,892.09,-1.34,2.00,-1.38,2.85,-138.15,-42.45,28.7
2026/05/04 22:07:09.99,IMU,147.95,380.37,899.41,1.47,-1.00,1.31,3.60,-140.40,-41.85,28.6
2026/05/04 22:07:10.09,IMU,148.44,388.67,900.39,1.60,2.38,-2.47,5.70,-139.50,-42.75,28.5
2026/05/04 22:07:10.19,IMU,145.02,386.72,898.44,0.05,-0.73,-2.58,1.80,-141.15,-39.60,28.7
2026/05/04 22:07:10.29,IMU,152.34,384.77,904.79,2.51,1.27,1.39,5.25,-139.05,-42.00,28.6
2026/05/04 22:07:10.39,IMU,141.11,391.60,893.07,0.22,-1.93,1.82,3.30,-139.20,-42.15,28.6
2026/05/04 22:07:10.49,IMU,143.07,389.65,901.37,-0.15,2.00,3.21,3.60,-138.90,-43.20,28.6
2026/05/04 22:07:10.60,IMU,146.48,385.74,903.81,-1.15,0.25,-0.82,4.20,-138.75,-42.30,28.6
2026/05/04 22:07:10.70,IMU,146.00,380.37,887.21,1.69,0.76,0.28,2.70,-138.00,-41.55,28.7
2026/05/04 22:07:10.80,IMU,150.88,372.07,894.53,0.99,-2.37,-1.27,4.65,-138.90,-42.90,28.7
2026/05/04 22:07:10.90,IMU,139.65,388.67,897.46,-1.56,-1.00,2.94,1.35,-140.10,-39.30,28.6
2026/05/04 22:07:11.00,IMU,132.81,386.23,896.97,1.08,1.14,-0.05,3.75,-139.05,-43.05,28.4
2026/05/04 22:07:11.10,IMU,142.58,379.88,895.51,-0.02,-1.46,-0.92,4.20,-140.55,-42.75,28.4
2026/05/04 22:07:11.20,IMU,144.04,383.30,899.41,0.27,-0.67,0.40,3.00,-139.05,-41.25,28.4
2026/05/04 22:07:11.30,IMU,146.97,364.26,886.72,1.98,1.60,0.98,4.20,-139.05,-41.25,28.6
2026/05/04 22:07:11.40,IMU,138.67,383.30,899.41,-0.89,-1.77,2.77,3.90,-139.20,-43.20,28.7
2026/05/04 22:07:11.50,IMU,153.32,371.09,886.23,-0.67,0.20,-1.02,4.65,-138.15,-41.85,28.2
2026/05/04 22:07:11.61,IMU,129.88,382.32,897.95,-2.63,-1.17,2.64,4.35,-140.10,-42.90,28.7
2026/05/04 22:07:11.71,IMU,135.74,366.70,896.00,0.26,-0.03,-3.35,3.90,-140.10,-41.40,28.6
2026/05/04 22:07:11.81,IMU,138.67,386.23,902.83,0.14,-0.74,-3.12,4.20,-140.25,-42.75,28.7
2026/05/04 22:07:11.92,IMU,152.34,374.51,914.06,-0.56,0.90,1.37,-0.15,-141.30,-37.65,28.7
2026/05/04 22:07:12.01,IMU,149.90,386.23,894.53,1.95,-0.55,0.09,4.50,-138.75,-42.30,28.6
2026/05/04 22:07:12.12,IMU,144.04,383.79,894.04,-2.81,2.37,-0.37,4.95,-138.75,-42.30,28.6
2026/05/04 22:07:12.22,IMU,146.00,380.86,900.88,0.65,2.16,-0.82,3.45,-139.80,-41.25,28.8
2026/05/04 22:07:12.32,IMU,141.60,395.51,882.81,0.52,0.33,0.17,3.45,-139.80,-42.30,28.4
2026/05/04 22:07:12.42,IMU,136.72,377.93,896.48,0.89,-0.44,-1.43,4.50,-139.05,-43.80,28.7
2026/05/04 22:07:12.53,IMU,129.88,380.86,903.81,0.52,2.55,1.36,4.20,-140.55,-42.30,28.7
2026/05/04 22:07:12.63,IMU,147.46,389.16,895.02,-1.61,-1.46,-2.04,3.60,-140.85,-42.15,28.4
2026/05/04 22:07:12.73,IMU,133.79,375.00,896.48,1.02,0.55,0.94,3.75,-140.55,-41.55,28.6
2026/05/04 22:07:12.83,IMU,157.23,374.02,904.30,-0.63,2.42,-1.15,3.90,-141.15,-41.10,28.6
2026/05/04 22:07:12.94,IMU,140.14,391.60,893.55,-1.39,0.95,-3.62,0.90,-141.00,-37.65,28.3
2026/05/04 22:07:13.04,IMU,146.48,382.32,898.44,-0.94,0.80,-1.83,5.25,-139.50,-42.30,28.4
2026/05/04 22:07:13.14,IMU,141.60,379.88,903.32,-0.32,1.47,-1.60,3.30,-138.45,-41.40,28.5
2026/05/04 22:07:13.24,IMU,146.00,386.23,901.37,-0.19,1.73,-1.74,4.20,-140.25,-43.80,28.4
2026/05/04 22:07:13.34,IMU,159.67,377.44,899.41,0.51,-0.30,-1.49,4.65,-140.10,-40.35,28.6
2026/05/04 22:07:13.44,IMU,143.07,390.14,889.65,-0.44,3.92,0.24,3.75,-140.25,-42.75,28.4
2026/05/04 22:07:13.54,IMU,144.53,378.42,907.71,0.16,0.56,-1.41,4.50,-140.25,-41.55,28.6
2026/05/04 22:07:13.64,IMU,146.48,379.39,894.04,-1.49,1.73,3.61,3.45,-139.80,-42.00,28.7
2026/05/04 22:07:13.74,IMU,150.88,396.97,904.79,0.60,-0.79,-1.00,3.60,-140.10,-43.65,28.6
2026/05/04 22:07:13.84,IMU,152.83,382.32,892.58,-0.23,0.89,2.07,4.95,-138.30,-40.95,28.6
2026/05/04 22:07:13.96,IMU,146.00,388.18,887.21,1.71,0.67,1.18,0.30,-141.60,-38.25,28.6
2026/05/04 22:07:14.06,IMU,153.32,385.74,904.79,0.40,1.25,0.53,4.20,-139.50,-42.75,28.7
2026/05/04 22:07:14.16,IMU,138.18,387.21,907.71,0.33,0.63,-1.77,5.40,-138.90,-42.90,28.6
2026/05/04 22:07:14.27,IMU,146.00,392.58,908.69,0.95,-0.13,-2.93,4.95,-138.75,-42.30,28.4
2026/05/04 22:07:14.37,IMU,144.53,387.21,897.46,1.57,-0.28,0.50,4.50,-139.50,-41.25,28.6
2026/05/04 22:07:14.47,IMU,138.67,385.74,890.14,0.64,0.20,2.38,3.90,-138.90,-42.45,28.7
2026/05/04 22:07:14.57,IMU,152.83,382.32,896.00,0.02,-1.00,-1.63,3.60,-138.15,-42.45,28.6
2026/05/04 22:07:14.67,IMU,155.27,380.37,901.37,0.05,-1.69,1.66,4.20,-139.05,-43.35,28.6
2026/05/04 22:07:14.77,IMU,143.07,390.14,902.34,0.48,-0.47,-0.95,4.95,-139.05,-41.55,28.7
2026/05/04 22:07:14.87,IMU,149.41,377.44,892.58,0.05,-0.36,-1.17,4.65,-138.90,-42.15,28.6
2026/05/04 22:07:14.98,IMU,158.69,378.91,895.02,1.18,0.46,-1.05,0.60,-142.65,-35.70,28.6
2026/05/04 22:07:15.08,IMU,134.77,403.32,897.46,-0.25,-0.32,2.87,2.25,-138.75,-42.30,28.6
2026/05/04 22:07:15.18,IMU,143.07,373.05,907.23,0.07,2.14,1.38,3.00,-139.80,-41.55,28.8
2026/05/04 22:07:15.28,IMU,154.30,383.79,890.14,2.08,1.24,1.85,3.75,-138.30,-41.55,28.6
2026/05/04 22:07:15.38,IMU,152.83,378.42,909.18,-1.16,0.45,-1.52,4.20,-139.05,-42.75,28.7
2026/05/04 22:07:15.49,IMU,134.28,382.32,900.88,-0.28,-0.19,-1.73,3.75,-140.55,-42.75,28.6
2026/05/04 22:07:15.59,IMU,149.90,384.28,890.63,0.50,-0.75,2.03,4.65,-138.90,-42.45,28.6
2026/05/04 22:07:15.70,IMU,146.48,387.70,893.55,0.42,4.52,0.87,3.90,-139.65,-43.20,28.7
2026/05/04 22:07:15.80,IMU,163.57,376.95,887.21,0.52,-0.56,-0.02,3.30,-140.10,-43.65,28.6
2026/05/04 22:07:15.91,IMU,143.07,383.30,895.02,-1.24,-0.77,-0.11,4.50,-139.05,-42.30,28.6
2026/05/04 22:07:16.02,IMU,145.02,390.63,890.63,-0.74,0.40,0.86,-1.20,-139.80,-38.40,28.6
2026/05/04 22:07:16.12,IMU,151.86,385.25,901.86,1.60,0.64,0.06,3.75,-138.75,-42.30,28.4
2026/05/04 22:07:16.22,IMU,140.63,373.05,894.04,-0.05,-0.92,0.43,4.65,-138.90,-42.90,28.4
2026/05/04 22:07:16.32,IMU,147.95,386.23,896.00,-0.21,1.52,2.61,3.90,-139.20,-43.20,28.7
2026/05/04 22:07:16.42,IMU,140.14,377.93,903.32,0.06,1.95,2.57,4.50,-139.80,-43.35,28.7
2026/05/04 22:07:16.52,IMU,150.39,382.81,897.46,1.55,0.53,2.63,4.35,-138.15,-41.10,28.7
2026/05/04 22:07:16.63,IMU,150.88,380.86,896.00,-0.08,-0.23,-0.55,0.90,-141.30,-39.75,28.6
2026/05/04 22:07:16.73,IMU,164.06,380.37,900.39,-0.25,1.78,0.37,5.10,-139.20,-41.10,28.6
2026/05/04 22:07:16.83,IMU,144.53,388.67,888.67,1.82,-2.47,3.05,3.60,-136.65,-43.65,28.6
2026/05/04 22:07:16.93,IMU,147.46,376.46,891.60,-0.45,-1.47,-1.75,3.90,-138.90,-42.15,28.4
2026/05/04 22:07:17.03,IMU,140.14,380.37,897.46,1.05,-0.31,-3.17,3.45,-138.00,-41.25,28.5
2026/05/04 22:07:17.17,IMU,141.60,377.44,911.62,1.35,3.13,-1.34,3.90,-139.65,-42.15,28.7
2026/05/04 22:07:17.27,IMU,146.97,389.16,900.39,-0.21,-0.05,0.69,4.35,-138.15,-41.85,28.6
2026/05/04 22:07:17.37,IMU,142.58,382.81,907.71,1.98,-1.44,0.06,3.75,-138.75,-43.05,28.7
2026/05/04 22:07:17.47,IMU,134.77,394.53,904.30,-0.02,-0.79,-0.37,4.35,-138.15,-42.15,28.5
2026/05/04 22:07:17.57,IMU,162.60,385.74,903.32,-1.24,0.25,1.73,4.95,-138.00,-43.05,28.4
2026/05/04 22:07:17.67,IMU,147.95,379.39,888.18,0.37,1.80,-1.35,5.10,-139.20,-42.15,28.7
2026/05/04 22:07:17.77,IMU,140.14,380.86,903.32,-0.98,1.53,-2.27,4.20,-139.50,-42.30,28.7
2026/05/04 22:07:17.87,IMU,156.25,381.84,915.53,0.97,2.29,-1.77,3.90,-138.15,-42.15,28.6
2026/05/04 22:07:17.97,IMU,142.58,387.70,903.32,-0.45,-1.98,-2.48,3.90,-139.20,-41.85,28.4
2026/05/04 22:07:18.08,IMU,143.55,385.74,892.58,0.76,-1.63,-1.18,-0.60,-140.40,-37.50,28.5
2026/05/04 22:07:18.18,IMU,150.88,382.32,906.25,-0.32,-0.44,-0.37,3.75,-139.05,-41.55,28.7
2026/05/04 22:07:18.28,IMU,141.60,383.79,911.13,-0.15,0.54,-0.31,3.60,-139.65,-42.15,28.6
2026/05/04 22:07:18.38,IMU,146.48,379.39,909.67,-0.79,0.91,2.69,4.35,-139.20,-41.40,28.7
2026/05/04 22:07:18.48,IMU,145.51,384.77,902.34,2.79,2.18,-2.24,4.65,-138.45,-42.15,28.4
2026/05/04 22:07:18.60,IMU,148.44,386.23,893.55,-0.22,1.31,-1.66,3.45,-139.05,-42.00,28.7
2026/05/04 22:07:18.70,IMU,160.64,395.51,914.06,-0.52,-3.24,0.45,3.90,-138.45,-42.15,28.6
2026/05/04 22:07:18.80,IMU,146.48,374.51,895.02,0.73,0.71,0.62,4.20,-139.50,-42.30,28.6
2026/05/04 22:07:18.90,IMU,142.09,375.98,893.07,1.48,1.24,4.04,1.65,-141.00,-39.45,28.8
2026/05/04 22:07:19.00,IMU,146.00,391.11,902.34,1.76,-2.55,-0.54,3.75,-138.75,-42.00,28.5
2026/05/04 22:07:19.10,IMU,135.74,379.88,900.88,-0.52,-0.43,-3.36,2.25,-141.00,-38.70,28.7
2026/05/04 22:07:19.20,IMU,135.74,378.91,895.51,0.60,2.28,-0.08,4.50,-138.75,-41.55,28.8
2026/05/04 22:07:19.30,IMU,137.70,376.46,902.34,1.51,0.15,2.06,4.20,-139.05,-42.00,28.7
2026/05/04 22:07:19.40,IMU,159.67,381.35,891.11,0.14,-0.50,0.24,4.35,-139.20,-42.90,28.6
2026/05/04 22:07:19.51,IMU,144.04,379.88,904.79,-0.96,1.65,-2.40,3.60,-140.10,-42.45,28.7
2026/05/04 22:07:19.61,IMU,139.65,389.65,900.88,-2.06,-1.60,-2.26,3.45,-138.30,-43.35,28.7
2026/05/04 22:07:19.71,IMU,138.67,388.67,911.13,0.44,0.44,1.72,4.65,-139.20,-41.10,28.5
2026/05/04 22:07:19.81,IMU,138.18,384.77,896.97,-1.32,-0.38,2.09,4.20,-139.80,-41.55,28.6
2026/05/04 22:07:19.91,IMU,128.91,378.91,888.67,0.27,0.67,1.85,4.50,-140.55,-44.55,28.6
2026/05/04 22:07:20.01,IMU,141.60,383.30,899.41,0.33,-0.02,1.35,3.90,-139.20,-42.90,28.6
2026/05/04 22:07:20.12,IMU,250.98,324.71,924.32,5.15,1.66,-4.31,0.90,-141.75,-37.95,28.7
2026/05/04 22:07:20.22,IMU,95.70,725.10,1171.39,16.59,-3.70,-56.79,4.50,-138.30,-45.60,28.6
2026/05/04 22:07:20.35,IMU,321.78,479.49,1050.78,-29.90,-52.21,-35.89,-9.45,-139.65,-49.80,28.9
2026/05/04 22:07:20.45,IMU,323.73,624.02,1066.89,25.65,-61.98,-41.75,-13.20,-132.75,-62.70,28.7
2026/05/04 22:07:20.55,IMU,209.47,675.29,1130.37,9.76,-10.05,-43.95,-17.10,-127.35,-78.75,28.7
2026/05/04 22:07:20.65,IMU,167.48,472.66,981.93,-10.42,-34.98,-31.15,-18.30,-126.00,-93.00,28.6
2026/05/04 22:07:20.75,IMU,142.58,369.63,750.98,-7.73,-57.97,-63.77,-19.05,-125.25,-101.70,28.7
2026/05/04 22:07:20.85,IMU,50.78,419.43,708.50,-8.85,-46.08,-117.92,-22.80,-122.55,-106.35,28.8
2026/05/04 22:07:20.95,IMU,199.71,510.25,776.37,-61.49,-68.89,-98.09,-23.85,-119.10,-109.95,28.7
2026/05/04 22:07:21.05,IMU,351.56,403.81,925.78,-42.39,-67.83,-77.40,-26.10,-120.30,-117.60,28.7
2026/05/04 22:07:21.18,IMU,121.58,458.98,801.76,-29.31,-7.57,-87.44,-24.90,-117.60,-119.70,28.6
2026/05/04 22:07:21.28,IMU,151.37,353.03,745.12,-50.18,-22.17,-36.55,-24.00,-115.20,-121.05,28.6
2026/05/04 22:07:21.38,IMU,345.70,244.63,678.71,23.49,94.05,-45.98,-25.80,-114.00,-114.90,28.8
2026/05/04 22:07:21.48,IMU,87.89,480.47,586.43,16.26,-30.98,-63.53,-19.05,-110.40,-116.10,28.6
2026/05/04 22:07:21.58,IMU,146.48,493.16,768.07,-24.05,-70.23,-103.39,-19.20,-104.55,-117.75,28.6
2026/05/04 22:07:21.68,IMU,102.54,479.00,769.04,-62.41,-124.18,-160.15,-17.55,-105.90,-121.95,28.7
2026/05/04 22:07:21.78,IMU,287.11,375.49,882.81,2.63,-98.68,-113.47,-19.80,-103.65,-122.25,28.4
2026/05/04 22:07:21.88,IMU,348.63,571.78,824.22,15.69,-22.10,-29.82,-15.15,-97.65,-130.35,28.8
2026/05/04 22:07:21.98,IMU,241.21,365.72,811.04,10.63,31.94,-17.66,-15.75,-97.20,-129.45,28.4
2026/05/04 22:07:22.09,IMU,144.04,528.32,825.20,0.45,26.02,-21.27,-13.05,-96.15,-129.75,28.6
2026/05/04 22:07:22.19,IMU,207.03,433.11,827.64,-25.60,-17.84,32.00,-13.95,-98.25,-127.65,28.6
2026/05/04 22:07:22.29,IMU,83.98,397.95,880.37,-5.55,20.05,19.73,-14.85,-100.35,-126.45,28.7
2026/05/04 22:07:22.39,IMU,114.75,400.39,869.63,-13.50,11.44,30.80,-12.00,-100.50,-124.50,28.7
2026/05/04 22:07:22.49,IMU,75.68,384.77,945.31,10.72,12.22,7.73,-15.00,-100.50,-123.75,28.6
2026/05/04 22:07:22.59,IMU,125.49,515.14,886.23,-1.64,5.05,-5.26,-18.15,-99.90,-114.45,28.7
2026/05/04 22:07:22.69,IMU,127.44,508.30,826.17,67.56,-1.31,-1.90,-16.35,-104.85,-126.75,28.8
2026/05/04 22:07:22.79,IMU,200.68,346.19,869.14,-20.10,-12.17,3.55,-16.35,-105.30,-132.15,28.7
2026/05/04 22:07:22.90,IMU,69.34,469.73,878.42,4.79,25.81,23.33,-25.50,-94.65,-104.10,28.7
2026/05/04 22:07:23.00,IMU,175.29,428.22,833.01,-6.28,5.40,22.72,-33.00,-72.90,-64.20,28.6
2026/05/04 22:07:23.10,IMU,62.01,423.83,920.90,-3.15,-8.18,20.50,-38.55,-46.20,-35.25,28.7
2026/05/04 22:07:23.21,IMU,153.32,336.43,878.42,-1.07,-4.09,6.37,-36.75,-52.65,-35.70,28.6
2026/05/04 22:07:23.31,IMU,170.90,391.11,900.39,-6.40,-6.79,-9.28,-36.90,-58.95,-37.65,28.7
2026/05/04 22:07:23.41,IMU,216.31,399.41,874.02,51.53,13.24,-8.02,-36.00,-46.20,-30.60,28.8
2026/05/04 22:07:23.53,IMU,205.08,619.14,803.71,16.72,21.34,27.97,-35.85,-38.10,-36.15,28.7
2026/05/04 22:07:23.63,IMU,261.72,544.92,789.06,-10.96,25.20,39.96,-46.80,-29.40,-35.55,28.5
2026/05/04 22:07:23.73,IMU,84.96,405.27,899.41,-5.19,18.57,16.15,-47.10,-20.10,-51.60,28.7
2026/05/04 22:07:23.83,IMU,144.04,376.46,869.63,11.05,-13.95,-6.06,-49.95,-10.20,-64.20,28.8
2026/05/04 22:07:23.93,IMU,94.73,459.47,821.78,-3.31,-14.77,-18.05,-36.90,16.05,-66.90,28.8
2026/05/04 22:07:24.03,IMU,153.32,412.60,847.17,-6.79,-28.47,2.34,-33.90,38.40,-37.65,28.9
2026/05/04 22:07:24.13,IMU,178.22,527.34,879.39,16.38,-5.05,-29.23,-34.20,45.90,-16.50,28.7
2026/05/04 22:07:24.23,IMU,85.94,567.87,984.86,0.91,4.00,-1.95,-32.70,50.10,-7.80,28.6
2026/05/04 22:07:24.33,IMU,100.10,361.33,880.37,9.31,15.75,14.33,-35.25,51.60,3.60,28.8
2026/05/04 22:07:24.43,IMU,168.95,519.04,852.05,0.83,23.06,14.94,-37.80,50.40,8.25,28.6
2026/05/04 22:07:24.53,IMU,173.34,453.61,834.96,2.22,18.82,9.91,-37.95,50.25,12.00,28.6
2026/05/04 22:07:24.63,IMU,115.23,506.35,860.35,-2.97,3.20,25.60,-38.70,50.55,15.60,28.9
2026/05/04 22:07:24.73,IMU,175.29,433.59,850.59,-5.37,10.45,38.00,-41.10,48.15,18.30,28.8
2026/05/04 22:07:24.83,IMU,104.49,547.36,953.61,5.50,15.02,48.57,-43.20,47.25,19.65,28.8
2026/05/04 22:07:24.96,IMU,226.56,443.85,839.84,-5.42,32.42,25.17,-44.85,45.15,21.15,28.7
2026/05/04 22:07:25.06,IMU,-140.63,304.20,1010.74,28.12,66.37,6.67,-44.40,43.95,23.70,28.7
2026/05/04 22:07:25.16,IMU,306.64,639.65,828.61,37.98,19.55,38.28,-41.25,44.85,24.00,28.8
2026/05/04 22:07:25.26,IMU,56.64,474.12,1031.74,-0.73,36.91,17.66,-41.10,43.95,24.90,28.7
2026/05/04 22:07:25.36,IMU,-52.73,490.72,1013.67,-22.24,-14.36,-22.53,-42.75,44.55,23.25,28.7
2026/05/04 22:07:25.46,IMU,-138.67,416.02,878.91,-10.26,-9.31,-15.55,-40.20,47.25,17.40,28.7
2026/05/04 22:07:25.56,IMU,11.72,561.04,741.21,-5.08,1.88,62.82,-39.15,47.55,4.50,28.7
2026/05/04 22:07:25.66,IMU,149.90,-26.37,861.33,-84.18,-29.43,39.64,-44.25,43.80,-9.45,28.8
2026/05/04 22:07:25.76,IMU,279.79,282.71,734.86,111.03,1.45,-1.68,-51.00,25.05,-33.90,28.6
2026/05/04 22:07:25.86,IMU,214.36,225.59,790.04,7.33,4.21,108.79,-54.75,2.55,-35.70,28.9
2026/05/04 22:07:25.96,IMU,103.52,434.08,851.07,47.67,39.77,61.30,-49.20,-8.25,-23.10,29.0
2026/05/04 22:07:26.06,IMU,-213.87,621.58,849.61,-46.89,25.00,2.34,-41.55,-29.85,-16.95,28.7
2026/05/04 22:07:26.16,IMU,217.29,354.00,957.03,31.89,13.76,-20.14,-34.95,-41.70,-29.10,28.8
2026/05/04 22:07:26.26,IMU,97.17,607.42,857.91,18.02,31.61,27.12,-37.05,-70.20,-26.70,28.8
2026/05/04 22:07:26.39,IMU,173.34,396.48,856.93,0.27,16.32,-11.98,-33.30,-75.30,-37.35,28.8
2026/05/04 22:07:26.49,IMU,206.05,483.40,903.81,-6.86,33.82,37.17,-35.40,-84.45,-42.75,29.1
2026/05/04 22:07:26.59,IMU,87.40,464.84,896.97,-11.58,10.31,28.59,-38.55,-99.00,-48.00,28.6
2026/05/04 22:07:26.69,IMU,101.56,428.71,888.67,-5.40,-10.31,-20.32,-41.10,-99.45,-47.25,28.6
2026/05/04 22:07:26.79,IMU,176.76,419.43,875.00,-14.87,-12.62,7.61,-41.25,-99.90,-49.20,28.9
2026/05/04 22:07:26.89,IMU,219.73,337.40,910.16,26.67,23.40,13.00,-43.35,-100.50,-48.60,28.9
2026/05/04 22:07:26.99,IMU,7.32,553.71,897.95,-11.79,-5.69,1.50,-47.55,-104.85,-40.95,28.7
2026/05/04 22:07:27.09,IMU,216.31,333.50,891.11,-30.02,14.08,-41.47,-41.70,-114.00,-54.90,28.8
2026/05/04 22:07:27.19,IMU,109.37,430.18,853.52,12.30,10.09,21.69,-39.90,-107.55,-42.30,28.8
2026/05/04 22:07:27.30,IMU,155.27,377.93,864.26,-4.66,3.21,19.37,-45.75,-84.45,-10.95,28.7
2026/05/04 22:07:27.40,IMU,178.22,292.97,939.45,5.10,7.50,-12.29,-49.65,-72.45,1.35,28.7
2026/05/04 22:07:27.52,IMU,139.16,530.27,918.95,-11.92,20.08,32.97,-49.20,-53.40,16.95,28.6
2026/05/04 22:07:27.62,IMU,157.23,341.80,882.32,6.45,-3.66,0.91,-48.30,-50.25,19.65,28.8
2026/05/04 22:07:27.72,IMU,129.39,416.99,923.34,5.10,-2.25,-7.06,-48.30,-41.85,20.70,28.8
2026/05/04 22:07:27.83,IMU,131.84,361.82,889.16,9.05,-8.21,10.54,-48.00,-39.60,17.10,28.6
2026/05/04 22:07:27.93,IMU,131.35,428.22,881.35,19.12,5.91,7.68,-48.75,-41.10,14.55,28.8
2026/05/04 22:07:28.03,IMU,81.05,466.80,839.36,25.61,5.31,10.59,-47.40,-37.50,11.55,28.7
2026/05/04 22:07:28.14,IMU,127.93,475.10,876.46,13.69,4.56,20.63,-47.55,-19.80,9.15,29.0
2026/05/04 22:07:28.24,IMU,192.38,453.61,849.61,-0.98,1.98,2.38,-45.00,-18.00,10.95,28.8
2026/05/04 22:07:28.34,IMU,153.81,557.13,911.62,15.24,7.08,22.00,-44.10,-2.25,19.05,28.7
2026/05/04 22:07:28.44,IMU,128.91,394.53,833.98,-10.22,16.94,27.15,-44.25,0.45,22.05,28.8
2026/05/04 22:07:28.54,IMU,155.76,460.45,862.30,-19.92,-10.26,23.02,-45.00,1.65,27.90,28.8
2026/05/04 22:07:28.64,IMU,191.89,387.70,844.73,2.76,-13.02,26.36,-45.00,5.10,30.00,28.8
2026/05/04 22:07:28.74,IMU,124.51,474.61,945.31,12.18,32.40,24.50,-44.10,9.00,34.20,29.0
2026/05/04 22:07:28.84,IMU,188.48,459.96,860.84,17.49,30.14,36.37,-42.00,12.30,35.85,28.9
2026/05/04 22:07:28.94,IMU,188.96,453.61,841.80,23.68,29.27,36.15,-40.05,15.45,38.25,28.6
2026/05/04 22:07:29.04,IMU,220.21,419.43,866.70,12.98,12.48,29.53,-39.45,16.50,40.95,28.9
2026/05/04 22:07:29.14,IMU,184.08,464.36,905.27,-1.71,0.84,1.35,-37.80,16.65,42.90,28.7
2026/05/04 22:07:29.24,IMU,194.34,473.14,852.54,-38.60,-21.28,-24.69,-37.65,16.05,40.50,28.8
2026/05/04 22:07:29.34,IMU,202.15,407.23,830.08,-16.68,-29.63,-44.98,-39.60,15.90,41.40,28.8
2026/05/04 22:07:29.44,IMU,200.20,323.73,788.09,-20.01,-44.69,-53.31,-41.70,16.50,38.40,28.6
2026/05/04 22:07:29.56,IMU,242.19,351.56,891.60,8.27,-23.01,-67.67,-45.30,18.75,35.85,28.9
2026/05/04 22:07:29.66,IMU,213.87,470.70,858.40,4.83,1.66,-10.31,-45.30,24.00,34.35,28.7
2026/05/04 22:07:29.76,IMU,196.78,410.16,879.39,9.69,-13.15,-26.97,-47.10,23.10,33.15,28.8
2026/05/04 22:07:29.86,IMU,204.10,507.32,820.31,-14.58,-14.73,-45.31,-46.50,25.95,30.45,29.0
2026/05/04 22:07:29.96,IMU,242.68,381.35,803.71,-5.20,-3.60,-27.48,-47.10,27.30,31.35,28.6
2026/05/04 22:07:30.06,IMU,177.73,466.31,888.67,14.85,20.40,10.41,-46.05,28.95,30.45,28.7
2026/05/04 22:07:30.17,IMU,235.84,417.97,856.93,11.64,21.46,30.42,-49.05,26.70,35.85,29.0
2026/05/04 22:07:30.27,IMU,163.09,389.65,842.77,38.62,19.03,-17.62,-45.30,26.70,32.55,29.0
2026/05/04 22:07:30.37,IMU,189.45,509.28,822.75,7.25,-9.18,-18.98,-45.30,29.70,31.20,28.9
2026/05/04 22:07:30.47,IMU,201.17,338.38,813.96,9.42,-27.47,-23.43,-44.40,29.85,32.40,28.6
2026/05/04 22:07:30.57,IMU,202.64,464.84,775.88,-23.90,-23.87,-9.76,-44.40,30.30,30.30,28.8
2026/05/04 22:07:30.69,IMU,284.18,489.75,813.96,-31.65,-17.34,-3.05,-47.25,29.70,29.70,28.5
2026/05/04 22:07:30.79,IMU,275.39,335.45,826.66,10.18,1.19,-6.76,-46.50,29.40,30.00,28.6
2026/05/04 22:07:30.89,IMU,251.95,454.59,843.75,-26.75,7.52,38.51,-46.35,29.55,30.60,28.8
2026/05/04 22:07:31.00,IMU,254.88,463.38,832.03,-1.76,-7.54,36.82,-46.65,27.30,29.85,28.7
2026/05/04 22:07:31.10,IMU,325.20,389.16,871.09,-3.82,-6.89,28.37,-47.10,25.05,28.50,28.8
2026/05/04 22:07:31.20,IMU,299.80,437.01,844.24,3.25,24.09,47.77,-46.50,24.00,29.70,28.7
2026/05/04 22:07:31.30,IMU,278.32,371.58,848.14,54.51,16.40,21.95,-47.55,22.95,32.25,28.6
2026/05/04 22:07:31.40,IMU,261.72,529.79,885.25,38.63,14.66,-1.58,-47.70,25.35,30.90,28.7
2026/05/04 22:07:31.50,IMU,143.07,375.98,813.96,10.43,-15.58,-6.25,-46.05,26.25,30.75,28.6
2026/05/04 22:07:31.60,IMU,345.70,457.03,846.68,63.05,17.24,37.76,-46.65,28.80,30.60,28.8
2026/05/04 22:07:31.70,IMU,167.97,570.31,900.88,-34.24,32.31,25.49,-45.60,25.05,32.10,28.7
2026/05/04 22:07:31.80,IMU,145.51,466.31,875.98,-38.43,7.91,-38.80,-44.85,26.10,33.90,28.8
2026/05/04 22:07:31.90,IMU,310.06,505.37,762.21,-61.13,13.64,-31.58,-44.70,25.95,33.30,28.9
2026/05/04 22:07:32.00,IMU,199.22,306.64,799.32,-25.83,17.98,28.47,-43.20,22.95,33.60,28.7
2026/05/04 22:07:32.12,IMU,159.18,291.02,779.79,30.37,26.63,18.00,-42.45,19.50,34.05,28.8
2026/05/04 22:07:32.22,IMU,34.67,330.08,723.14,41.86,25.18,41.79,-40.80,21.15,35.70,29.1
2026/05/04 22:07:32.32,IMU,39.06,410.16,934.08,2.28,42.25,1.98,-39.45,22.95,38.40,28.3
2026/05/04 22:07:32.43,IMU,133.79,505.37,865.72,58.55,-1.39,-4.04,-39.15,24.45,38.70,28.6
2026/05/04 22:07:32.53,IMU,34.67,543.46,868.65,11.95,15.61,5.63,-36.60,27.45,37.95,28.7
2026/05/04 22:07:32.63,IMU,162.11,429.69,886.23,-25.05,-0.40,29.64,-38.70,25.50,39.45,28.8
2026/05/04 22:07:32.74,IMU,134.28,394.53,914.55,-6.69,-26.92,-20.96,-39.00,25.80,39.60,28.7
2026/05/04 22:07:32.84,IMU,30.76,648.44,860.35,-1.98,14.24,27.94,-38.40,24.45,37.35,28.8
2026/05/04 22:07:32.94,IMU,165.53,392.09,955.08,-27.60,-10.22,7.48,-39.45,24.00,37.65,28.9
2026/05/04 22:07:33.04,IMU,339.84,423.34,855.47,47.28,35.05,30.64,-38.70,24.75,36.60,28.5
2026/05/04 22:07:33.14,IMU,158.20,568.36,942.38,-8.86,21.32,68.47,-38.55,23.10,36.75,28.7
2026/05/04 22:07:33.24,IMU,133.79,373.54,874.51,-44.25,-22.73,-11.40,-37.95,20.55,36.15,28.6
2026/05/04 22:07:33.34,IMU,241.21,509.77,812.50,32.16,4.70,-53.11,-38.25,20.85,36.00,28.5
2026/05/04 22:07:33.44,IMU,541.50,-1216.31,1757.81,-37.35,-135.61,133.32,-39.45,21.00,36.15,28.7
2026/05/04 22:07:33.54,IMU,485.35,1520.02,1485.84,-3.01,-41.19,7.92,-37.95,21.00,34.05,28.5
2026/05/04 22:07:33.64,IMU,256.35,437.01,865.23,7.08,11.98,-5.75,-38.70,20.25,33.60,28.6
2026/05/04 22:07:33.74,IMU,300.29,397.95,1014.16,-39.84,-34.15,18.72,-40.35,20.85,34.20,28.8
2026/05/04 22:07:33.84,IMU,297.85,415.04,764.65,-3.68,-6.47,0.91,-41.10,19.35,33.45,28.7
2026/05/04 22:07:33.94,IMU,237.30,417.97,842.29,-1.24,-0.81,0.53,-39.15,19.80,34.05,28.6
2026/05/04 22:07:34.04,IMU,247.56,419.43,833.98,-1.11,2.43,-0.30,-40.95,19.50,34.80,28.8
2026/05/04 22:07:34.17,IMU,246.09,419.92,859.86,-0.49,2.92,0.85,-39.90,20.55,35.85,28.6
2026/05/04 22:07:34.27,IMU,249.02,433.59,830.08,0.84,3.61,1.66,-40.05,20.85,33.15,28.7
2026/05/04 22:07:34.37,IMU,254.88,422.36,859.38,0.03,1.31,-2.56,-40.20,20.55,34.80,28.6
2026/05/04 22:07:34.47,IMU,238.28,417.97,834.96,1.63,5.83,-1.92,-39.00,21.60,34.20,28.6
2026/05/04 22:07:34.57,IMU,245.61,418.46,847.17,-0.89,0.02,-0.75,-40.20,22.50,35.10,28.6
2026/05/04 22:07:34.67,IMU,258.79,423.83,847.17,0.28,2.04,0.57,-39.00,20.85,34.65,28.8
2026/05/04 22:07:34.77,IMU,242.19,412.60,851.07,-0.12,2.02,0.36,-41.25,19.05,37.35,28.6
2026/05/04 22:07:34.87,IMU,249.02,419.92,852.54,0.55,-1.89,2.63,-38.70,22.20,34.05,28.6
2026/05/04 22:07:34.97,IMU,259.77,419.92,851.56,-0.74,-4.08,3.79,-40.20,21.45,34.35,28.6
2026/05/04 22:07:35.07,IMU,246.58,426.76,839.36,0.12,1.21,2.58,-41.10,21.90,34.95,28.7
2026/05/04 22:07:35.17,IMU,240.72,413.57,853.03,1.10,-0.22,3.37,-39.30,20.40,33.90,28.8
2026/05/04 22:07:35.29,IMU,248.54,441.41,863.28,0.69,-0.50,-0.48,-40.20,20.25,33.00,28.5
2026/05/04 22:07:35.39,IMU,237.79,456.54,831.54,3.08,3.30,-1.52,-39.90,20.55,33.30,28.4
2026/05/04 22:07:35.49,IMU,265.63,433.59,837.40,1.75,-2.21,-0.14,-39.90,20.55,33.60,28.6
2026/05/04 22:07:35.60,IMU,246.58,420.41,833.98,0.25,1.29,1.40,-39.15,19.50,34.80,28.6
2026/05/04 22:07:35.70,IMU,248.54,426.27,852.54,0.82,-0.18,-1.11,-40.20,19.80,33.60,28.5
2026/05/04 22:07:35.80,IMU,233.40,416.99,857.42,2.07,-4.12,-2.02,-39.90,21.75,33.60,28.6
2026/05/04 22:07:35.90,IMU,222.17,416.50,880.86,0.60,-11.54,1.95,-39.15,21.00,35.55,28.4
2026/05/04 22:07:36.00,IMU,271.48,421.39,843.26,1.56,9.11,-4.96,-40.20,20.55,32.55,28.6
2026/05/04 22:07:36.10,IMU,263.18,424.80,867.19,-0.24,-1.39,1.04,-39.45,21.45,35.10,28.5
2026/05/04 22:07:36.20,IMU,271.97,408.69,834.47,-1.72,-4.97,0.27,-42.00,18.00,36.60,28.5
2026/05/04 22:07:36.30,IMU,233.89,447.27,859.38,3.12,4.87,0.28,-40.20,20.55,34.35,28.6
2026/05/04 22:07:36.40,IMU,319.82,487.79,910.64,-5.75,-2.20,-4.26,-40.80,20.85,34.20,28.3
2026/05/04 22:07:36.51,IMU,263.67,433.59,839.36,1.37,-2.21,-0.21,-40.05,21.15,35.25,28.6
2026/05/04 22:07:36.61,IMU,253.91,434.08,838.38,-0.66,-2.12,-1.38,-41.10,20.85,35.25,28.4
2026/05/04 22:07:36.71,IMU,268.55,417.48,851.07,-0.37,2.66,-0.16,-39.30,21.60,35.25,28.5
2026/05/04 22:07:36.81,IMU,403.81,430.66,958.50,-31.96,-5.11,30.88,-39.90,21.75,35.10,28.4
2026/05/04 22:07:36.91,IMU,256.35,460.45,868.65,-0.85,9.63,-1.67,-40.35,21.15,34.20,28.2
2026/05/04 22:07:37.01,IMU,137.21,442.87,931.15,14.14,14.99,-15.13,-39.30,21.15,34.65,28.3
2026/05/04 22:07:37.11,IMU,187.01,726.07,1004.39,-6.91,-69.84,-1.97,-41.25,23.70,34.80,28.4
2026/05/04 22:07:37.21,IMU,292.97,546.39,812.50,19.36,-81.31,8.98,-45.15,24.30,33.15,28.2
2026/05/04 22:07:37.32,IMU,442.38,542.97,837.40,47.73,-66.15,74.52,-48.15,31.05,28.80,28.2
2026/05/04 22:07:37.42,IMU,567.38,700.68,557.62,62.42,-79.99,-20.38,-55.50,34.05,20.85,28.5
2026/05/04 22:07:37.52,IMU,520.51,793.95,258.79,130.66,-91.25,-57.80,-58.50,44.40,10.05,28.2
2026/05/04 22:07:37.62,IMU,289.06,771.48,-64.94,250.13,-134.89,-105.33,-54.90,55.20,-8.70,28.4
2026/05/04 22:07:37.72,IMU,310.55,903.32,-446.29,156.24,-42.62,-38.25,-45.75,56.25,-30.75,28.0
2026/05/04 22:07:37.82,IMU,116.70,651.37,-772.46,6.95,13.33,6.68,-41.85,55.80,-36.75,28.2
2026/05/04 22:07:37.92,IMU,35.64,655.27,-761.23,23.76,-15.43,-14.54,-43.05,53.85,-37.80,28.0
2026/05/04 22:07:38.03,IMU,-20.51,606.93,-779.79,48.21,-23.57,-36.56,-40.35,52.35,-41.10,28.4
2026/05/04 22:07:38.13,IMU,-105.96,611.82,-832.52,-30.80,15.53,-2.05,-40.20,53.70,-42.30,28.2
2026/05/04 22:07:38.23,IMU,99.61,739.26,-810.06,-37.99,122.72,78.95,-48.30,49.80,-33.30,28.0
2026/05/04 22:07:38.33,IMU,164.55,652.34,-691.89,-15.38,-59.73,-17.59,-47.25,54.00,-35.10,28.0
2026/05/04 22:07:38.43,IMU,59.08,633.79,-837.40,-36.50,10.70,-37.87,-44.85,55.35,-37.50,28.1
2026/05/04 22:07:38.53,IMU,65.92,719.73,-682.62,-92.55,18.99,-21.50,-47.10,57.60,-29.55,28.2
2026/05/04 22:07:38.63,IMU,180.66,778.81,-584.96,0.63,-0.58,-13.53,-45.60,60.30,-27.30,28.2
2026/05/04 22:07:38.76,IMU,54.69,772.95,-594.24,-28.86,-15.50,-1.82,-43.95,61.95,-27.15,28.2
2026/05/04 22:07:38.86,IMU,69.34,815.43,-513.18,-26.28,-18.18,-23.96,-42.75,64.35,-26.10,28.3
2026/05/04 22:07:38.96,IMU,450.68,866.70,-1010.25,192.10,41.78,26.67,-37.95,65.40,-29.70,28.0
2026/05/04 22:07:39.06,IMU,-203.13,726.07,-1507.32,69.49,97.47,68.47,-43.20,58.95,-33.60,28.0
2026/05/04 22:07:39.16,IMU,-145.02,354.00,-861.82,27.89,-37.09,25.74,-37.95,43.35,-49.20,27.9
2026/05/04 22:07:39.26,IMU,-488.28,313.96,-859.38,-11.85,45.96,-16.88,-38.55,41.25,-51.60,27.6
2026/05/04 22:07:39.37,IMU,45.41,310.55,-953.13,-21.36,19.62,3.43,-42.30,43.95,-50.85,28.0
2026/05/04 22:07:39.47,IMU,25.88,410.16,-882.81,-1.65,6.65,-7.52,-41.55,45.15,-48.30,28.0
2026/05/04 22:07:39.57,IMU,-3.42,356.45,-963.87,3.84,-4.57,-0.93,-42.75,44.10,-47.70,28.0
2026/05/04 22:07:39.67,IMU,15.63,393.07,-982.91,2.58,9.62,-3.85,-41.55,44.70,-49.35,28.1
2026/05/04 22:07:39.77,IMU,52.73,324.22,-958.98,5.15,18.65,1.61,-44.10,43.95,-49.05,28.1
2026/05/04 22:07:39.87,IMU,69.82,416.02,-1044.92,11.85,13.13,-12.11,-43.50,44.85,-48.90,28.1
2026/05/04 22:07:39.97,IMU,9.28,256.35,-1016.11,7.69,7.47,-1.15,-46.05,42.30,-48.15,28.2
2026/05/04 22:07:40.07,IMU,-56.15,386.23,-1073.24,1.32,-17.67,-9.92,-45.00,41.85,-49.20,28.1
2026/05/04 22:07:40.19,IMU,147.95,330.57,-762.70,-68.65,16.80,19.60,-45.75,43.80,-48.90,28.0
2026/05/04 22:07:40.29,IMU,-64.94,463.38,-1080.08,16.99,-64.08,-17.74,-39.00,46.65,-51.60,28.0
2026/05/04 22:07:40.39,IMU,-314.45,394.53,-947.75,-25.37,-1.53,4.55,-30.60,39.60,-56.70,28.0
2026/05/04 22:07:40.49,IMU,-240.23,389.16,-1000.00,0.94,49.59,-7.48,-35.25,38.70,-52.65,27.5
